Configuration: Activation='tanh', Mode='fixed'

--- Starting Training Phase 1/5 ---
Epochs: 5000, Learning Rate: 0.0001
Total samples: 185940, Desired batch size: 9297
Calculated num_batches: 20, Proportional batch sizes: {'A': 1305, 'PDE': 7910, 'N': 20, 'EW': 20, 'NSEW': 42}
Epoch: 10/5000 - Time: 14.95s - Loss: 4.2471e+00 | a: 4.1853e+00, BC: 1.4171e-02, m: 3.1239e-03, u: 3.1800e-04, v: 2.6984e-03, pde_a: 1.4368e-02
Saving checkpoint at epoch 10 with loss 4.2471e+00
Epoch: 20/5000 - Time: 9.05s - Loss: 3.8002e+00 | a: 3.7175e+00, BC: 1.9403e-02, m: 6.0846e-04, u: 9.8866e-04, v: 4.3010e-03, pde_a: 9.8290e-03
Saving checkpoint at epoch 20 with loss 3.8002e+00
Epoch: 30/5000 - Time: 8.96s - Loss: 3.4705e+00 | a: 3.3727e+00, BC: 1.9465e-02, m: 2.4931e-03, u: 1.0457e-03, v: 4.7452e-03, pde_a: 1.7865e-02
Saving checkpoint at epoch 30 with loss 3.4705e+00
Epoch: 40/5000 - Time: 9.25s - Loss: 3.4018e+00 | a: 3.2573e+00, BC: 2.9701e-02, m: 5.0300e-03, u: 1.9036e-03, v: 7.1763e-03, pde_a: 1.8948e-02
Saving checkpoint at epoch 40 with loss 3.4018e+00
Epoch: 50/5000 - Time: 9.47s - Loss: 3.2349e+00 | a: 3.1057e+00, BC: 2.2071e-02, m: 8.3785e-03, u: 2.0991e-03, v: 6.0065e-03, pde_a: 1.7703e-02
Saving checkpoint at epoch 50 with loss 3.2349e+00
Epoch: 60/5000 - Time: 9.53s - Loss: 3.2300e+00 | a: 3.0611e+00, BC: 2.6855e-02, m: 1.0679e-02, u: 2.4888e-03, v: 8.9426e-03, pde_a: 1.7042e-02
Saving checkpoint at epoch 60 with loss 3.2300e+00
Epoch: 70/5000 - Time: 9.15s - Loss: 3.2037e+00 | a: 3.0174e+00, BC: 2.1066e-02, m: 1.0859e-02, u: 3.0512e-03, v: 1.0713e-02, pde_a: 1.6698e-02
Saving checkpoint at epoch 70 with loss 3.2037e+00
Epoch: 80/5000 - Time: 8.98s - Loss: 3.1642e+00 | a: 2.9536e+00, BC: 3.6517e-02, m: 1.3599e-02, u: 4.4219e-03, v: 1.0106e-02, pde_a: 1.5210e-02
Saving checkpoint at epoch 80 with loss 3.1642e+00
Epoch: 90/5000 - Time: 9.02s - Loss: 3.0758e+00 | a: 2.9034e+00, BC: 1.4900e-02, m: 1.4070e-02, u: 3.7442e-03, v: 9.2447e-03, pde_a: 1.3607e-02
Saving checkpoint at epoch 90 with loss 3.0758e+00
Epoch: 100/5000 - Time: 9.13s - Loss: 3.1067e+00 | a: 2.8987e+00, BC: 2.0922e-02, m: 1.4061e-02, u: 4.1638e-03, v: 1.1766e-02, pde_a: 1.3760e-02
Epoch: 110/5000 - Time: 9.16s - Loss: 3.0751e+00 | a: 2.8736e+00, BC: 2.3379e-02, m: 1.3917e-02, u: 4.4962e-03, v: 1.0588e-02, pde_a: 1.3343e-02
Saving checkpoint at epoch 110 with loss 3.0751e+00
Epoch: 120/5000 - Time: 9.75s - Loss: 3.0367e+00 | a: 2.8302e+00, BC: 2.2541e-02, m: 1.4912e-02, u: 4.6850e-03, v: 1.0972e-02, pde_a: 1.2454e-02
Saving checkpoint at epoch 120 with loss 3.0367e+00
Epoch: 130/5000 - Time: 9.67s - Loss: 3.0285e+00 | a: 2.8229e+00, BC: 2.3246e-02, m: 1.4542e-02, u: 4.6166e-03, v: 1.0800e-02, pde_a: 1.3582e-02
Saving checkpoint at epoch 130 with loss 3.0285e+00
Epoch: 140/5000 - Time: 9.48s - Loss: 3.0147e+00 | a: 2.8024e+00, BC: 3.2446e-02, m: 1.5004e-02, u: 4.7202e-03, v: 1.0383e-02, pde_a: 1.3784e-02
Saving checkpoint at epoch 140 with loss 3.0147e+00
Epoch: 150/5000 - Time: 9.55s - Loss: 2.9603e+00 | a: 2.7735e+00, BC: 2.5032e-02, m: 1.4363e-02, u: 4.3423e-03, v: 8.9125e-03, pde_a: 1.4937e-02
Saving checkpoint at epoch 150 with loss 2.9603e+00
Epoch: 160/5000 - Time: 9.22s - Loss: 3.0424e+00 | a: 2.7923e+00, BC: 4.0592e-02, m: 1.4403e-02, u: 4.6137e-03, v: 1.2835e-02, pde_a: 2.0628e-02
Epoch: 170/5000 - Time: 9.38s - Loss: 2.9383e+00 | a: 2.7385e+00, BC: 2.9066e-02, m: 1.3599e-02, u: 4.4580e-03, v: 9.3785e-03, pde_a: 1.8795e-02
Saving checkpoint at epoch 170 with loss 2.9383e+00
Epoch: 180/5000 - Time: 9.55s - Loss: 2.9455e+00 | a: 2.7210e+00, BC: 3.6148e-02, m: 1.2512e-02, u: 4.6488e-03, v: 1.0842e-02, pde_a: 2.0938e-02
Epoch: 190/5000 - Time: 9.28s - Loss: 2.8619e+00 | a: 2.6745e+00, BC: 2.3851e-02, m: 1.1323e-02, u: 3.9410e-03, v: 9.0506e-03, pde_a: 2.2329e-02
Saving checkpoint at epoch 190 with loss 2.8619e+00
Epoch: 200/5000 - Time: 9.11s - Loss: 2.8579e+00 | a: 2.6580e+00, BC: 2.4442e-02, m: 1.0794e-02, u: 4.3655e-03, v: 9.5924e-03, pde_a: 2.5164e-02
Saving checkpoint at epoch 200 with loss 2.8579e+00
Epoch: 210/5000 - Time: 9.36s - Loss: 2.8610e+00 | a: 2.6009e+00, BC: 2.4868e-02, m: 1.1351e-02, u: 6.3085e-03, v: 1.3334e-02, pde_a: 2.7480e-02
Epoch: 220/5000 - Time: 9.18s - Loss: 2.7938e+00 | a: 2.5790e+00, BC: 2.3144e-02, m: 1.1541e-02, u: 5.2668e-03, v: 9.8158e-03, pde_a: 2.9352e-02
Saving checkpoint at epoch 220 with loss 2.7938e+00
Epoch: 230/5000 - Time: 9.54s - Loss: 2.7406e+00 | a: 2.5408e+00, BC: 2.0313e-02, m: 1.1146e-02, u: 4.7107e-03, v: 9.0673e-03, pde_a: 3.0595e-02
Saving checkpoint at epoch 230 with loss 2.7406e+00
Epoch: 240/5000 - Time: 9.58s - Loss: 2.7229e+00 | a: 2.5196e+00, BC: 2.4626e-02, m: 1.2654e-02, u: 4.7401e-03, v: 8.5181e-03, pde_a: 3.3442e-02
Saving checkpoint at epoch 240 with loss 2.7229e+00
Epoch: 250/5000 - Time: 9.20s - Loss: 2.7519e+00 | a: 2.5351e+00, BC: 3.1241e-02, m: 1.2937e-02, u: 5.1914e-03, v: 8.7013e-03, pde_a: 3.3696e-02
Epoch: 260/5000 - Time: 9.01s - Loss: 2.7380e+00 | a: 2.4675e+00, BC: 2.2292e-02, m: 1.4575e-02, u: 6.7916e-03, v: 1.3138e-02, pde_a: 3.4340e-02
Epoch: 270/5000 - Time: 9.17s - Loss: 2.6511e+00 | a: 2.4413e+00, BC: 2.2362e-02, m: 1.4314e-02, u: 5.1155e-03, v: 8.8766e-03, pde_a: 3.3247e-02
Saving checkpoint at epoch 270 with loss 2.6511e+00
Epoch: 280/5000 - Time: 9.89s - Loss: 2.5401e+00 | a: 2.3412e+00, BC: 1.1719e-02, m: 1.6035e-02, u: 4.9081e-03, v: 8.9689e-03, pde_a: 3.2401e-02
Saving checkpoint at epoch 280 with loss 2.5401e+00
Epoch: 290/5000 - Time: 9.78s - Loss: 2.4878e+00 | a: 2.2628e+00, BC: 1.9581e-02, m: 1.8071e-02, u: 5.6353e-03, v: 9.6592e-03, pde_a: 3.4437e-02
Saving checkpoint at epoch 290 with loss 2.4878e+00
Epoch: 300/5000 - Time: 9.12s - Loss: 2.5889e+00 | a: 2.2403e+00, BC: 3.6624e-02, m: 2.0788e-02, u: 9.2145e-03, v: 1.4743e-02, pde_a: 5.1630e-02
Epoch: 310/5000 - Time: 9.07s - Loss: 2.3538e+00 | a: 2.0973e+00, BC: 2.3626e-02, m: 2.1990e-02, u: 6.8624e-03, v: 1.0371e-02, pde_a: 3.8565e-02
Saving checkpoint at epoch 310 with loss 2.3538e+00
Epoch: 320/5000 - Time: 9.15s - Loss: 2.2605e+00 | a: 2.0390e+00, BC: 1.1953e-02, m: 2.3654e-02, u: 6.4011e-03, v: 8.8934e-03, pde_a: 3.2939e-02
Saving checkpoint at epoch 320 with loss 2.2605e+00
Epoch: 330/5000 - Time: 9.47s - Loss: 2.3492e+00 | a: 2.0356e+00, BC: 1.5904e-02, m: 2.4415e-02, u: 9.5656e-03, v: 1.4613e-02, pde_a: 3.1450e-02
Epoch: 340/5000 - Time: 9.75s - Loss: 2.2003e+00 | a: 1.9393e+00, BC: 1.3296e-02, m: 2.5430e-02, u: 8.1494e-03, v: 1.1106e-02, pde_a: 2.9644e-02
Saving checkpoint at epoch 340 with loss 2.2003e+00
Epoch: 350/5000 - Time: 9.09s - Loss: 2.0027e+00 | a: 1.7877e+00, BC: 1.0607e-02, m: 2.4714e-02, u: 7.2595e-03, v: 8.1280e-03, pde_a: 2.5754e-02
Saving checkpoint at epoch 350 with loss 2.0027e+00
Epoch: 360/5000 - Time: 9.14s - Loss: 2.1245e+00 | a: 1.8122e+00, BC: 1.9073e-02, m: 2.5859e-02, u: 9.4494e-03, v: 1.4153e-02, pde_a: 3.1335e-02
Epoch: 370/5000 - Time: 9.03s - Loss: 2.3043e+00 | a: 1.7873e+00, BC: 2.0807e-02, m: 2.7216e-02, u: 1.6232e-02, v: 2.7427e-02, pde_a: 3.2344e-02
Epoch: 380/5000 - Time: 9.19s - Loss: 1.8086e+00 | a: 1.6131e+00, BC: 1.0243e-02, m: 2.5553e-02, u: 6.6873e-03, v: 6.6131e-03, pde_a: 2.6767e-02
Saving checkpoint at epoch 380 with loss 1.8086e+00
Epoch: 390/5000 - Time: 9.10s - Loss: 1.7468e+00 | a: 1.5357e+00, BC: 6.3520e-03, m: 2.6961e-02, u: 7.2433e-03, v: 8.1444e-03, pde_a: 2.3903e-02
Saving checkpoint at epoch 390 with loss 1.7468e+00
Epoch: 400/5000 - Time: 9.64s - Loss: 1.6795e+00 | a: 1.4876e+00, BC: 7.9865e-03, m: 2.8479e-02, u: 6.3181e-03, v: 6.8263e-03, pde_a: 2.4027e-02
Saving checkpoint at epoch 400 with loss 1.6795e+00
Epoch: 410/5000 - Time: 9.50s - Loss: 1.8288e+00 | a: 1.5287e+00, BC: 1.6164e-02, m: 3.1867e-02, u: 8.3491e-03, v: 1.1874e-02, pde_a: 4.9866e-02
Epoch: 420/5000 - Time: 9.02s - Loss: 1.6450e+00 | a: 1.4140e+00, BC: 7.6511e-03, m: 2.9166e-02, u: 7.3247e-03, v: 9.2940e-03, pde_a: 2.8016e-02
Saving checkpoint at epoch 420 with loss 1.6450e+00
Epoch: 430/5000 - Time: 9.42s - Loss: 1.6054e+00 | a: 1.3789e+00, BC: 1.0010e-02, m: 2.9522e-02, u: 7.0191e-03, v: 8.8636e-03, pde_a: 2.8150e-02
Saving checkpoint at epoch 430 with loss 1.6054e+00
Epoch: 440/5000 - Time: 9.78s - Loss: 2.2546e+00 | a: 1.5859e+00, BC: 1.8904e-02, m: 3.9081e-02, u: 2.0033e-02, v: 3.3957e-02, pde_a: 7.0782e-02
Epoch: 450/5000 - Time: 9.79s - Loss: 1.4273e+00 | a: 1.2316e+00, BC: 6.3732e-03, m: 2.9425e-02, u: 6.3458e-03, v: 7.3933e-03, pde_a: 2.2508e-02
Saving checkpoint at epoch 450 with loss 1.4273e+00
Epoch: 460/5000 - Time: 9.12s - Loss: 1.4305e+00 | a: 1.1947e+00, BC: 1.0908e-02, m: 2.9475e-02, u: 7.3470e-03, v: 9.2275e-03, pde_a: 2.9647e-02
Epoch: 470/5000 - Time: 9.37s - Loss: 1.4339e+00 | a: 1.1787e+00, BC: 1.2540e-02, m: 2.9836e-02, u: 7.4725e-03, v: 1.0416e-02, pde_a: 3.3976e-02
Epoch: 480/5000 - Time: 9.35s - Loss: 1.4665e+00 | a: 1.1442e+00, BC: 1.4919e-02, m: 3.3887e-02, u: 8.8459e-03, v: 1.2958e-02, pde_a: 5.5458e-02
Epoch: 490/5000 - Time: 9.76s - Loss: 1.3201e+00 | a: 1.0639e+00, BC: 7.3118e-03, m: 2.8404e-02, u: 8.7256e-03, v: 1.0767e-02, pde_a: 2.5559e-02
Saving checkpoint at epoch 490 with loss 1.3201e+00
Epoch: 500/5000 - Time: 9.07s - Loss: 2.3919e+00 | a: 1.6433e+00, BC: 3.1589e-02, m: 4.5518e-02, u: 2.1588e-02, v: 3.6525e-02, pde_a: 9.0357e-02
Epoch: 510/5000 - Time: 9.00s - Loss: 1.2759e+00 | a: 1.0027e+00, BC: 9.0190e-03, m: 2.9022e-02, u: 7.5320e-03, v: 1.0130e-02, pde_a: 5.8520e-02
Saving checkpoint at epoch 510 with loss 1.2759e+00
Epoch: 520/5000 - Time: 9.01s - Loss: 1.5585e+00 | a: 1.0234e+00, BC: 1.0043e-02, m: 3.1119e-02, u: 1.7412e-02, v: 2.7853e-02, pde_a: 4.1237e-02
Epoch: 530/5000 - Time: 9.02s - Loss: 1.1256e+00 | a: 9.1095e-01, BC: 5.1874e-03, m: 2.6291e-02, u: 7.6547e-03, v: 9.0391e-03, pde_a: 1.6261e-02
Saving checkpoint at epoch 530 with loss 1.1256e+00
Epoch: 540/5000 - Time: 9.04s - Loss: 1.3840e+00 | a: 9.9076e-01, BC: 7.3113e-03, m: 2.7991e-02, u: 1.3200e-02, v: 1.9375e-02, pde_a: 3.2142e-02
Epoch: 550/5000 - Time: 9.19s - Loss: 1.0837e+00 | a: 8.5488e-01, BC: 5.3729e-03, m: 2.6146e-02, u: 7.7452e-03, v: 1.0167e-02, pde_a: 1.8177e-02
Saving checkpoint at epoch 550 with loss 1.0837e+00
Epoch: 560/5000 - Time: 9.17s - Loss: 1.1751e+00 | a: 8.5178e-01, BC: 5.6463e-03, m: 2.5834e-02, u: 1.0899e-02, v: 1.6224e-02, pde_a: 2.0647e-02
Epoch: 570/5000 - Time: 9.22s - Loss: 1.1403e+00 | a: 8.6336e-01, BC: 7.2654e-03, m: 2.6138e-02, u: 9.3300e-03, v: 1.2629e-02, pde_a: 2.3969e-02
Epoch: 580/5000 - Time: 9.22s - Loss: 1.0415e+00 | a: 8.2202e-01, BC: 5.7994e-03, m: 2.4437e-02, u: 6.7490e-03, v: 1.0547e-02, pde_a: 1.6251e-02
Saving checkpoint at epoch 580 with loss 1.0415e+00
Epoch: 590/5000 - Time: 9.74s - Loss: 1.5706e+00 | a: 9.1077e-01, BC: 8.6944e-03, m: 2.8383e-02, u: 2.3253e-02, v: 3.5258e-02, pde_a: 3.7599e-02
Epoch: 600/5000 - Time: 9.86s - Loss: 1.0024e+00 | a: 7.6558e-01, BC: 5.6467e-03, m: 2.4127e-02, u: 7.7549e-03, v: 1.0423e-02, pde_a: 2.5319e-02
Saving checkpoint at epoch 600 with loss 1.0024e+00
Epoch: 610/5000 - Time: 9.37s - Loss: 9.5320e-01 | a: 7.3732e-01, BC: 5.3841e-03, m: 2.2669e-02, u: 7.6250e-03, v: 9.5821e-03, pde_a: 1.5759e-02
Saving checkpoint at epoch 610 with loss 9.5320e-01
Epoch: 620/5000 - Time: 9.13s - Loss: 1.0051e+00 | a: 7.2658e-01, BC: 4.0332e-03, m: 2.2336e-02, u: 9.4472e-03, v: 1.3763e-02, pde_a: 2.0081e-02
Epoch: 630/5000 - Time: 9.10s - Loss: 8.9189e-01 | a: 7.1841e-01, BC: 4.5360e-03, m: 2.1978e-02, u: 5.8152e-03, v: 6.8340e-03, pde_a: 2.0476e-02
Saving checkpoint at epoch 630 with loss 8.9189e-01
Epoch: 640/5000 - Time: 9.07s - Loss: 1.0845e+00 | a: 7.9892e-01, BC: 9.3809e-03, m: 2.5644e-02, u: 1.0795e-02, v: 1.1513e-02, pde_a: 2.7466e-02
Epoch: 650/5000 - Time: 9.20s - Loss: 8.8423e-01 | a: 6.7596e-01, BC: 3.5695e-03, m: 2.1146e-02, u: 7.2633e-03, v: 9.4298e-03, pde_a: 1.6631e-02
Saving checkpoint at epoch 650 with loss 8.8423e-01
Epoch: 660/5000 - Time: 9.07s - Loss: 9.3587e-01 | a: 7.3117e-01, BC: 5.1006e-03, m: 2.2216e-02, u: 7.1046e-03, v: 8.2270e-03, pde_a: 2.4069e-02
Epoch: 670/5000 - Time: 9.14s - Loss: 1.6783e+00 | a: 9.2738e-01, BC: 2.2622e-02, m: 3.3057e-02, u: 2.2337e-02, v: 3.9512e-02, pde_a: 7.6766e-02
Epoch: 680/5000 - Time: 9.27s - Loss: 1.3563e+00 | a: 7.4594e-01, BC: 8.3153e-03, m: 2.4488e-02, u: 1.9547e-02, v: 3.4129e-02, pde_a: 4.0785e-02
Epoch: 690/5000 - Time: 9.00s - Loss: 1.3417e+00 | a: 9.0546e-01, BC: 1.0284e-02, m: 2.5490e-02, u: 1.3573e-02, v: 1.9522e-02, pde_a: 6.9541e-02
Epoch: 700/5000 - Time: 9.05s - Loss: 7.7692e-01 | a: 6.1664e-01, BC: 3.1892e-03, m: 1.9707e-02, u: 5.5426e-03, v: 6.7763e-03, pde_a: 1.4187e-02
Saving checkpoint at epoch 700 with loss 7.7692e-01
Epoch: 710/5000 - Time: 9.16s - Loss: 1.3846e+00 | a: 7.3231e-01, BC: 1.4725e-02, m: 2.8182e-02, u: 1.9672e-02, v: 3.6002e-02, pde_a: 5.2655e-02
Epoch: 720/5000 - Time: 9.17s - Loss: 1.0299e+00 | a: 5.9008e-01, BC: 7.9350e-03, m: 2.5773e-02, u: 1.4209e-02, v: 1.9377e-02, pde_a: 7.0239e-02
Epoch: 730/5000 - Time: 9.80s - Loss: 9.3188e-01 | a: 6.0697e-01, BC: 1.0602e-02, m: 2.3487e-02, u: 9.7107e-03, v: 1.4299e-02, pde_a: 5.0728e-02
Epoch: 740/5000 - Time: 9.62s - Loss: 7.7872e-01 | a: 5.4834e-01, BC: 4.0773e-03, m: 1.9567e-02, u: 7.2271e-03, v: 1.0183e-02, pde_a: 3.2628e-02
Epoch: 750/5000 - Time: 9.88s - Loss: 8.2782e-01 | a: 6.1711e-01, BC: 4.3266e-03, m: 1.9641e-02, u: 6.7906e-03, v: 8.7970e-03, pde_a: 3.0867e-02
Epoch: 760/5000 - Time: 9.35s - Loss: 6.6865e-01 | a: 5.2657e-01, BC: 3.0597e-03, m: 1.9159e-02, u: 4.8176e-03, v: 5.7257e-03, pde_a: 1.4429e-02
Saving checkpoint at epoch 760 with loss 6.6865e-01
Epoch: 770/5000 - Time: 9.20s - Loss: 1.2998e+00 | a: 8.2839e-01, BC: 1.3762e-02, m: 2.6069e-02, u: 1.2186e-02, v: 2.2077e-02, pde_a: 8.8937e-02
Epoch: 780/5000 - Time: 9.08s - Loss: 7.7172e-01 | a: 5.0510e-01, BC: 5.3791e-03, m: 2.1626e-02, u: 9.5335e-03, v: 1.1842e-02, pde_a: 2.5862e-02
Epoch: 790/5000 - Time: 9.12s - Loss: 9.7444e-01 | a: 5.8767e-01, BC: 4.5760e-03, m: 2.1747e-02, u: 1.1997e-02, v: 2.0728e-02, pde_a: 3.3197e-02
Epoch: 800/5000 - Time: 9.10s - Loss: 4.5493e+00 | a: 2.4969e+00, BC: 6.7907e-02, m: 6.4647e-02, u: 6.6014e-02, v: 1.1828e-01, pde_a: 7.6911e-02
Epoch: 810/5000 - Time: 9.19s - Loss: 6.2169e-01 | a: 4.7277e-01, BC: 3.4743e-03, m: 1.8970e-02, u: 5.0460e-03, v: 6.0018e-03, pde_a: 1.6002e-02
Saving checkpoint at epoch 810 with loss 6.2169e-01
Epoch: 820/5000 - Time: 9.12s - Loss: 7.2311e-01 | a: 5.0675e-01, BC: 3.3406e-03, m: 1.8700e-02, u: 7.1618e-03, v: 1.0020e-02, pde_a: 2.2498e-02
Epoch: 830/5000 - Time: 9.11s - Loss: 1.0385e+00 | a: 5.6787e-01, BC: 4.3463e-03, m: 2.1187e-02, u: 1.6179e-02, v: 2.5137e-02, pde_a: 3.1903e-02
Epoch: 840/5000 - Time: 9.11s - Loss: 1.1070e+00 | a: 5.6855e-01, BC: 1.3770e-02, m: 2.7520e-02, u: 1.2192e-02, v: 2.7846e-02, pde_a: 9.6748e-02
Epoch: 850/5000 - Time: 9.18s - Loss: 6.5178e-01 | a: 4.6692e-01, BC: 3.5176e-03, m: 1.7672e-02, u: 6.3557e-03, v: 8.7578e-03, pde_a: 1.2538e-02
Epoch: 860/5000 - Time: 9.76s - Loss: 6.1870e-01 | a: 4.8486e-01, BC: 3.2779e-03, m: 1.7842e-02, u: 4.3332e-03, v: 4.9510e-03, pde_a: 1.9876e-02
Saving checkpoint at epoch 860 with loss 6.1870e-01
Epoch: 870/5000 - Time: 9.21s - Loss: 6.3314e-01 | a: 4.8054e-01, BC: 3.2066e-03, m: 1.7692e-02, u: 5.0406e-03, v: 6.4753e-03, pde_a: 1.6549e-02
Epoch: 880/5000 - Time: 9.33s - Loss: 6.5740e-01 | a: 4.6639e-01, BC: 5.5226e-03, m: 1.8755e-02, u: 6.3081e-03, v: 7.9086e-03, pde_a: 2.4569e-02
Epoch: 890/5000 - Time: 9.75s - Loss: 1.6289e+00 | a: 8.7658e-01, BC: 1.9471e-02, m: 2.9744e-02, u: 2.1290e-02, v: 4.4097e-02, pde_a: 4.9208e-02
Epoch: 900/5000 - Time: 9.40s - Loss: 7.4600e-01 | a: 5.3232e-01, BC: 7.2503e-03, m: 2.0167e-02, u: 6.7364e-03, v: 8.3636e-03, pde_a: 3.5269e-02
Epoch: 910/5000 - Time: 9.34s - Loss: 5.8529e-01 | a: 4.3106e-01, BC: 3.7712e-03, m: 1.7991e-02, u: 5.3570e-03, v: 5.7784e-03, pde_a: 2.1118e-02
Saving checkpoint at epoch 910 with loss 5.8529e-01
Epoch: 920/5000 - Time: 9.22s - Loss: 7.4260e-01 | a: 4.5270e-01, BC: 5.8208e-03, m: 2.0625e-02, u: 8.9816e-03, v: 1.4891e-02, pde_a: 2.4732e-02
Epoch: 930/5000 - Time: 9.11s - Loss: 5.5886e-01 | a: 4.3321e-01, BC: 3.0023e-03, m: 1.6734e-02, u: 4.3397e-03, v: 4.7855e-03, pde_a: 1.4656e-02
Saving checkpoint at epoch 930 with loss 5.5886e-01
Epoch: 940/5000 - Time: 9.61s - Loss: 5.6838e-01 | a: 4.1353e-01, BC: 5.0319e-03, m: 1.7277e-02, u: 4.8746e-03, v: 5.5168e-03, pde_a: 2.8621e-02
Epoch: 950/5000 - Time: 9.18s - Loss: 7.3439e-01 | a: 4.6470e-01, BC: 9.2109e-03, m: 2.1099e-02, u: 6.9520e-03, v: 1.1452e-02, pde_a: 5.5340e-02
Epoch: 960/5000 - Time: 9.12s - Loss: 4.9950e-01 | a: 3.9224e-01, BC: 2.5545e-03, m: 1.6217e-02, u: 3.5554e-03, v: 4.1605e-03, pde_a: 1.1328e-02
Saving checkpoint at epoch 960 with loss 4.9950e-01
Epoch: 970/5000 - Time: 9.43s - Loss: 5.2284e-01 | a: 3.7404e-01, BC: 2.6064e-03, m: 1.6863e-02, u: 5.1668e-03, v: 6.3515e-03, pde_a: 1.4151e-02
Epoch: 980/5000 - Time: 9.23s - Loss: 7.6625e-01 | a: 5.4590e-01, BC: 4.9538e-03, m: 1.8373e-02, u: 6.1436e-03, v: 9.8117e-03, pde_a: 3.7470e-02
Epoch: 990/5000 - Time: 9.41s - Loss: 1.1476e+00 | a: 4.9703e-01, BC: 9.8719e-03, m: 2.4417e-02, u: 2.0012e-02, v: 3.5970e-02, pde_a: 5.6489e-02
Epoch: 1000/5000 - Time: 9.16s - Loss: 8.6447e-01 | a: 5.0397e-01, BC: 6.3031e-03, m: 1.9982e-02, u: 1.1067e-02, v: 1.4699e-02, pde_a: 7.6552e-02
Epoch: 1010/5000 - Time: 9.36s - Loss: 5.4448e-01 | a: 3.7509e-01, BC: 3.0481e-03, m: 1.7000e-02, u: 5.4899e-03, v: 7.2552e-03, pde_a: 2.1890e-02
Epoch: 1020/5000 - Time: 9.54s - Loss: 1.2227e+00 | a: 5.7841e-01, BC: 1.9211e-02, m: 3.1247e-02, u: 2.6370e-02, v: 2.8729e-02, pde_a: 4.2796e-02
Epoch: 1030/5000 - Time: 9.67s - Loss: 7.0377e-01 | a: 4.1422e-01, BC: 5.1136e-03, m: 2.0336e-02, u: 7.2026e-03, v: 1.4913e-02, pde_a: 4.2949e-02
Epoch: 1040/5000 - Time: 10.08s - Loss: 5.8242e-01 | a: 4.0629e-01, BC: 7.7375e-03, m: 1.7038e-02, u: 5.0208e-03, v: 7.6795e-03, pde_a: 2.4360e-02
Epoch: 1050/5000 - Time: 9.43s - Loss: 4.7558e-01 | a: 3.6653e-01, BC: 2.5479e-03, m: 1.5496e-02, u: 3.6578e-03, v: 3.9151e-03, pde_a: 1.5276e-02
Saving checkpoint at epoch 1050 with loss 4.7558e-01
Epoch: 1060/5000 - Time: 9.19s - Loss: 4.8880e-01 | a: 3.6863e-01, BC: 4.3135e-03, m: 1.6309e-02, u: 3.9217e-03, v: 4.5913e-03, pde_a: 1.4414e-02
Epoch: 1070/5000 - Time: 9.20s - Loss: 4.4963e-01 | a: 3.5049e-01, BC: 2.3644e-03, m: 1.5392e-02, u: 3.2839e-03, v: 3.6810e-03, pde_a: 1.1732e-02
Saving checkpoint at epoch 1070 with loss 4.4963e-01
Epoch: 1080/5000 - Time: 9.59s - Loss: 5.0518e-01 | a: 3.7239e-01, BC: 4.1706e-03, m: 1.5530e-02, u: 4.0594e-03, v: 5.2451e-03, pde_a: 2.0037e-02
Epoch: 1090/5000 - Time: 9.97s - Loss: 5.3028e-01 | a: 3.7576e-01, BC: 3.0208e-03, m: 1.5841e-02, u: 4.7446e-03, v: 6.7225e-03, pde_a: 2.0989e-02
Epoch: 1100/5000 - Time: 9.77s - Loss: 4.2479e-01 | a: 3.2856e-01, BC: 2.0218e-03, m: 1.5138e-02, u: 3.0713e-03, v: 3.6045e-03, pde_a: 1.2306e-02
Saving checkpoint at epoch 1100 with loss 4.2479e-01
Epoch: 1110/5000 - Time: 9.93s - Loss: 6.1142e-01 | a: 4.0114e-01, BC: 2.6950e-03, m: 1.5903e-02, u: 6.8648e-03, v: 1.0379e-02, pde_a: 1.9238e-02
Epoch: 1120/5000 - Time: 9.31s - Loss: 4.4120e-01 | a: 3.4255e-01, BC: 2.1781e-03, m: 1.5327e-02, u: 3.0108e-03, v: 3.5967e-03, pde_a: 1.5065e-02
Epoch: 1130/5000 - Time: 9.29s - Loss: 1.9017e+00 | a: 7.1267e-01, BC: 4.2335e-02, m: 4.0414e-02, u: 2.4957e-02, v: 5.5918e-02, pde_a: 2.9752e-01
Epoch: 1140/5000 - Time: 9.34s - Loss: 7.6266e-01 | a: 4.0697e-01, BC: 1.7865e-02, m: 2.2774e-02, u: 1.0794e-02, v: 1.2103e-02, pde_a: 8.6087e-02
Epoch: 1150/5000 - Time: 9.19s - Loss: 5.3415e-01 | a: 3.3230e-01, BC: 3.0410e-03, m: 1.5923e-02, u: 7.0550e-03, v: 9.3115e-03, pde_a: 1.9230e-02
Epoch: 1160/5000 - Time: 9.70s - Loss: 8.2476e-01 | a: 4.3902e-01, BC: 1.0756e-02, m: 2.0476e-02, u: 1.2229e-02, v: 1.3802e-02, pde_a: 9.4188e-02
Epoch: 1170/5000 - Time: 9.80s - Loss: 4.2461e-01 | a: 3.3860e-01, BC: 2.6334e-03, m: 1.4616e-02, u: 2.6227e-03, v: 2.9445e-03, pde_a: 1.3090e-02
Saving checkpoint at epoch 1170 with loss 4.2461e-01
Epoch: 1180/5000 - Time: 9.37s - Loss: 5.1445e-01 | a: 3.1303e-01, BC: 2.5374e-03, m: 1.5844e-02, u: 6.9800e-03, v: 9.8808e-03, pde_a: 1.4431e-02
Epoch: 1190/5000 - Time: 9.74s - Loss: 5.3633e-01 | a: 3.6132e-01, BC: 6.7614e-03, m: 1.6421e-02, u: 4.9150e-03, v: 6.7451e-03, pde_a: 3.5222e-02
Epoch: 1200/5000 - Time: 9.30s - Loss: 4.1606e-01 | a: 3.1183e-01, BC: 2.5152e-03, m: 1.4416e-02, u: 3.4835e-03, v: 3.9027e-03, pde_a: 1.3435e-02
Saving checkpoint at epoch 1200 with loss 4.1606e-01
Epoch: 1210/5000 - Time: 9.17s - Loss: 1.3186e+00 | a: 6.5852e-01, BC: 2.0111e-02, m: 2.8005e-02, u: 2.0042e-02, v: 3.3907e-02, pde_a: 7.2508e-02
Epoch: 1220/5000 - Time: 9.17s - Loss: 4.3032e-01 | a: 3.2017e-01, BC: 2.5547e-03, m: 1.4700e-02, u: 3.5684e-03, v: 4.0106e-03, pde_a: 1.7107e-02
Epoch: 1230/5000 - Time: 9.76s - Loss: 1.2808e+00 | a: 4.9363e-01, BC: 1.3561e-02, m: 2.4802e-02, u: 2.1575e-02, v: 4.0161e-02, pde_a: 1.3148e-01
Epoch: 1240/5000 - Time: 9.98s - Loss: 4.7282e-01 | a: 3.4304e-01, BC: 4.8003e-03, m: 1.5199e-02, u: 4.3902e-03, v: 4.5892e-03, pde_a: 1.9987e-02
Epoch: 1250/5000 - Time: 9.88s - Loss: 6.0267e-01 | a: 3.2530e-01, BC: 9.1484e-03, m: 1.7627e-02, u: 9.1339e-03, v: 1.1948e-02, pde_a: 3.9767e-02
Epoch: 1260/5000 - Time: 9.45s - Loss: 3.8112e-01 | a: 2.9960e-01, BC: 2.5617e-03, m: 1.4464e-02, u: 2.4209e-03, v: 2.9434e-03, pde_a: 1.0859e-02
Saving checkpoint at epoch 1260 with loss 3.8112e-01
Epoch: 1270/5000 - Time: 9.41s - Loss: 4.1359e-01 | a: 3.0042e-01, BC: 2.7323e-03, m: 1.4966e-02, u: 2.9963e-03, v: 4.2116e-03, pde_a: 2.3393e-02
Epoch: 1280/5000 - Time: 9.31s - Loss: 3.8990e-01 | a: 3.0218e-01, BC: 1.9851e-03, m: 1.3951e-02, u: 2.7740e-03, v: 3.1378e-03, pde_a: 1.2667e-02
Epoch: 1290/5000 - Time: 9.20s - Loss: 8.5451e-01 | a: 4.2264e-01, BC: 1.5351e-02, m: 2.2815e-02, u: 1.3566e-02, v: 1.9231e-02, pde_a: 6.5733e-02
Epoch: 1300/5000 - Time: 9.27s - Loss: 2.8380e+00 | a: 2.6242e+00, BC: 1.3495e-02, m: 3.0949e-02, u: 7.7217e-03, v: 7.0975e-03, pde_a: 2.1158e-02
Epoch: 1310/5000 - Time: 9.15s - Loss: 4.5666e-01 | a: 3.1684e-01, BC: 5.0061e-03, m: 1.4912e-02, u: 3.8155e-03, v: 4.8255e-03, pde_a: 3.3495e-02
Epoch: 1320/5000 - Time: 9.17s - Loss: 1.6298e+00 | a: 5.8338e-01, BC: 2.9121e-02, m: 3.7966e-02, u: 3.3054e-02, v: 3.4783e-02, pde_a: 3.0102e-01
Epoch: 1330/5000 - Time: 9.20s - Loss: 5.3901e-01 | a: 3.2723e-01, BC: 6.4024e-03, m: 1.6133e-02, u: 5.0747e-03, v: 9.0129e-03, pde_a: 4.8367e-02
Epoch: 1340/5000 - Time: 9.16s - Loss: 4.1101e-01 | a: 3.1848e-01, BC: 3.3371e-03, m: 1.4043e-02, u: 2.7616e-03, v: 3.5671e-03, pde_a: 1.1863e-02
Epoch: 1350/5000 - Time: 9.14s - Loss: 3.9972e-01 | a: 3.1779e-01, BC: 2.7565e-03, m: 1.3048e-02, u: 2.3932e-03, v: 2.8382e-03, pde_a: 1.3814e-02
Epoch: 1360/5000 - Time: 9.45s - Loss: 2.3254e+00 | a: 1.3188e+00, BC: 2.6372e-02, m: 3.4489e-02, u: 2.6844e-02, v: 6.0056e-02, pde_a: 7.6792e-02
Epoch: 1370/5000 - Time: 9.42s - Loss: 8.9918e+00 | a: 6.5383e+00, BC: 4.8325e-01, m: 1.1191e-01, u: 3.3375e-02, v: 1.3967e-01, pde_a: 1.2781e-01
Epoch: 1380/5000 - Time: 9.20s - Loss: 4.2417e-01 | a: 3.4098e-01, BC: 2.6819e-03, m: 1.5066e-02, u: 2.5020e-03, v: 2.9631e-03, pde_a: 1.0791e-02
Epoch: 1390/5000 - Time: 9.70s - Loss: 5.6283e-01 | a: 3.5174e-01, BC: 9.9217e-03, m: 1.4049e-02, u: 4.8060e-03, v: 6.2398e-03, pde_a: 7.6664e-02
Epoch: 1400/5000 - Time: 9.94s - Loss: 4.0176e-01 | a: 2.9835e-01, BC: 3.8091e-03, m: 1.3587e-02, u: 3.1957e-03, v: 3.8938e-03, pde_a: 1.5117e-02
Epoch: 1410/5000 - Time: 10.05s - Loss: 3.7708e-01 | a: 2.8659e-01, BC: 2.3165e-03, m: 1.2955e-02, u: 2.6520e-03, v: 3.5293e-03, pde_a: 1.3406e-02
Saving checkpoint at epoch 1410 with loss 3.7708e-01
Epoch: 1420/5000 - Time: 9.79s - Loss: 4.4973e-01 | a: 2.6617e-01, BC: 2.7147e-03, m: 1.3703e-02, u: 5.7749e-03, v: 9.1048e-03, pde_a: 1.8338e-02
Epoch: 1430/5000 - Time: 9.78s - Loss: 8.1436e-01 | a: 3.5922e-01, BC: 6.1374e-03, m: 1.7982e-02, u: 1.3219e-02, v: 2.4887e-02, pde_a: 4.9961e-02
Epoch: 1440/5000 - Time: 9.44s - Loss: 3.4695e-01 | a: 2.8255e-01, BC: 2.1872e-03, m: 1.2535e-02, u: 1.8451e-03, v: 2.1622e-03, pde_a: 9.6078e-03
Saving checkpoint at epoch 1440 with loss 3.4695e-01
Epoch: 1450/5000 - Time: 9.24s - Loss: 3.1444e-01 | a: 2.3484e-01, BC: 1.7709e-03, m: 1.3352e-02, u: 2.6131e-03, v: 2.7499e-03, pde_a: 1.0839e-02
Saving checkpoint at epoch 1450 with loss 3.1444e-01
Epoch: 1460/5000 - Time: 9.46s - Loss: 3.9564e-01 | a: 2.7739e-01, BC: 2.7266e-03, m: 1.3202e-02, u: 3.1862e-03, v: 4.9120e-03, pde_a: 2.1336e-02
Epoch: 1470/5000 - Time: 9.74s - Loss: 3.5913e-01 | a: 2.6455e-01, BC: 1.9124e-03, m: 1.3093e-02, u: 2.7706e-03, v: 3.4275e-03, pde_a: 1.7589e-02
Epoch: 1480/5000 - Time: 9.55s - Loss: 2.0543e+00 | a: 9.1420e-01, BC: 3.3683e-02, m: 3.3512e-02, u: 3.8103e-02, v: 5.8655e-02, pde_a: 1.0532e-01
Epoch: 1490/5000 - Time: 9.55s - Loss: 5.8726e-01 | a: 3.4632e-01, BC: 6.6354e-03, m: 1.5149e-02, u: 8.1148e-03, v: 1.0833e-02, pde_a: 2.9669e-02
Epoch: 1500/5000 - Time: 9.94s - Loss: 2.2169e+00 | a: 9.2000e-01, BC: 5.7459e-02, m: 5.7248e-02, u: 3.7935e-02, v: 7.0550e-02, pde_a: 9.7359e-02
Epoch: 1510/5000 - Time: 9.36s - Loss: 4.5725e-01 | a: 2.8554e-01, BC: 2.7402e-03, m: 1.4678e-02, u: 4.5935e-03, v: 7.1308e-03, pde_a: 3.7052e-02
Epoch: 1520/5000 - Time: 9.62s - Loss: 3.7530e-01 | a: 2.8228e-01, BC: 2.0024e-03, m: 1.2634e-02, u: 2.5933e-03, v: 3.7845e-03, pde_a: 1.4612e-02
Epoch: 1530/5000 - Time: 9.67s - Loss: 3.7901e-01 | a: 2.6087e-01, BC: 2.2985e-03, m: 1.3126e-02, u: 3.7266e-03, v: 5.3912e-03, pde_a: 1.1533e-02
Epoch: 1540/5000 - Time: 9.19s - Loss: 3.1390e-01 | a: 2.3887e-01, BC: 1.6824e-03, m: 1.2845e-02, u: 1.8425e-03, v: 2.1936e-03, pde_a: 2.0148e-02
Saving checkpoint at epoch 1540 with loss 3.1390e-01
Epoch: 1550/5000 - Time: 10.03s - Loss: 3.2035e-01 | a: 2.4017e-01, BC: 1.6662e-03, m: 1.2335e-02, u: 2.4118e-03, v: 2.9600e-03, pde_a: 1.2465e-02
Epoch: 1560/5000 - Time: 9.94s - Loss: 3.0604e-01 | a: 2.3964e-01, BC: 1.5492e-03, m: 1.2607e-02, u: 1.9311e-03, v: 2.2247e-03, pde_a: 1.0684e-02
Saving checkpoint at epoch 1560 with loss 3.0604e-01
Epoch: 1570/5000 - Time: 9.63s - Loss: 3.6371e-01 | a: 2.4169e-01, BC: 2.1065e-03, m: 1.3322e-02, u: 3.7027e-03, v: 5.5446e-03, pde_a: 1.4126e-02
Epoch: 1580/5000 - Time: 9.26s - Loss: 3.8777e-01 | a: 2.4168e-01, BC: 2.2518e-03, m: 1.3914e-02, u: 4.9951e-03, v: 6.0592e-03, pde_a: 1.9381e-02
Epoch: 1590/5000 - Time: 9.48s - Loss: 1.4750e+00 | a: 5.9391e-01, BC: 3.7913e-02, m: 3.4528e-02, u: 2.8308e-02, v: 4.2929e-02, pde_a: 9.6259e-02
Epoch: 1600/5000 - Time: 9.13s - Loss: 4.4389e-01 | a: 2.4105e-01, BC: 2.1472e-03, m: 1.4058e-02, u: 6.4583e-03, v: 9.8633e-03, pde_a: 2.3409e-02
Epoch: 1610/5000 - Time: 9.07s - Loss: 7.1570e-01 | a: 3.4890e-01, BC: 5.4568e-03, m: 1.6535e-02, u: 9.5490e-03, v: 1.5093e-02, pde_a: 9.8389e-02
Epoch: 1620/5000 - Time: 9.66s - Loss: 7.8458e-01 | a: 3.6045e-01, BC: 4.4497e-03, m: 1.6866e-02, u: 1.0942e-02, v: 2.6171e-02, pde_a: 3.1675e-02
Epoch: 1630/5000 - Time: 9.89s - Loss: 5.6435e-01 | a: 3.6909e-01, BC: 3.4592e-03, m: 1.4127e-02, u: 6.0008e-03, v: 8.0526e-03, pde_a: 3.7146e-02
Epoch: 1640/5000 - Time: 9.88s - Loss: 4.6763e-01 | a: 2.8448e-01, BC: 2.6352e-03, m: 1.3532e-02, u: 5.0454e-03, v: 9.4098e-03, pde_a: 2.2435e-02
Epoch: 1650/5000 - Time: 9.88s - Loss: 1.8691e+00 | a: 8.0324e-01, BC: 3.2094e-02, m: 3.8091e-02, u: 3.7891e-02, v: 4.9771e-02, pde_a: 1.1908e-01
Epoch: 1660/5000 - Time: 9.11s - Loss: 6.8718e-01 | a: 2.6839e-01, BC: 8.9320e-03, m: 1.7112e-02, u: 9.9859e-03, v: 2.0270e-02, pde_a: 9.0185e-02
Epoch: 1670/5000 - Time: 9.07s - Loss: 3.1492e-01 | a: 2.4843e-01, BC: 2.1549e-03, m: 1.2619e-02, u: 1.8925e-03, v: 2.1156e-03, pde_a: 1.1629e-02
Epoch: 1680/5000 - Time: 9.11s - Loss: 9.7614e-01 | a: 3.5371e-01, BC: 4.1759e-02, m: 2.9265e-02, u: 1.8555e-02, v: 2.4903e-02, pde_a: 1.1683e-01
Epoch: 1690/5000 - Time: 9.16s - Loss: 3.2749e-01 | a: 2.2030e-01, BC: 1.7745e-03, m: 1.3221e-02, u: 2.9771e-03, v: 4.0763e-03, pde_a: 2.1656e-02
Epoch: 1700/5000 - Time: 9.30s - Loss: 3.1751e-01 | a: 2.2677e-01, BC: 1.9492e-03, m: 1.2560e-02, u: 2.2210e-03, v: 2.6797e-03, pde_a: 2.7222e-02
Epoch: 1710/5000 - Time: 9.28s - Loss: 3.6649e-01 | a: 2.4252e-01, BC: 1.6617e-03, m: 1.2939e-02, u: 4.1575e-03, v: 5.4088e-03, pde_a: 1.3706e-02
Epoch: 1720/5000 - Time: 9.15s - Loss: 3.2397e-01 | a: 2.1625e-01, BC: 1.8505e-03, m: 1.2698e-02, u: 3.3761e-03, v: 4.4281e-03, pde_a: 1.5136e-02
Epoch: 1730/5000 - Time: 9.21s - Loss: 2.7715e-01 | a: 2.1148e-01, BC: 1.7774e-03, m: 1.1954e-02, u: 1.8116e-03, v: 2.0855e-03, pde_a: 1.2969e-02
Saving checkpoint at epoch 1730 with loss 2.7715e-01
Epoch: 1740/5000 - Time: 9.68s - Loss: 3.0162e-01 | a: 2.3426e-01, BC: 1.5631e-03, m: 1.1487e-02, u: 1.7459e-03, v: 2.3201e-03, pde_a: 1.3651e-02
Epoch: 1750/5000 - Time: 9.55s - Loss: 2.7641e+00 | a: 1.2139e+00, BC: 4.7802e-02, m: 4.2557e-02, u: 5.9386e-02, v: 8.1776e-02, pde_a: 4.8215e-02
Epoch: 1760/5000 - Time: 9.68s - Loss: 5.6499e-01 | a: 2.8271e-01, BC: 2.8189e-03, m: 1.4088e-02, u: 8.7262e-03, v: 1.3486e-02, pde_a: 4.3255e-02
Epoch: 1770/5000 - Time: 9.43s - Loss: 3.3330e-01 | a: 1.9749e-01, BC: 1.3520e-03, m: 1.1948e-02, u: 4.6424e-03, v: 6.5650e-03, pde_a: 1.0431e-02
Epoch: 1780/5000 - Time: 9.19s - Loss: 3.7746e-01 | a: 2.4157e-01, BC: 2.0853e-03, m: 1.2329e-02, u: 3.8153e-03, v: 6.4728e-03, pde_a: 1.8586e-02
Epoch: 1790/5000 - Time: 9.34s - Loss: 2.7542e-01 | a: 2.0706e-01, BC: 1.4472e-03, m: 1.1661e-02, u: 1.8685e-03, v: 2.3688e-03, pde_a: 1.2884e-02
Saving checkpoint at epoch 1790 with loss 2.7542e-01
Epoch: 1800/5000 - Time: 9.37s - Loss: 2.6456e-01 | a: 2.1248e-01, BC: 1.4783e-03, m: 1.1165e-02, u: 1.4415e-03, v: 1.6014e-03, pde_a: 9.0088e-03
Saving checkpoint at epoch 1800 with loss 2.6456e-01
Epoch: 1810/5000 - Time: 9.35s - Loss: 3.1527e-01 | a: 2.4645e-01, BC: 1.8139e-03, m: 1.1575e-02, u: 1.8853e-03, v: 2.5925e-03, pde_a: 1.0657e-02
Epoch: 1820/5000 - Time: 9.15s - Loss: 3.1668e-01 | a: 2.5844e-01, BC: 1.9024e-03, m: 1.1010e-02, u: 1.5349e-03, v: 1.9297e-03, pde_a: 1.0682e-02
Epoch: 1830/5000 - Time: 9.14s - Loss: 1.5056e+00 | a: 5.2733e-01, BC: 4.8414e-02, m: 3.4806e-02, u: 2.9822e-02, v: 4.7424e-02, pde_a: 1.2258e-01
Epoch: 1840/5000 - Time: 9.33s - Loss: 4.0655e-01 | a: 2.3983e-01, BC: 2.5253e-03, m: 1.2568e-02, u: 5.2593e-03, v: 7.9049e-03, pde_a: 1.9986e-02
Epoch: 1850/5000 - Time: 8.95s - Loss: 2.9694e-01 | a: 2.2566e-01, BC: 2.7451e-03, m: 1.1447e-02, u: 2.1703e-03, v: 2.3646e-03, pde_a: 1.1743e-02
Epoch: 1860/5000 - Time: 9.06s - Loss: 8.0517e-01 | a: 3.4485e-01, BC: 1.5811e-02, m: 2.0894e-02, u: 1.6246e-02, v: 1.9997e-02, pde_a: 6.1180e-02
Epoch: 1870/5000 - Time: 9.07s - Loss: 3.1490e-01 | a: 2.1400e-01, BC: 3.4427e-03, m: 1.1802e-02, u: 2.7908e-03, v: 3.1642e-03, pde_a: 2.6106e-02
Epoch: 1880/5000 - Time: 9.32s - Loss: 2.7868e-01 | a: 2.1512e-01, BC: 1.6094e-03, m: 1.1256e-02, u: 1.8670e-03, v: 2.2742e-03, pde_a: 9.2848e-03
Epoch: 1890/5000 - Time: 9.79s - Loss: 3.0130e-01 | a: 2.0529e-01, BC: 1.5561e-03, m: 1.1521e-02, u: 2.8433e-03, v: 3.8429e-03, pde_a: 1.6071e-02
Epoch: 1900/5000 - Time: 9.02s - Loss: 4.1976e-01 | a: 2.5047e-01, BC: 1.1833e-02, m: 1.4782e-02, u: 6.2965e-03, v: 5.6448e-03, pde_a: 2.3263e-02
Epoch: 1910/5000 - Time: 8.94s - Loss: 3.9562e-01 | a: 2.1131e-01, BC: 4.6885e-03, m: 1.3444e-02, u: 5.1965e-03, v: 8.6784e-03, pde_a: 2.7428e-02
Epoch: 1920/5000 - Time: 9.05s - Loss: 2.8139e-01 | a: 2.2818e-01, BC: 1.6604e-03, m: 1.1313e-02, u: 1.4909e-03, v: 1.5575e-03, pde_a: 9.7593e-03
Epoch: 1930/5000 - Time: 9.09s - Loss: 1.0723e+00 | a: 4.2481e-01, BC: 8.0491e-03, m: 1.7409e-02, u: 2.0181e-02, v: 3.6239e-02, pde_a: 5.7850e-02
Epoch: 1940/5000 - Time: 9.03s - Loss: 3.7822e-01 | a: 2.2782e-01, BC: 1.9287e-03, m: 1.2167e-02, u: 4.1667e-03, v: 7.1969e-03, pde_a: 2.2673e-02
Epoch: 1950/5000 - Time: 9.03s - Loss: 1.0521e+00 | a: 5.2070e-01, BC: 1.2753e-02, m: 1.6919e-02, u: 1.1371e-02, v: 1.9224e-02, pde_a: 1.9574e-01
Epoch: 1960/5000 - Time: 9.51s - Loss: 2.4804e-01 | a: 1.9747e-01, BC: 1.1587e-03, m: 1.0420e-02, u: 1.4030e-03, v: 1.6100e-03, pde_a: 8.8635e-03
Saving checkpoint at epoch 1960 with loss 2.4804e-01
Epoch: 1970/5000 - Time: 9.04s - Loss: 2.5297e-01 | a: 1.9129e-01, BC: 1.2334e-03, m: 1.0831e-02, u: 1.8822e-03, v: 2.1239e-03, pde_a: 9.5526e-03
Epoch: 1980/5000 - Time: 8.98s - Loss: 2.6782e-01 | a: 1.7762e-01, BC: 1.4824e-03, m: 1.1372e-02, u: 3.2172e-03, v: 3.3235e-03, pde_a: 1.1943e-02
Epoch: 1990/5000 - Time: 9.41s - Loss: 2.3568e-01 | a: 1.8243e-01, BC: 1.0813e-03, m: 1.0795e-02, u: 1.5619e-03, v: 1.7448e-03, pde_a: 8.3064e-03
Saving checkpoint at epoch 1990 with loss 2.3568e-01
Epoch: 2000/5000 - Time: 9.42s - Loss: 2.7005e-01 | a: 1.8224e-01, BC: 1.5774e-03, m: 1.1280e-02, u: 2.8233e-03, v: 3.3988e-03, pde_a: 1.2730e-02
Epoch: 2010/5000 - Time: 9.90s - Loss: 2.4690e-01 | a: 1.9196e-01, BC: 1.3646e-03, m: 1.0813e-02, u: 1.5576e-03, v: 1.7516e-03, pde_a: 9.6772e-03
Epoch: 2020/5000 - Time: 9.90s - Loss: 2.5800e-01 | a: 2.0200e-01, BC: 1.5787e-03, m: 1.0791e-02, u: 1.6121e-03, v: 1.6906e-03, pde_a: 1.0602e-02
Epoch: 2030/5000 - Time: 9.62s - Loss: 4.0656e-01 | a: 2.0166e-01, BC: 2.8833e-03, m: 1.2145e-02, u: 5.5308e-03, v: 9.7267e-03, pde_a: 3.7296e-02
Epoch: 2040/5000 - Time: 9.50s - Loss: 2.6704e-01 | a: 2.0870e-01, BC: 1.4052e-03, m: 1.0798e-02, u: 1.4627e-03, v: 1.8365e-03, pde_a: 1.3140e-02
Epoch: 2050/5000 - Time: 9.09s - Loss: 3.0127e-01 | a: 2.4079e-01, BC: 2.1577e-03, m: 1.1456e-02, u: 1.7906e-03, v: 1.8203e-03, pde_a: 1.0754e-02
Epoch: 2060/5000 - Time: 9.41s - Loss: 3.7586e-01 | a: 2.4782e-01, BC: 5.7707e-03, m: 1.2673e-02, u: 3.4173e-03, v: 3.9321e-03, pde_a: 3.6093e-02
Epoch: 2070/5000 - Time: 8.96s - Loss: 3.5873e-01 | a: 1.9960e-01, BC: 3.2794e-03, m: 1.2431e-02, u: 4.8528e-03, v: 6.1548e-03, pde_a: 3.3342e-02
Epoch: 2080/5000 - Time: 9.33s - Loss: 1.3502e+00 | a: 4.9154e-01, BC: 2.0210e-02, m: 2.3657e-02, u: 2.4663e-02, v: 2.6506e-02, pde_a: 3.0310e-01
Epoch: 2090/5000 - Time: 9.13s - Loss: 5.8650e-01 | a: 2.2399e-01, BC: 2.9432e-03, m: 1.3268e-02, u: 1.2422e-02, v: 1.9940e-02, pde_a: 2.2684e-02
Epoch: 2100/5000 - Time: 9.06s - Loss: 3.3952e-01 | a: 2.0950e-01, BC: 3.6382e-03, m: 1.1757e-02, u: 3.9713e-03, v: 5.3021e-03, pde_a: 2.1890e-02
Epoch: 2110/5000 - Time: 9.05s - Loss: 2.8206e-01 | a: 1.9840e-01, BC: 2.5089e-03, m: 1.0958e-02, u: 1.8533e-03, v: 1.9720e-03, pde_a: 3.1944e-02
Epoch: 2120/5000 - Time: 9.01s - Loss: 3.9870e-01 | a: 2.1742e-01, BC: 5.8591e-03, m: 1.4051e-02, u: 6.7528e-03, v: 6.6395e-03, pde_a: 2.7447e-02
Epoch: 2130/5000 - Time: 9.08s - Loss: 1.5725e+00 | a: 4.9162e-01, BC: 3.9449e-02, m: 2.7426e-02, u: 2.9224e-02, v: 3.7859e-02, pde_a: 3.4314e-01
Epoch: 2140/5000 - Time: 9.17s - Loss: 2.5731e-01 | a: 1.6755e-01, BC: 1.2496e-03, m: 1.0865e-02, u: 2.3423e-03, v: 3.1914e-03, pde_a: 2.2303e-02
Epoch: 2150/5000 - Time: 9.56s - Loss: 2.4111e-01 | a: 1.7035e-01, BC: 1.3450e-03, m: 1.0741e-02, u: 1.9102e-03, v: 2.3108e-03, pde_a: 1.6463e-02
Epoch: 2160/5000 - Time: 9.12s - Loss: 2.3610e-01 | a: 1.6602e-01, BC: 1.2039e-03, m: 1.0677e-02, u: 2.0088e-03, v: 2.5267e-03, pde_a: 1.2842e-02
Epoch: 2170/5000 - Time: 9.00s - Loss: 2.4496e-01 | a: 1.7533e-01, BC: 1.2868e-03, m: 1.0831e-02, u: 1.9145e-03, v: 2.4944e-03, pde_a: 1.3426e-02
Epoch: 2180/5000 - Time: 9.02s - Loss: 4.4456e-01 | a: 2.4991e-01, BC: 4.5055e-03, m: 1.2191e-02, u: 4.8866e-03, v: 8.4696e-03, pde_a: 4.4395e-02
Epoch: 2190/5000 - Time: 9.00s - Loss: 2.3897e-01 | a: 1.8767e-01, BC: 1.4254e-03, m: 1.0126e-02, u: 1.2799e-03, v: 1.5396e-03, pde_a: 1.1560e-02
Epoch: 2200/5000 - Time: 9.04s - Loss: 3.8976e-01 | a: 2.5458e-01, BC: 6.6648e-03, m: 1.1831e-02, u: 4.1552e-03, v: 5.0628e-03, pde_a: 2.4512e-02
Epoch: 2210/5000 - Time: 9.39s - Loss: 3.8030e-01 | a: 2.3057e-01, BC: 6.5326e-03, m: 1.2706e-02, u: 3.8499e-03, v: 5.7913e-03, pde_a: 3.4077e-02
Epoch: 2220/5000 - Time: 9.19s - Loss: 1.4095e+00 | a: 6.0628e-01, BC: 1.6607e-02, m: 2.1034e-02, u: 2.8880e-02, v: 3.9074e-02, pde_a: 8.6055e-02
Epoch: 2230/5000 - Time: 8.98s - Loss: 4.4429e-01 | a: 2.1448e-01, BC: 2.0071e-03, m: 1.1321e-02, u: 7.1456e-03, v: 1.2795e-02, pde_a: 1.7073e-02
Epoch: 2240/5000 - Time: 9.50s - Loss: 2.3456e-01 | a: 1.6918e-01, BC: 1.5805e-03, m: 1.0016e-02, u: 1.8041e-03, v: 2.3792e-03, pde_a: 1.1952e-02
Saving checkpoint at epoch 2240 with loss 2.3456e-01
Epoch: 2250/5000 - Time: 9.31s - Loss: 2.3778e-01 | a: 1.8838e-01, BC: 1.4875e-03, m: 9.6350e-03, u: 1.2571e-03, v: 1.5411e-03, pde_a: 1.0300e-02
Epoch: 2260/5000 - Time: 9.16s - Loss: 1.2707e+00 | a: 7.5698e-01, BC: 2.0183e-02, m: 2.0701e-02, u: 1.8160e-02, v: 2.1728e-02, pde_a: 7.3908e-02
Epoch: 2270/5000 - Time: 9.20s - Loss: 2.5125e-01 | a: 1.6059e-01, BC: 1.3730e-03, m: 1.0181e-02, u: 2.1946e-03, v: 3.2058e-03, pde_a: 2.5106e-02
Epoch: 2280/5000 - Time: 9.48s - Loss: 3.9464e-01 | a: 1.8759e-01, BC: 2.1842e-03, m: 1.1840e-02, u: 7.1509e-03, v: 1.0277e-02, pde_a: 1.8739e-02
Epoch: 2290/5000 - Time: 9.14s - Loss: 2.4008e-01 | a: 1.8426e-01, BC: 1.6741e-03, m: 9.7510e-03, u: 1.4278e-03, v: 1.5752e-03, pde_a: 1.4365e-02
Epoch: 2300/5000 - Time: 9.71s - Loss: 2.4674e-01 | a: 1.8322e-01, BC: 1.7606e-03, m: 9.8340e-03, u: 1.6604e-03, v: 1.9331e-03, pde_a: 1.5991e-02
Epoch: 2310/5000 - Time: 9.25s - Loss: 2.4170e-01 | a: 1.9123e-01, BC: 1.5227e-03, m: 9.6721e-03, u: 1.2577e-03, v: 1.5568e-03, pde_a: 1.1136e-02
Epoch: 2320/5000 - Time: 9.08s - Loss: 2.4725e-01 | a: 1.5359e-01, BC: 1.7344e-03, m: 1.0425e-02, u: 2.3226e-03, v: 3.0039e-03, pde_a: 2.8236e-02
Epoch: 2330/5000 - Time: 9.02s - Loss: 4.0049e-01 | a: 1.6985e-01, BC: 2.5571e-03, m: 1.1154e-02, u: 6.9530e-03, v: 1.1866e-02, pde_a: 2.8741e-02
Epoch: 2340/5000 - Time: 8.96s - Loss: 2.0654e-01 | a: 1.4898e-01, BC: 1.1274e-03, m: 9.6000e-03, u: 1.3366e-03, v: 1.7032e-03, pde_a: 1.6439e-02
Saving checkpoint at epoch 2340 with loss 2.0654e-01
Epoch: 2350/5000 - Time: 9.03s - Loss: 2.3381e-01 | a: 1.7911e-01, BC: 1.9237e-03, m: 9.7111e-03, u: 1.5359e-03, v: 1.8020e-03, pde_a: 9.6879e-03
Epoch: 2360/5000 - Time: 8.99s - Loss: 6.2475e-01 | a: 3.0500e-01, BC: 1.2576e-02, m: 1.4616e-02, u: 9.6385e-03, v: 1.1353e-02, pde_a: 8.2640e-02
Epoch: 2370/5000 - Time: 9.56s - Loss: 4.4514e-01 | a: 1.7575e-01, BC: 4.2660e-03, m: 1.3406e-02, u: 6.9247e-03, v: 1.2846e-02, pde_a: 5.4010e-02
Epoch: 2380/5000 - Time: 9.89s - Loss: 2.4570e-01 | a: 1.7775e-01, BC: 1.5864e-03, m: 9.4893e-03, u: 1.8605e-03, v: 2.5167e-03, pde_a: 1.3105e-02
Epoch: 2390/5000 - Time: 9.36s - Loss: 1.9333e-01 | a: 1.4142e-01, BC: 1.1692e-03, m: 9.5216e-03, u: 1.3302e-03, v: 1.7466e-03, pde_a: 1.0457e-02
Saving checkpoint at epoch 2390 with loss 1.9333e-01
Epoch: 2400/5000 - Time: 9.23s - Loss: 2.2340e-01 | a: 1.6303e-01, BC: 1.2853e-03, m: 9.7105e-03, u: 1.6686e-03, v: 1.9700e-03, pde_a: 1.2983e-02
Epoch: 2410/5000 - Time: 9.27s - Loss: 2.0239e-01 | a: 1.5151e-01, BC: 1.1422e-03, m: 9.4894e-03, u: 1.2178e-03, v: 1.4500e-03, pde_a: 1.3569e-02
Epoch: 2420/5000 - Time: 9.44s - Loss: 2.1827e-01 | a: 1.7185e-01, BC: 1.1161e-03, m: 9.1291e-03, u: 1.1760e-03, v: 1.3232e-03, pde_a: 1.1188e-02
Epoch: 2430/5000 - Time: 9.52s - Loss: 3.5553e-01 | a: 1.5575e-01, BC: 2.5455e-03, m: 1.0571e-02, u: 3.7333e-03, v: 5.7250e-03, pde_a: 9.2078e-02
Epoch: 2440/5000 - Time: 9.04s - Loss: 1.9732e-01 | a: 1.5235e-01, BC: 1.1356e-03, m: 8.9806e-03, u: 1.2360e-03, v: 1.3636e-03, pde_a: 8.8585e-03
Epoch: 2450/5000 - Time: 9.06s - Loss: 2.2153e-01 | a: 1.4446e-01, BC: 1.0483e-03, m: 9.5907e-03, u: 2.3249e-03, v: 3.4589e-03, pde_a: 8.5935e-03
Epoch: 2460/5000 - Time: 9.49s - Loss: 2.1475e-01 | a: 1.5204e-01, BC: 1.1719e-03, m: 9.4628e-03, u: 1.8827e-03, v: 2.1851e-03, pde_a: 1.1396e-02
Epoch: 2470/5000 - Time: 9.05s - Loss: 2.1334e-01 | a: 1.7465e-01, BC: 1.0830e-03, m: 9.0694e-03, u: 9.5372e-04, v: 1.1264e-03, pde_a: 7.7378e-03
Epoch: 2480/5000 - Time: 9.00s - Loss: 2.0966e-01 | a: 1.4526e-01, BC: 1.1892e-03, m: 9.9298e-03, u: 2.2713e-03, v: 1.9283e-03, pde_a: 1.1286e-02
Epoch: 2490/5000 - Time: 9.29s - Loss: 1.5001e+00 | a: 4.7989e-01, BC: 3.1565e-02, m: 2.3874e-02, u: 2.5194e-02, v: 3.5060e-02, pde_a: 3.6223e-01
Epoch: 2500/5000 - Time: 9.95s - Loss: 9.7653e-01 | a: 4.0870e-01, BC: 1.6322e-02, m: 1.5378e-02, u: 1.3703e-02, v: 2.0646e-02, pde_a: 1.9265e-01
Epoch: 2510/5000 - Time: 9.06s - Loss: 2.2585e-01 | a: 1.3889e-01, BC: 1.4490e-03, m: 9.7456e-03, u: 2.6453e-03, v: 3.2338e-03, pde_a: 1.6981e-02
Epoch: 2520/5000 - Time: 9.39s - Loss: 5.8231e-01 | a: 2.3580e-01, BC: 3.5924e-03, m: 1.1184e-02, u: 1.3467e-02, v: 1.7427e-02, pde_a: 2.2801e-02
Epoch: 2530/5000 - Time: 9.25s - Loss: 8.3586e-01 | a: 2.9512e-01, BC: 5.2866e-03, m: 1.7013e-02, u: 1.7552e-02, v: 3.0144e-02, pde_a: 4.1489e-02
Epoch: 2540/5000 - Time: 9.54s - Loss: 2.1873e-01 | a: 1.6058e-01, BC: 1.2173e-03, m: 9.6491e-03, u: 1.5216e-03, v: 1.9465e-03, pde_a: 1.2603e-02
Epoch: 2550/5000 - Time: 9.71s - Loss: 1.9540e-01 | a: 1.5231e-01, BC: 1.0390e-03, m: 8.7509e-03, u: 1.2111e-03, v: 1.2628e-03, pde_a: 8.5592e-03
Epoch: 2560/5000 - Time: 9.82s - Loss: 2.2880e-01 | a: 1.7675e-01, BC: 2.2913e-03, m: 9.0189e-03, u: 1.5133e-03, v: 1.6526e-03, pde_a: 9.0766e-03
Epoch: 2570/5000 - Time: 9.83s - Loss: 1.7131e+00 | a: 8.8575e-01, BC: 4.1812e-02, m: 2.4419e-02, u: 2.3240e-02, v: 4.3196e-02, pde_a: 9.6765e-02
Epoch: 2580/5000 - Time: 9.78s - Loss: 2.9937e-01 | a: 1.4885e-01, BC: 2.0106e-03, m: 9.8146e-03, u: 4.5825e-03, v: 6.4791e-03, pde_a: 2.8081e-02
Epoch: 2590/5000 - Time: 9.76s - Loss: 2.0314e-01 | a: 1.4917e-01, BC: 1.1308e-03, m: 8.4493e-03, u: 1.3765e-03, v: 1.7449e-03, pde_a: 1.3179e-02
Epoch: 2600/5000 - Time: 9.12s - Loss: 2.1941e-01 | a: 1.4059e-01, BC: 1.1553e-03, m: 9.0451e-03, u: 2.6626e-03, v: 3.0446e-03, pde_a: 1.1545e-02
Epoch: 2610/5000 - Time: 9.51s - Loss: 2.9940e+00 | a: 1.0722e+00, BC: 6.1000e-02, m: 3.6213e-02, u: 6.1867e-02, v: 1.0987e-01, pde_a: 1.0726e-01
Epoch: 2620/5000 - Time: 9.40s - Loss: 1.8696e-01 | a: 1.3933e-01, BC: 1.0675e-03, m: 8.9834e-03, u: 1.1537e-03, v: 1.4899e-03, pde_a: 1.1142e-02
Saving checkpoint at epoch 2620 with loss 1.8696e-01
Epoch: 2630/5000 - Time: 9.15s - Loss: 2.0191e-01 | a: 1.4124e-01, BC: 1.3578e-03, m: 9.2106e-03, u: 1.8929e-03, v: 1.9061e-03, pde_a: 1.2110e-02
Epoch: 2640/5000 - Time: 9.34s - Loss: 2.2432e-01 | a: 1.5756e-01, BC: 1.5468e-03, m: 9.0521e-03, u: 2.0114e-03, v: 2.1183e-03, pde_a: 1.4866e-02
Epoch: 2650/5000 - Time: 9.61s - Loss: 2.1338e-01 | a: 1.7199e-01, BC: 1.2746e-03, m: 8.5114e-03, u: 1.0699e-03, v: 1.2176e-03, pde_a: 8.7237e-03
Epoch: 2660/5000 - Time: 9.67s - Loss: 2.2531e-01 | a: 1.7108e-01, BC: 1.8987e-03, m: 8.7148e-03, u: 1.5643e-03, v: 1.8791e-03, pde_a: 9.1816e-03
Epoch: 2670/5000 - Time: 9.12s - Loss: 1.5388e+00 | a: 5.1575e-01, BC: 1.9582e-02, m: 2.5788e-02, u: 3.3274e-02, v: 5.4392e-02, pde_a: 1.0105e-01
Epoch: 2680/5000 - Time: 9.12s - Loss: 2.0437e-01 | a: 1.5897e-01, BC: 1.1813e-03, m: 8.5656e-03, u: 1.1575e-03, v: 1.4010e-03, pde_a: 1.0067e-02
Epoch: 2690/5000 - Time: 9.08s - Loss: 2.1321e-01 | a: 1.4184e-01, BC: 1.2935e-03, m: 8.7239e-03, u: 2.0408e-03, v: 3.0284e-03, pde_a: 1.0659e-02
Epoch: 2700/5000 - Time: 9.00s - Loss: 1.9318e-01 | a: 1.3567e-01, BC: 1.0253e-03, m: 9.0322e-03, u: 1.2382e-03, v: 1.6098e-03, pde_a: 1.8979e-02
Epoch: 2710/5000 - Time: 9.19s - Loss: 1.7732e-01 | a: 1.3566e-01, BC: 8.5801e-04, m: 8.7113e-03, u: 1.0707e-03, v: 1.1892e-03, pde_a: 9.4918e-03
Saving checkpoint at epoch 2710 with loss 1.7732e-01
Epoch: 2720/5000 - Time: 9.12s - Loss: 2.0144e-01 | a: 1.4343e-01, BC: 1.4600e-03, m: 9.0895e-03, u: 1.7207e-03, v: 2.0111e-03, pde_a: 1.0143e-02
Epoch: 2730/5000 - Time: 9.20s - Loss: 1.8574e-01 | a: 1.4323e-01, BC: 1.1525e-03, m: 8.4391e-03, u: 9.9415e-04, v: 1.1763e-03, pde_a: 1.1219e-02
Epoch: 2740/5000 - Time: 9.24s - Loss: 2.0422e-01 | a: 1.6331e-01, BC: 1.1395e-03, m: 8.1665e-03, u: 1.1326e-03, v: 1.2129e-03, pde_a: 8.1522e-03
Epoch: 2750/5000 - Time: 9.03s - Loss: 4.1976e-01 | a: 2.0039e-01, BC: 1.0964e-02, m: 1.2359e-02, u: 8.0062e-03, v: 9.1589e-03, pde_a: 2.4391e-02
Epoch: 2760/5000 - Time: 9.05s - Loss: 2.0735e-01 | a: 1.3901e-01, BC: 1.3192e-03, m: 9.0623e-03, u: 1.4413e-03, v: 1.4625e-03, pde_a: 2.8916e-02
Epoch: 2770/5000 - Time: 9.04s - Loss: 2.0929e-01 | a: 1.7189e-01, BC: 1.2041e-03, m: 8.2786e-03, u: 9.4362e-04, v: 1.0158e-03, pde_a: 8.3226e-03
Epoch: 2780/5000 - Time: 9.02s - Loss: 3.5718e-01 | a: 1.5695e-01, BC: 3.0788e-03, m: 1.0644e-02, u: 7.0787e-03, v: 7.6873e-03, pde_a: 3.8844e-02
Epoch: 2790/5000 - Time: 9.00s - Loss: 3.1475e-01 | a: 2.3158e-01, BC: 3.5281e-03, m: 8.4719e-03, u: 2.8645e-03, v: 2.7839e-03, pde_a: 1.4680e-02
Epoch: 2800/5000 - Time: 8.99s - Loss: 2.4632e-01 | a: 1.3306e-01, BC: 1.2983e-03, m: 8.8333e-03, u: 3.5060e-03, v: 5.5364e-03, pde_a: 1.2706e-02
Epoch: 2810/5000 - Time: 9.47s - Loss: 1.9206e-01 | a: 1.4854e-01, BC: 1.0046e-03, m: 8.3107e-03, u: 1.2182e-03, v: 1.2184e-03, pde_a: 9.8423e-03
Epoch: 2820/5000 - Time: 9.89s - Loss: 2.0513e-01 | a: 1.6787e-01, BC: 1.0135e-03, m: 8.0689e-03, u: 9.4787e-04, v: 1.0298e-03, pde_a: 8.4013e-03
Epoch: 2830/5000 - Time: 9.30s - Loss: 5.1389e-01 | a: 2.0887e-01, BC: 4.7958e-03, m: 1.2504e-02, u: 1.0181e-02, v: 1.5567e-02, pde_a: 3.0239e-02
Epoch: 2840/5000 - Time: 9.64s - Loss: 1.9157e-01 | a: 1.4277e-01, BC: 1.6067e-03, m: 8.4490e-03, u: 1.2897e-03, v: 1.3800e-03, pde_a: 1.2055e-02
Epoch: 2850/5000 - Time: 9.62s - Loss: 3.8614e-01 | a: 1.9210e-01, BC: 8.1797e-03, m: 1.1892e-02, u: 7.3869e-03, v: 7.4483e-03, pde_a: 2.5619e-02
Epoch: 2860/5000 - Time: 8.98s - Loss: 3.1791e-01 | a: 1.5874e-01, BC: 1.3161e-03, m: 9.4091e-03, u: 5.4361e-03, v: 7.8419e-03, pde_a: 1.5665e-02
Epoch: 2870/5000 - Time: 9.01s - Loss: 1.8767e-01 | a: 1.5026e-01, BC: 9.4839e-04, m: 7.8210e-03, u: 9.9646e-04, v: 1.0561e-03, pde_a: 8.1093e-03
Epoch: 2880/5000 - Time: 9.10s - Loss: 2.0568e-01 | a: 1.5667e-01, BC: 1.7090e-03, m: 7.9808e-03, u: 1.4819e-03, v: 1.4089e-03, pde_a: 1.0410e-02
Epoch: 2890/5000 - Time: 9.27s - Loss: 1.4813e+00 | a: 4.7816e-01, BC: 1.8490e-02, m: 1.9220e-02, u: 2.4862e-02, v: 5.7929e-02, pde_a: 1.3756e-01
Epoch: 2900/5000 - Time: 9.59s - Loss: 1.6646e-01 | a: 1.2593e-01, BC: 8.1237e-04, m: 8.3127e-03, u: 1.0239e-03, v: 1.0701e-03, pde_a: 1.0466e-02
Saving checkpoint at epoch 2900 with loss 1.6646e-01
Epoch: 2910/5000 - Time: 9.87s - Loss: 1.7795e-01 | a: 1.3860e-01, BC: 1.2058e-03, m: 8.0651e-03, u: 1.1137e-03, v: 1.1590e-03, pde_a: 7.3554e-03
Epoch: 2920/5000 - Time: 9.91s - Loss: 1.9257e-01 | a: 1.3140e-01, BC: 1.2694e-03, m: 8.4345e-03, u: 1.8636e-03, v: 2.2220e-03, pde_a: 1.0612e-02
Epoch: 2930/5000 - Time: 9.46s - Loss: 2.0285e-01 | a: 1.5694e-01, BC: 1.1285e-03, m: 7.9612e-03, u: 1.1520e-03, v: 1.3292e-03, pde_a: 1.2008e-02
Epoch: 2940/5000 - Time: 9.05s - Loss: 3.4141e+00 | a: 2.5808e+00, BC: 2.8413e-02, m: 2.2241e-02, u: 3.0921e-02, v: 4.1965e-02, pde_a: 5.3692e-02
Epoch: 2950/5000 - Time: 8.99s - Loss: 1.0775e+00 | a: 4.2885e-01, BC: 1.4449e-02, m: 1.4944e-02, u: 1.7285e-02, v: 2.8899e-02, pde_a: 1.5744e-01
Epoch: 2960/5000 - Time: 9.04s - Loss: 2.8773e+00 | a: 1.6855e+00, BC: 3.1092e-02, m: 2.3483e-02, u: 3.7488e-02, v: 6.9036e-02, pde_a: 7.1990e-02
Epoch: 2970/5000 - Time: 9.08s - Loss: 2.0185e-01 | a: 1.2241e-01, BC: 1.0979e-03, m: 8.6655e-03, u: 2.4347e-03, v: 3.4195e-03, pde_a: 1.1136e-02
Epoch: 2980/5000 - Time: 9.12s - Loss: 2.0445e-01 | a: 1.1805e-01, BC: 1.2472e-03, m: 8.4418e-03, u: 2.3341e-03, v: 3.2056e-03, pde_a: 2.1314e-02
Epoch: 2990/5000 - Time: 8.97s - Loss: 1.7655e-01 | a: 1.2640e-01, BC: 9.6614e-04, m: 7.9927e-03, u: 1.3383e-03, v: 1.6269e-03, pde_a: 1.1542e-02
Epoch: 3000/5000 - Time: 8.92s - Loss: 1.8478e-01 | a: 1.2779e-01, BC: 1.1987e-03, m: 7.9028e-03, u: 1.7157e-03, v: 1.7246e-03, pde_a: 1.3486e-02
Epoch: 3010/5000 - Time: 9.00s - Loss: 3.1334e-01 | a: 1.4639e-01, BC: 1.3097e-03, m: 9.0090e-03, u: 4.6295e-03, v: 9.0697e-03, pde_a: 1.9630e-02
Epoch: 3020/5000 - Time: 9.46s - Loss: 3.3710e-01 | a: 1.6110e-01, BC: 4.1915e-03, m: 9.2231e-03, u: 3.9605e-03, v: 3.9331e-03, pde_a: 8.3648e-02
Epoch: 3030/5000 - Time: 9.57s - Loss: 2.4526e-01 | a: 1.6199e-01, BC: 4.5766e-03, m: 8.4277e-03, u: 2.4683e-03, v: 2.5476e-03, pde_a: 2.0105e-02
Epoch: 3040/5000 - Time: 9.12s - Loss: 3.8950e-01 | a: 1.3977e-01, BC: 2.0903e-03, m: 9.7250e-03, u: 8.0673e-03, v: 1.2155e-02, pde_a: 3.5682e-02
Epoch: 3050/5000 - Time: 9.19s - Loss: 2.4327e-01 | a: 1.5885e-01, BC: 1.2750e-03, m: 8.1750e-03, u: 2.0326e-03, v: 3.4169e-03, pde_a: 2.0477e-02
Epoch: 3060/5000 - Time: 9.57s - Loss: 2.0083e-01 | a: 1.1446e-01, BC: 1.2108e-03, m: 8.3615e-03, u: 2.2777e-03, v: 3.5349e-03, pde_a: 1.8675e-02
Epoch: 3070/5000 - Time: 9.40s - Loss: 3.0708e-01 | a: 1.9604e-01, BC: 4.5382e-03, m: 1.0005e-02, u: 3.7961e-03, v: 4.0602e-03, pde_a: 1.7928e-02
Epoch: 3080/5000 - Time: 9.42s - Loss: 2.4564e-01 | a: 1.4657e-01, BC: 2.2916e-03, m: 7.9599e-03, u: 2.1718e-03, v: 2.8768e-03, pde_a: 3.8333e-02
Epoch: 3090/5000 - Time: 9.02s - Loss: 2.0514e-01 | a: 1.5804e-01, BC: 1.3282e-03, m: 7.5751e-03, u: 1.0849e-03, v: 1.1730e-03, pde_a: 1.5618e-02
Epoch: 3100/5000 - Time: 9.31s - Loss: 3.2405e-01 | a: 2.1564e-01, BC: 5.2177e-03, m: 9.0319e-03, u: 3.8757e-03, v: 3.8439e-03, pde_a: 1.6968e-02
Epoch: 3110/5000 - Time: 9.62s - Loss: 2.4542e-01 | a: 1.3982e-01, BC: 1.5549e-03, m: 7.9765e-03, u: 2.6564e-03, v: 4.4532e-03, pde_a: 2.4968e-02
Epoch: 3120/5000 - Time: 9.40s - Loss: 1.7852e-01 | a: 1.1995e-01, BC: 1.0940e-03, m: 7.6400e-03, u: 1.6501e-03, v: 2.1091e-03, pde_a: 1.2240e-02
Epoch: 3130/5000 - Time: 9.42s - Loss: 1.7722e-01 | a: 1.3317e-01, BC: 1.0368e-03, m: 7.4092e-03, u: 1.3466e-03, v: 1.2771e-03, pde_a: 9.3660e-03
Epoch: 3140/5000 - Time: 9.34s - Loss: 1.9410e-01 | a: 1.5946e-01, BC: 1.0482e-03, m: 7.0444e-03, u: 8.9847e-04, v: 9.5413e-04, pde_a: 8.0153e-03
Epoch: 3150/5000 - Time: 9.29s - Loss: 6.5282e-01 | a: 2.5252e-01, BC: 4.7685e-03, m: 1.0530e-02, u: 1.0473e-02, v: 2.1758e-02, pde_a: 6.2702e-02
Epoch: 3160/5000 - Time: 9.25s - Loss: 6.2782e-01 | a: 3.4601e-01, BC: 3.8085e-03, m: 9.9597e-03, u: 7.1842e-03, v: 1.5106e-02, pde_a: 4.5145e-02
Epoch: 3170/5000 - Time: 9.17s - Loss: 1.6619e-01 | a: 1.2621e-01, BC: 9.3104e-04, m: 7.1884e-03, u: 1.0855e-03, v: 1.2128e-03, pde_a: 8.8785e-03
Saving checkpoint at epoch 3170 with loss 1.6619e-01
Epoch: 3180/5000 - Time: 9.24s - Loss: 1.7046e-01 | a: 1.1125e-01, BC: 9.3411e-04, m: 7.6716e-03, u: 1.5663e-03, v: 2.3974e-03, pde_a: 1.0967e-02
Epoch: 3190/5000 - Time: 9.36s - Loss: 1.6694e-01 | a: 1.3211e-01, BC: 9.8145e-04, m: 7.2963e-03, u: 8.7067e-04, v: 9.0446e-04, pde_a: 8.8070e-03
Epoch: 3200/5000 - Time: 9.24s - Loss: 1.6539e-01 | a: 1.1304e-01, BC: 8.9831e-04, m: 7.7843e-03, u: 1.3387e-03, v: 1.7491e-03, pde_a: 1.2786e-02
Saving checkpoint at epoch 3200 with loss 1.6539e-01
Epoch: 3210/5000 - Time: 8.99s - Loss: 2.1263e-01 | a: 1.3003e-01, BC: 2.3114e-03, m: 7.9738e-03, u: 2.6187e-03, v: 2.4141e-03, pde_a: 2.1989e-02
Epoch: 3220/5000 - Time: 9.43s - Loss: 2.2957e-01 | a: 1.3589e-01, BC: 1.5144e-03, m: 7.7170e-03, u: 2.6636e-03, v: 3.9589e-03, pde_a: 1.8220e-02
Epoch: 3230/5000 - Time: 9.83s - Loss: 2.1065e-01 | a: 1.2730e-01, BC: 1.2732e-03, m: 7.9971e-03, u: 2.5405e-03, v: 3.4802e-03, pde_a: 1.3867e-02
Epoch: 3240/5000 - Time: 9.75s - Loss: 1.6717e-01 | a: 1.1499e-01, BC: 9.2015e-04, m: 7.8926e-03, u: 1.4610e-03, v: 1.6180e-03, pde_a: 1.2581e-02
Epoch: 3250/5000 - Time: 9.13s - Loss: 1.9425e-01 | a: 1.3957e-01, BC: 1.8356e-03, m: 7.4102e-03, u: 1.5521e-03, v: 1.6837e-03, pde_a: 1.3076e-02
Epoch: 3260/5000 - Time: 9.15s - Loss: 3.5883e-01 | a: 1.9206e-01, BC: 9.3900e-03, m: 1.1617e-02, u: 4.1519e-03, v: 5.3486e-03, pde_a: 5.0766e-02
Epoch: 3270/5000 - Time: 9.36s - Loss: 1.8902e-01 | a: 1.2930e-01, BC: 1.0490e-03, m: 8.3704e-03, u: 1.5354e-03, v: 1.9299e-03, pde_a: 1.5645e-02
Epoch: 3280/5000 - Time: 9.16s - Loss: 2.1638e+00 | a: 6.2742e-01, BC: 3.0605e-02, m: 3.6125e-02, u: 5.0201e-02, v: 7.7539e-02, pde_a: 1.9222e-01
Epoch: 3290/5000 - Time: 9.27s - Loss: 1.7371e-01 | a: 1.1888e-01, BC: 1.0317e-03, m: 8.0490e-03, u: 1.4540e-03, v: 1.6470e-03, pde_a: 1.4744e-02
Epoch: 3300/5000 - Time: 9.79s - Loss: 1.8275e-01 | a: 1.2314e-01, BC: 1.3096e-03, m: 7.9957e-03, u: 1.7619e-03, v: 1.8689e-03, pde_a: 1.3997e-02
Epoch: 3310/5000 - Time: 9.82s - Loss: 1.7369e-01 | a: 1.3674e-01, BC: 1.1097e-03, m: 7.5082e-03, u: 8.9606e-04, v: 1.0825e-03, pde_a: 8.5430e-03
Epoch: 3320/5000 - Time: 9.80s - Loss: 2.9112e-01 | a: 1.6126e-01, BC: 1.7572e-03, m: 8.5321e-03, u: 4.1872e-03, v: 5.9809e-03, pde_a: 1.7886e-02
Epoch: 3330/5000 - Time: 9.41s - Loss: 2.7623e-01 | a: 1.4079e-01, BC: 1.4351e-03, m: 8.3534e-03, u: 4.4493e-03, v: 6.3593e-03, pde_a: 1.7563e-02
Epoch: 3340/5000 - Time: 9.88s - Loss: 1.9618e-01 | a: 1.1992e-01, BC: 1.4643e-03, m: 7.8674e-03, u: 2.0249e-03, v: 2.1950e-03, pde_a: 2.4731e-02
Epoch: 3350/5000 - Time: 9.86s - Loss: 2.5750e-01 | a: 1.0795e-01, BC: 1.6555e-03, m: 8.2533e-03, u: 4.3050e-03, v: 5.5355e-03, pde_a: 4.1234e-02
Epoch: 3360/5000 - Time: 9.88s - Loss: 1.6887e-01 | a: 1.3128e-01, BC: 8.4528e-04, m: 7.2764e-03, u: 8.8552e-04, v: 1.2091e-03, pde_a: 8.5302e-03
Epoch: 3370/5000 - Time: 9.84s - Loss: 2.6147e-01 | a: 1.2651e-01, BC: 3.3039e-03, m: 8.6903e-03, u: 4.7448e-03, v: 6.0478e-03, pde_a: 1.5038e-02
Epoch: 3380/5000 - Time: 9.77s - Loss: 1.8119e-01 | a: 1.4184e-01, BC: 1.2997e-03, m: 7.3637e-03, u: 9.7442e-04, v: 9.8869e-04, pde_a: 1.1049e-02
Epoch: 3390/5000 - Time: 9.43s - Loss: 3.2456e-01 | a: 1.1246e-01, BC: 3.3028e-03, m: 8.6247e-03, u: 3.0447e-03, v: 3.5175e-03, pde_a: 1.3455e-01
Epoch: 3400/5000 - Time: 9.18s - Loss: 1.8047e-01 | a: 1.4169e-01, BC: 1.3096e-03, m: 7.0875e-03, u: 8.5736e-04, v: 1.0245e-03, pde_a: 1.1565e-02
Epoch: 3410/5000 - Time: 9.02s - Loss: 2.8695e-01 | a: 1.4277e-01, BC: 4.5842e-03, m: 7.9912e-03, u: 3.8413e-03, v: 5.0491e-03, pde_a: 4.2697e-02
Epoch: 3420/5000 - Time: 9.08s - Loss: 1.6026e-01 | a: 1.1182e-01, BC: 9.8446e-04, m: 7.4763e-03, u: 1.1779e-03, v: 1.1959e-03, pde_a: 1.6243e-02
Saving checkpoint at epoch 3420 with loss 1.6026e-01
Epoch: 3430/5000 - Time: 9.07s - Loss: 3.7557e-01 | a: 2.3166e-01, BC: 7.4637e-03, m: 1.0536e-02, u: 4.1270e-03, v: 4.8690e-03, pde_a: 3.5949e-02
Epoch: 3440/5000 - Time: 8.99s - Loss: 1.7643e-01 | a: 1.2610e-01, BC: 1.3214e-03, m: 7.4573e-03, u: 1.4724e-03, v: 1.4768e-03, pde_a: 1.2064e-02
Epoch: 3450/5000 - Time: 9.58s - Loss: 2.1355e-01 | a: 1.3376e-01, BC: 1.8593e-03, m: 7.4841e-03, u: 2.7418e-03, v: 3.0406e-03, pde_a: 1.2622e-02
Epoch: 3460/5000 - Time: 9.16s - Loss: 3.1892e-01 | a: 1.1483e-01, BC: 2.3126e-03, m: 8.5479e-03, u: 5.7624e-03, v: 7.6747e-03, pde_a: 5.8856e-02
Epoch: 3470/5000 - Time: 9.04s - Loss: 1.6997e-01 | a: 1.0217e-01, BC: 1.1613e-03, m: 7.4422e-03, u: 1.8514e-03, v: 2.0488e-03, pde_a: 2.0192e-02
Epoch: 3480/5000 - Time: 9.06s - Loss: 1.6418e-01 | a: 1.1478e-01, BC: 9.4738e-04, m: 7.3675e-03, u: 1.2925e-03, v: 1.6759e-03, pde_a: 1.1402e-02
Epoch: 3490/5000 - Time: 9.01s - Loss: 1.6863e-01 | a: 1.3628e-01, BC: 8.2266e-04, m: 6.7258e-03, u: 7.6349e-04, v: 8.6374e-04, pde_a: 8.5319e-03
Epoch: 3500/5000 - Time: 9.25s - Loss: 1.5506e-01 | a: 1.0279e-01, BC: 1.0118e-03, m: 7.5180e-03, u: 1.3637e-03, v: 1.5111e-03, pde_a: 1.4992e-02
Saving checkpoint at epoch 3500 with loss 1.5506e-01
Epoch: 3510/5000 - Time: 9.03s - Loss: 1.7732e-01 | a: 1.4179e-01, BC: 9.4343e-04, m: 6.1919e-03, u: 8.7773e-04, v: 9.6961e-04, pde_a: 9.9225e-03
Epoch: 3520/5000 - Time: 9.04s - Loss: 5.5024e-01 | a: 1.6982e-01, BC: 1.0523e-02, m: 9.6774e-03, u: 1.0233e-02, v: 1.0430e-02, pde_a: 1.5359e-01
Epoch: 3530/5000 - Time: 9.09s - Loss: 1.6295e-01 | a: 1.2621e-01, BC: 9.0372e-04, m: 6.6995e-03, u: 9.6292e-04, v: 1.0176e-03, pde_a: 9.3368e-03
Epoch: 3540/5000 - Time: 9.28s - Loss: 1.8506e-01 | a: 1.4320e-01, BC: 1.5759e-03, m: 6.9724e-03, u: 1.1001e-03, v: 1.4150e-03, pde_a: 8.1597e-03
Epoch: 3550/5000 - Time: 9.14s - Loss: 5.2872e-01 | a: 1.9136e-01, BC: 2.7761e-03, m: 8.7774e-03, u: 1.0561e-02, v: 1.7939e-02, pde_a: 4.0799e-02
Epoch: 3560/5000 - Time: 9.29s - Loss: 1.8101e-01 | a: 1.3386e-01, BC: 1.3278e-03, m: 6.9508e-03, u: 1.1475e-03, v: 1.2655e-03, pde_a: 1.4743e-02
Epoch: 3570/5000 - Time: 9.33s - Loss: 2.4883e-01 | a: 1.8278e-01, BC: 2.4037e-03, m: 6.6898e-03, u: 1.4847e-03, v: 1.9541e-03, pde_a: 2.2567e-02
Epoch: 3580/5000 - Time: 9.22s - Loss: 1.9293e-01 | a: 1.0735e-01, BC: 1.0483e-03, m: 7.5365e-03, u: 3.5011e-03, v: 3.1726e-03, pde_a: 1.0267e-02
Epoch: 3590/5000 - Time: 9.30s - Loss: 1.4295e-01 | a: 1.0148e-01, BC: 9.7471e-04, m: 6.9203e-03, u: 1.0411e-03, v: 1.2188e-03, pde_a: 1.0982e-02
Saving checkpoint at epoch 3590 with loss 1.4295e-01
Epoch: 3600/5000 - Time: 9.27s - Loss: 1.4884e-01 | a: 1.1875e-01, BC: 7.1783e-04, m: 6.5277e-03, u: 6.9986e-04, v: 7.8912e-04, pde_a: 7.9586e-03
Epoch: 3610/5000 - Time: 9.21s - Loss: 7.4334e-01 | a: 2.7947e-01, BC: 1.6434e-02, m: 1.0838e-02, u: 1.6345e-02, v: 1.7219e-02, pde_a: 1.0096e-01
Epoch: 3620/5000 - Time: 9.37s - Loss: 1.4207e+00 | a: 4.5552e-01, BC: 1.6341e-02, m: 2.0265e-02, u: 2.1863e-02, v: 5.7333e-02, pde_a: 1.3663e-01
Epoch: 3630/5000 - Time: 9.18s - Loss: 2.6951e-01 | a: 1.0728e-01, BC: 1.8472e-03, m: 7.6898e-03, u: 3.1893e-03, v: 5.4496e-03, pde_a: 6.6308e-02
Epoch: 3640/5000 - Time: 9.17s - Loss: 1.5690e-01 | a: 1.2724e-01, BC: 8.0410e-04, m: 6.3950e-03, u: 7.3792e-04, v: 7.3739e-04, pde_a: 7.7024e-03
Epoch: 3650/5000 - Time: 9.19s - Loss: 1.8329e-01 | a: 1.0227e-01, BC: 1.6193e-03, m: 7.5172e-03, u: 2.5114e-03, v: 3.2219e-03, pde_a: 1.4549e-02
Epoch: 3660/5000 - Time: 9.15s - Loss: 1.7559e-01 | a: 1.3616e-01, BC: 1.3157e-03, m: 6.5777e-03, u: 9.9226e-04, v: 1.1002e-03, pde_a: 1.0608e-02
Epoch: 3670/5000 - Time: 9.21s - Loss: 3.1038e-01 | a: 1.0922e-01, BC: 2.1875e-03, m: 7.8520e-03, u: 6.5065e-03, v: 1.0274e-02, pde_a: 2.3307e-02
Epoch: 3680/5000 - Time: 9.20s - Loss: 1.5849e-01 | a: 1.0103e-01, BC: 7.9334e-04, m: 6.9324e-03, u: 1.4114e-03, v: 2.3434e-03, pde_a: 1.2191e-02
Epoch: 3690/5000 - Time: 9.23s - Loss: 1.3618e-01 | a: 9.9281e-02, BC: 8.4842e-04, m: 6.9238e-03, u: 9.5811e-04, v: 1.0384e-03, pde_a: 9.1626e-03
Saving checkpoint at epoch 3690 with loss 1.3618e-01
Epoch: 3700/5000 - Time: 9.12s - Loss: 1.6953e-01 | a: 1.0276e-01, BC: 1.0806e-03, m: 6.8070e-03, u: 1.7955e-03, v: 2.4337e-03, pde_a: 1.6590e-02
Epoch: 3710/5000 - Time: 9.55s - Loss: 3.2724e-01 | a: 1.2160e-01, BC: 1.3982e-03, m: 9.0099e-03, u: 9.8873e-03, v: 7.5671e-03, pde_a: 2.0689e-02
Epoch: 3720/5000 - Time: 9.40s - Loss: 1.5047e-01 | a: 1.1211e-01, BC: 8.6109e-04, m: 6.8980e-03, u: 9.2465e-04, v: 1.1324e-03, pde_a: 1.0035e-02
Epoch: 3730/5000 - Time: 9.44s - Loss: 3.1681e-01 | a: 1.2483e-01, BC: 4.1303e-03, m: 7.9803e-03, u: 3.7720e-03, v: 6.5360e-03, pde_a: 7.6786e-02
Epoch: 3740/5000 - Time: 9.31s - Loss: 1.4040e-01 | a: 9.8689e-02, BC: 7.6020e-04, m: 6.6899e-03, u: 1.1470e-03, v: 1.3478e-03, pde_a: 9.3101e-03
Epoch: 3750/5000 - Time: 9.30s - Loss: 1.9719e-01 | a: 1.2095e-01, BC: 2.3218e-03, m: 7.0577e-03, u: 2.5494e-03, v: 2.8290e-03, pde_a: 1.3086e-02
Epoch: 3760/5000 - Time: 9.62s - Loss: 4.2932e-01 | a: 2.5161e-01, BC: 6.2269e-03, m: 8.9376e-03, u: 6.3766e-03, v: 7.4057e-03, pde_a: 2.4717e-02
Epoch: 3770/5000 - Time: 9.41s - Loss: 1.9168e-01 | a: 9.8520e-02, BC: 9.5165e-04, m: 7.1089e-03, u: 2.6264e-03, v: 3.6857e-03, pde_a: 2.1980e-02
Epoch: 3780/5000 - Time: 9.31s - Loss: 1.4651e-01 | a: 1.0825e-01, BC: 9.5912e-04, m: 6.6338e-03, u: 1.1337e-03, v: 1.0766e-03, pde_a: 8.5662e-03
Epoch: 3790/5000 - Time: 9.15s - Loss: 1.5491e-01 | a: 1.0470e-01, BC: 1.0215e-03, m: 6.3420e-03, u: 1.1740e-03, v: 1.3477e-03, pde_a: 1.7624e-02
Epoch: 3800/5000 - Time: 9.56s - Loss: 1.4339e+00 | a: 1.1543e+00, BC: 1.7914e-02, m: 1.9704e-02, u: 9.6912e-03, v: 1.0974e-02, pde_a: 3.5384e-02
Epoch: 3810/5000 - Time: 9.09s - Loss: 1.8558e-01 | a: 1.2287e-01, BC: 9.8081e-04, m: 6.6411e-03, u: 1.8719e-03, v: 2.5390e-03, pde_a: 1.0975e-02
Epoch: 3820/5000 - Time: 9.23s - Loss: 1.1709e+00 | a: 5.1093e-01, BC: 3.5669e-02, m: 2.2493e-02, u: 2.2865e-02, v: 3.1204e-02, pde_a: 6.1126e-02
Epoch: 3830/5000 - Time: 9.35s - Loss: 1.4720e-01 | a: 9.5911e-02, BC: 1.0136e-03, m: 6.8009e-03, u: 8.4716e-04, v: 9.1202e-04, pde_a: 2.5883e-02
Epoch: 3840/5000 - Time: 9.42s - Loss: 1.6821e-01 | a: 1.3792e-01, BC: 1.0568e-03, m: 6.0940e-03, u: 7.8862e-04, v: 8.0762e-04, pde_a: 7.1780e-03
Epoch: 3850/5000 - Time: 9.54s - Loss: 2.2945e-01 | a: 1.1283e-01, BC: 1.2828e-03, m: 7.5911e-03, u: 3.9962e-03, v: 5.3747e-03, pde_a: 1.4040e-02
Epoch: 3860/5000 - Time: 9.92s - Loss: 4.0808e-01 | a: 1.4188e-01, BC: 1.6887e-03, m: 8.2421e-03, u: 9.4261e-03, v: 1.2021e-02, pde_a: 4.1798e-02
Epoch: 3870/5000 - Time: 9.28s - Loss: 1.5198e-01 | a: 9.7790e-02, BC: 8.1994e-04, m: 6.9475e-03, u: 1.6918e-03, v: 1.8799e-03, pde_a: 1.0703e-02
Epoch: 3880/5000 - Time: 9.13s - Loss: 2.0572e-01 | a: 1.1086e-01, BC: 2.9369e-03, m: 7.0325e-03, u: 3.1564e-03, v: 3.5793e-03, pde_a: 1.7526e-02
Epoch: 3890/5000 - Time: 9.17s - Loss: 3.3627e-01 | a: 1.3345e-01, BC: 2.3103e-03, m: 7.8624e-03, u: 5.6288e-03, v: 1.0822e-02, pde_a: 2.8142e-02
Epoch: 3900/5000 - Time: 9.27s - Loss: 1.4189e-01 | a: 1.0263e-01, BC: 7.4749e-04, m: 6.5654e-03, u: 1.1187e-03, v: 1.0626e-03, pde_a: 1.0134e-02
Epoch: 3910/5000 - Time: 9.33s - Loss: 1.3606e-01 | a: 9.8831e-02, BC: 6.7042e-04, m: 6.3550e-03, u: 9.3253e-04, v: 1.0101e-03, pde_a: 1.0776e-02
Saving checkpoint at epoch 3910 with loss 1.3606e-01
Epoch: 3920/5000 - Time: 9.15s - Loss: 1.4454e-01 | a: 9.1244e-02, BC: 9.0976e-04, m: 6.4919e-03, u: 9.6394e-04, v: 1.1549e-03, pde_a: 2.4705e-02
Epoch: 3930/5000 - Time: 9.45s - Loss: 5.5316e-01 | a: 1.9762e-01, BC: 1.5430e-02, m: 1.1257e-02, u: 9.3165e-03, v: 1.1619e-02, pde_a: 1.1948e-01
Epoch: 3940/5000 - Time: 9.11s - Loss: 2.2252e-01 | a: 1.0316e-01, BC: 1.0375e-03, m: 7.0604e-03, u: 4.6580e-03, v: 5.0481e-03, pde_a: 1.4206e-02
Epoch: 3950/5000 - Time: 9.13s - Loss: 1.7928e-01 | a: 1.3925e-01, BC: 1.1299e-03, m: 6.1957e-03, u: 1.1949e-03, v: 1.1372e-03, pde_a: 9.3845e-03
Epoch: 3960/5000 - Time: 9.15s - Loss: 2.3351e-01 | a: 9.3503e-02, BC: 1.5206e-03, m: 7.4250e-03, u: 5.0679e-03, v: 5.0652e-03, pde_a: 2.9729e-02
Epoch: 3970/5000 - Time: 9.15s - Loss: 1.7151e-01 | a: 1.0236e-01, BC: 1.5698e-03, m: 6.7379e-03, u: 1.8837e-03, v: 2.1705e-03, pde_a: 2.0293e-02
Epoch: 3980/5000 - Time: 9.18s - Loss: 1.3447e-01 | a: 9.0654e-02, BC: 9.0145e-04, m: 6.3530e-03, u: 9.2153e-04, v: 1.0419e-03, pde_a: 1.6930e-02
Saving checkpoint at epoch 3980 with loss 1.3447e-01
Epoch: 3990/5000 - Time: 9.20s - Loss: 7.0059e-01 | a: 2.5159e-01, BC: 6.8181e-03, m: 1.0340e-02, u: 1.3144e-02, v: 1.5027e-02, pde_a: 1.5013e-01
Epoch: 4000/5000 - Time: 9.70s - Loss: 1.4045e-01 | a: 8.2676e-02, BC: 8.2717e-04, m: 6.6653e-03, u: 1.5912e-03, v: 1.7945e-03, pde_a: 1.6426e-02
Epoch: 4010/5000 - Time: 9.34s - Loss: 1.3098e-01 | a: 9.8612e-02, BC: 6.9263e-04, m: 6.0866e-03, u: 7.5664e-04, v: 7.5559e-04, pde_a: 1.0466e-02
Saving checkpoint at epoch 4010 with loss 1.3098e-01
Epoch: 4020/5000 - Time: 9.31s - Loss: 1.4110e-01 | a: 9.2000e-02, BC: 9.4825e-04, m: 6.2759e-03, u: 1.5265e-03, v: 1.5798e-03, pde_a: 1.0815e-02
Epoch: 4030/5000 - Time: 9.26s - Loss: 1.2448e-01 | a: 9.3376e-02, BC: 5.8268e-04, m: 5.9915e-03, u: 8.1739e-04, v: 8.6994e-04, pde_a: 7.6584e-03
Saving checkpoint at epoch 4030 with loss 1.2448e-01
Epoch: 4040/5000 - Time: 9.17s - Loss: 1.9031e-01 | a: 1.2717e-01, BC: 1.6979e-03, m: 6.0622e-03, u: 2.0072e-03, v: 2.2000e-03, pde_a: 1.3305e-02
Epoch: 4050/5000 - Time: 9.14s - Loss: 1.6678e-01 | a: 1.0016e-01, BC: 1.2421e-03, m: 6.3884e-03, u: 1.8927e-03, v: 2.3949e-03, pde_a: 1.6119e-02
Epoch: 4060/5000 - Time: 9.15s - Loss: 1.4773e-01 | a: 1.0131e-01, BC: 8.8276e-04, m: 6.2985e-03, u: 1.1583e-03, v: 1.3540e-03, pde_a: 1.4120e-02
Epoch: 4070/5000 - Time: 9.20s - Loss: 1.4202e-01 | a: 1.0955e-01, BC: 1.1208e-03, m: 5.8020e-03, u: 6.4423e-04, v: 7.2081e-04, pde_a: 1.1891e-02
Epoch: 4080/5000 - Time: 9.41s - Loss: 2.1565e-01 | a: 9.9394e-02, BC: 1.4155e-03, m: 6.7665e-03, u: 3.6978e-03, v: 3.6751e-03, pde_a: 3.4342e-02
Epoch: 4090/5000 - Time: 9.12s - Loss: 2.4272e-01 | a: 1.4800e-01, BC: 1.7833e-03, m: 7.0209e-03, u: 3.1653e-03, v: 3.8018e-03, pde_a: 1.6241e-02
Epoch: 4100/5000 - Time: 9.20s - Loss: 2.7036e+00 | a: 1.2615e+00, BC: 2.6280e-02, m: 2.8547e-02, u: 4.3122e-02, v: 8.7556e-02, pde_a: 8.0498e-02
Epoch: 4110/5000 - Time: 9.09s - Loss: 1.3527e-01 | a: 9.2808e-02, BC: 7.9834e-04, m: 6.1554e-03, u: 9.2257e-04, v: 1.0595e-03, pde_a: 1.5685e-02
Epoch: 4120/5000 - Time: 9.08s - Loss: 2.6086e-01 | a: 1.2316e-01, BC: 3.6664e-03, m: 6.7251e-03, u: 3.8170e-03, v: 5.9574e-03, pde_a: 2.9572e-02
Epoch: 4130/5000 - Time: 9.06s - Loss: 2.6290e-01 | a: 1.6861e-01, BC: 4.3540e-03, m: 8.1547e-03, u: 3.3663e-03, v: 3.2863e-03, pde_a: 1.5251e-02
Epoch: 4140/5000 - Time: 9.14s - Loss: 1.4715e-01 | a: 9.3406e-02, BC: 8.6341e-04, m: 6.2623e-03, u: 1.3845e-03, v: 1.9035e-03, pde_a: 1.3735e-02
Epoch: 4150/5000 - Time: 9.71s - Loss: 4.0568e-01 | a: 1.9198e-01, BC: 2.4655e-03, m: 7.3563e-03, u: 5.8440e-03, v: 1.1823e-02, pde_a: 2.7209e-02
Epoch: 4160/5000 - Time: 9.38s - Loss: 1.4289e-01 | a: 9.9399e-02, BC: 9.3911e-04, m: 6.3146e-03, u: 1.3650e-03, v: 1.2823e-03, pde_a: 9.7632e-03
Epoch: 4170/5000 - Time: 9.10s - Loss: 5.3053e-01 | a: 1.9803e-01, BC: 7.8331e-03, m: 9.0654e-03, u: 1.2648e-02, v: 1.5420e-02, pde_a: 3.4925e-02
Epoch: 4180/5000 - Time: 9.14s - Loss: 2.0140e-01 | a: 8.9875e-02, BC: 1.8571e-03, m: 6.1917e-03, u: 2.2681e-03, v: 3.0488e-03, pde_a: 5.0310e-02
Epoch: 4190/5000 - Time: 9.16s - Loss: 1.5306e-01 | a: 1.2109e-01, BC: 1.4953e-03, m: 5.5063e-03, u: 8.0539e-04, v: 8.5581e-04, pde_a: 8.3578e-03
Epoch: 4200/5000 - Time: 9.14s - Loss: 2.2245e-01 | a: 1.0870e-01, BC: 1.5250e-03, m: 6.5354e-03, u: 3.0075e-03, v: 4.0042e-03, pde_a: 3.5566e-02
Epoch: 4210/5000 - Time: 9.11s - Loss: 1.1858e+00 | a: 5.4519e-01, BC: 6.4188e-03, m: 1.0727e-02, u: 1.9755e-02, v: 3.9080e-02, pde_a: 3.5148e-02
Epoch: 4220/5000 - Time: 9.22s - Loss: 1.3373e-01 | a: 9.9163e-02, BC: 6.9168e-04, m: 5.8716e-03, u: 8.5033e-04, v: 9.0870e-04, pde_a: 1.0413e-02
Epoch: 4230/5000 - Time: 9.12s - Loss: 1.7795e-01 | a: 9.3213e-02, BC: 1.2891e-03, m: 6.4669e-03, u: 2.6255e-03, v: 3.0214e-03, pde_a: 2.0510e-02
Epoch: 4240/5000 - Time: 9.12s - Loss: 1.5635e-01 | a: 8.9458e-02, BC: 9.2212e-04, m: 5.9333e-03, u: 2.4009e-03, v: 2.3944e-03, pde_a: 1.2086e-02
Epoch: 4250/5000 - Time: 9.17s - Loss: 3.4394e-01 | a: 1.4082e-01, BC: 4.0925e-03, m: 6.9449e-03, u: 5.6729e-03, v: 6.9917e-03, pde_a: 6.5441e-02
Epoch: 4260/5000 - Time: 9.44s - Loss: 1.7832e-01 | a: 1.1209e-01, BC: 2.4202e-03, m: 6.0398e-03, u: 1.7712e-03, v: 2.0397e-03, pde_a: 1.9664e-02
Epoch: 4270/5000 - Time: 9.39s - Loss: 2.9000e+00 | a: 1.5401e+00, BC: 5.9443e-02, m: 2.1868e-02, u: 3.4209e-02, v: 4.3951e-02, pde_a: 4.9699e-01
Epoch: 4280/5000 - Time: 9.22s - Loss: 1.2294e-01 | a: 9.3597e-02, BC: 6.1540e-04, m: 5.5624e-03, u: 8.0020e-04, v: 7.6660e-04, pde_a: 7.4987e-03
Saving checkpoint at epoch 4280 with loss 1.2294e-01
Epoch: 4290/5000 - Time: 9.29s - Loss: 1.6081e-01 | a: 1.0041e-01, BC: 1.3825e-03, m: 5.9282e-03, u: 2.1897e-03, v: 1.9270e-03, pde_a: 1.1925e-02
Epoch: 4300/5000 - Time: 9.29s - Loss: 1.4499e-01 | a: 9.6169e-02, BC: 1.1195e-03, m: 5.5444e-03, u: 1.5808e-03, v: 1.5163e-03, pde_a: 1.1187e-02
Epoch: 4310/5000 - Time: 9.04s - Loss: 2.5512e-01 | a: 1.2847e-01, BC: 1.3051e-03, m: 6.5748e-03, u: 3.8437e-03, v: 6.1479e-03, pde_a: 1.8851e-02
Epoch: 4320/5000 - Time: 9.18s - Loss: 2.4331e-01 | a: 9.5383e-02, BC: 1.7294e-03, m: 6.5829e-03, u: 5.1495e-03, v: 5.5694e-03, pde_a: 3.2424e-02
Epoch: 4330/5000 - Time: 9.38s - Loss: 1.8069e-01 | a: 1.1588e-01, BC: 3.8404e-03, m: 5.3937e-03, u: 1.8952e-03, v: 2.0528e-03, pde_a: 1.6097e-02
Epoch: 4340/5000 - Time: 9.30s - Loss: 1.0594e+00 | a: 4.1593e-01, BC: 2.1791e-02, m: 1.3266e-02, u: 2.0952e-02, v: 2.8730e-02, pde_a: 1.1162e-01
Epoch: 4350/5000 - Time: 9.18s - Loss: 1.1453e-01 | a: 7.8516e-02, BC: 6.2590e-04, m: 5.7300e-03, u: 8.2701e-04, v: 9.0940e-04, pde_a: 1.2293e-02
Saving checkpoint at epoch 4350 with loss 1.1453e-01
Epoch: 4360/5000 - Time: 9.50s - Loss: 1.1949e-01 | a: 8.7770e-02, BC: 5.7105e-04, m: 5.3914e-03, u: 8.6927e-04, v: 9.1866e-04, pde_a: 7.8775e-03
Epoch: 4370/5000 - Time: 9.15s - Loss: 1.9069e-01 | a: 1.3621e-01, BC: 2.0291e-03, m: 5.6606e-03, u: 1.6100e-03, v: 1.8032e-03, pde_a: 1.2661e-02
Epoch: 4380/5000 - Time: 9.14s - Loss: 1.2696e-01 | a: 8.4176e-02, BC: 6.9138e-04, m: 5.8513e-03, u: 1.0989e-03, v: 1.3095e-03, pde_a: 1.2152e-02
Epoch: 4390/5000 - Time: 9.05s - Loss: 3.3780e-01 | a: 1.2363e-01, BC: 1.9584e-03, m: 7.2036e-03, u: 6.1284e-03, v: 1.2155e-02, pde_a: 2.2181e-02
Epoch: 4400/5000 - Time: 9.24s - Loss: 2.6023e-01 | a: 9.3522e-02, BC: 1.5373e-03, m: 6.8488e-03, u: 5.9758e-03, v: 4.9694e-03, pde_a: 4.8871e-02
Epoch: 4410/5000 - Time: 9.39s - Loss: 1.5253e-01 | a: 8.8600e-02, BC: 1.2127e-03, m: 5.7561e-03, u: 1.6706e-03, v: 2.0495e-03, pde_a: 1.9757e-02
Epoch: 4420/5000 - Time: 9.43s - Loss: 5.3206e+00 | a: 4.2608e+00, BC: 7.4575e-02, m: 3.5089e-02, u: 2.0947e-02, v: 3.3771e-02, pde_a: 4.0293e-01
Epoch: 4430/5000 - Time: 9.24s - Loss: 1.3302e-01 | a: 9.8022e-02, BC: 6.9555e-04, m: 5.0288e-03, u: 9.1497e-04, v: 1.0820e-03, pde_a: 9.3024e-03
Epoch: 4440/5000 - Time: 9.25s - Loss: 1.5225e-01 | a: 1.1370e-01, BC: 1.3245e-03, m: 5.2282e-03, u: 1.0333e-03, v: 9.3997e-04, pde_a: 1.2266e-02
Epoch: 4450/5000 - Time: 9.15s - Loss: 1.4274e-01 | a: 7.8958e-02, BC: 9.1547e-04, m: 5.7516e-03, u: 2.0817e-03, v: 2.1548e-03, pde_a: 1.4745e-02
Epoch: 4460/5000 - Time: 9.12s - Loss: 1.2974e-01 | a: 9.1298e-02, BC: 7.7489e-04, m: 5.2030e-03, u: 8.4343e-04, v: 8.5846e-04, pde_a: 1.5443e-02
Epoch: 4470/5000 - Time: 9.19s - Loss: 1.2810e-01 | a: 9.6646e-02, BC: 7.5098e-04, m: 5.1392e-03, u: 8.5810e-04, v: 8.8433e-04, pde_a: 8.1358e-03
Epoch: 4480/5000 - Time: 9.38s - Loss: 2.7009e-01 | a: 1.3198e-01, BC: 5.9483e-03, m: 6.4759e-03, u: 3.9400e-03, v: 4.6663e-03, pde_a: 3.9628e-02
Epoch: 4490/5000 - Time: 9.45s - Loss: 3.2256e-01 | a: 9.2519e-02, BC: 2.5133e-03, m: 6.2114e-03, u: 3.5596e-03, v: 4.9366e-03, pde_a: 1.3636e-01
Epoch: 4500/5000 - Time: 9.55s - Loss: 5.8813e-01 | a: 2.2076e-01, BC: 5.3189e-03, m: 9.0081e-03, u: 1.6596e-02, v: 1.5891e-02, pde_a: 2.8177e-02
Epoch: 4510/5000 - Time: 9.15s - Loss: 2.0894e-01 | a: 1.0438e-01, BC: 2.4915e-03, m: 5.6996e-03, u: 3.0387e-03, v: 3.0453e-03, pde_a: 3.5532e-02
Epoch: 4520/5000 - Time: 9.18s - Loss: 2.2154e-01 | a: 1.1162e-01, BC: 2.9499e-03, m: 5.9273e-03, u: 2.9560e-03, v: 3.6176e-03, pde_a: 3.5300e-02
Epoch: 4530/5000 - Time: 9.13s - Loss: 1.2589e-01 | a: 9.9748e-02, BC: 5.9705e-04, m: 5.0899e-03, u: 6.1169e-04, v: 6.5289e-04, pde_a: 7.8119e-03
Epoch: 4540/5000 - Time: 9.28s - Loss: 1.5522e-01 | a: 8.0258e-02, BC: 1.1600e-03, m: 5.9725e-03, u: 1.9057e-03, v: 2.6290e-03, pde_a: 2.2480e-02
Epoch: 4550/5000 - Time: 9.33s - Loss: 8.0495e-01 | a: 3.5054e-01, BC: 1.5668e-02, m: 1.2698e-02, u: 2.0129e-02, v: 1.6998e-02, pde_a: 5.4770e-02
Epoch: 4560/5000 - Time: 9.40s - Loss: 1.7339e-01 | a: 8.5883e-02, BC: 1.3567e-03, m: 5.7497e-03, u: 2.2138e-03, v: 3.8111e-03, pde_a: 2.0156e-02
Epoch: 4570/5000 - Time: 9.48s - Loss: 2.3614e-01 | a: 9.4688e-02, BC: 2.8035e-03, m: 6.4051e-03, u: 6.8308e-03, v: 4.4664e-03, pde_a: 1.9276e-02
Epoch: 4580/5000 - Time: 9.58s - Loss: 3.7300e-01 | a: 1.4269e-01, BC: 2.4926e-03, m: 6.6768e-03, u: 7.4339e-03, v: 1.1939e-02, pde_a: 2.7417e-02
Epoch: 4590/5000 - Time: 9.10s - Loss: 1.2403e+00 | a: 4.1801e-01, BC: 1.2178e-02, m: 1.3898e-02, u: 2.7659e-02, v: 4.4942e-02, pde_a: 7.0219e-02
Epoch: 4600/5000 - Time: 9.16s - Loss: 1.2959e-01 | a: 9.0294e-02, BC: 8.0896e-04, m: 5.4211e-03, u: 1.2806e-03, v: 1.1761e-03, pde_a: 8.4986e-03
Epoch: 4610/5000 - Time: 9.15s - Loss: 1.3500e-01 | a: 7.6996e-02, BC: 7.7646e-04, m: 5.3027e-03, u: 1.0195e-03, v: 1.2835e-03, pde_a: 2.8893e-02
Epoch: 4620/5000 - Time: 9.87s - Loss: 5.7244e-01 | a: 2.6945e-01, BC: 1.5460e-02, m: 1.0246e-02, u: 1.1758e-02, v: 1.0430e-02, pde_a: 5.5407e-02
Epoch: 4630/5000 - Time: 9.66s - Loss: 1.2149e-01 | a: 8.2998e-02, BC: 6.8756e-04, m: 5.2176e-03, u: 9.2750e-04, v: 1.3147e-03, pde_a: 1.0167e-02
Epoch: 4640/5000 - Time: 9.12s - Loss: 1.3197e-01 | a: 1.0536e-01, BC: 6.5330e-04, m: 4.6738e-03, u: 6.7173e-04, v: 7.5964e-04, pde_a: 6.9730e-03
Epoch: 4650/5000 - Time: 9.11s - Loss: 1.5801e-01 | a: 1.0022e-01, BC: 1.5917e-03, m: 5.4037e-03, u: 1.6220e-03, v: 1.6746e-03, pde_a: 1.7828e-02
Epoch: 4660/5000 - Time: 9.11s - Loss: 6.3349e-01 | a: 2.2765e-01, BC: 2.6013e-03, m: 8.3185e-03, u: 1.5580e-02, v: 2.0759e-02, pde_a: 3.1536e-02
Epoch: 4670/5000 - Time: 9.33s - Loss: 1.1686e-01 | a: 8.7919e-02, BC: 6.4425e-04, m: 4.9810e-03, u: 7.0738e-04, v: 8.4089e-04, pde_a: 7.8308e-03
Epoch: 4680/5000 - Time: 9.15s - Loss: 1.3341e-01 | a: 9.4301e-02, BC: 8.6370e-04, m: 4.9463e-03, u: 9.7698e-04, v: 1.2965e-03, pde_a: 1.0566e-02
Epoch: 4690/5000 - Time: 9.32s - Loss: 2.4337e-01 | a: 9.1237e-02, BC: 4.0601e-03, m: 5.4385e-03, u: 3.1781e-03, v: 3.5303e-03, pde_a: 7.5555e-02
Epoch: 4700/5000 - Time: 9.11s - Loss: 1.3636e-01 | a: 1.0594e-01, BC: 8.1106e-04, m: 5.0287e-03, u: 8.7156e-04, v: 8.3585e-04, pde_a: 7.5124e-03
Epoch: 4710/5000 - Time: 9.07s - Loss: 2.6830e-01 | a: 9.2971e-02, BC: 1.5502e-03, m: 6.4583e-03, u: 6.2808e-03, v: 7.5522e-03, pde_a: 2.8992e-02
Epoch: 4720/5000 - Time: 9.11s - Loss: 4.4162e-01 | a: 2.4222e-01, BC: 7.8353e-03, m: 6.7083e-03, u: 5.0713e-03, v: 6.0041e-03, pde_a: 7.4100e-02
Epoch: 4730/5000 - Time: 9.11s - Loss: 1.2453e-01 | a: 9.7968e-02, BC: 5.1319e-04, m: 4.5496e-03, u: 6.6338e-04, v: 7.5615e-04, pde_a: 7.2998e-03
Epoch: 4740/5000 - Time: 9.18s - Loss: 2.4627e-01 | a: 1.1767e-01, BC: 1.3394e-03, m: 5.9608e-03, u: 4.6506e-03, v: 6.0835e-03, pde_a: 1.3956e-02
Epoch: 4750/5000 - Time: 9.13s - Loss: 1.4715e+00 | a: 5.5012e-01, BC: 2.4692e-02, m: 1.5926e-02, u: 3.9221e-02, v: 4.3531e-02, pde_a: 5.3198e-02
Epoch: 4760/5000 - Time: 9.06s - Loss: 1.1500e-01 | a: 7.8822e-02, BC: 5.5096e-04, m: 5.3258e-03, u: 8.7360e-04, v: 1.0551e-03, pde_a: 1.1014e-02
Epoch: 4770/5000 - Time: 9.35s - Loss: 1.1574e-01 | a: 8.2436e-02, BC: 6.0797e-04, m: 4.9865e-03, u: 9.3759e-04, v: 1.0242e-03, pde_a: 8.0908e-03
Epoch: 4780/5000 - Time: 9.46s - Loss: 1.2327e-01 | a: 8.4844e-02, BC: 5.3464e-04, m: 4.9246e-03, u: 1.0951e-03, v: 1.3601e-03, pde_a: 8.4125e-03
Epoch: 4790/5000 - Time: 9.48s - Loss: 1.3581e-01 | a: 7.7837e-02, BC: 1.1757e-03, m: 5.1594e-03, u: 1.4829e-03, v: 1.5405e-03, pde_a: 2.1406e-02
Epoch: 4800/5000 - Time: 9.25s - Loss: 1.3536e-01 | a: 1.0804e-01, BC: 8.6261e-04, m: 4.7032e-03, u: 6.7216e-04, v: 7.0847e-04, pde_a: 7.9459e-03
Epoch: 4810/5000 - Time: 9.30s - Loss: 2.9245e-01 | a: 1.3391e-01, BC: 3.3696e-03, m: 6.4746e-03, u: 6.3941e-03, v: 6.6703e-03, pde_a: 1.8059e-02
Epoch: 4820/5000 - Time: 9.19s - Loss: 1.2959e-01 | a: 7.7899e-02, BC: 7.2500e-04, m: 5.1545e-03, u: 1.2766e-03, v: 1.6779e-03, pde_a: 1.6265e-02
Epoch: 4830/5000 - Time: 9.21s - Loss: 1.2059e-01 | a: 9.1839e-02, BC: 8.0977e-04, m: 4.9259e-03, u: 6.7430e-04, v: 7.1829e-04, pde_a: 9.0941e-03
Epoch: 4840/5000 - Time: 9.14s - Loss: 1.9667e-01 | a: 8.0919e-02, BC: 1.1041e-03, m: 5.6385e-03, u: 4.3181e-03, v: 4.9001e-03, pde_a: 1.6821e-02
Epoch: 4850/5000 - Time: 9.18s - Loss: 1.3638e-01 | a: 8.1656e-02, BC: 8.0615e-04, m: 5.2856e-03, u: 1.3583e-03, v: 1.7596e-03, pde_a: 1.7456e-02
Epoch: 4860/5000 - Time: 9.18s - Loss: 1.4619e-01 | a: 7.5296e-02, BC: 8.4573e-04, m: 5.3878e-03, u: 1.6593e-03, v: 1.9486e-03, pde_a: 2.8579e-02
Epoch: 4870/5000 - Time: 9.52s - Loss: 1.2154e-01 | a: 8.8614e-02, BC: 6.2965e-04, m: 5.0181e-03, u: 7.4351e-04, v: 9.1682e-04, pde_a: 1.0675e-02
Epoch: 4880/5000 - Time: 9.10s - Loss: 1.1428e+00 | a: 4.0328e-01, BC: 1.8629e-02, m: 1.4336e-02, u: 2.3798e-02, v: 4.1620e-02, pde_a: 5.2342e-02
Epoch: 4890/5000 - Time: 9.59s - Loss: 1.1113e-01 | a: 7.4340e-02, BC: 6.0031e-04, m: 5.2396e-03, u: 1.0586e-03, v: 1.1447e-03, pde_a: 8.9195e-03
Saving checkpoint at epoch 4890 with loss 1.1113e-01
Epoch: 4900/5000 - Time: 9.53s - Loss: 1.2375e-01 | a: 9.2085e-02, BC: 9.2746e-04, m: 4.7303e-03, u: 8.7097e-04, v: 9.2625e-04, pde_a: 8.0379e-03
Epoch: 4910/5000 - Time: 9.53s - Loss: 4.3833e-01 | a: 1.4394e-01, BC: 2.6767e-03, m: 7.2503e-03, u: 7.8916e-03, v: 1.5378e-02, pde_a: 5.1766e-02
Epoch: 4920/5000 - Time: 9.46s - Loss: 1.0965e-01 | a: 7.1378e-02, BC: 5.3613e-04, m: 5.1364e-03, u: 9.9760e-04, v: 9.9715e-04, pde_a: 1.2653e-02
Saving checkpoint at epoch 4920 with loss 1.0965e-01
Epoch: 4930/5000 - Time: 9.03s - Loss: 1.3303e-01 | a: 7.5388e-02, BC: 8.7730e-04, m: 5.2174e-03, u: 1.8512e-03, v: 2.2301e-03, pde_a: 1.0732e-02
Epoch: 4940/5000 - Time: 8.98s - Loss: 1.1761e-01 | a: 7.8832e-02, BC: 6.4955e-04, m: 4.5131e-03, u: 9.5405e-04, v: 9.9537e-04, pde_a: 1.4117e-02
Epoch: 4950/5000 - Time: 9.02s - Loss: 1.0134e+00 | a: 3.2708e-01, BC: 7.8634e-03, m: 1.2500e-02, u: 2.0281e-02, v: 4.2343e-02, pde_a: 3.9713e-02
Epoch: 4960/5000 - Time: 9.00s - Loss: 1.1869e-01 | a: 7.8830e-02, BC: 7.0993e-04, m: 4.9340e-03, u: 9.1741e-04, v: 1.2378e-03, pde_a: 1.2667e-02
Epoch: 4970/5000 - Time: 9.37s - Loss: 1.3409e-01 | a: 7.2448e-02, BC: 8.0234e-04, m: 5.0946e-03, u: 1.7980e-03, v: 1.9464e-03, pde_a: 1.8302e-02
Epoch: 4980/5000 - Time: 9.33s - Loss: 2.1802e-01 | a: 1.0335e-01, BC: 1.7852e-03, m: 5.4040e-03, u: 4.1528e-03, v: 4.6613e-03, pde_a: 1.9339e-02
Epoch: 4990/5000 - Time: 9.19s - Loss: 2.1708e-01 | a: 1.2805e-01, BC: 4.7649e-03, m: 5.5651e-03, u: 3.4317e-03, v: 3.0178e-03, pde_a: 1.4204e-02
Epoch: 5000/5000 - Time: 9.41s - Loss: 1.7563e-01 | a: 9.1843e-02, BC: 1.0318e-03, m: 5.3437e-03, u: 2.2571e-03, v: 3.2385e-03, pde_a: 2.2452e-02

--- Starting Training Phase 2/5 ---
Epochs: 5000, Learning Rate: 5e-05
Total samples: 185940, Desired batch size: 9297
Calculated num_batches: 20, Proportional batch sizes: {'A': 1305, 'PDE': 7910, 'N': 20, 'EW': 20, 'NSEW': 42}
Epoch: 10/5000 - Time: 9.66s - Loss: 8.1540e-02 | a: 5.8054e-02, BC: 3.1614e-04, m: 5.1544e-03, u: 6.0775e-04, v: 5.6387e-04, pde_a: 6.2996e-03
Saving checkpoint at epoch 10 with loss 8.1540e-02
Epoch: 20/5000 - Time: 9.24s - Loss: 7.9049e-02 | a: 5.1801e-02, BC: 3.2828e-04, m: 5.4551e-03, u: 7.2012e-04, v: 7.5151e-04, pde_a: 6.7485e-03
Saving checkpoint at epoch 20 with loss 7.9049e-02
Epoch: 30/5000 - Time: 9.21s - Loss: 7.9509e-02 | a: 5.0247e-02, BC: 4.4284e-04, m: 5.5751e-03, u: 8.5481e-04, v: 7.7839e-04, pde_a: 6.9129e-03
Epoch: 40/5000 - Time: 9.30s - Loss: 9.5467e-02 | a: 5.1744e-02, BC: 8.8360e-04, m: 5.5846e-03, u: 1.3281e-03, v: 1.4489e-03, pde_a: 9.4841e-03
Epoch: 50/5000 - Time: 9.59s - Loss: 1.0735e-01 | a: 4.5638e-02, BC: 5.1147e-04, m: 5.6956e-03, u: 2.4367e-03, v: 2.0900e-03, pde_a: 1.0235e-02
Epoch: 60/5000 - Time: 9.23s - Loss: 9.1118e-02 | a: 4.4712e-02, BC: 5.8078e-04, m: 5.4457e-03, u: 1.8066e-03, v: 1.2266e-03, pde_a: 1.0048e-02
Epoch: 70/5000 - Time: 9.29s - Loss: 9.1901e-02 | a: 4.6741e-02, BC: 4.9610e-04, m: 5.3063e-03, u: 1.3991e-03, v: 1.5987e-03, pde_a: 9.3792e-03
Epoch: 80/5000 - Time: 9.08s - Loss: 1.1335e-01 | a: 4.9506e-02, BC: 1.2455e-03, m: 5.3921e-03, u: 2.4353e-03, v: 2.2834e-03, pde_a: 1.0021e-02
Epoch: 90/5000 - Time: 9.23s - Loss: 9.9451e-02 | a: 4.6307e-02, BC: 1.0174e-03, m: 5.2191e-03, u: 1.6676e-03, v: 1.6452e-03, pde_a: 1.3780e-02
Epoch: 100/5000 - Time: 9.30s - Loss: 7.8674e-02 | a: 5.2732e-02, BC: 4.6862e-04, m: 4.4962e-03, u: 6.9118e-04, v: 6.7350e-04, pde_a: 7.3297e-03
Saving checkpoint at epoch 100 with loss 7.8674e-02
Epoch: 110/5000 - Time: 9.29s - Loss: 7.4940e-02 | a: 4.4465e-02, BC: 4.2433e-04, m: 4.8317e-03, u: 9.0087e-04, v: 8.6199e-04, pde_a: 7.5909e-03
Saving checkpoint at epoch 110 with loss 7.4940e-02
Epoch: 120/5000 - Time: 9.34s - Loss: 7.8804e-02 | a: 4.0954e-02, BC: 3.7012e-04, m: 4.9986e-03, u: 1.1891e-03, v: 9.4625e-04, pde_a: 1.1127e-02
Epoch: 130/5000 - Time: 9.25s - Loss: 1.1937e-01 | a: 4.1205e-02, BC: 5.8180e-04, m: 5.1971e-03, u: 3.3623e-03, v: 2.4667e-03, pde_a: 1.4091e-02
Epoch: 140/5000 - Time: 9.33s - Loss: 9.7630e-02 | a: 4.3224e-02, BC: 6.7029e-04, m: 4.9016e-03, u: 1.9106e-03, v: 1.9315e-03, pde_a: 1.0413e-02
Epoch: 150/5000 - Time: 9.12s - Loss: 1.0369e-01 | a: 4.9799e-02, BC: 6.6902e-04, m: 4.9209e-03, u: 1.7973e-03, v: 1.8458e-03, pde_a: 1.1871e-02
Epoch: 160/5000 - Time: 9.24s - Loss: 1.1169e-01 | a: 4.3402e-02, BC: 8.8355e-04, m: 4.9639e-03, u: 2.4085e-03, v: 2.6347e-03, pde_a: 1.2004e-02
Epoch: 170/5000 - Time: 9.21s - Loss: 8.3295e-02 | a: 3.9559e-02, BC: 4.7662e-04, m: 4.7878e-03, u: 1.5557e-03, v: 1.4970e-03, pde_a: 7.9444e-03
Epoch: 180/5000 - Time: 9.36s - Loss: 1.9322e-01 | a: 6.0122e-02, BC: 1.4757e-03, m: 5.3614e-03, u: 5.0778e-03, v: 4.9815e-03, pde_a: 2.5670e-02
Epoch: 190/5000 - Time: 9.49s - Loss: 9.0319e-02 | a: 4.3871e-02, BC: 4.4320e-04, m: 4.7078e-03, u: 1.2283e-03, v: 1.6335e-03, pde_a: 1.2679e-02
Epoch: 200/5000 - Time: 9.10s - Loss: 9.7417e-02 | a: 4.3402e-02, BC: 5.5284e-04, m: 4.6478e-03, u: 1.6351e-03, v: 1.7517e-03, pde_a: 1.4946e-02
Epoch: 210/5000 - Time: 9.10s - Loss: 8.6357e-02 | a: 3.8122e-02, BC: 6.1941e-04, m: 4.5637e-03, u: 1.6424e-03, v: 1.3239e-03, pde_a: 1.3389e-02
Epoch: 220/5000 - Time: 9.13s - Loss: 1.3827e-01 | a: 4.8298e-02, BC: 7.2111e-04, m: 4.8496e-03, u: 3.5906e-03, v: 3.4043e-03, pde_a: 1.4453e-02
Epoch: 230/5000 - Time: 9.05s - Loss: 2.6957e-01 | a: 9.1904e-02, BC: 1.1355e-03, m: 5.4481e-03, u: 6.5426e-03, v: 8.0510e-03, pde_a: 2.5145e-02
Epoch: 240/5000 - Time: 9.07s - Loss: 7.0603e-02 | a: 4.1547e-02, BC: 3.5004e-04, m: 4.2556e-03, u: 9.5157e-04, v: 7.8630e-04, pde_a: 7.0715e-03
Saving checkpoint at epoch 240 with loss 7.0603e-02
Epoch: 250/5000 - Time: 9.23s - Loss: 8.1541e-02 | a: 4.2309e-02, BC: 5.4162e-04, m: 4.4570e-03, u: 1.1086e-03, v: 1.3555e-03, pde_a: 9.5918e-03
Epoch: 260/5000 - Time: 9.15s - Loss: 8.7354e-02 | a: 3.7617e-02, BC: 4.8989e-04, m: 4.4719e-03, u: 1.7971e-03, v: 1.5628e-03, pde_a: 1.1177e-02
Epoch: 270/5000 - Time: 9.15s - Loss: 9.2098e-02 | a: 4.6622e-02, BC: 6.7457e-04, m: 4.5598e-03, u: 1.6217e-03, v: 1.3163e-03, pde_a: 1.0862e-02
Epoch: 280/5000 - Time: 9.11s - Loss: 1.0660e-01 | a: 3.9456e-02, BC: 7.6698e-04, m: 4.4813e-03, u: 1.8738e-03, v: 1.7848e-03, pde_a: 2.5311e-02
Epoch: 290/5000 - Time: 9.15s - Loss: 1.0749e-01 | a: 4.0721e-02, BC: 4.2196e-04, m: 4.5559e-03, u: 2.0518e-03, v: 2.5254e-03, pde_a: 1.6021e-02
Epoch: 300/5000 - Time: 9.12s - Loss: 7.0601e-02 | a: 4.7256e-02, BC: 4.0299e-04, m: 3.9752e-03, u: 6.7043e-04, v: 6.0812e-04, pde_a: 6.1822e-03
Saving checkpoint at epoch 300 with loss 7.0601e-02
Epoch: 310/5000 - Time: 9.08s - Loss: 6.6894e-02 | a: 3.9061e-02, BC: 2.9632e-04, m: 4.1762e-03, u: 7.8591e-04, v: 8.4884e-04, pde_a: 7.0133e-03
Saving checkpoint at epoch 310 with loss 6.6894e-02
Epoch: 320/5000 - Time: 9.15s - Loss: 8.6777e-02 | a: 3.8537e-02, BC: 4.6300e-04, m: 4.3507e-03, u: 1.4945e-03, v: 1.6562e-03, pde_a: 1.1919e-02
Epoch: 330/5000 - Time: 9.10s - Loss: 9.0788e-02 | a: 4.1237e-02, BC: 4.3332e-04, m: 4.2665e-03, u: 1.7239e-03, v: 1.6167e-03, pde_a: 1.1445e-02
Epoch: 340/5000 - Time: 9.22s - Loss: 9.3430e-02 | a: 3.8099e-02, BC: 6.4557e-04, m: 4.3209e-03, u: 1.9087e-03, v: 1.2495e-03, pde_a: 1.8783e-02
Epoch: 350/5000 - Time: 9.16s - Loss: 9.0332e-02 | a: 3.8135e-02, BC: 5.5263e-04, m: 4.1839e-03, u: 1.5206e-03, v: 2.0228e-03, pde_a: 1.2027e-02
Epoch: 360/5000 - Time: 9.33s - Loss: 1.0470e-01 | a: 4.1595e-02, BC: 5.4678e-04, m: 4.3877e-03, u: 2.1320e-03, v: 2.6764e-03, pde_a: 1.0084e-02
Epoch: 370/5000 - Time: 9.07s - Loss: 1.1959e-01 | a: 4.3760e-02, BC: 7.9681e-04, m: 4.3825e-03, u: 1.7030e-03, v: 2.4370e-03, pde_a: 2.9248e-02
Epoch: 380/5000 - Time: 9.11s - Loss: 1.1581e-01 | a: 4.4555e-02, BC: 6.0590e-04, m: 4.4336e-03, u: 2.3392e-03, v: 2.9327e-03, pde_a: 1.3494e-02
Epoch: 390/5000 - Time: 9.09s - Loss: 8.7097e-02 | a: 3.9769e-02, BC: 6.2847e-04, m: 4.2248e-03, u: 1.6329e-03, v: 1.7631e-03, pde_a: 8.5148e-03
Epoch: 400/5000 - Time: 9.16s - Loss: 9.0281e-02 | a: 4.5446e-02, BC: 5.6177e-04, m: 4.1025e-03, u: 1.4349e-03, v: 1.6726e-03, pde_a: 9.0968e-03
Epoch: 410/5000 - Time: 9.24s - Loss: 8.0238e-02 | a: 3.8394e-02, BC: 4.4211e-04, m: 4.0977e-03, u: 1.4933e-03, v: 1.2407e-03, pde_a: 9.9640e-03
Epoch: 420/5000 - Time: 9.22s - Loss: 8.6769e-02 | a: 4.2823e-02, BC: 5.5531e-04, m: 4.0195e-03, u: 1.2045e-03, v: 1.2851e-03, pde_a: 1.4475e-02
Epoch: 430/5000 - Time: 9.51s - Loss: 1.0055e-01 | a: 3.7457e-02, BC: 6.1370e-04, m: 4.2384e-03, u: 2.3008e-03, v: 2.5622e-03, pde_a: 9.6102e-03
Epoch: 440/5000 - Time: 9.81s - Loss: 8.3636e-02 | a: 3.8617e-02, BC: 5.3360e-04, m: 4.0812e-03, u: 1.4100e-03, v: 1.4414e-03, pde_a: 1.1890e-02
Epoch: 450/5000 - Time: 9.11s - Loss: 9.5208e-02 | a: 3.8942e-02, BC: 5.8230e-04, m: 4.1565e-03, u: 2.0552e-03, v: 1.3651e-03, pde_a: 1.7324e-02
Epoch: 460/5000 - Time: 9.13s - Loss: 2.5421e-01 | a: 8.8177e-02, BC: 1.6549e-03, m: 4.8309e-03, u: 4.9785e-03, v: 8.6872e-03, pde_a: 2.2892e-02
Epoch: 470/5000 - Time: 9.12s - Loss: 7.1270e-02 | a: 3.8904e-02, BC: 3.4415e-04, m: 3.8706e-03, u: 1.0611e-03, v: 1.0128e-03, pde_a: 7.4127e-03
Epoch: 480/5000 - Time: 9.13s - Loss: 9.1352e-02 | a: 3.9626e-02, BC: 4.1925e-04, m: 3.9832e-03, u: 1.6891e-03, v: 1.8498e-03, pde_a: 1.1935e-02
Epoch: 490/5000 - Time: 9.12s - Loss: 7.7093e-02 | a: 3.5745e-02, BC: 3.8523e-04, m: 3.9600e-03, u: 1.5802e-03, v: 1.3006e-03, pde_a: 8.1949e-03
Epoch: 500/5000 - Time: 9.16s - Loss: 6.7283e-02 | a: 3.7137e-02, BC: 4.4999e-04, m: 3.8600e-03, u: 9.6977e-04, v: 9.5580e-04, pde_a: 6.5800e-03
Epoch: 510/5000 - Time: 9.18s - Loss: 8.7808e-02 | a: 4.2676e-02, BC: 5.6809e-04, m: 3.9632e-03, u: 1.4424e-03, v: 1.6501e-03, pde_a: 9.6751e-03
Epoch: 520/5000 - Time: 9.37s - Loss: 6.9995e-02 | a: 4.4150e-02, BC: 3.4688e-04, m: 3.6828e-03, u: 7.1658e-04, v: 8.0358e-04, pde_a: 6.6137e-03
Epoch: 530/5000 - Time: 9.08s - Loss: 6.2565e-02 | a: 3.5012e-02, BC: 2.9164e-04, m: 3.8050e-03, u: 7.9924e-04, v: 7.5720e-04, pde_a: 7.8919e-03
Saving checkpoint at epoch 530 with loss 6.2565e-02
Epoch: 540/5000 - Time: 9.57s - Loss: 6.9339e-02 | a: 3.3286e-02, BC: 4.1726e-04, m: 3.8851e-03, u: 1.0031e-03, v: 1.0948e-03, pde_a: 1.0771e-02
Epoch: 550/5000 - Time: 9.22s - Loss: 9.8063e-02 | a: 4.0196e-02, BC: 4.4480e-04, m: 4.0700e-03, u: 2.3008e-03, v: 2.1461e-03, pde_a: 8.8827e-03
Epoch: 560/5000 - Time: 9.11s - Loss: 9.6705e-02 | a: 4.1212e-02, BC: 6.1539e-04, m: 3.9745e-03, u: 2.0897e-03, v: 1.4803e-03, pde_a: 1.5203e-02
Epoch: 570/5000 - Time: 9.04s - Loss: 9.2654e-02 | a: 3.6896e-02, BC: 8.2246e-04, m: 3.9236e-03, u: 2.0946e-03, v: 1.5885e-03, pde_a: 1.4181e-02
Epoch: 580/5000 - Time: 9.25s - Loss: 1.3107e-01 | a: 4.4359e-02, BC: 1.0412e-03, m: 4.0238e-03, u: 2.5332e-03, v: 2.6386e-03, pde_a: 2.9929e-02
Epoch: 590/5000 - Time: 9.80s - Loss: 1.0141e-01 | a: 3.9090e-02, BC: 5.8035e-04, m: 3.9503e-03, u: 2.4589e-03, v: 1.7868e-03, pde_a: 1.5330e-02
Epoch: 600/5000 - Time: 9.65s - Loss: 7.8972e-02 | a: 3.6367e-02, BC: 5.9070e-04, m: 3.8180e-03, u: 1.3141e-03, v: 1.7806e-03, pde_a: 7.2500e-03
Epoch: 610/5000 - Time: 9.13s - Loss: 6.9511e-02 | a: 3.4920e-02, BC: 3.1508e-04, m: 3.7745e-03, u: 1.0778e-03, v: 1.1391e-03, pde_a: 8.3324e-03
Epoch: 620/5000 - Time: 9.17s - Loss: 8.9751e-02 | a: 3.9969e-02, BC: 4.4748e-04, m: 3.8242e-03, u: 1.6362e-03, v: 1.7212e-03, pde_a: 1.1936e-02
Epoch: 630/5000 - Time: 9.07s - Loss: 6.7133e-02 | a: 3.7142e-02, BC: 3.8910e-04, m: 3.6013e-03, u: 1.0473e-03, v: 8.0387e-04, pde_a: 7.4884e-03
Epoch: 640/5000 - Time: 9.37s - Loss: 9.1293e-02 | a: 3.8505e-02, BC: 4.5908e-04, m: 3.8105e-03, u: 1.9992e-03, v: 1.8774e-03, pde_a: 9.7526e-03
Epoch: 650/5000 - Time: 9.21s - Loss: 6.8981e-02 | a: 3.3212e-02, BC: 3.6657e-04, m: 3.6958e-03, u: 1.0139e-03, v: 1.2203e-03, pde_a: 9.3650e-03
Epoch: 660/5000 - Time: 9.44s - Loss: 7.8993e-02 | a: 3.8344e-02, BC: 5.1801e-04, m: 3.6814e-03, u: 1.3476e-03, v: 1.5850e-03, pde_a: 7.1231e-03
Epoch: 670/5000 - Time: 9.38s - Loss: 8.0487e-02 | a: 3.5989e-02, BC: 4.0125e-04, m: 3.7622e-03, u: 1.5186e-03, v: 1.3331e-03, pde_a: 1.1817e-02
Epoch: 680/5000 - Time: 9.65s - Loss: 7.6990e-02 | a: 3.5652e-02, BC: 4.3757e-04, m: 3.6511e-03, u: 1.2299e-03, v: 1.1945e-03, pde_a: 1.3005e-02
Epoch: 690/5000 - Time: 9.65s - Loss: 1.2443e-01 | a: 4.4779e-02, BC: 7.9701e-04, m: 3.8109e-03, u: 1.8902e-03, v: 2.6605e-03, pde_a: 2.9541e-02
Epoch: 700/5000 - Time: 9.74s - Loss: 8.6158e-02 | a: 3.7039e-02, BC: 5.1071e-04, m: 3.7064e-03, u: 1.7384e-03, v: 1.7598e-03, pde_a: 9.9205e-03
Epoch: 710/5000 - Time: 9.74s - Loss: 1.0183e-01 | a: 4.7707e-02, BC: 7.1881e-04, m: 3.7634e-03, u: 1.9859e-03, v: 1.8833e-03, pde_a: 1.0947e-02
Epoch: 720/5000 - Time: 9.84s - Loss: 1.0022e-01 | a: 3.4343e-02, BC: 7.1656e-04, m: 3.8036e-03, u: 2.2864e-03, v: 2.5662e-03, pde_a: 1.2834e-02
Epoch: 730/5000 - Time: 9.31s - Loss: 7.1302e-02 | a: 3.6375e-02, BC: 4.2237e-04, m: 3.5501e-03, u: 1.1142e-03, v: 9.8825e-04, pde_a: 9.9297e-03
Epoch: 740/5000 - Time: 9.50s - Loss: 9.9881e-02 | a: 4.9097e-02, BC: 9.0221e-04, m: 3.6564e-03, u: 1.6441e-03, v: 1.8598e-03, pde_a: 1.1187e-02
Epoch: 750/5000 - Time: 9.64s - Loss: 9.2102e-02 | a: 3.9800e-02, BC: 8.4881e-04, m: 3.6909e-03, u: 1.3876e-03, v: 2.0644e-03, pde_a: 1.3242e-02
Epoch: 760/5000 - Time: 9.22s - Loss: 8.7068e-02 | a: 3.7749e-02, BC: 4.6923e-04, m: 3.6318e-03, u: 1.7602e-03, v: 1.9649e-03, pde_a: 7.9666e-03
Epoch: 770/5000 - Time: 9.14s - Loss: 7.6658e-02 | a: 3.5282e-02, BC: 7.3742e-04, m: 3.5830e-03, u: 1.4705e-03, v: 1.3199e-03, pde_a: 9.1512e-03
Epoch: 780/5000 - Time: 9.74s - Loss: 3.6163e-01 | a: 1.2129e-01, BC: 4.9063e-03, m: 5.2465e-03, u: 8.0580e-03, v: 9.4882e-03, pde_a: 5.4724e-02
Epoch: 790/5000 - Time: 9.47s - Loss: 7.2361e-02 | a: 3.8906e-02, BC: 3.7797e-04, m: 3.5451e-03, u: 1.2818e-03, v: 8.6846e-04, pde_a: 8.0280e-03
Epoch: 800/5000 - Time: 9.38s - Loss: 8.3819e-02 | a: 3.2548e-02, BC: 4.2125e-04, m: 3.6861e-03, u: 1.5988e-03, v: 1.9191e-03, pde_a: 1.1984e-02
Epoch: 810/5000 - Time: 9.12s - Loss: 1.1149e-01 | a: 4.3569e-02, BC: 1.3035e-03, m: 3.7375e-03, u: 2.6437e-03, v: 2.4595e-03, pde_a: 1.1845e-02
Epoch: 820/5000 - Time: 9.17s - Loss: 1.1855e-01 | a: 4.4783e-02, BC: 6.0839e-04, m: 3.7947e-03, u: 2.3966e-03, v: 2.9886e-03, pde_a: 1.5511e-02
Epoch: 830/5000 - Time: 9.20s - Loss: 1.0823e-01 | a: 4.1702e-02, BC: 1.0997e-03, m: 3.7071e-03, u: 2.7528e-03, v: 2.0737e-03, pde_a: 1.3452e-02
Epoch: 840/5000 - Time: 9.30s - Loss: 1.1667e-01 | a: 5.3758e-02, BC: 5.1950e-04, m: 3.7187e-03, u: 1.9387e-03, v: 2.4761e-03, pde_a: 1.4524e-02
Epoch: 850/5000 - Time: 9.18s - Loss: 1.0361e-01 | a: 4.9800e-02, BC: 7.6233e-04, m: 3.6638e-03, u: 2.0581e-03, v: 2.0144e-03, pde_a: 8.6594e-03
Epoch: 860/5000 - Time: 9.85s - Loss: 8.8859e-02 | a: 3.6245e-02, BC: 8.7292e-04, m: 3.5701e-03, u: 1.7594e-03, v: 2.0945e-03, pde_a: 9.6322e-03
Epoch: 870/5000 - Time: 9.28s - Loss: 8.3772e-02 | a: 3.6701e-02, BC: 6.0766e-04, m: 3.5328e-03, u: 1.6177e-03, v: 1.5513e-03, pde_a: 1.1241e-02
Epoch: 880/5000 - Time: 9.26s - Loss: 1.1674e-01 | a: 3.9802e-02, BC: 9.0813e-04, m: 3.6757e-03, u: 2.6655e-03, v: 2.7482e-03, pde_a: 1.8215e-02
Epoch: 890/5000 - Time: 9.19s - Loss: 8.9894e-02 | a: 3.4917e-02, BC: 5.0645e-04, m: 3.5473e-03, u: 1.7438e-03, v: 2.0455e-03, pde_a: 1.3030e-02
Epoch: 900/5000 - Time: 9.12s - Loss: 9.0535e-02 | a: 3.5949e-02, BC: 6.0908e-04, m: 3.5533e-03, u: 2.0276e-03, v: 1.8695e-03, pde_a: 1.1452e-02
Epoch: 910/5000 - Time: 9.23s - Loss: 7.1449e-02 | a: 3.2464e-02, BC: 3.2945e-04, m: 3.4048e-03, u: 1.1488e-03, v: 1.3266e-03, pde_a: 1.0497e-02
Epoch: 920/5000 - Time: 9.28s - Loss: 7.1370e-02 | a: 3.6524e-02, BC: 4.7679e-04, m: 3.3055e-03, u: 1.1513e-03, v: 1.1080e-03, pde_a: 8.4698e-03
Epoch: 930/5000 - Time: 9.13s - Loss: 9.1357e-02 | a: 4.2169e-02, BC: 4.6051e-04, m: 3.5257e-03, u: 1.7755e-03, v: 1.7586e-03, pde_a: 9.8611e-03
Epoch: 940/5000 - Time: 9.20s - Loss: 2.2335e-01 | a: 5.9938e-02, BC: 1.3742e-03, m: 4.1676e-03, u: 4.8815e-03, v: 8.7203e-03, pde_a: 2.1848e-02
Epoch: 950/5000 - Time: 9.15s - Loss: 6.5726e-02 | a: 3.2584e-02, BC: 4.1812e-04, m: 3.3495e-03, u: 1.0357e-03, v: 1.0065e-03, pde_a: 8.9519e-03
Epoch: 960/5000 - Time: 9.15s - Loss: 8.5546e-02 | a: 3.3803e-02, BC: 5.0197e-04, m: 3.4392e-03, u: 1.8425e-03, v: 2.0033e-03, pde_a: 9.3443e-03
Epoch: 970/5000 - Time: 9.18s - Loss: 8.3727e-02 | a: 3.7393e-02, BC: 4.2103e-04, m: 3.3890e-03, u: 1.6316e-03, v: 1.6826e-03, pde_a: 9.3818e-03
Epoch: 980/5000 - Time: 9.31s - Loss: 8.6396e-02 | a: 3.4381e-02, BC: 5.4574e-04, m: 3.4114e-03, u: 1.3955e-03, v: 1.8187e-03, pde_a: 1.5915e-02
Epoch: 990/5000 - Time: 9.81s - Loss: 8.0907e-02 | a: 3.3362e-02, BC: 4.3398e-04, m: 3.3695e-03, u: 1.4476e-03, v: 1.7998e-03, pde_a: 1.1267e-02
Epoch: 1000/5000 - Time: 9.70s - Loss: 1.2317e-01 | a: 4.1641e-02, BC: 5.8353e-04, m: 3.6728e-03, u: 2.7196e-03, v: 3.0607e-03, pde_a: 1.9468e-02
Epoch: 1010/5000 - Time: 9.09s - Loss: 2.3147e-01 | a: 7.9136e-02, BC: 1.9370e-03, m: 4.3696e-03, u: 4.8203e-03, v: 6.4997e-03, pde_a: 3.2831e-02
Epoch: 1020/5000 - Time: 9.03s - Loss: 7.9891e-02 | a: 3.4727e-02, BC: 4.4608e-04, m: 3.3703e-03, u: 1.5486e-03, v: 1.6553e-03, pde_a: 9.3083e-03
Epoch: 1030/5000 - Time: 9.11s - Loss: 9.0586e-02 | a: 3.2827e-02, BC: 4.3195e-04, m: 3.4501e-03, u: 1.2095e-03, v: 2.3625e-03, pde_a: 1.8157e-02
Epoch: 1040/5000 - Time: 9.10s - Loss: 8.1695e-02 | a: 3.7467e-02, BC: 4.3087e-04, m: 3.4278e-03, u: 1.6399e-03, v: 1.3010e-03, pde_a: 1.0959e-02
Epoch: 1050/5000 - Time: 9.14s - Loss: 6.6423e-02 | a: 3.3693e-02, BC: 5.2822e-04, m: 3.3020e-03, u: 1.1107e-03, v: 8.3013e-04, pde_a: 9.4916e-03
Epoch: 1060/5000 - Time: 9.21s - Loss: 1.0914e-01 | a: 3.7473e-02, BC: 6.5089e-04, m: 3.3996e-03, u: 1.7618e-03, v: 2.4833e-03, pde_a: 2.5165e-02
Epoch: 1070/5000 - Time: 9.29s - Loss: 6.2691e-02 | a: 4.3302e-02, BC: 2.5270e-04, m: 3.0748e-03, u: 5.4014e-04, v: 5.0300e-04, pde_a: 5.6303e-03
Epoch: 1080/5000 - Time: 9.29s - Loss: 6.1867e-02 | a: 3.8735e-02, BC: 2.7947e-04, m: 3.1811e-03, u: 6.4019e-04, v: 6.3979e-04, pde_a: 6.8716e-03
Saving checkpoint at epoch 1080 with loss 6.1867e-02
Epoch: 1090/5000 - Time: 9.33s - Loss: 8.7224e-02 | a: 3.6095e-02, BC: 5.0022e-04, m: 3.4456e-03, u: 1.6088e-03, v: 1.2920e-03, pde_a: 1.8175e-02
Epoch: 1100/5000 - Time: 9.24s - Loss: 8.2020e-02 | a: 3.3982e-02, BC: 6.6610e-04, m: 3.3104e-03, u: 1.2201e-03, v: 1.4895e-03, pde_a: 1.6966e-02
Epoch: 1110/5000 - Time: 9.17s - Loss: 7.9481e-02 | a: 3.6845e-02, BC: 4.1076e-04, m: 3.3621e-03, u: 1.9997e-03, v: 1.0379e-03, pde_a: 8.4873e-03
Epoch: 1120/5000 - Time: 9.10s - Loss: 1.0372e-01 | a: 3.5326e-02, BC: 5.7457e-04, m: 3.3756e-03, u: 1.4422e-03, v: 2.0497e-03, pde_a: 2.9524e-02
Epoch: 1130/5000 - Time: 9.56s - Loss: 8.0028e-02 | a: 3.5685e-02, BC: 5.9027e-04, m: 3.3536e-03, u: 1.5724e-03, v: 1.3222e-03, pde_a: 1.1453e-02
Epoch: 1140/5000 - Time: 9.24s - Loss: 7.2523e-02 | a: 3.6867e-02, BC: 4.2684e-04, m: 3.2407e-03, u: 1.4298e-03, v: 1.0845e-03, pde_a: 6.8453e-03
Epoch: 1150/5000 - Time: 9.17s - Loss: 6.4665e-02 | a: 3.2367e-02, BC: 5.3520e-04, m: 3.3003e-03, u: 9.5867e-04, v: 1.0549e-03, pde_a: 8.3263e-03
Epoch: 1160/5000 - Time: 9.34s - Loss: 7.2371e-02 | a: 3.3879e-02, BC: 3.5568e-04, m: 3.3060e-03, u: 1.1953e-03, v: 1.4021e-03, pde_a: 8.8559e-03
Epoch: 1170/5000 - Time: 9.59s - Loss: 1.3699e-01 | a: 4.3295e-02, BC: 9.6806e-04, m: 3.7413e-03, u: 3.0998e-03, v: 4.9602e-03, pde_a: 8.3812e-03
Epoch: 1180/5000 - Time: 9.57s - Loss: 9.4247e-02 | a: 3.6654e-02, BC: 6.7131e-04, m: 3.2868e-03, u: 2.1135e-03, v: 2.1757e-03, pde_a: 1.0742e-02
Epoch: 1190/5000 - Time: 9.71s - Loss: 8.6723e-02 | a: 3.2123e-02, BC: 4.1809e-04, m: 3.2723e-03, u: 1.3251e-03, v: 2.0914e-03, pde_a: 1.6745e-02
Epoch: 1200/5000 - Time: 9.09s - Loss: 9.1851e-02 | a: 3.9973e-02, BC: 5.9868e-04, m: 3.4062e-03, u: 2.0529e-03, v: 1.8015e-03, pde_a: 9.3282e-03
Epoch: 1210/5000 - Time: 9.11s - Loss: 7.7359e-02 | a: 3.3320e-02, BC: 4.6515e-04, m: 3.2339e-03, u: 1.3965e-03, v: 1.3292e-03, pde_a: 1.3082e-02
Epoch: 1220/5000 - Time: 9.02s - Loss: 1.2535e-01 | a: 3.9753e-02, BC: 7.0137e-04, m: 3.4933e-03, u: 3.7713e-03, v: 2.8420e-03, pde_a: 1.5270e-02
Epoch: 1230/5000 - Time: 9.22s - Loss: 8.7801e-02 | a: 3.2822e-02, BC: 5.2876e-04, m: 3.3373e-03, u: 2.5727e-03, v: 1.7430e-03, pde_a: 7.9547e-03
Epoch: 1240/5000 - Time: 9.18s - Loss: 9.7406e-02 | a: 3.3722e-02, BC: 6.3054e-04, m: 3.3603e-03, u: 2.2314e-03, v: 2.4516e-03, pde_a: 1.2863e-02
Epoch: 1250/5000 - Time: 9.23s - Loss: 7.5192e-02 | a: 3.3614e-02, BC: 4.2170e-04, m: 3.1652e-03, u: 1.5163e-03, v: 1.1754e-03, pde_a: 1.1074e-02
Epoch: 1260/5000 - Time: 9.15s - Loss: 1.0027e-01 | a: 4.4164e-02, BC: 5.1290e-04, m: 3.3510e-03, u: 1.4430e-03, v: 2.5260e-03, pde_a: 1.2548e-02
Epoch: 1270/5000 - Time: 9.38s - Loss: 6.5683e-02 | a: 3.3493e-02, BC: 3.5150e-04, m: 3.1188e-03, u: 8.2861e-04, v: 1.0827e-03, pde_a: 9.6077e-03
Epoch: 1280/5000 - Time: 9.37s - Loss: 7.0723e-02 | a: 3.3106e-02, BC: 5.6029e-04, m: 3.1858e-03, u: 1.1514e-03, v: 1.0729e-03, pde_a: 1.1628e-02
Epoch: 1290/5000 - Time: 9.23s - Loss: 1.2498e-01 | a: 5.4554e-02, BC: 1.0086e-03, m: 3.3756e-03, u: 2.8255e-03, v: 2.8313e-03, pde_a: 9.4753e-03
Epoch: 1300/5000 - Time: 9.08s - Loss: 8.3252e-02 | a: 3.1143e-02, BC: 3.7208e-04, m: 3.2666e-03, u: 2.0914e-03, v: 2.0115e-03, pde_a: 7.4414e-03
Epoch: 1310/5000 - Time: 9.74s - Loss: 9.5105e-02 | a: 4.0011e-02, BC: 5.6638e-04, m: 3.2421e-03, u: 2.0814e-03, v: 2.0024e-03, pde_a: 1.0446e-02
Epoch: 1320/5000 - Time: 9.40s - Loss: 7.3895e-02 | a: 3.2888e-02, BC: 4.3002e-04, m: 3.2053e-03, u: 1.4576e-03, v: 1.3497e-03, pde_a: 9.2987e-03
Epoch: 1330/5000 - Time: 9.68s - Loss: 6.6574e-02 | a: 3.2243e-02, BC: 4.2776e-04, m: 3.0597e-03, u: 1.1724e-03, v: 9.2614e-04, pde_a: 9.8586e-03
Epoch: 1340/5000 - Time: 9.59s - Loss: 7.3009e-02 | a: 3.3622e-02, BC: 4.1641e-04, m: 3.0719e-03, u: 1.1693e-03, v: 1.1286e-03, pde_a: 1.2920e-02
Epoch: 1350/5000 - Time: 9.29s - Loss: 8.5584e-02 | a: 3.3208e-02, BC: 3.4200e-04, m: 3.2050e-03, u: 1.8726e-03, v: 1.9469e-03, pde_a: 1.0633e-02
Epoch: 1360/5000 - Time: 9.08s - Loss: 1.0796e-01 | a: 4.5380e-02, BC: 5.0245e-04, m: 3.3048e-03, u: 2.2031e-03, v: 2.7911e-03, pde_a: 8.8297e-03
Epoch: 1370/5000 - Time: 9.09s - Loss: 7.2607e-02 | a: 3.7833e-02, BC: 3.7351e-04, m: 2.9575e-03, u: 1.1509e-03, v: 1.1455e-03, pde_a: 8.4787e-03
Epoch: 1380/5000 - Time: 9.10s - Loss: 1.0022e-01 | a: 3.8490e-02, BC: 4.3175e-04, m: 3.2659e-03, u: 2.7748e-03, v: 2.0549e-03, pde_a: 9.7358e-03
Epoch: 1390/5000 - Time: 9.15s - Loss: 1.2308e-01 | a: 4.3010e-02, BC: 8.0432e-04, m: 3.4718e-03, u: 3.5882e-03, v: 2.7218e-03, pde_a: 1.2691e-02
Epoch: 1400/5000 - Time: 9.14s - Loss: 7.3388e-02 | a: 3.3031e-02, BC: 4.0705e-04, m: 3.0630e-03, u: 1.1155e-03, v: 1.6304e-03, pde_a: 9.4279e-03
Epoch: 1410/5000 - Time: 9.14s - Loss: 6.9038e-02 | a: 3.1758e-02, BC: 4.1686e-04, m: 3.0931e-03, u: 1.3040e-03, v: 1.4189e-03, pde_a: 6.5415e-03
Epoch: 1420/5000 - Time: 9.28s - Loss: 1.2561e-01 | a: 3.3427e-02, BC: 5.8996e-04, m: 3.2741e-03, u: 3.3554e-03, v: 3.9906e-03, pde_a: 1.4859e-02
Epoch: 1430/5000 - Time: 9.09s - Loss: 9.9446e-02 | a: 3.3489e-02, BC: 5.7470e-04, m: 3.2601e-03, u: 2.2641e-03, v: 2.7786e-03, pde_a: 1.1695e-02
Epoch: 1440/5000 - Time: 9.11s - Loss: 7.7008e-02 | a: 3.3682e-02, BC: 5.5168e-04, m: 3.1362e-03, u: 1.7108e-03, v: 1.1107e-03, pde_a: 1.1422e-02
Epoch: 1450/5000 - Time: 9.46s - Loss: 7.2093e-02 | a: 3.6236e-02, BC: 3.6957e-04, m: 2.9679e-03, u: 1.2307e-03, v: 1.1270e-03, pde_a: 8.9420e-03
Epoch: 1460/5000 - Time: 9.09s - Loss: 8.2799e-02 | a: 3.3329e-02, BC: 4.9686e-04, m: 3.0798e-03, u: 1.3783e-03, v: 1.5212e-03, pde_a: 1.6899e-02
Epoch: 1470/5000 - Time: 9.68s - Loss: 1.0650e-01 | a: 3.5484e-02, BC: 4.2907e-04, m: 3.2752e-03, u: 2.0397e-03, v: 3.7477e-03, pde_a: 9.4352e-03
Epoch: 1480/5000 - Time: 9.41s - Loss: 7.9243e-02 | a: 3.5569e-02, BC: 5.8239e-04, m: 3.1243e-03, u: 1.3659e-03, v: 1.8866e-03, pde_a: 7.4424e-03
Epoch: 1490/5000 - Time: 9.10s - Loss: 1.0911e-01 | a: 4.2572e-02, BC: 8.9288e-04, m: 3.2719e-03, u: 2.1776e-03, v: 2.3445e-03, pde_a: 1.7151e-02
Epoch: 1500/5000 - Time: 9.09s - Loss: 8.4744e-02 | a: 3.6898e-02, BC: 4.7125e-04, m: 3.0597e-03, u: 2.0913e-03, v: 1.5092e-03, pde_a: 8.3097e-03
Epoch: 1510/5000 - Time: 9.15s - Loss: 7.0649e-02 | a: 3.4496e-02, BC: 4.6987e-04, m: 2.9691e-03, u: 1.3413e-03, v: 1.2732e-03, pde_a: 6.5685e-03
Epoch: 1520/5000 - Time: 9.36s - Loss: 9.1812e-02 | a: 3.3163e-02, BC: 3.9503e-04, m: 3.1279e-03, u: 2.1489e-03, v: 2.5537e-03, pde_a: 8.1010e-03
Epoch: 1530/5000 - Time: 9.08s - Loss: 1.2303e-01 | a: 4.7226e-02, BC: 8.3140e-04, m: 3.4558e-03, u: 2.7666e-03, v: 2.9340e-03, pde_a: 1.4506e-02
Epoch: 1540/5000 - Time: 9.21s - Loss: 5.6605e-02 | a: 3.3481e-02, BC: 2.3837e-04, m: 2.8812e-03, u: 6.7601e-04, v: 6.5911e-04, pde_a: 6.6535e-03
Saving checkpoint at epoch 1540 with loss 5.6605e-02
Epoch: 1550/5000 - Time: 9.15s - Loss: 8.1297e-02 | a: 3.4675e-02, BC: 3.7996e-04, m: 3.1996e-03, u: 1.6850e-03, v: 1.6159e-03, pde_a: 1.0033e-02
Epoch: 1560/5000 - Time: 9.15s - Loss: 7.6657e-02 | a: 3.2952e-02, BC: 3.2927e-04, m: 3.0768e-03, u: 1.5143e-03, v: 1.6586e-03, pde_a: 8.5711e-03
Epoch: 1570/5000 - Time: 9.33s - Loss: 6.9604e-02 | a: 3.2000e-02, BC: 4.3158e-04, m: 3.0635e-03, u: 1.2995e-03, v: 1.3874e-03, pde_a: 7.2398e-03
Epoch: 1580/5000 - Time: 9.22s - Loss: 9.9845e-02 | a: 3.3423e-02, BC: 5.3723e-04, m: 3.2001e-03, u: 2.6946e-03, v: 2.4910e-03, pde_a: 1.0828e-02
Epoch: 1590/5000 - Time: 9.06s - Loss: 6.7481e-02 | a: 3.1798e-02, BC: 4.0109e-04, m: 2.9785e-03, u: 1.1224e-03, v: 1.1738e-03, pde_a: 9.3416e-03
Epoch: 1600/5000 - Time: 9.11s - Loss: 7.0404e-02 | a: 3.2498e-02, BC: 6.5957e-04, m: 2.8879e-03, u: 1.2218e-03, v: 1.1236e-03, pde_a: 1.0904e-02
Epoch: 1610/5000 - Time: 9.56s - Loss: 9.1488e-02 | a: 3.8898e-02, BC: 5.1141e-04, m: 3.0876e-03, u: 1.4948e-03, v: 2.1902e-03, pde_a: 1.2142e-02
Epoch: 1620/5000 - Time: 9.04s - Loss: 9.7520e-02 | a: 3.5360e-02, BC: 7.3401e-04, m: 3.1141e-03, u: 2.1041e-03, v: 2.9319e-03, pde_a: 7.9527e-03
Epoch: 1630/5000 - Time: 9.33s - Loss: 8.0229e-02 | a: 3.2746e-02, BC: 4.3847e-04, m: 3.0174e-03, u: 1.2506e-03, v: 1.9380e-03, pde_a: 1.2141e-02
Epoch: 1640/5000 - Time: 9.36s - Loss: 1.1033e-01 | a: 4.7361e-02, BC: 5.8877e-04, m: 3.1595e-03, u: 1.8644e-03, v: 2.2815e-03, pde_a: 1.7759e-02
Epoch: 1650/5000 - Time: 9.25s - Loss: 5.5479e-02 | a: 3.4023e-02, BC: 2.4051e-04, m: 2.8088e-03, u: 5.8716e-04, v: 5.6191e-04, pde_a: 6.9153e-03
Saving checkpoint at epoch 1650 with loss 5.5479e-02
Epoch: 1660/5000 - Time: 9.52s - Loss: 7.4029e-02 | a: 3.2154e-02, BC: 2.6034e-04, m: 3.0114e-03, u: 1.2741e-03, v: 1.7706e-03, pde_a: 8.1570e-03
Epoch: 1670/5000 - Time: 9.46s - Loss: 1.1427e-01 | a: 3.9249e-02, BC: 5.5771e-04, m: 3.2051e-03, u: 2.2244e-03, v: 3.3879e-03, pde_a: 1.5135e-02
Epoch: 1680/5000 - Time: 9.48s - Loss: 6.7537e-02 | a: 2.9690e-02, BC: 3.9687e-04, m: 2.9293e-03, u: 1.1436e-03, v: 1.0873e-03, pde_a: 1.2212e-02
Epoch: 1690/5000 - Time: 9.65s - Loss: 9.9647e-02 | a: 3.4607e-02, BC: 5.5365e-04, m: 3.0962e-03, u: 2.1474e-03, v: 2.3713e-03, pde_a: 1.6204e-02
Epoch: 1700/5000 - Time: 9.73s - Loss: 7.8315e-02 | a: 3.2989e-02, BC: 8.3083e-04, m: 3.0701e-03, u: 1.8989e-03, v: 1.4050e-03, pde_a: 8.3866e-03
Epoch: 1710/5000 - Time: 9.06s - Loss: 7.2060e-02 | a: 3.3699e-02, BC: 3.9060e-04, m: 2.9542e-03, u: 1.4015e-03, v: 1.3583e-03, pde_a: 7.4181e-03
Epoch: 1720/5000 - Time: 9.02s - Loss: 8.0693e-02 | a: 3.2056e-02, BC: 4.9786e-04, m: 2.9814e-03, u: 1.8530e-03, v: 1.8744e-03, pde_a: 7.8849e-03
Epoch: 1730/5000 - Time: 9.06s - Loss: 6.3662e-02 | a: 3.0993e-02, BC: 3.3692e-04, m: 2.8777e-03, u: 9.4559e-04, v: 1.0233e-03, pde_a: 9.7655e-03
Epoch: 1740/5000 - Time: 9.36s - Loss: 6.4606e-02 | a: 3.1353e-02, BC: 3.7930e-04, m: 2.9298e-03, u: 1.0301e-03, v: 1.1938e-03, pde_a: 7.7047e-03
Epoch: 1750/5000 - Time: 9.59s - Loss: 1.1076e-01 | a: 3.7567e-02, BC: 8.2746e-04, m: 3.1041e-03, u: 2.3000e-03, v: 3.4476e-03, pde_a: 1.1786e-02
Epoch: 1760/5000 - Time: 9.28s - Loss: 1.0616e-01 | a: 4.1527e-02, BC: 6.0168e-04, m: 3.0517e-03, u: 1.9907e-03, v: 2.3183e-03, pde_a: 1.7895e-02
Epoch: 1770/5000 - Time: 9.60s - Loss: 1.6012e+00 | a: 7.5362e-01, BC: 1.2754e-02, m: 8.2805e-03, u: 1.9315e-02, v: 4.9308e-02, pde_a: 1.4032e-01
Epoch: 1780/5000 - Time: 9.29s - Loss: 5.4237e-02 | a: 3.6529e-02, BC: 2.1264e-04, m: 2.7404e-03, u: 4.9602e-04, v: 4.6240e-04, pde_a: 5.1701e-03
Saving checkpoint at epoch 1780 with loss 5.4237e-02
Epoch: 1790/5000 - Time: 9.26s - Loss: 6.6648e-02 | a: 3.5756e-02, BC: 3.5916e-04, m: 2.9187e-03, u: 1.1833e-03, v: 9.2901e-04, pde_a: 6.4907e-03
Epoch: 1800/5000 - Time: 9.13s - Loss: 7.7541e-02 | a: 3.1760e-02, BC: 4.1435e-04, m: 2.9380e-03, u: 1.2379e-03, v: 1.6252e-03, pde_a: 1.3798e-02
Epoch: 1810/5000 - Time: 9.29s - Loss: 6.2822e-02 | a: 3.1900e-02, BC: 2.8049e-04, m: 2.8858e-03, u: 9.5209e-04, v: 1.0924e-03, pde_a: 7.3105e-03
Epoch: 1820/5000 - Time: 9.12s - Loss: 7.8993e-02 | a: 3.0675e-02, BC: 3.2778e-04, m: 3.0177e-03, u: 1.3541e-03, v: 2.0951e-03, pde_a: 1.0480e-02
Epoch: 1830/5000 - Time: 9.07s - Loss: 1.0017e-01 | a: 4.1190e-02, BC: 6.7627e-04, m: 3.0687e-03, u: 1.7065e-03, v: 2.5956e-03, pde_a: 1.2213e-02
Epoch: 1840/5000 - Time: 9.12s - Loss: 7.9981e-02 | a: 3.4309e-02, BC: 4.6294e-04, m: 2.9471e-03, u: 1.4714e-03, v: 1.5145e-03, pde_a: 1.2403e-02
Epoch: 1850/5000 - Time: 9.23s - Loss: 1.5847e-01 | a: 4.6980e-02, BC: 9.0637e-04, m: 3.3485e-03, u: 3.9550e-03, v: 4.1087e-03, pde_a: 2.6597e-02
Epoch: 1860/5000 - Time: 9.14s - Loss: 5.4481e-02 | a: 3.3425e-02, BC: 2.6370e-04, m: 2.6682e-03, u: 6.0437e-04, v: 5.8536e-04, pde_a: 6.2275e-03
Epoch: 1870/5000 - Time: 9.31s - Loss: 8.0680e-02 | a: 3.1126e-02, BC: 3.9297e-04, m: 3.0588e-03, u: 2.5948e-03, v: 1.2197e-03, pde_a: 7.9575e-03
Epoch: 1880/5000 - Time: 9.14s - Loss: 9.1414e-02 | a: 3.1392e-02, BC: 4.4429e-04, m: 3.0613e-03, u: 1.6885e-03, v: 2.7609e-03, pde_a: 1.2023e-02
Epoch: 1890/5000 - Time: 9.16s - Loss: 7.8561e-02 | a: 3.7765e-02, BC: 4.8851e-04, m: 2.9131e-03, u: 1.3510e-03, v: 1.4240e-03, pde_a: 9.6435e-03
Epoch: 1900/5000 - Time: 9.29s - Loss: 7.6031e-02 | a: 3.3857e-02, BC: 4.9971e-04, m: 2.9442e-03, u: 1.2020e-03, v: 1.3383e-03, pde_a: 1.3327e-02
Epoch: 1910/5000 - Time: 9.17s - Loss: 8.1896e-02 | a: 3.5988e-02, BC: 5.2889e-04, m: 2.9134e-03, u: 1.8640e-03, v: 1.3619e-03, pde_a: 1.0207e-02
Epoch: 1920/5000 - Time: 9.28s - Loss: 7.2918e-02 | a: 2.9764e-02, BC: 3.6891e-04, m: 2.8377e-03, u: 1.2714e-03, v: 1.6454e-03, pde_a: 1.0780e-02
Epoch: 1930/5000 - Time: 9.15s - Loss: 8.2118e-02 | a: 3.3148e-02, BC: 4.5340e-04, m: 2.9260e-03, u: 2.2408e-03, v: 1.5796e-03, pde_a: 7.3875e-03
Epoch: 1940/5000 - Time: 9.09s - Loss: 1.0373e-01 | a: 4.9809e-02, BC: 5.7316e-04, m: 2.9203e-03, u: 1.9304e-03, v: 2.1625e-03, pde_a: 9.4949e-03
Epoch: 1950/5000 - Time: 9.51s - Loss: 6.7080e-02 | a: 3.1208e-02, BC: 4.2321e-04, m: 2.8180e-03, u: 1.1683e-03, v: 1.1799e-03, pde_a: 9.1482e-03
Epoch: 1960/5000 - Time: 9.32s - Loss: 7.4978e-02 | a: 3.1809e-02, BC: 4.1909e-04, m: 2.8423e-03, u: 1.2107e-03, v: 1.6190e-03, pde_a: 1.1611e-02
Epoch: 1970/5000 - Time: 9.19s - Loss: 1.0718e-01 | a: 3.3910e-02, BC: 5.7625e-04, m: 3.0577e-03, u: 2.0988e-03, v: 2.7841e-03, pde_a: 2.0804e-02
Epoch: 1980/5000 - Time: 9.61s - Loss: 1.0004e-01 | a: 3.6949e-02, BC: 4.8203e-04, m: 2.9895e-03, u: 2.2869e-03, v: 2.8101e-03, pde_a: 8.6499e-03
Epoch: 1990/5000 - Time: 9.52s - Loss: 7.3652e-02 | a: 3.4718e-02, BC: 4.7786e-04, m: 2.8172e-03, u: 1.4220e-03, v: 1.3867e-03, pde_a: 7.5506e-03
Epoch: 2000/5000 - Time: 9.84s - Loss: 8.7950e-02 | a: 3.8495e-02, BC: 4.3571e-04, m: 2.9473e-03, u: 1.7717e-03, v: 2.0763e-03, pde_a: 7.5905e-03
Epoch: 2010/5000 - Time: 9.39s - Loss: 7.6128e-02 | a: 3.3132e-02, BC: 4.2424e-04, m: 2.7753e-03, u: 1.4621e-03, v: 1.6657e-03, pde_a: 8.5181e-03
Epoch: 2020/5000 - Time: 9.23s - Loss: 2.1355e-01 | a: 7.6676e-02, BC: 7.5953e-04, m: 3.3822e-03, u: 4.1211e-03, v: 7.7352e-03, pde_a: 1.4167e-02
Epoch: 2030/5000 - Time: 9.20s - Loss: 7.1807e-02 | a: 3.5202e-02, BC: 3.3038e-04, m: 2.8028e-03, u: 1.2899e-03, v: 1.2443e-03, pde_a: 8.1289e-03
Epoch: 2040/5000 - Time: 9.04s - Loss: 5.8911e-02 | a: 3.1799e-02, BC: 3.0934e-04, m: 2.7284e-03, u: 9.8627e-04, v: 7.8384e-04, pde_a: 6.3736e-03
Epoch: 2050/5000 - Time: 9.12s - Loss: 9.8816e-02 | a: 3.8167e-02, BC: 4.6061e-04, m: 3.0399e-03, u: 1.9865e-03, v: 2.6190e-03, pde_a: 1.1094e-02
Epoch: 2060/5000 - Time: 9.30s - Loss: 8.3767e-02 | a: 3.4091e-02, BC: 3.7400e-04, m: 2.9004e-03, u: 1.9573e-03, v: 1.7993e-03, pde_a: 8.8362e-03
Epoch: 2070/5000 - Time: 9.13s - Loss: 8.5834e-02 | a: 3.3833e-02, BC: 5.5512e-04, m: 2.8994e-03, u: 1.7597e-03, v: 2.2428e-03, pde_a: 8.5216e-03
Epoch: 2080/5000 - Time: 9.06s - Loss: 5.7756e-02 | a: 3.0683e-02, BC: 2.7766e-04, m: 2.7226e-03, u: 7.0889e-04, v: 7.9735e-04, pde_a: 9.0104e-03
Epoch: 2090/5000 - Time: 9.04s - Loss: 1.2194e-01 | a: 5.0413e-02, BC: 7.7122e-04, m: 3.0427e-03, u: 2.0285e-03, v: 3.4299e-03, pde_a: 1.3129e-02
Epoch: 2100/5000 - Time: 9.08s - Loss: 8.6494e-02 | a: 3.4419e-02, BC: 7.2139e-04, m: 2.9134e-03, u: 2.3051e-03, v: 1.6808e-03, pde_a: 8.5820e-03
Epoch: 2110/5000 - Time: 9.03s - Loss: 1.4292e-01 | a: 3.5867e-02, BC: 7.6190e-04, m: 3.1053e-03, u: 2.7284e-03, v: 4.2300e-03, pde_a: 3.3601e-02
Epoch: 2120/5000 - Time: 9.02s - Loss: 1.0385e-01 | a: 3.9789e-02, BC: 5.9917e-04, m: 3.0223e-03, u: 1.7285e-03, v: 3.4084e-03, pde_a: 9.0686e-03
Epoch: 2130/5000 - Time: 9.10s - Loss: 8.9252e-01 | a: 3.4687e-01, BC: 3.3862e-03, m: 6.1682e-03, u: 1.6480e-02, v: 2.8911e-02, pde_a: 8.2186e-02
Epoch: 2140/5000 - Time: 9.13s - Loss: 5.6874e-02 | a: 3.7534e-02, BC: 2.4892e-04, m: 2.5923e-03, u: 5.7798e-04, v: 5.5299e-04, pde_a: 5.1892e-03
Epoch: 2150/5000 - Time: 9.02s - Loss: 5.4761e-02 | a: 3.2506e-02, BC: 2.2749e-04, m: 2.7058e-03, u: 6.9650e-04, v: 6.1212e-04, pde_a: 6.2348e-03
Epoch: 2160/5000 - Time: 9.34s - Loss: 7.4469e-02 | a: 3.3662e-02, BC: 3.6861e-04, m: 2.8338e-03, u: 1.2927e-03, v: 1.1861e-03, pde_a: 1.2817e-02
Epoch: 2170/5000 - Time: 9.26s - Loss: 1.0704e-01 | a: 4.0556e-02, BC: 5.0033e-04, m: 3.0388e-03, u: 2.5904e-03, v: 2.3463e-03, pde_a: 1.3582e-02
Epoch: 2180/5000 - Time: 9.12s - Loss: 9.2633e-02 | a: 3.0444e-02, BC: 4.1803e-04, m: 2.8820e-03, u: 1.5959e-03, v: 2.4164e-03, pde_a: 1.8765e-02
Epoch: 2190/5000 - Time: 9.65s - Loss: 8.0698e-02 | a: 3.3002e-02, BC: 5.9664e-04, m: 2.9350e-03, u: 1.7092e-03, v: 1.7224e-03, pde_a: 9.8490e-03
Epoch: 2200/5000 - Time: 9.37s - Loss: 8.0591e-02 | a: 3.3181e-02, BC: 5.1415e-04, m: 2.7674e-03, u: 1.6492e-03, v: 1.3106e-03, pde_a: 1.4531e-02
Epoch: 2210/5000 - Time: 9.41s - Loss: 7.1126e-02 | a: 3.0347e-02, BC: 3.0190e-04, m: 2.7379e-03, u: 1.0053e-03, v: 1.7216e-03, pde_a: 1.0470e-02
Epoch: 2220/5000 - Time: 9.13s - Loss: 1.4527e-01 | a: 4.3939e-02, BC: 7.5254e-04, m: 3.1342e-03, u: 4.1517e-03, v: 4.0939e-03, pde_a: 1.4984e-02
Epoch: 2230/5000 - Time: 9.42s - Loss: 6.5487e-02 | a: 3.0411e-02, BC: 4.0400e-04, m: 2.7379e-03, u: 9.9974e-04, v: 1.0458e-03, pde_a: 1.1478e-02
Epoch: 2240/5000 - Time: 9.25s - Loss: 7.0229e-02 | a: 2.9098e-02, BC: 3.6479e-04, m: 2.7431e-03, u: 1.0968e-03, v: 1.3779e-03, pde_a: 1.3276e-02
Epoch: 2250/5000 - Time: 9.34s - Loss: 7.1538e-02 | a: 4.6730e-02, BC: 4.4167e-04, m: 2.9699e-03, u: 8.1887e-04, v: 7.5322e-04, pde_a: 5.6762e-03
Epoch: 2260/5000 - Time: 9.53s - Loss: 5.4388e-02 | a: 3.5661e-02, BC: 2.4565e-04, m: 2.4994e-03, u: 5.4026e-04, v: 4.9905e-04, pde_a: 5.5890e-03
Epoch: 2270/5000 - Time: 9.31s - Loss: 5.2045e-02 | a: 3.0375e-02, BC: 2.5023e-04, m: 2.6475e-03, u: 5.8098e-04, v: 6.1806e-04, pde_a: 6.7816e-03
Saving checkpoint at epoch 2270 with loss 5.2045e-02
Epoch: 2280/5000 - Time: 9.16s - Loss: 1.1132e-01 | a: 3.3954e-02, BC: 4.7902e-04, m: 3.0099e-03, u: 2.5393e-03, v: 3.9092e-03, pde_a: 9.3883e-03
Epoch: 2290/5000 - Time: 9.14s - Loss: 6.1928e-02 | a: 3.0880e-02, BC: 3.0587e-04, m: 2.7201e-03, u: 1.1070e-03, v: 9.8942e-04, pde_a: 7.0578e-03
Epoch: 2300/5000 - Time: 9.18s - Loss: 9.1404e-02 | a: 3.4789e-02, BC: 7.1882e-04, m: 2.8177e-03, u: 1.9623e-03, v: 2.1833e-03, pde_a: 1.1623e-02
Epoch: 2310/5000 - Time: 9.26s - Loss: 7.1413e-02 | a: 3.0870e-02, BC: 3.3766e-04, m: 2.7483e-03, u: 1.3978e-03, v: 1.5563e-03, pde_a: 7.9152e-03
Epoch: 2320/5000 - Time: 9.38s - Loss: 8.3029e-02 | a: 3.2476e-02, BC: 5.7353e-04, m: 2.7615e-03, u: 1.5009e-03, v: 1.7809e-03, pde_a: 1.4399e-02
Epoch: 2330/5000 - Time: 9.23s - Loss: 8.7024e-02 | a: 3.6970e-02, BC: 5.5142e-04, m: 2.7990e-03, u: 1.9158e-03, v: 1.7385e-03, pde_a: 1.0159e-02
Epoch: 2340/5000 - Time: 9.14s - Loss: 8.9876e-02 | a: 3.9295e-02, BC: 6.7261e-04, m: 2.8572e-03, u: 2.2030e-03, v: 1.5022e-03, pde_a: 9.9997e-03
Epoch: 2350/5000 - Time: 9.24s - Loss: 8.9590e-02 | a: 2.9961e-02, BC: 4.3745e-04, m: 2.8162e-03, u: 2.0654e-03, v: 2.1271e-03, pde_a: 1.4451e-02
Epoch: 2360/5000 - Time: 9.53s - Loss: 6.9933e-02 | a: 3.2502e-02, BC: 3.6981e-04, m: 2.6601e-03, u: 1.0909e-03, v: 1.5293e-03, pde_a: 8.1996e-03
Epoch: 2370/5000 - Time: 9.22s - Loss: 1.0518e-01 | a: 4.3231e-02, BC: 8.6686e-04, m: 2.8821e-03, u: 2.1869e-03, v: 2.4244e-03, pde_a: 1.2083e-02
Epoch: 2380/5000 - Time: 9.33s - Loss: 1.2453e-01 | a: 4.6847e-02, BC: 7.3405e-04, m: 3.0277e-03, u: 2.5908e-03, v: 2.0295e-03, pde_a: 2.7714e-02
Epoch: 2390/5000 - Time: 9.75s - Loss: 9.1338e-02 | a: 3.2631e-02, BC: 6.0396e-04, m: 2.7812e-03, u: 1.5821e-03, v: 2.0398e-03, pde_a: 1.9103e-02
Epoch: 2400/5000 - Time: 9.84s - Loss: 1.6712e-01 | a: 3.4011e-02, BC: 7.5069e-04, m: 3.3693e-03, u: 5.3099e-03, v: 6.5513e-03, pde_a: 1.0380e-02
Epoch: 2410/5000 - Time: 9.15s - Loss: 8.0660e-02 | a: 3.8374e-02, BC: 4.4224e-04, m: 2.7211e-03, u: 1.4189e-03, v: 1.5084e-03, pde_a: 9.8498e-03
Epoch: 2420/5000 - Time: 9.02s - Loss: 6.4363e-02 | a: 3.0930e-02, BC: 4.3720e-04, m: 2.7296e-03, u: 1.0491e-03, v: 1.1761e-03, pde_a: 8.0149e-03
Epoch: 2430/5000 - Time: 9.03s - Loss: 7.5813e-02 | a: 3.1251e-02, BC: 4.6640e-04, m: 2.6678e-03, u: 1.6607e-03, v: 1.6031e-03, pde_a: 8.7903e-03
Epoch: 2440/5000 - Time: 9.76s - Loss: 6.4471e-02 | a: 3.0456e-02, BC: 3.0688e-04, m: 2.7021e-03, u: 1.2159e-03, v: 1.1952e-03, pde_a: 6.8947e-03
Epoch: 2450/5000 - Time: 9.78s - Loss: 1.2167e-01 | a: 3.8463e-02, BC: 6.5746e-04, m: 2.9550e-03, u: 2.8319e-03, v: 4.0360e-03, pde_a: 1.0919e-02
Epoch: 2460/5000 - Time: 9.50s - Loss: 7.7319e-02 | a: 3.2260e-02, BC: 4.2183e-04, m: 2.7214e-03, u: 1.4629e-03, v: 1.7890e-03, pde_a: 9.3976e-03
Epoch: 2470/5000 - Time: 9.64s - Loss: 7.8296e-02 | a: 3.2623e-02, BC: 5.5934e-04, m: 2.6782e-03, u: 1.5902e-03, v: 1.7773e-03, pde_a: 8.7615e-03
Epoch: 2480/5000 - Time: 9.71s - Loss: 6.9314e-02 | a: 3.3042e-02, BC: 4.6626e-04, m: 2.6742e-03, u: 1.3113e-03, v: 1.2237e-03, pde_a: 7.7820e-03
Epoch: 2490/5000 - Time: 9.32s - Loss: 6.5183e-02 | a: 3.1169e-02, BC: 4.9827e-04, m: 2.6223e-03, u: 1.1310e-03, v: 1.0898e-03, pde_a: 8.6858e-03
Epoch: 2500/5000 - Time: 9.16s - Loss: 6.0794e-02 | a: 3.0928e-02, BC: 3.5322e-04, m: 2.5967e-03, u: 1.0102e-03, v: 1.0391e-03, pde_a: 6.4237e-03
Epoch: 2510/5000 - Time: 9.42s - Loss: 8.6077e-02 | a: 3.2581e-02, BC: 4.8456e-04, m: 2.7249e-03, u: 1.4170e-03, v: 1.9170e-03, pde_a: 1.6948e-02
Epoch: 2520/5000 - Time: 9.00s - Loss: 7.5607e-02 | a: 3.2642e-02, BC: 4.6386e-04, m: 2.6544e-03, u: 9.3207e-04, v: 1.4540e-03, pde_a: 1.5986e-02
Epoch: 2530/5000 - Time: 9.26s - Loss: 7.2888e-02 | a: 3.5399e-02, BC: 3.6853e-04, m: 2.6668e-03, u: 1.2433e-03, v: 1.1929e-03, pde_a: 1.0091e-02
Epoch: 2540/5000 - Time: 9.06s - Loss: 2.4951e-01 | a: 7.0745e-02, BC: 1.6759e-03, m: 3.4823e-03, u: 6.1993e-03, v: 9.5689e-03, pde_a: 1.5928e-02
Epoch: 2550/5000 - Time: 9.19s - Loss: 5.8582e-02 | a: 3.0839e-02, BC: 3.4494e-04, m: 2.5589e-03, u: 8.2673e-04, v: 7.7415e-04, pde_a: 8.8296e-03
Epoch: 2560/5000 - Time: 9.10s - Loss: 7.1035e-02 | a: 3.3000e-02, BC: 5.7397e-04, m: 2.6462e-03, u: 1.3218e-03, v: 1.2195e-03, pde_a: 9.4003e-03
Epoch: 2570/5000 - Time: 9.05s - Loss: 6.5374e-02 | a: 3.0588e-02, BC: 3.6181e-04, m: 2.6019e-03, u: 1.1221e-03, v: 9.4941e-04, pde_a: 1.1108e-02
Epoch: 2580/5000 - Time: 9.05s - Loss: 6.1872e-02 | a: 2.9930e-02, BC: 4.0318e-04, m: 2.6028e-03, u: 9.2895e-04, v: 9.5059e-04, pde_a: 1.0140e-02
Epoch: 2590/5000 - Time: 9.02s - Loss: 7.9533e-02 | a: 4.8324e-02, BC: 8.4323e-04, m: 3.2513e-03, u: 9.8487e-04, v: 1.0433e-03, pde_a: 6.8327e-03
Epoch: 2600/5000 - Time: 9.07s - Loss: 5.9640e-02 | a: 3.4051e-02, BC: 3.0961e-04, m: 2.4243e-03, u: 7.3536e-04, v: 7.2007e-04, pde_a: 8.3009e-03
Epoch: 2610/5000 - Time: 9.03s - Loss: 5.9089e-02 | a: 3.0724e-02, BC: 2.5795e-04, m: 2.5787e-03, u: 1.0025e-03, v: 9.1643e-04, pde_a: 6.3395e-03
Epoch: 2620/5000 - Time: 9.03s - Loss: 1.4253e-01 | a: 3.3777e-02, BC: 4.7256e-04, m: 2.9230e-03, u: 3.9450e-03, v: 4.6448e-03, pde_a: 1.9464e-02
Epoch: 2630/5000 - Time: 9.04s - Loss: 7.6912e-02 | a: 3.1993e-02, BC: 5.5208e-04, m: 2.6087e-03, u: 1.7335e-03, v: 1.1761e-03, pde_a: 1.2661e-02
Epoch: 2640/5000 - Time: 9.20s - Loss: 1.1994e-01 | a: 4.8242e-02, BC: 8.3819e-04, m: 2.8317e-03, u: 3.0162e-03, v: 2.3979e-03, pde_a: 1.3884e-02
Epoch: 2650/5000 - Time: 9.14s - Loss: 6.9947e-02 | a: 2.9573e-02, BC: 4.4415e-04, m: 2.6275e-03, u: 1.3979e-03, v: 1.1026e-03, pde_a: 1.2297e-02
Epoch: 2660/5000 - Time: 8.99s - Loss: 8.5209e-02 | a: 3.5065e-02, BC: 5.0955e-04, m: 2.6335e-03, u: 1.8027e-03, v: 1.5529e-03, pde_a: 1.3445e-02
Epoch: 2670/5000 - Time: 9.07s - Loss: 1.0894e-01 | a: 4.0239e-02, BC: 1.2552e-03, m: 2.8342e-03, u: 2.3519e-03, v: 2.8548e-03, pde_a: 1.2540e-02
Epoch: 2680/5000 - Time: 9.12s - Loss: 7.0532e-02 | a: 3.1645e-02, BC: 5.9141e-04, m: 2.5890e-03, u: 1.4135e-03, v: 1.2878e-03, pde_a: 8.6939e-03
Epoch: 2690/5000 - Time: 9.16s - Loss: 4.2005e-01 | a: 1.5711e-01, BC: 8.7040e-03, m: 8.6782e-03, u: 8.4203e-03, v: 1.1342e-02, pde_a: 4.7933e-02
Epoch: 2700/5000 - Time: 9.57s - Loss: 6.2423e-02 | a: 4.4365e-02, BC: 2.6902e-04, m: 2.4742e-03, u: 5.2876e-04, v: 4.6907e-04, pde_a: 5.3370e-03
Epoch: 2710/5000 - Time: 9.41s - Loss: 5.9679e-02 | a: 3.6110e-02, BC: 2.7006e-04, m: 2.5054e-03, u: 5.9909e-04, v: 5.4018e-04, pde_a: 9.4008e-03
Epoch: 2720/5000 - Time: 9.07s - Loss: 7.4732e-02 | a: 3.3302e-02, BC: 3.3949e-04, m: 2.6457e-03, u: 1.0733e-03, v: 1.3232e-03, pde_a: 1.4481e-02
Epoch: 2730/5000 - Time: 9.59s - Loss: 7.9601e-02 | a: 3.5465e-02, BC: 4.5076e-04, m: 2.6631e-03, u: 1.2031e-03, v: 1.5271e-03, pde_a: 1.3720e-02
Epoch: 2740/5000 - Time: 9.24s - Loss: 1.0083e-01 | a: 3.7423e-02, BC: 5.6062e-04, m: 2.8289e-03, u: 2.5447e-03, v: 2.6666e-03, pde_a: 7.9047e-03
Epoch: 2750/5000 - Time: 9.15s - Loss: 7.5629e-02 | a: 3.0237e-02, BC: 4.7055e-04, m: 2.7113e-03, u: 1.7606e-03, v: 1.1907e-03, pde_a: 1.2697e-02
Epoch: 2760/5000 - Time: 9.29s - Loss: 6.4636e-02 | a: 3.4624e-02, BC: 4.1326e-04, m: 2.5624e-03, u: 1.0293e-03, v: 8.9491e-04, pde_a: 7.7942e-03
Epoch: 2770/5000 - Time: 9.19s - Loss: 6.7499e-02 | a: 3.4963e-02, BC: 4.7790e-04, m: 2.6700e-03, u: 1.0968e-03, v: 1.1049e-03, pde_a: 7.3718e-03
Epoch: 2780/5000 - Time: 9.04s - Loss: 6.9187e-02 | a: 2.9734e-02, BC: 3.6189e-04, m: 2.6434e-03, u: 1.5094e-03, v: 1.2683e-03, pde_a: 8.6709e-03
Epoch: 2790/5000 - Time: 9.49s - Loss: 6.3921e-02 | a: 3.0195e-02, BC: 3.5697e-04, m: 2.5946e-03, u: 9.8554e-04, v: 1.3771e-03, pde_a: 7.1481e-03
Epoch: 2800/5000 - Time: 9.35s - Loss: 6.8760e-02 | a: 3.0619e-02, BC: 3.8495e-04, m: 2.5479e-03, u: 9.2391e-04, v: 1.1149e-03, pde_a: 1.4820e-02
Epoch: 2810/5000 - Time: 9.50s - Loss: 7.4542e-02 | a: 3.1022e-02, BC: 5.5534e-04, m: 2.6424e-03, u: 1.3985e-03, v: 1.5799e-03, pde_a: 1.0538e-02
Epoch: 2820/5000 - Time: 9.85s - Loss: 8.5117e-02 | a: 3.1161e-02, BC: 3.6612e-04, m: 2.7057e-03, u: 2.0205e-03, v: 2.1352e-03, pde_a: 9.3280e-03
Epoch: 2830/5000 - Time: 9.92s - Loss: 1.3069e-01 | a: 4.7619e-02, BC: 9.3849e-04, m: 2.9565e-03, u: 3.5017e-03, v: 3.0091e-03, pde_a: 1.4070e-02
Epoch: 2840/5000 - Time: 9.86s - Loss: 6.0234e-02 | a: 3.2032e-02, BC: 4.0144e-04, m: 2.5472e-03, u: 9.1499e-04, v: 9.7107e-04, pde_a: 6.3932e-03
Epoch: 2850/5000 - Time: 9.19s - Loss: 8.0529e-02 | a: 3.1083e-02, BC: 4.3065e-04, m: 2.6339e-03, u: 1.8248e-03, v: 1.9796e-03, pde_a: 8.3385e-03
Epoch: 2860/5000 - Time: 9.13s - Loss: 8.2600e-02 | a: 3.1665e-02, BC: 5.1985e-04, m: 2.6177e-03, u: 1.5684e-03, v: 1.7007e-03, pde_a: 1.5107e-02
Epoch: 2870/5000 - Time: 9.11s - Loss: 1.3128e-01 | a: 5.4563e-02, BC: 1.2528e-03, m: 2.8735e-03, u: 2.5981e-03, v: 2.9719e-03, pde_a: 1.6888e-02
Epoch: 2880/5000 - Time: 9.70s - Loss: 1.5140e-01 | a: 4.3031e-02, BC: 8.8149e-04, m: 2.9948e-03, u: 3.7521e-03, v: 4.2784e-03, pde_a: 2.4185e-02
Epoch: 2890/5000 - Time: 9.35s - Loss: 7.1831e-02 | a: 2.9821e-02, BC: 2.9040e-04, m: 2.6210e-03, u: 1.2117e-03, v: 1.8173e-03, pde_a: 8.8085e-03
Epoch: 2900/5000 - Time: 9.21s - Loss: 7.8570e-02 | a: 3.0909e-02, BC: 4.1263e-04, m: 2.6472e-03, u: 1.3480e-03, v: 1.6714e-03, pde_a: 1.4407e-02
Epoch: 2910/5000 - Time: 9.34s - Loss: 8.6633e-02 | a: 3.5187e-02, BC: 4.3081e-04, m: 2.7378e-03, u: 1.8335e-03, v: 2.0101e-03, pde_a: 9.8413e-03
Epoch: 2920/5000 - Time: 9.13s - Loss: 6.1021e-02 | a: 2.8797e-02, BC: 3.6501e-04, m: 2.5438e-03, u: 1.0508e-03, v: 1.0697e-03, pde_a: 8.1095e-03
Epoch: 2930/5000 - Time: 9.46s - Loss: 6.3689e-02 | a: 3.0501e-02, BC: 3.8625e-04, m: 2.5602e-03, u: 1.1296e-03, v: 1.0313e-03, pde_a: 8.6320e-03
Epoch: 2940/5000 - Time: 9.11s - Loss: 2.1913e-01 | a: 1.1560e-01, BC: 1.0772e-03, m: 2.9285e-03, u: 3.3865e-03, v: 4.7832e-03, pde_a: 1.7828e-02
Epoch: 2950/5000 - Time: 9.16s - Loss: 6.8886e-02 | a: 2.9132e-02, BC: 3.0154e-04, m: 2.5616e-03, u: 1.2607e-03, v: 1.4735e-03, pde_a: 9.5488e-03
Epoch: 2960/5000 - Time: 9.14s - Loss: 7.0619e-02 | a: 3.5096e-02, BC: 4.6612e-04, m: 2.5148e-03, u: 1.2436e-03, v: 1.2081e-03, pde_a: 8.0256e-03
Epoch: 2970/5000 - Time: 9.02s - Loss: 8.9311e-02 | a: 3.1391e-02, BC: 4.3144e-04, m: 2.7114e-03, u: 1.7688e-03, v: 2.5676e-03, pde_a: 1.1414e-02
Epoch: 2980/5000 - Time: 9.04s - Loss: 1.0287e-01 | a: 3.0721e-02, BC: 5.0349e-04, m: 2.6293e-03, u: 1.8447e-03, v: 2.1554e-03, pde_a: 2.9012e-02
Epoch: 2990/5000 - Time: 9.32s - Loss: 7.0175e-02 | a: 2.9640e-02, BC: 3.1945e-04, m: 2.6175e-03, u: 1.5982e-03, v: 1.3535e-03, pde_a: 8.0804e-03
Epoch: 3000/5000 - Time: 9.72s - Loss: 2.0956e-01 | a: 5.2733e-02, BC: 1.9270e-03, m: 3.1645e-03, u: 4.9040e-03, v: 5.6937e-03, pde_a: 4.5757e-02
Epoch: 3010/5000 - Time: 9.09s - Loss: 6.6590e-02 | a: 3.3812e-02, BC: 4.0176e-04, m: 2.5104e-03, u: 9.7059e-04, v: 1.0706e-03, pde_a: 9.4539e-03
Epoch: 3020/5000 - Time: 9.14s - Loss: 6.8531e-02 | a: 2.8699e-02, BC: 4.0601e-04, m: 2.5117e-03, u: 1.0184e-03, v: 1.1614e-03, pde_a: 1.5115e-02
Epoch: 3030/5000 - Time: 9.11s - Loss: 1.0250e-01 | a: 3.1238e-02, BC: 6.2115e-04, m: 2.7749e-03, u: 1.6193e-03, v: 2.8748e-03, pde_a: 2.2925e-02
Epoch: 3040/5000 - Time: 9.31s - Loss: 7.9848e-02 | a: 3.1019e-02, BC: 3.2555e-04, m: 2.5808e-03, u: 1.7263e-03, v: 1.8540e-03, pde_a: 1.0120e-02
Epoch: 3050/5000 - Time: 9.79s - Loss: 1.2503e-01 | a: 5.7223e-02, BC: 4.3463e-04, m: 2.6737e-03, u: 2.5699e-03, v: 2.7592e-03, pde_a: 1.1410e-02
Epoch: 3060/5000 - Time: 9.06s - Loss: 7.1838e-02 | a: 3.0331e-02, BC: 4.3091e-04, m: 2.5080e-03, u: 1.0437e-03, v: 1.0239e-03, pde_a: 1.7891e-02
Epoch: 3070/5000 - Time: 9.61s - Loss: 7.7693e-02 | a: 3.0155e-02, BC: 4.9673e-04, m: 2.5980e-03, u: 1.8710e-03, v: 1.6215e-03, pde_a: 9.5191e-03
Epoch: 3080/5000 - Time: 9.47s - Loss: 6.8419e-02 | a: 3.0829e-02, BC: 3.0454e-04, m: 2.5896e-03, u: 1.4264e-03, v: 1.3199e-03, pde_a: 7.2324e-03
Epoch: 3090/5000 - Time: 9.25s - Loss: 8.4002e-02 | a: 3.3248e-02, BC: 5.7037e-04, m: 2.5397e-03, u: 1.5159e-03, v: 1.8315e-03, pde_a: 1.4170e-02
Epoch: 3100/5000 - Time: 9.62s - Loss: 9.7257e-02 | a: 2.9518e-02, BC: 5.3815e-04, m: 2.6699e-03, u: 2.1746e-03, v: 2.4430e-03, pde_a: 1.8355e-02
Epoch: 3110/5000 - Time: 9.58s - Loss: 1.1631e-01 | a: 3.9419e-02, BC: 7.5978e-04, m: 2.7515e-03, u: 3.0937e-03, v: 3.1453e-03, pde_a: 1.0993e-02
Epoch: 3120/5000 - Time: 9.58s - Loss: 7.4941e-02 | a: 3.2671e-02, BC: 3.3222e-04, m: 2.5534e-03, u: 1.5796e-03, v: 1.4557e-03, pde_a: 9.0302e-03
Epoch: 3130/5000 - Time: 8.99s - Loss: 5.9129e-02 | a: 2.8741e-02, BC: 4.3079e-04, m: 2.4881e-03, u: 1.1734e-03, v: 9.5374e-04, pde_a: 6.1974e-03
Epoch: 3140/5000 - Time: 9.29s - Loss: 8.0173e-02 | a: 3.5342e-02, BC: 5.4590e-04, m: 2.6106e-03, u: 1.6749e-03, v: 1.4790e-03, pde_a: 1.0136e-02
Epoch: 3150/5000 - Time: 9.00s - Loss: 1.0374e-01 | a: 4.1444e-02, BC: 5.5053e-04, m: 2.6893e-03, u: 2.4961e-03, v: 2.4066e-03, pde_a: 1.0025e-02
Epoch: 3160/5000 - Time: 9.04s - Loss: 6.3683e-02 | a: 2.7550e-02, BC: 2.6807e-04, m: 2.4891e-03, u: 1.1328e-03, v: 1.4124e-03, pde_a: 7.9240e-03
Epoch: 3170/5000 - Time: 9.16s - Loss: 7.4451e-02 | a: 2.9361e-02, BC: 3.2376e-04, m: 2.5059e-03, u: 1.6125e-03, v: 1.6170e-03, pde_a: 9.9646e-03
Epoch: 3180/5000 - Time: 9.10s - Loss: 9.0971e-02 | a: 3.3129e-02, BC: 4.4682e-04, m: 2.5908e-03, u: 1.6689e-03, v: 2.3605e-03, pde_a: 1.4510e-02
Epoch: 3190/5000 - Time: 9.24s - Loss: 5.9276e-02 | a: 3.0262e-02, BC: 4.6386e-04, m: 2.4922e-03, u: 1.0033e-03, v: 1.0124e-03, pde_a: 5.9008e-03
Epoch: 3200/5000 - Time: 9.25s - Loss: 8.0080e-02 | a: 3.2997e-02, BC: 3.8767e-04, m: 2.5117e-03, u: 1.7631e-03, v: 1.6957e-03, pde_a: 9.5958e-03
Epoch: 3210/5000 - Time: 9.28s - Loss: 8.2850e-02 | a: 3.5360e-02, BC: 4.2146e-04, m: 2.5369e-03, u: 1.8558e-03, v: 1.2116e-03, pde_a: 1.3858e-02
Epoch: 3220/5000 - Time: 9.25s - Loss: 1.1692e-01 | a: 6.8825e-02, BC: 5.5480e-04, m: 2.6383e-03, u: 1.4921e-03, v: 1.7153e-03, pde_a: 1.2825e-02
Epoch: 3230/5000 - Time: 9.25s - Loss: 5.3741e-02 | a: 3.6822e-02, BC: 2.0174e-04, m: 2.2205e-03, u: 5.2329e-04, v: 4.3524e-04, pde_a: 4.9117e-03
Epoch: 3240/5000 - Time: 9.15s - Loss: 5.7238e-02 | a: 3.2447e-02, BC: 2.2101e-04, m: 2.3449e-03, u: 8.7507e-04, v: 7.6558e-04, pde_a: 5.8182e-03
Epoch: 3250/5000 - Time: 9.24s - Loss: 7.1284e-02 | a: 2.9104e-02, BC: 3.0624e-04, m: 2.5533e-03, u: 1.7928e-03, v: 1.3398e-03, pde_a: 7.9948e-03
Epoch: 3260/5000 - Time: 9.13s - Loss: 1.0593e-01 | a: 3.4004e-02, BC: 5.0736e-04, m: 2.6664e-03, u: 2.5587e-03, v: 3.1822e-03, pde_a: 1.1345e-02
Epoch: 3270/5000 - Time: 9.10s - Loss: 6.9506e-02 | a: 3.0818e-02, BC: 3.5014e-04, m: 2.4711e-03, u: 1.2476e-03, v: 1.1290e-03, pde_a: 1.2101e-02
Epoch: 3280/5000 - Time: 9.06s - Loss: 7.7840e-02 | a: 2.8106e-02, BC: 4.2349e-04, m: 2.5686e-03, u: 1.9736e-03, v: 1.6564e-03, pde_a: 1.0442e-02
Epoch: 3290/5000 - Time: 9.20s - Loss: 7.1882e-02 | a: 2.9388e-02, BC: 3.9476e-04, m: 2.4940e-03, u: 1.2964e-03, v: 1.6517e-03, pde_a: 1.0124e-02
Epoch: 3300/5000 - Time: 9.24s - Loss: 9.5569e-02 | a: 3.7082e-02, BC: 6.2561e-04, m: 2.5879e-03, u: 2.3531e-03, v: 2.2525e-03, pde_a: 9.2179e-03
Epoch: 3310/5000 - Time: 9.28s - Loss: 1.4785e-01 | a: 5.9149e-02, BC: 7.2238e-04, m: 2.7924e-03, u: 3.0969e-03, v: 3.7173e-03, pde_a: 1.7044e-02
Epoch: 3320/5000 - Time: 9.21s - Loss: 5.1119e-02 | a: 3.3947e-02, BC: 1.6456e-04, m: 2.2288e-03, u: 4.8712e-04, v: 4.6365e-04, pde_a: 5.2709e-03
Saving checkpoint at epoch 3320 with loss 5.1119e-02
Epoch: 3330/5000 - Time: 9.14s - Loss: 5.3645e-02 | a: 3.1525e-02, BC: 2.3949e-04, m: 2.3875e-03, u: 6.5328e-04, v: 7.1396e-04, pde_a: 5.8209e-03
Epoch: 3340/5000 - Time: 9.02s - Loss: 1.3442e-01 | a: 3.3021e-02, BC: 6.5352e-04, m: 2.7857e-03, u: 3.1437e-03, v: 4.8915e-03, pde_a: 1.7610e-02
Epoch: 3350/5000 - Time: 9.04s - Loss: 6.4586e-02 | a: 3.0867e-02, BC: 3.2460e-04, m: 2.4608e-03, u: 1.0694e-03, v: 1.2559e-03, pde_a: 7.6808e-03
Epoch: 3360/5000 - Time: 8.98s - Loss: 7.7843e-02 | a: 3.3371e-02, BC: 6.6789e-04, m: 2.5481e-03, u: 1.4366e-03, v: 1.3736e-03, pde_a: 1.3155e-02
Epoch: 3370/5000 - Time: 9.05s - Loss: 8.3288e-02 | a: 3.1769e-02, BC: 4.3620e-04, m: 2.5117e-03, u: 2.0394e-03, v: 1.9800e-03, pde_a: 8.3780e-03
Epoch: 3380/5000 - Time: 9.09s - Loss: 7.7586e-02 | a: 3.5358e-02, BC: 6.1399e-04, m: 2.5067e-03, u: 1.4746e-03, v: 1.5576e-03, pde_a: 8.7858e-03
Epoch: 3390/5000 - Time: 9.04s - Loss: 8.2988e-02 | a: 3.0297e-02, BC: 3.6135e-04, m: 2.6114e-03, u: 2.5274e-03, v: 1.6183e-03, pde_a: 8.2608e-03
Epoch: 3400/5000 - Time: 9.08s - Loss: 8.4130e-02 | a: 3.9622e-02, BC: 5.6937e-04, m: 2.5167e-03, u: 1.5561e-03, v: 1.4974e-03, pde_a: 1.0887e-02
Epoch: 3410/5000 - Time: 9.48s - Loss: 6.2495e-02 | a: 2.8771e-02, BC: 4.4824e-04, m: 2.4280e-03, u: 1.1739e-03, v: 1.2189e-03, pde_a: 6.9194e-03
Epoch: 3420/5000 - Time: 9.29s - Loss: 8.8317e-02 | a: 3.6971e-02, BC: 5.2573e-04, m: 2.5196e-03, u: 1.8343e-03, v: 2.0994e-03, pde_a: 8.9633e-03
Epoch: 3430/5000 - Time: 9.16s - Loss: 1.2482e-01 | a: 4.5078e-02, BC: 6.2290e-04, m: 2.6068e-03, u: 2.3659e-03, v: 2.1129e-03, pde_a: 3.1729e-02
Epoch: 3440/5000 - Time: 9.13s - Loss: 1.6624e-01 | a: 4.3315e-02, BC: 1.0487e-03, m: 2.9370e-03, u: 3.6979e-03, v: 6.6701e-03, pde_a: 1.5258e-02
Epoch: 3450/5000 - Time: 9.28s - Loss: 7.1787e-02 | a: 3.1408e-02, BC: 5.6508e-04, m: 2.5116e-03, u: 1.8437e-03, v: 1.1526e-03, pde_a: 7.3396e-03
Epoch: 3460/5000 - Time: 9.11s - Loss: 8.7463e-02 | a: 3.3423e-02, BC: 5.8904e-04, m: 2.5185e-03, u: 1.6862e-03, v: 1.9839e-03, pde_a: 1.4232e-02
Epoch: 3470/5000 - Time: 9.21s - Loss: 8.2193e-02 | a: 3.4880e-02, BC: 6.1579e-04, m: 2.5131e-03, u: 1.5153e-03, v: 1.5581e-03, pde_a: 1.3450e-02
Epoch: 3480/5000 - Time: 9.07s - Loss: 1.0333e-01 | a: 3.2684e-02, BC: 9.5027e-04, m: 2.5460e-03, u: 1.4309e-03, v: 1.5947e-03, pde_a: 3.6889e-02
Epoch: 3490/5000 - Time: 9.13s - Loss: 8.3245e-02 | a: 3.3768e-02, BC: 4.2433e-04, m: 2.4889e-03, u: 1.6307e-03, v: 1.8794e-03, pde_a: 1.1463e-02
Epoch: 3500/5000 - Time: 9.21s - Loss: 7.1830e-02 | a: 3.1120e-02, BC: 4.5422e-04, m: 2.4929e-03, u: 1.4737e-03, v: 1.4641e-03, pde_a: 8.3858e-03
Epoch: 3510/5000 - Time: 9.06s - Loss: 1.0120e-01 | a: 3.5805e-02, BC: 5.7044e-04, m: 2.5977e-03, u: 2.7225e-03, v: 2.1017e-03, pde_a: 1.3984e-02
Epoch: 3520/5000 - Time: 8.96s - Loss: 5.4043e-02 | a: 2.8520e-02, BC: 2.8701e-04, m: 2.3654e-03, u: 8.8975e-04, v: 7.3310e-04, pde_a: 6.6418e-03
Epoch: 3530/5000 - Time: 9.12s - Loss: 3.5471e-01 | a: 2.0462e-01, BC: 1.3735e-03, m: 3.4192e-03, u: 3.7960e-03, v: 8.8411e-03, pde_a: 1.8932e-02
Epoch: 3540/5000 - Time: 9.31s - Loss: 5.1987e-02 | a: 3.0206e-02, BC: 2.3047e-04, m: 2.2942e-03, u: 6.8744e-04, v: 7.2307e-04, pde_a: 5.1509e-03
Epoch: 3550/5000 - Time: 9.10s - Loss: 6.4129e-02 | a: 3.0034e-02, BC: 3.7830e-04, m: 2.4832e-03, u: 1.0628e-03, v: 1.0957e-03, pde_a: 9.6477e-03
Epoch: 3560/5000 - Time: 9.13s - Loss: 6.4073e-02 | a: 2.8865e-02, BC: 2.7257e-04, m: 2.4278e-03, u: 1.2311e-03, v: 1.1209e-03, pde_a: 8.9887e-03
Epoch: 3570/5000 - Time: 9.15s - Loss: 7.8567e-02 | a: 2.9934e-02, BC: 4.7621e-04, m: 2.4320e-03, u: 1.4176e-03, v: 1.4151e-03, pde_a: 1.7398e-02
Epoch: 3580/5000 - Time: 9.25s - Loss: 7.5414e-02 | a: 2.9514e-02, BC: 3.1014e-04, m: 2.4393e-03, u: 1.8241e-03, v: 1.7679e-03, pde_a: 7.2304e-03
Epoch: 3590/5000 - Time: 9.17s - Loss: 7.0058e-02 | a: 3.1335e-02, BC: 5.2592e-04, m: 2.4688e-03, u: 1.2098e-03, v: 1.7293e-03, pde_a: 6.3381e-03
Epoch: 3600/5000 - Time: 9.19s - Loss: 9.9301e-02 | a: 3.2066e-02, BC: 7.9829e-04, m: 2.5905e-03, u: 2.6665e-03, v: 2.7974e-03, pde_a: 9.2062e-03
Epoch: 3610/5000 - Time: 9.27s - Loss: 1.2669e-01 | a: 3.2638e-02, BC: 7.3822e-04, m: 2.7115e-03, u: 4.1079e-03, v: 2.8660e-03, pde_a: 2.0868e-02
Epoch: 3620/5000 - Time: 9.41s - Loss: 8.4494e-02 | a: 3.2581e-02, BC: 4.7940e-04, m: 2.4536e-03, u: 2.0836e-03, v: 1.9041e-03, pde_a: 9.1035e-03
Epoch: 3630/5000 - Time: 9.19s - Loss: 6.5530e-02 | a: 2.7964e-02, BC: 4.2756e-04, m: 2.4017e-03, u: 1.1377e-03, v: 1.4052e-03, pde_a: 9.3075e-03
Epoch: 3640/5000 - Time: 9.20s - Loss: 7.9827e-02 | a: 3.1664e-02, BC: 4.6403e-04, m: 2.4517e-03, u: 1.8117e-03, v: 1.8082e-03, pde_a: 9.0476e-03
Epoch: 3650/5000 - Time: 9.04s - Loss: 7.9277e-02 | a: 3.4394e-02, BC: 4.8098e-04, m: 2.4229e-03, u: 1.4626e-03, v: 1.6188e-03, pde_a: 1.1165e-02
Epoch: 3660/5000 - Time: 9.12s - Loss: 5.9548e-02 | a: 2.7580e-02, BC: 2.5001e-04, m: 2.3873e-03, u: 1.1192e-03, v: 1.0842e-03, pde_a: 7.2975e-03
Epoch: 3670/5000 - Time: 9.22s - Loss: 6.8886e-02 | a: 2.9217e-02, BC: 3.6602e-04, m: 2.3430e-03, u: 1.2226e-03, v: 1.3568e-03, pde_a: 1.1166e-02
Epoch: 3680/5000 - Time: 9.45s - Loss: 9.1472e-02 | a: 4.2217e-02, BC: 5.4004e-04, m: 2.4535e-03, u: 1.4754e-03, v: 1.4767e-03, pde_a: 1.6739e-02
Epoch: 3690/5000 - Time: 9.15s - Loss: 1.0619e-01 | a: 3.8540e-02, BC: 8.8380e-04, m: 2.6187e-03, u: 2.6911e-03, v: 2.5536e-03, pde_a: 1.1704e-02
Epoch: 3700/5000 - Time: 9.18s - Loss: 8.2385e-02 | a: 3.3056e-02, BC: 4.1213e-04, m: 2.4874e-03, u: 1.5344e-03, v: 1.9475e-03, pde_a: 1.1610e-02
Epoch: 3710/5000 - Time: 9.11s - Loss: 7.2819e-02 | a: 2.8710e-02, BC: 3.6918e-04, m: 2.3571e-03, u: 1.5635e-03, v: 1.6025e-03, pde_a: 9.7232e-03
Epoch: 3720/5000 - Time: 9.09s - Loss: 8.9435e-02 | a: 2.7894e-02, BC: 6.8106e-04, m: 2.4982e-03, u: 1.6298e-03, v: 2.0837e-03, pde_a: 2.1226e-02
Epoch: 3730/5000 - Time: 9.14s - Loss: 9.6605e-02 | a: 3.9604e-02, BC: 8.0516e-04, m: 2.5704e-03, u: 2.0269e-03, v: 1.9295e-03, pde_a: 1.4061e-02
Epoch: 3740/5000 - Time: 9.21s - Loss: 1.2348e-01 | a: 4.3362e-02, BC: 5.8384e-04, m: 2.6568e-03, u: 2.7972e-03, v: 3.8568e-03, pde_a: 1.0339e-02
Epoch: 3750/5000 - Time: 9.16s - Loss: 9.6442e-02 | a: 3.1353e-02, BC: 4.8599e-04, m: 2.5340e-03, u: 2.0956e-03, v: 2.7298e-03, pde_a: 1.3815e-02
Epoch: 3760/5000 - Time: 9.22s - Loss: 8.7766e-02 | a: 3.4431e-02, BC: 6.3330e-04, m: 2.5229e-03, u: 1.9691e-03, v: 2.3052e-03, pde_a: 7.4360e-03
Epoch: 3770/5000 - Time: 9.22s - Loss: 8.0877e-02 | a: 3.4904e-02, BC: 6.6436e-04, m: 2.4611e-03, u: 2.2834e-03, v: 1.3328e-03, pde_a: 6.6860e-03
Epoch: 3780/5000 - Time: 9.14s - Loss: 9.2015e-02 | a: 3.1525e-02, BC: 4.9223e-04, m: 2.4596e-03, u: 2.2422e-03, v: 1.9500e-03, pde_a: 1.5617e-02
Epoch: 3790/5000 - Time: 9.09s - Loss: 7.1813e-02 | a: 3.1353e-02, BC: 4.3843e-04, m: 2.4082e-03, u: 1.4631e-03, v: 1.5708e-03, pde_a: 7.2747e-03
Epoch: 3800/5000 - Time: 9.07s - Loss: 1.5049e-01 | a: 4.0428e-02, BC: 9.5583e-04, m: 2.7837e-03, u: 3.7376e-03, v: 5.1630e-03, pde_a: 1.7315e-02
Epoch: 3810/5000 - Time: 9.37s - Loss: 2.1568e-01 | a: 3.8147e-02, BC: 1.4274e-03, m: 2.9751e-03, u: 6.2917e-03, v: 7.4556e-03, pde_a: 3.5654e-02
Epoch: 3820/5000 - Time: 9.15s - Loss: 8.3436e-02 | a: 4.3736e-02, BC: 6.2502e-04, m: 2.4128e-03, u: 1.3533e-03, v: 1.5769e-03, pde_a: 7.3601e-03
Epoch: 3830/5000 - Time: 9.01s - Loss: 1.1122e-01 | a: 3.5544e-02, BC: 5.1309e-04, m: 2.5649e-03, u: 2.7487e-03, v: 2.7602e-03, pde_a: 1.7514e-02
Epoch: 3840/5000 - Time: 9.57s - Loss: 6.3116e-02 | a: 2.6819e-02, BC: 3.4456e-04, m: 2.3974e-03, u: 1.1862e-03, v: 1.1069e-03, pde_a: 1.0624e-02
Epoch: 3850/5000 - Time: 9.81s - Loss: 6.6566e-02 | a: 2.8581e-02, BC: 3.2423e-04, m: 2.3173e-03, u: 1.1126e-03, v: 1.2896e-03, pde_a: 1.1321e-02
Epoch: 3860/5000 - Time: 9.62s - Loss: 8.1773e-02 | a: 3.5010e-02, BC: 4.1821e-04, m: 2.3926e-03, u: 1.5342e-03, v: 1.8161e-03, pde_a: 1.0449e-02
Epoch: 3870/5000 - Time: 8.99s - Loss: 6.6896e-02 | a: 2.8651e-02, BC: 3.8220e-04, m: 2.3011e-03, u: 1.0300e-03, v: 1.1349e-03, pde_a: 1.3913e-02
Epoch: 3880/5000 - Time: 8.95s - Loss: 9.0471e-02 | a: 3.4377e-02, BC: 4.3423e-04, m: 2.4482e-03, u: 2.0391e-03, v: 2.2797e-03, pde_a: 1.0024e-02
Epoch: 3890/5000 - Time: 9.03s - Loss: 6.4620e-02 | a: 2.8345e-02, BC: 4.2462e-04, m: 2.3537e-03, u: 1.3339e-03, v: 1.2425e-03, pde_a: 7.7325e-03
Epoch: 3900/5000 - Time: 8.99s - Loss: 6.0582e-02 | a: 2.6692e-02, BC: 4.3462e-04, m: 2.3095e-03, u: 9.1770e-04, v: 1.1260e-03, pde_a: 1.0708e-02
Epoch: 3910/5000 - Time: 9.10s - Loss: 1.1247e-01 | a: 3.7704e-02, BC: 7.4782e-04, m: 2.5697e-03, u: 2.8853e-03, v: 3.0536e-03, pde_a: 1.2059e-02
Epoch: 3920/5000 - Time: 9.24s - Loss: 7.6207e-02 | a: 3.8105e-02, BC: 7.0154e-04, m: 2.3490e-03, u: 1.2108e-03, v: 9.7574e-04, pde_a: 1.3186e-02
Epoch: 3930/5000 - Time: 9.10s - Loss: 5.7143e-02 | a: 2.6889e-02, BC: 2.3086e-04, m: 2.3008e-03, u: 1.0343e-03, v: 1.0467e-03, pde_a: 6.9117e-03
Epoch: 3940/5000 - Time: 9.05s - Loss: 6.5152e-02 | a: 2.8609e-02, BC: 3.5824e-04, m: 2.3262e-03, u: 1.1610e-03, v: 1.3316e-03, pde_a: 8.9328e-03
Epoch: 3950/5000 - Time: 9.75s - Loss: 7.4905e-02 | a: 3.2172e-02, BC: 5.6745e-04, m: 2.3619e-03, u: 1.4557e-03, v: 1.6281e-03, pde_a: 8.9650e-03
Epoch: 3960/5000 - Time: 9.84s - Loss: 1.0005e-01 | a: 2.9336e-02, BC: 6.6052e-04, m: 2.5266e-03, u: 2.8315e-03, v: 1.9619e-03, pde_a: 1.9593e-02
Epoch: 3970/5000 - Time: 9.95s - Loss: 5.7204e-02 | a: 2.7678e-02, BC: 3.9302e-04, m: 2.3104e-03, u: 9.7938e-04, v: 8.8154e-04, pde_a: 8.2128e-03
Epoch: 3980/5000 - Time: 9.59s - Loss: 1.3174e-01 | a: 3.3402e-02, BC: 7.8768e-04, m: 2.7166e-03, u: 4.9215e-03, v: 2.7782e-03, pde_a: 1.7838e-02
Epoch: 3990/5000 - Time: 9.73s - Loss: 7.9601e-02 | a: 2.9754e-02, BC: 4.5640e-04, m: 2.4552e-03, u: 1.9501e-03, v: 1.9471e-03, pde_a: 7.9638e-03
Epoch: 4000/5000 - Time: 9.65s - Loss: 8.0543e-02 | a: 3.2499e-02, BC: 5.2864e-04, m: 2.3560e-03, u: 1.6827e-03, v: 1.8958e-03, pde_a: 9.3741e-03
Epoch: 4010/5000 - Time: 9.76s - Loss: 6.3026e-02 | a: 2.8106e-02, BC: 3.6215e-04, m: 2.2956e-03, u: 1.3435e-03, v: 1.1714e-03, pde_a: 7.1128e-03
Epoch: 4020/5000 - Time: 9.70s - Loss: 1.1474e-01 | a: 3.9123e-02, BC: 6.1663e-04, m: 2.5854e-03, u: 2.7340e-03, v: 3.4111e-03, pde_a: 1.0960e-02
Epoch: 4030/5000 - Time: 9.17s - Loss: 4.9347e-02 | a: 2.9142e-02, BC: 1.9819e-04, m: 2.2228e-03, u: 5.8987e-04, v: 5.6934e-04, pde_a: 6.1915e-03
Saving checkpoint at epoch 4030 with loss 4.9347e-02
Epoch: 4040/5000 - Time: 9.07s - Loss: 5.5336e-02 | a: 2.6146e-02, BC: 2.2122e-04, m: 2.3340e-03, u: 7.5728e-04, v: 7.7036e-04, pde_a: 1.1359e-02
Epoch: 4050/5000 - Time: 9.00s - Loss: 5.7135e-02 | a: 2.6082e-02, BC: 2.2288e-04, m: 2.3111e-03, u: 9.3328e-04, v: 1.0188e-03, pde_a: 8.9986e-03
Epoch: 4060/5000 - Time: 9.32s - Loss: 6.3496e-02 | a: 2.9007e-02, BC: 2.9697e-04, m: 2.2838e-03, u: 1.0426e-03, v: 1.2957e-03, pde_a: 8.5252e-03
Epoch: 4070/5000 - Time: 9.13s - Loss: 7.5031e-02 | a: 2.9444e-02, BC: 5.0470e-04, m: 2.3800e-03, u: 1.6873e-03, v: 1.7120e-03, pde_a: 8.7089e-03
Epoch: 4080/5000 - Time: 9.09s - Loss: 1.1159e-01 | a: 4.2085e-02, BC: 1.2623e-03, m: 2.5952e-03, u: 2.6168e-03, v: 2.7440e-03, pde_a: 1.2041e-02
Epoch: 4090/5000 - Time: 9.20s - Loss: 7.6762e-02 | a: 2.8990e-02, BC: 6.4447e-04, m: 2.3370e-03, u: 1.7377e-03, v: 1.5567e-03, pde_a: 1.1846e-02
Epoch: 4100/5000 - Time: 9.14s - Loss: 6.5377e-02 | a: 2.7897e-02, BC: 3.8814e-04, m: 2.3026e-03, u: 1.3420e-03, v: 1.4288e-03, pde_a: 7.0813e-03
Epoch: 4110/5000 - Time: 9.51s - Loss: 6.0950e-02 | a: 3.2308e-02, BC: 2.7146e-04, m: 2.1909e-03, u: 9.9556e-04, v: 1.0430e-03, pde_a: 5.7937e-03
Epoch: 4120/5000 - Time: 9.14s - Loss: 5.6350e-02 | a: 2.7235e-02, BC: 1.7160e-04, m: 2.3171e-03, u: 1.1788e-03, v: 9.0934e-04, pde_a: 5.7452e-03
Epoch: 4130/5000 - Time: 9.03s - Loss: 7.7194e-02 | a: 3.2326e-02, BC: 4.7990e-04, m: 2.3009e-03, u: 1.2506e-03, v: 1.3607e-03, pde_a: 1.5974e-02
Epoch: 4140/5000 - Time: 9.02s - Loss: 7.6797e-02 | a: 3.2040e-02, BC: 4.7490e-04, m: 2.3316e-03, u: 1.4696e-03, v: 1.4482e-03, pde_a: 1.2773e-02
Epoch: 4150/5000 - Time: 9.09s - Loss: 1.1227e-01 | a: 3.2049e-02, BC: 7.0716e-04, m: 2.5601e-03, u: 3.0847e-03, v: 3.4347e-03, pde_a: 1.1755e-02
Epoch: 4160/5000 - Time: 9.25s - Loss: 6.8046e-02 | a: 2.8139e-02, BC: 4.5879e-04, m: 2.2932e-03, u: 1.2614e-03, v: 9.5434e-04, pde_a: 1.4998e-02
Epoch: 4170/5000 - Time: 9.71s - Loss: 8.4243e-02 | a: 3.2670e-02, BC: 5.5429e-04, m: 2.4017e-03, u: 1.9708e-03, v: 1.8738e-03, pde_a: 1.0171e-02
Epoch: 4180/5000 - Time: 9.13s - Loss: 7.9228e-02 | a: 2.9750e-02, BC: 5.1721e-04, m: 2.3729e-03, u: 1.7140e-03, v: 2.1131e-03, pde_a: 8.3159e-03
Epoch: 4190/5000 - Time: 9.14s - Loss: 5.9107e-02 | a: 2.8143e-02, BC: 3.4194e-04, m: 2.2385e-03, u: 9.2930e-04, v: 8.9653e-04, pde_a: 1.0125e-02
Epoch: 4200/5000 - Time: 9.21s - Loss: 5.7809e-02 | a: 2.8155e-02, BC: 6.3736e-04, m: 2.2423e-03, u: 1.0427e-03, v: 8.4424e-04, pde_a: 7.9045e-03
Epoch: 4210/5000 - Time: 9.15s - Loss: 6.0507e-02 | a: 2.8282e-02, BC: 3.9826e-04, m: 2.2875e-03, u: 1.0755e-03, v: 9.2608e-04, pde_a: 9.5234e-03
Epoch: 4220/5000 - Time: 9.39s - Loss: 6.8666e-02 | a: 3.0333e-02, BC: 3.5163e-04, m: 2.2971e-03, u: 1.0700e-03, v: 1.4607e-03, pde_a: 1.0378e-02
Epoch: 4230/5000 - Time: 9.19s - Loss: 8.8756e-02 | a: 2.8156e-02, BC: 6.2151e-04, m: 2.4715e-03, u: 2.3191e-03, v: 2.5156e-03, pde_a: 9.1599e-03
Epoch: 4240/5000 - Time: 9.34s - Loss: 7.8107e-02 | a: 3.2697e-02, BC: 3.5402e-04, m: 2.3523e-03, u: 1.7960e-03, v: 1.4005e-03, pde_a: 1.0739e-02
Epoch: 4250/5000 - Time: 9.17s - Loss: 1.1563e-01 | a: 3.6876e-02, BC: 6.0739e-04, m: 2.5863e-03, u: 3.0786e-03, v: 3.4574e-03, pde_a: 1.0200e-02
Epoch: 4260/5000 - Time: 9.21s - Loss: 1.3741e-01 | a: 5.0306e-02, BC: 6.3822e-04, m: 2.6614e-03, u: 4.5185e-03, v: 2.6458e-03, pde_a: 1.2164e-02
Epoch: 4270/5000 - Time: 9.01s - Loss: 4.9220e-02 | a: 2.9552e-02, BC: 2.1020e-04, m: 2.1198e-03, u: 5.9041e-04, v: 5.3789e-04, pde_a: 6.0551e-03
Saving checkpoint at epoch 4270 with loss 4.9220e-02
Epoch: 4280/5000 - Time: 9.16s - Loss: 5.4652e-02 | a: 2.6755e-02, BC: 2.4161e-04, m: 2.2374e-03, u: 8.9718e-04, v: 9.5325e-04, pde_a: 6.9134e-03
Epoch: 4290/5000 - Time: 9.19s - Loss: 5.9701e-02 | a: 2.6925e-02, BC: 2.6891e-04, m: 2.2906e-03, u: 1.2563e-03, v: 1.1038e-03, pde_a: 6.6153e-03
Epoch: 4300/5000 - Time: 9.52s - Loss: 8.2452e-02 | a: 3.0610e-02, BC: 4.4559e-04, m: 2.3608e-03, u: 1.7190e-03, v: 2.1774e-03, pde_a: 1.0071e-02
Epoch: 4310/5000 - Time: 9.22s - Loss: 8.1627e-02 | a: 3.6791e-02, BC: 5.2542e-04, m: 2.3570e-03, u: 2.0264e-03, v: 1.3816e-03, pde_a: 7.8735e-03
Epoch: 4320/5000 - Time: 9.23s - Loss: 6.9795e-02 | a: 2.6916e-02, BC: 3.7721e-04, m: 2.3092e-03, u: 1.4668e-03, v: 1.7664e-03, pde_a: 7.8596e-03
Epoch: 4330/5000 - Time: 9.19s - Loss: 1.4940e-01 | a: 5.6248e-02, BC: 8.0878e-04, m: 2.7631e-03, u: 3.0838e-03, v: 4.5237e-03, pde_a: 1.3503e-02
Epoch: 4340/5000 - Time: 9.03s - Loss: 7.0718e-02 | a: 2.7615e-02, BC: 3.1965e-04, m: 2.3262e-03, u: 1.5459e-03, v: 1.7066e-03, pde_a: 7.9324e-03
Epoch: 4350/5000 - Time: 9.05s - Loss: 6.7947e-02 | a: 2.9581e-02, BC: 3.9342e-04, m: 2.2316e-03, u: 1.3888e-03, v: 1.3428e-03, pde_a: 8.4245e-03
Epoch: 4360/5000 - Time: 9.01s - Loss: 8.9772e-02 | a: 3.5769e-02, BC: 5.0340e-04, m: 2.4215e-03, u: 1.5244e-03, v: 2.7773e-03, pde_a: 8.0625e-03
Epoch: 4370/5000 - Time: 9.13s - Loss: 5.4392e-02 | a: 2.6836e-02, BC: 3.8177e-04, m: 2.1920e-03, u: 8.7088e-04, v: 8.2428e-04, pde_a: 8.0312e-03
Epoch: 4380/5000 - Time: 9.12s - Loss: 1.0094e-01 | a: 2.9173e-02, BC: 4.9130e-04, m: 2.3382e-03, u: 1.4078e-03, v: 1.7559e-03, pde_a: 3.7306e-02
Epoch: 4390/5000 - Time: 9.18s - Loss: 5.2424e-02 | a: 3.0126e-02, BC: 1.7623e-04, m: 2.1368e-03, u: 7.0557e-04, v: 6.4773e-04, pde_a: 6.4513e-03
Epoch: 4400/5000 - Time: 9.51s - Loss: 7.3843e-02 | a: 3.0448e-02, BC: 4.5925e-04, m: 2.3573e-03, u: 1.7774e-03, v: 1.4499e-03, pde_a: 8.3053e-03
Epoch: 4410/5000 - Time: 9.29s - Loss: 7.7634e-02 | a: 2.8817e-02, BC: 5.3020e-04, m: 2.2995e-03, u: 1.6393e-03, v: 1.8562e-03, pde_a: 1.1032e-02
Epoch: 4420/5000 - Time: 9.20s - Loss: 7.4469e-02 | a: 2.7848e-02, BC: 3.8187e-04, m: 2.2448e-03, u: 1.2887e-03, v: 2.1047e-03, pde_a: 1.0061e-02
Epoch: 4430/5000 - Time: 9.11s - Loss: 7.7623e-02 | a: 2.8179e-02, BC: 3.8471e-04, m: 2.3402e-03, u: 1.4706e-03, v: 1.8625e-03, pde_a: 1.3388e-02
Epoch: 4440/5000 - Time: 9.59s - Loss: 1.1516e-01 | a: 4.0727e-02, BC: 8.9604e-04, m: 2.4209e-03, u: 3.0037e-03, v: 2.8340e-03, pde_a: 1.2735e-02
Epoch: 4450/5000 - Time: 9.19s - Loss: 6.9149e-02 | a: 3.1568e-02, BC: 4.2772e-04, m: 2.2624e-03, u: 1.4174e-03, v: 1.3324e-03, pde_a: 7.3933e-03
Epoch: 4460/5000 - Time: 8.96s - Loss: 9.4193e-02 | a: 3.2265e-02, BC: 9.6663e-04, m: 2.4059e-03, u: 1.8894e-03, v: 2.6673e-03, pde_a: 1.2989e-02
Epoch: 4470/5000 - Time: 9.06s - Loss: 1.0010e-01 | a: 3.8860e-02, BC: 8.1043e-04, m: 2.4423e-03, u: 2.6339e-03, v: 1.9175e-03, pde_a: 1.2468e-02
Epoch: 4480/5000 - Time: 9.00s - Loss: 8.1986e-02 | a: 2.8648e-02, BC: 8.2036e-04, m: 2.3215e-03, u: 2.0744e-03, v: 2.2244e-03, pde_a: 7.2077e-03
Epoch: 4490/5000 - Time: 9.00s - Loss: 1.1754e-01 | a: 3.6307e-02, BC: 1.4613e-03, m: 2.6178e-03, u: 3.0371e-03, v: 2.9959e-03, pde_a: 1.6825e-02
Epoch: 4500/5000 - Time: 9.02s - Loss: 7.0499e-02 | a: 3.0719e-02, BC: 3.3911e-04, m: 2.2943e-03, u: 1.4517e-03, v: 1.3819e-03, pde_a: 8.8111e-03
Epoch: 4510/5000 - Time: 8.98s - Loss: 1.0042e-01 | a: 4.2972e-02, BC: 7.3966e-04, m: 2.4750e-03, u: 2.7050e-03, v: 1.9027e-03, pde_a: 8.1537e-03
Epoch: 4520/5000 - Time: 9.00s - Loss: 7.0810e-02 | a: 2.9927e-02, BC: 3.5649e-04, m: 2.2754e-03, u: 9.7066e-04, v: 9.5733e-04, pde_a: 1.8971e-02
Epoch: 4530/5000 - Time: 9.07s - Loss: 7.3913e-02 | a: 3.0876e-02, BC: 5.7277e-04, m: 2.2673e-03, u: 1.3402e-03, v: 1.3675e-03, pde_a: 1.3120e-02
Epoch: 4540/5000 - Time: 9.06s - Loss: 1.1487e-01 | a: 4.4543e-02, BC: 7.6772e-04, m: 2.4861e-03, u: 3.0350e-03, v: 2.5683e-03, pde_a: 1.1040e-02
Epoch: 4550/5000 - Time: 9.10s - Loss: 9.3917e-02 | a: 4.1859e-02, BC: 5.3242e-04, m: 2.3943e-03, u: 2.4210e-03, v: 1.6141e-03, pde_a: 8.7797e-03
Epoch: 4560/5000 - Time: 9.09s - Loss: 9.9197e-02 | a: 3.0559e-02, BC: 6.0717e-04, m: 2.3428e-03, u: 2.0133e-03, v: 2.8473e-03, pde_a: 1.7082e-02
Epoch: 4570/5000 - Time: 9.12s - Loss: 9.3806e-02 | a: 4.3769e-02, BC: 4.9425e-04, m: 2.3270e-03, u: 1.5863e-03, v: 2.2049e-03, pde_a: 9.3035e-03
Epoch: 4580/5000 - Time: 10.30s - Loss: 1.2688e-01 | a: 3.4665e-02, BC: 7.3278e-04, m: 2.5672e-03, u: 3.8378e-03, v: 3.2451e-03, pde_a: 1.8082e-02
Epoch: 4590/5000 - Time: 10.35s - Loss: 6.9148e-02 | a: 2.8986e-02, BC: 2.9381e-04, m: 2.2062e-03, u: 1.1310e-03, v: 1.3920e-03, pde_a: 1.2433e-02
Epoch: 4600/5000 - Time: 9.97s - Loss: 6.4377e-02 | a: 3.3841e-02, BC: 5.2000e-04, m: 2.2597e-03, u: 8.5651e-04, v: 1.1438e-03, pde_a: 7.7530e-03
Epoch: 4610/5000 - Time: 9.83s - Loss: 6.7612e-02 | a: 3.0465e-02, BC: 4.9236e-04, m: 2.2423e-03, u: 1.0956e-03, v: 1.5511e-03, pde_a: 7.9461e-03
Epoch: 4620/5000 - Time: 9.49s - Loss: 7.6626e-02 | a: 2.9159e-02, BC: 4.0404e-04, m: 2.2737e-03, u: 1.2889e-03, v: 1.4366e-03, pde_a: 1.7534e-02
Epoch: 4630/5000 - Time: 9.04s - Loss: 7.2947e-02 | a: 3.1313e-02, BC: 3.5417e-04, m: 2.2548e-03, u: 1.3632e-03, v: 1.5311e-03, pde_a: 1.0082e-02
Epoch: 4640/5000 - Time: 9.10s - Loss: 7.1710e-02 | a: 2.9029e-02, BC: 5.0581e-04, m: 2.2731e-03, u: 1.5537e-03, v: 1.4019e-03, pde_a: 1.0346e-02
Epoch: 4650/5000 - Time: 9.17s - Loss: 1.3832e-01 | a: 3.7302e-02, BC: 9.0801e-04, m: 2.4769e-03, u: 3.9188e-03, v: 4.0859e-03, pde_a: 1.7585e-02
Epoch: 4660/5000 - Time: 9.13s - Loss: 6.5603e-02 | a: 3.0197e-02, BC: 4.0909e-04, m: 2.2342e-03, u: 1.1637e-03, v: 1.1153e-03, pde_a: 9.9732e-03
Epoch: 4670/5000 - Time: 8.98s - Loss: 7.3885e-02 | a: 3.1143e-02, BC: 4.3654e-04, m: 2.2664e-03, u: 1.2419e-03, v: 1.5815e-03, pde_a: 1.1804e-02
Epoch: 4680/5000 - Time: 9.24s - Loss: 6.5387e-02 | a: 3.0160e-02, BC: 4.9064e-04, m: 2.2141e-03, u: 1.1455e-03, v: 1.3090e-03, pde_a: 7.9779e-03
Epoch: 4690/5000 - Time: 9.78s - Loss: 6.4047e-02 | a: 2.8732e-02, BC: 4.2547e-04, m: 2.2092e-03, u: 1.2308e-03, v: 1.2258e-03, pde_a: 8.1153e-03
Epoch: 4700/5000 - Time: 9.94s - Loss: 7.8985e-02 | a: 3.1753e-02, BC: 6.5857e-04, m: 2.3171e-03, u: 1.4972e-03, v: 1.7677e-03, pde_a: 1.1607e-02
Epoch: 4710/5000 - Time: 9.56s - Loss: 6.6670e-02 | a: 2.8000e-02, BC: 3.5071e-04, m: 2.2334e-03, u: 1.2446e-03, v: 1.0721e-03, pde_a: 1.2919e-02
Epoch: 4720/5000 - Time: 9.23s - Loss: 1.4503e-01 | a: 3.6120e-02, BC: 6.6470e-04, m: 2.6009e-03, u: 4.2953e-03, v: 5.0139e-03, pde_a: 1.2550e-02
Epoch: 4730/5000 - Time: 9.60s - Loss: 5.5582e-02 | a: 2.8339e-02, BC: 3.2267e-04, m: 2.1645e-03, u: 9.7415e-04, v: 9.0151e-04, pde_a: 5.9993e-03
Epoch: 4740/5000 - Time: 9.33s - Loss: 8.5893e-02 | a: 2.9347e-02, BC: 5.9080e-04, m: 2.3984e-03, u: 1.9039e-03, v: 2.6375e-03, pde_a: 8.1438e-03
Epoch: 4750/5000 - Time: 9.34s - Loss: 1.0602e-01 | a: 3.2407e-02, BC: 1.0054e-03, m: 2.4191e-03, u: 2.4070e-03, v: 3.6502e-03, pde_a: 9.6190e-03
Epoch: 4760/5000 - Time: 9.22s - Loss: 7.6462e-02 | a: 3.0524e-02, BC: 3.4515e-04, m: 2.2951e-03, u: 1.6285e-03, v: 1.7269e-03, pde_a: 9.7442e-03
Epoch: 4770/5000 - Time: 9.59s - Loss: 6.7994e-02 | a: 3.0283e-02, BC: 4.5238e-04, m: 2.2666e-03, u: 1.6653e-03, v: 1.1811e-03, pde_a: 6.5281e-03
Epoch: 4780/5000 - Time: 9.39s - Loss: 8.5279e-02 | a: 3.1089e-02, BC: 7.1336e-04, m: 2.3056e-03, u: 1.9748e-03, v: 2.3487e-03, pde_a: 7.9369e-03
Epoch: 4790/5000 - Time: 9.07s - Loss: 1.8934e-01 | a: 8.2117e-02, BC: 1.2311e-03, m: 2.6039e-03, u: 4.3780e-03, v: 4.0668e-03, pde_a: 1.8938e-02
Epoch: 4800/5000 - Time: 9.06s - Loss: 4.9464e-02 | a: 3.0791e-02, BC: 1.9897e-04, m: 2.0636e-03, u: 5.8376e-04, v: 5.3289e-04, pde_a: 5.2435e-03
Epoch: 4810/5000 - Time: 9.09s - Loss: 5.3920e-02 | a: 3.1126e-02, BC: 2.8015e-04, m: 2.1833e-03, u: 7.6373e-04, v: 6.6555e-04, pde_a: 6.0380e-03
Epoch: 4820/5000 - Time: 9.22s - Loss: 7.9273e-02 | a: 3.0778e-02, BC: 4.5306e-04, m: 2.2446e-03, u: 1.6922e-03, v: 1.6665e-03, pde_a: 1.2210e-02
Epoch: 4830/5000 - Time: 9.47s - Loss: 9.0508e-02 | a: 2.9871e-02, BC: 3.2015e-04, m: 2.4409e-03, u: 2.8289e-03, v: 2.0798e-03, pde_a: 8.7896e-03
Epoch: 4840/5000 - Time: 9.07s - Loss: 7.7570e-02 | a: 2.8567e-02, BC: 6.2270e-04, m: 2.1980e-03, u: 1.6192e-03, v: 1.9260e-03, pde_a: 1.0731e-02
Epoch: 4850/5000 - Time: 9.17s - Loss: 8.1588e-02 | a: 3.1821e-02, BC: 4.4232e-04, m: 2.2232e-03, u: 1.6250e-03, v: 1.4605e-03, pde_a: 1.6246e-02
Epoch: 4860/5000 - Time: 9.14s - Loss: 1.2931e-01 | a: 4.9214e-02, BC: 9.0380e-04, m: 2.4272e-03, u: 2.6106e-03, v: 2.3358e-03, pde_a: 2.7296e-02
Epoch: 4870/5000 - Time: 9.19s - Loss: 7.1170e-02 | a: 2.6573e-02, BC: 4.0505e-04, m: 2.2494e-03, u: 1.5033e-03, v: 1.6456e-03, pde_a: 1.0454e-02
Epoch: 4880/5000 - Time: 9.29s - Loss: 6.7645e-02 | a: 3.0207e-02, BC: 4.3804e-04, m: 2.2128e-03, u: 1.4489e-03, v: 1.0765e-03, pde_a: 9.5332e-03
Epoch: 4890/5000 - Time: 9.41s - Loss: 4.9963e-02 | a: 2.7334e-02, BC: 1.8179e-04, m: 2.0743e-03, u: 8.2688e-04, v: 6.2926e-04, pde_a: 5.8117e-03
Epoch: 4900/5000 - Time: 9.27s - Loss: 8.1476e-02 | a: 2.9661e-02, BC: 5.8546e-04, m: 2.3070e-03, u: 1.8572e-03, v: 1.8058e-03, pde_a: 1.2292e-02
Epoch: 4910/5000 - Time: 9.19s - Loss: 7.8177e-02 | a: 2.8606e-02, BC: 4.0848e-04, m: 2.2746e-03, u: 1.8237e-03, v: 1.6301e-03, pde_a: 1.2350e-02
Epoch: 4920/5000 - Time: 9.07s - Loss: 9.7276e-02 | a: 2.9932e-02, BC: 4.9230e-04, m: 2.3732e-03, u: 2.0546e-03, v: 2.9242e-03, pde_a: 1.4691e-02
Epoch: 4930/5000 - Time: 9.37s - Loss: 9.4705e-02 | a: 3.0987e-02, BC: 1.0510e-03, m: 2.3273e-03, u: 2.6269e-03, v: 2.4539e-03, pde_a: 9.5313e-03
Epoch: 4940/5000 - Time: 9.67s - Loss: 7.1526e-02 | a: 2.6102e-02, BC: 4.6989e-04, m: 2.1535e-03, u: 1.3400e-03, v: 1.4129e-03, pde_a: 1.5271e-02
Epoch: 4950/5000 - Time: 9.82s - Loss: 9.3146e-02 | a: 3.6533e-02, BC: 7.3037e-04, m: 2.2727e-03, u: 2.2897e-03, v: 1.9349e-03, pde_a: 1.1364e-02
Epoch: 4960/5000 - Time: 9.76s - Loss: 9.0068e-02 | a: 2.8553e-02, BC: 4.5768e-04, m: 2.2370e-03, u: 2.0364e-03, v: 2.3556e-03, pde_a: 1.4901e-02
Epoch: 4970/5000 - Time: 9.02s - Loss: 1.0593e-01 | a: 2.9299e-02, BC: 6.4730e-04, m: 2.4004e-03, u: 2.5045e-03, v: 3.3506e-03, pde_a: 1.5033e-02
Epoch: 4980/5000 - Time: 8.99s - Loss: 6.3234e-02 | a: 2.7539e-02, BC: 4.3922e-04, m: 2.1439e-03, u: 1.1419e-03, v: 1.3150e-03, pde_a: 8.5424e-03
Epoch: 4990/5000 - Time: 8.98s - Loss: 7.8163e-02 | a: 3.2678e-02, BC: 3.6119e-04, m: 2.2470e-03, u: 1.7460e-03, v: 1.6997e-03, pde_a: 8.4197e-03
Epoch: 5000/5000 - Time: 9.38s - Loss: 5.5716e-02 | a: 2.7095e-02, BC: 2.5112e-04, m: 2.1256e-03, u: 7.7848e-04, v: 9.0309e-04, pde_a: 9.4284e-03

--- Starting Training Phase 3/5 ---
Epochs: 5000, Learning Rate: 1e-05
Total samples: 185940, Desired batch size: 9297
Calculated num_batches: 20, Proportional batch sizes: {'A': 1305, 'PDE': 7910, 'N': 20, 'EW': 20, 'NSEW': 42}
Epoch: 10/5000 - Time: 9.08s - Loss: 3.8201e-02 | a: 2.3264e-02, BC: 1.0003e-04, m: 2.0759e-03, u: 4.3012e-04, v: 3.8014e-04, pde_a: 4.6580e-03
Saving checkpoint at epoch 10 with loss 3.8201e-02
Epoch: 20/5000 - Time: 9.54s - Loss: 3.7263e-02 | a: 2.2389e-02, BC: 1.0234e-04, m: 2.1075e-03, u: 4.2616e-04, v: 3.6950e-04, pde_a: 4.7071e-03
Saving checkpoint at epoch 20 with loss 3.7263e-02
Epoch: 30/5000 - Time: 9.23s - Loss: 3.8031e-02 | a: 2.2458e-02, BC: 1.1093e-04, m: 2.1361e-03, u: 4.6285e-04, v: 4.0105e-04, pde_a: 4.6868e-03
Epoch: 40/5000 - Time: 9.12s - Loss: 3.7036e-02 | a: 2.1452e-02, BC: 1.1112e-04, m: 2.1700e-03, u: 4.6563e-04, v: 3.9514e-04, pde_a: 4.6954e-03
Saving checkpoint at epoch 40 with loss 3.7036e-02
Epoch: 50/5000 - Time: 9.15s - Loss: 3.6898e-02 | a: 2.0969e-02, BC: 1.0904e-04, m: 2.1736e-03, u: 4.7838e-04, v: 4.0989e-04, pde_a: 4.7639e-03
Saving checkpoint at epoch 50 with loss 3.6898e-02
Epoch: 60/5000 - Time: 9.09s - Loss: 3.6756e-02 | a: 2.0159e-02, BC: 1.1183e-04, m: 2.2169e-03, u: 5.1389e-04, v: 4.4734e-04, pde_a: 4.6561e-03
Saving checkpoint at epoch 60 with loss 3.6756e-02
Epoch: 70/5000 - Time: 9.31s - Loss: 3.6545e-02 | a: 1.9817e-02, BC: 1.2066e-04, m: 2.2322e-03, u: 5.1537e-04, v: 4.4609e-04, pde_a: 4.7599e-03
Saving checkpoint at epoch 70 with loss 3.6545e-02
Epoch: 80/5000 - Time: 9.11s - Loss: 3.7077e-02 | a: 1.9671e-02, BC: 1.2054e-04, m: 2.2443e-03, u: 5.6264e-04, v: 4.6219e-04, pde_a: 4.7925e-03
Epoch: 90/5000 - Time: 9.15s - Loss: 3.7625e-02 | a: 1.9668e-02, BC: 1.2944e-04, m: 2.2676e-03, u: 5.6298e-04, v: 5.0826e-04, pde_a: 4.8471e-03
Epoch: 100/5000 - Time: 9.12s - Loss: 3.7653e-02 | a: 1.9368e-02, BC: 1.2145e-04, m: 2.2972e-03, u: 5.9046e-04, v: 5.0323e-04, pde_a: 4.9295e-03
Epoch: 110/5000 - Time: 9.83s - Loss: 3.6810e-02 | a: 1.8515e-02, BC: 1.2858e-04, m: 2.2786e-03, u: 5.8205e-04, v: 5.1098e-04, pde_a: 4.9580e-03
Epoch: 120/5000 - Time: 9.53s - Loss: 3.7014e-02 | a: 1.8429e-02, BC: 1.5532e-04, m: 2.2922e-03, u: 6.0548e-04, v: 5.1745e-04, pde_a: 4.9090e-03
Epoch: 130/5000 - Time: 9.76s - Loss: 3.8849e-02 | a: 1.7712e-02, BC: 1.3315e-04, m: 2.3092e-03, u: 7.2492e-04, v: 6.3561e-04, pde_a: 5.0898e-03
Epoch: 140/5000 - Time: 9.87s - Loss: 3.7857e-02 | a: 1.8002e-02, BC: 1.3923e-04, m: 2.2795e-03, u: 6.5259e-04, v: 5.7992e-04, pde_a: 5.1117e-03
Epoch: 150/5000 - Time: 9.78s - Loss: 3.7233e-02 | a: 1.7230e-02, BC: 1.3325e-04, m: 2.2912e-03, u: 6.7333e-04, v: 5.9116e-04, pde_a: 4.9338e-03
Epoch: 160/5000 - Time: 9.04s - Loss: 3.8617e-02 | a: 1.7234e-02, BC: 1.3843e-04, m: 2.3034e-03, u: 6.7426e-04, v: 7.0329e-04, pde_a: 5.1658e-03
Epoch: 170/5000 - Time: 9.04s - Loss: 4.1512e-02 | a: 1.8167e-02, BC: 1.5266e-04, m: 2.3095e-03, u: 8.8531e-04, v: 6.5238e-04, pde_a: 5.5054e-03
Epoch: 180/5000 - Time: 9.03s - Loss: 3.8902e-02 | a: 1.7287e-02, BC: 1.5639e-04, m: 2.2695e-03, u: 7.6216e-04, v: 6.5687e-04, pde_a: 4.9988e-03
Epoch: 190/5000 - Time: 9.30s - Loss: 3.9788e-02 | a: 1.7385e-02, BC: 1.6259e-04, m: 2.2690e-03, u: 8.2600e-04, v: 6.6789e-04, pde_a: 5.0323e-03
Epoch: 200/5000 - Time: 9.34s - Loss: 3.6747e-02 | a: 1.6613e-02, BC: 1.5266e-04, m: 2.2629e-03, u: 6.5964e-04, v: 5.7078e-04, pde_a: 5.4147e-03
Epoch: 210/5000 - Time: 9.34s - Loss: 3.7580e-02 | a: 1.6591e-02, BC: 1.6302e-04, m: 2.2640e-03, u: 7.0306e-04, v: 6.5828e-04, pde_a: 4.9488e-03
Epoch: 220/5000 - Time: 9.19s - Loss: 3.7113e-02 | a: 1.6635e-02, BC: 1.3363e-04, m: 2.2492e-03, u: 6.8175e-04, v: 6.3081e-04, pde_a: 4.9692e-03
Epoch: 230/5000 - Time: 9.29s - Loss: 3.6737e-02 | a: 1.6384e-02, BC: 1.4261e-04, m: 2.2517e-03, u: 6.7135e-04, v: 6.1211e-04, pde_a: 5.1247e-03
Epoch: 240/5000 - Time: 9.43s - Loss: 3.9107e-02 | a: 1.6043e-02, BC: 1.4784e-04, m: 2.2634e-03, u: 8.8774e-04, v: 6.6360e-04, pde_a: 5.1396e-03
Epoch: 250/5000 - Time: 9.16s - Loss: 3.7001e-02 | a: 1.5457e-02, BC: 1.3407e-04, m: 2.2422e-03, u: 7.3255e-04, v: 6.9423e-04, pde_a: 4.9002e-03
Epoch: 260/5000 - Time: 9.20s - Loss: 3.8855e-02 | a: 1.6651e-02, BC: 1.6972e-04, m: 2.2302e-03, u: 7.2080e-04, v: 6.6402e-04, pde_a: 5.9556e-03
Epoch: 270/5000 - Time: 9.21s - Loss: 3.7732e-02 | a: 1.5681e-02, BC: 1.4642e-04, m: 2.2540e-03, u: 7.5330e-04, v: 6.7790e-04, pde_a: 5.3379e-03
Epoch: 280/5000 - Time: 9.23s - Loss: 3.5873e-02 | a: 1.5287e-02, BC: 1.2563e-04, m: 2.1977e-03, u: 7.3144e-04, v: 6.1192e-04, pde_a: 4.8288e-03
Saving checkpoint at epoch 280 with loss 3.5873e-02
Epoch: 290/5000 - Time: 9.14s - Loss: 3.5375e-02 | a: 1.5113e-02, BC: 1.2972e-04, m: 2.2124e-03, u: 6.7922e-04, v: 6.0878e-04, pde_a: 5.0398e-03
Saving checkpoint at epoch 290 with loss 3.5375e-02
Epoch: 300/5000 - Time: 9.08s - Loss: 3.7400e-02 | a: 1.5127e-02, BC: 1.5257e-04, m: 2.2062e-03, u: 7.8621e-04, v: 6.9974e-04, pde_a: 5.0543e-03
Epoch: 310/5000 - Time: 9.09s - Loss: 3.7916e-02 | a: 1.5653e-02, BC: 1.5141e-04, m: 2.2159e-03, u: 7.9765e-04, v: 7.1070e-04, pde_a: 4.8123e-03
Epoch: 320/5000 - Time: 9.21s - Loss: 3.5343e-02 | a: 1.4794e-02, BC: 1.4945e-04, m: 2.1989e-03, u: 7.1567e-04, v: 6.1736e-04, pde_a: 4.8702e-03
Saving checkpoint at epoch 320 with loss 3.5343e-02
Epoch: 330/5000 - Time: 9.41s - Loss: 3.6320e-02 | a: 1.4858e-02, BC: 1.2516e-04, m: 2.1905e-03, u: 7.7160e-04, v: 6.7270e-04, pde_a: 4.7035e-03
Epoch: 340/5000 - Time: 9.19s - Loss: 3.5511e-02 | a: 1.4975e-02, BC: 1.4832e-04, m: 2.1849e-03, u: 7.0602e-04, v: 6.2767e-04, pde_a: 4.8662e-03
Epoch: 350/5000 - Time: 9.14s - Loss: 4.3089e-02 | a: 1.8319e-02, BC: 1.7070e-04, m: 2.2246e-03, u: 8.9103e-04, v: 8.4519e-04, pde_a: 5.0131e-03
Epoch: 360/5000 - Time: 9.12s - Loss: 3.6261e-02 | a: 1.4978e-02, BC: 1.2736e-04, m: 2.1783e-03, u: 7.6214e-04, v: 6.4515e-04, pde_a: 4.9047e-03
Epoch: 370/5000 - Time: 9.07s - Loss: 3.5552e-02 | a: 1.5283e-02, BC: 1.4033e-04, m: 2.1578e-03, u: 7.1503e-04, v: 6.0894e-04, pde_a: 4.7309e-03
Epoch: 380/5000 - Time: 9.17s - Loss: 3.6032e-02 | a: 1.4733e-02, BC: 1.5711e-04, m: 2.1698e-03, u: 7.4903e-04, v: 6.7696e-04, pde_a: 4.7126e-03
Epoch: 390/5000 - Time: 9.39s - Loss: 3.6445e-02 | a: 1.4620e-02, BC: 1.5654e-04, m: 2.1626e-03, u: 7.8664e-04, v: 6.6907e-04, pde_a: 4.9489e-03
Epoch: 400/5000 - Time: 9.03s - Loss: 3.8728e-02 | a: 1.5094e-02, BC: 1.4245e-04, m: 2.1637e-03, u: 8.1454e-04, v: 7.8358e-04, pde_a: 5.3467e-03
Epoch: 410/5000 - Time: 9.21s - Loss: 3.6902e-02 | a: 1.4062e-02, BC: 1.3806e-04, m: 2.1424e-03, u: 7.7145e-04, v: 7.2495e-04, pde_a: 5.5953e-03
Epoch: 420/5000 - Time: 9.17s - Loss: 4.1236e-02 | a: 1.5513e-02, BC: 1.6010e-04, m: 2.1511e-03, u: 9.6159e-04, v: 8.3400e-04, pde_a: 5.4558e-03
Epoch: 430/5000 - Time: 9.06s - Loss: 3.7270e-02 | a: 1.4493e-02, BC: 1.2804e-04, m: 2.1451e-03, u: 8.2905e-04, v: 7.3701e-04, pde_a: 4.8431e-03
Epoch: 440/5000 - Time: 9.32s - Loss: 3.6083e-02 | a: 1.3937e-02, BC: 1.3303e-04, m: 2.1355e-03, u: 7.6347e-04, v: 7.4233e-04, pde_a: 4.8193e-03
Epoch: 450/5000 - Time: 9.42s - Loss: 3.7139e-02 | a: 1.3916e-02, BC: 1.4684e-04, m: 2.1470e-03, u: 8.1770e-04, v: 7.5688e-04, pde_a: 5.1841e-03
Epoch: 460/5000 - Time: 9.07s - Loss: 3.8111e-02 | a: 1.5327e-02, BC: 1.4579e-04, m: 2.1519e-03, u: 8.0415e-04, v: 7.0185e-04, pde_a: 5.4261e-03
Epoch: 470/5000 - Time: 9.13s - Loss: 3.5960e-02 | a: 1.3989e-02, BC: 1.2667e-04, m: 2.1195e-03, u: 7.8573e-04, v: 7.1496e-04, pde_a: 4.7180e-03
Epoch: 480/5000 - Time: 9.16s - Loss: 3.6003e-02 | a: 1.3929e-02, BC: 1.2798e-04, m: 2.1015e-03, u: 7.8556e-04, v: 6.6272e-04, pde_a: 5.3612e-03
Epoch: 490/5000 - Time: 9.15s - Loss: 3.5554e-02 | a: 1.3414e-02, BC: 1.3772e-04, m: 2.1219e-03, u: 8.0204e-04, v: 7.2563e-04, pde_a: 4.6032e-03
Epoch: 500/5000 - Time: 9.13s - Loss: 3.6438e-02 | a: 1.4408e-02, BC: 1.2790e-04, m: 2.1074e-03, u: 7.5287e-04, v: 7.5477e-04, pde_a: 4.7184e-03
Epoch: 510/5000 - Time: 9.26s - Loss: 3.7810e-02 | a: 1.4417e-02, BC: 1.6730e-04, m: 2.0926e-03, u: 8.5014e-04, v: 8.0234e-04, pde_a: 4.6080e-03
Epoch: 520/5000 - Time: 9.19s - Loss: 3.7862e-02 | a: 1.4109e-02, BC: 1.3079e-04, m: 2.1138e-03, u: 9.1498e-04, v: 7.3802e-04, pde_a: 4.9791e-03
Epoch: 530/5000 - Time: 9.19s - Loss: 3.5460e-02 | a: 1.3459e-02, BC: 1.3808e-04, m: 2.0895e-03, u: 7.7535e-04, v: 7.1216e-04, pde_a: 4.8988e-03
Epoch: 540/5000 - Time: 9.10s - Loss: 3.6129e-02 | a: 1.3285e-02, BC: 1.3330e-04, m: 2.0881e-03, u: 8.5886e-04, v: 7.2598e-04, pde_a: 4.7742e-03
Epoch: 550/5000 - Time: 9.55s - Loss: 3.6223e-02 | a: 1.3757e-02, BC: 1.3001e-04, m: 2.0659e-03, u: 8.2165e-04, v: 7.4366e-04, pde_a: 4.6168e-03
Epoch: 560/5000 - Time: 9.59s - Loss: 3.5820e-02 | a: 1.4053e-02, BC: 1.6347e-04, m: 2.0947e-03, u: 7.9948e-04, v: 6.7951e-04, pde_a: 4.7190e-03
Epoch: 570/5000 - Time: 9.11s - Loss: 3.6630e-02 | a: 1.3454e-02, BC: 1.2785e-04, m: 2.1088e-03, u: 8.2461e-04, v: 7.8050e-04, pde_a: 4.8882e-03
Epoch: 580/5000 - Time: 9.18s - Loss: 3.7749e-02 | a: 1.4023e-02, BC: 1.3758e-04, m: 2.0709e-03, u: 8.6084e-04, v: 7.7469e-04, pde_a: 5.1621e-03
Epoch: 590/5000 - Time: 9.08s - Loss: 3.7311e-02 | a: 1.4301e-02, BC: 1.3474e-04, m: 2.0798e-03, u: 8.5381e-04, v: 7.6458e-04, pde_a: 4.6116e-03
Epoch: 600/5000 - Time: 9.55s - Loss: 3.4069e-02 | a: 1.3058e-02, BC: 1.1854e-04, m: 2.0521e-03, u: 7.6378e-04, v: 6.6224e-04, pde_a: 4.5795e-03
Saving checkpoint at epoch 600 with loss 3.4069e-02
Epoch: 610/5000 - Time: 9.12s - Loss: 3.5820e-02 | a: 1.3539e-02, BC: 1.3506e-04, m: 2.0423e-03, u: 8.3083e-04, v: 6.9906e-04, pde_a: 4.8046e-03
Epoch: 620/5000 - Time: 9.34s - Loss: 3.8118e-02 | a: 1.3161e-02, BC: 1.2474e-04, m: 2.0664e-03, u: 9.0009e-04, v: 9.0044e-04, pde_a: 4.7607e-03
Epoch: 630/5000 - Time: 9.30s - Loss: 3.5276e-02 | a: 1.3259e-02, BC: 1.4065e-04, m: 2.0374e-03, u: 8.1158e-04, v: 6.7456e-04, pde_a: 4.9785e-03
Epoch: 640/5000 - Time: 9.15s - Loss: 3.7661e-02 | a: 1.3507e-02, BC: 1.6570e-04, m: 2.0606e-03, u: 8.1911e-04, v: 8.7645e-04, pde_a: 4.9722e-03
Epoch: 650/5000 - Time: 9.30s - Loss: 3.6014e-02 | a: 1.3216e-02, BC: 1.2880e-04, m: 2.0464e-03, u: 8.2911e-04, v: 7.2587e-04, pde_a: 5.0728e-03
Epoch: 660/5000 - Time: 9.44s - Loss: 3.6287e-02 | a: 1.3528e-02, BC: 1.3699e-04, m: 2.0424e-03, u: 8.2001e-04, v: 7.4524e-04, pde_a: 4.9272e-03
Epoch: 670/5000 - Time: 9.40s - Loss: 3.6519e-02 | a: 1.4182e-02, BC: 1.4234e-04, m: 2.0576e-03, u: 8.3919e-04, v: 7.1372e-04, pde_a: 4.6078e-03
Epoch: 680/5000 - Time: 9.15s - Loss: 3.3825e-02 | a: 1.3189e-02, BC: 1.3599e-04, m: 2.0270e-03, u: 7.6234e-04, v: 6.3583e-04, pde_a: 4.4908e-03
Saving checkpoint at epoch 680 with loss 3.3825e-02
Epoch: 690/5000 - Time: 9.35s - Loss: 3.6035e-02 | a: 1.2919e-02, BC: 1.4002e-04, m: 2.0302e-03, u: 8.4737e-04, v: 7.7972e-04, pde_a: 4.6748e-03
Epoch: 700/5000 - Time: 9.25s - Loss: 3.6096e-02 | a: 1.3160e-02, BC: 1.3736e-04, m: 2.0373e-03, u: 8.4416e-04, v: 7.6446e-04, pde_a: 4.6752e-03
Epoch: 710/5000 - Time: 9.30s - Loss: 3.4601e-02 | a: 1.2727e-02, BC: 1.2794e-04, m: 2.0228e-03, u: 7.8275e-04, v: 7.1365e-04, pde_a: 4.7585e-03
Epoch: 720/5000 - Time: 9.52s - Loss: 3.5395e-02 | a: 1.3209e-02, BC: 1.2811e-04, m: 2.0069e-03, u: 8.1075e-04, v: 7.2201e-04, pde_a: 4.7240e-03
Epoch: 730/5000 - Time: 9.81s - Loss: 3.5341e-02 | a: 1.2904e-02, BC: 1.2583e-04, m: 2.0219e-03, u: 8.2774e-04, v: 7.4692e-04, pde_a: 4.5418e-03
Epoch: 740/5000 - Time: 9.26s - Loss: 3.4965e-02 | a: 1.2907e-02, BC: 1.4583e-04, m: 2.0149e-03, u: 8.0683e-04, v: 7.2778e-04, pde_a: 4.5513e-03
Epoch: 750/5000 - Time: 9.02s - Loss: 3.4949e-02 | a: 1.2579e-02, BC: 1.2570e-04, m: 1.9976e-03, u: 7.8621e-04, v: 7.4702e-04, pde_a: 4.9138e-03
Epoch: 760/5000 - Time: 9.08s - Loss: 3.5593e-02 | a: 1.2562e-02, BC: 1.1583e-04, m: 1.9891e-03, u: 8.4148e-04, v: 7.9657e-04, pde_a: 4.5451e-03
Epoch: 770/5000 - Time: 9.01s - Loss: 3.3726e-02 | a: 1.2444e-02, BC: 1.3057e-04, m: 1.9828e-03, u: 7.8698e-04, v: 6.8354e-04, pde_a: 4.4642e-03
Saving checkpoint at epoch 770 with loss 3.3726e-02
Epoch: 780/5000 - Time: 9.53s - Loss: 3.4616e-02 | a: 1.3191e-02, BC: 1.6987e-04, m: 1.9940e-03, u: 8.0771e-04, v: 6.7217e-04, pde_a: 4.4625e-03
Epoch: 790/5000 - Time: 9.56s - Loss: 3.6995e-02 | a: 1.2742e-02, BC: 1.2573e-04, m: 2.0097e-03, u: 9.2430e-04, v: 8.2420e-04, pde_a: 4.6326e-03
Epoch: 800/5000 - Time: 9.06s - Loss: 3.5064e-02 | a: 1.2444e-02, BC: 1.4662e-04, m: 2.0013e-03, u: 8.0076e-04, v: 7.3423e-04, pde_a: 5.1224e-03
Epoch: 810/5000 - Time: 9.11s - Loss: 3.6064e-02 | a: 1.2884e-02, BC: 1.2929e-04, m: 2.0052e-03, u: 8.8693e-04, v: 7.4938e-04, pde_a: 4.6830e-03
Epoch: 820/5000 - Time: 9.23s - Loss: 3.4796e-02 | a: 1.2693e-02, BC: 1.8398e-04, m: 1.9767e-03, u: 8.1440e-04, v: 7.1204e-04, pde_a: 4.6773e-03
Epoch: 830/5000 - Time: 9.19s - Loss: 3.4625e-02 | a: 1.2592e-02, BC: 1.2269e-04, m: 1.9797e-03, u: 8.2452e-04, v: 7.0903e-04, pde_a: 4.5958e-03
Epoch: 840/5000 - Time: 9.19s - Loss: 3.4737e-02 | a: 1.2836e-02, BC: 1.4013e-04, m: 1.9836e-03, u: 8.3700e-04, v: 7.0003e-04, pde_a: 4.4064e-03
Epoch: 850/5000 - Time: 9.16s - Loss: 3.4251e-02 | a: 1.2386e-02, BC: 1.3954e-04, m: 1.9869e-03, u: 8.0505e-04, v: 7.1101e-04, pde_a: 4.5775e-03
Epoch: 860/5000 - Time: 9.13s - Loss: 3.6246e-02 | a: 1.2903e-02, BC: 1.4130e-04, m: 1.9685e-03, u: 8.9859e-04, v: 7.5167e-04, pde_a: 4.7306e-03
Epoch: 870/5000 - Time: 9.04s - Loss: 3.7256e-02 | a: 1.3024e-02, BC: 1.5323e-04, m: 1.9816e-03, u: 9.7833e-04, v: 7.8603e-04, pde_a: 4.4532e-03
Epoch: 880/5000 - Time: 9.02s - Loss: 3.4459e-02 | a: 1.2549e-02, BC: 1.3749e-04, m: 1.9424e-03, u: 8.0338e-04, v: 7.2546e-04, pde_a: 4.5419e-03
Epoch: 890/5000 - Time: 9.13s - Loss: 3.4893e-02 | a: 1.3238e-02, BC: 1.3318e-04, m: 1.9714e-03, u: 7.6263e-04, v: 7.4036e-04, pde_a: 4.5203e-03
Epoch: 900/5000 - Time: 9.15s - Loss: 3.5017e-02 | a: 1.2128e-02, BC: 1.3364e-04, m: 1.9448e-03, u: 8.8015e-04, v: 7.2265e-04, pde_a: 4.7833e-03
Epoch: 910/5000 - Time: 9.33s - Loss: 3.5970e-02 | a: 1.3854e-02, BC: 1.4680e-04, m: 1.9599e-03, u: 8.3367e-04, v: 7.0741e-04, pde_a: 4.5985e-03
Epoch: 920/5000 - Time: 9.27s - Loss: 3.6661e-02 | a: 1.2383e-02, BC: 1.3646e-04, m: 1.9620e-03, u: 8.9853e-04, v: 7.4380e-04, pde_a: 5.7558e-03
Epoch: 930/5000 - Time: 9.44s - Loss: 3.4337e-02 | a: 1.2109e-02, BC: 1.2009e-04, m: 1.9634e-03, u: 7.9871e-04, v: 7.3231e-04, pde_a: 4.8345e-03
Epoch: 940/5000 - Time: 9.28s - Loss: 3.4755e-02 | a: 1.2006e-02, BC: 1.3019e-04, m: 1.9524e-03, u: 9.1755e-04, v: 6.8775e-04, pde_a: 4.6135e-03
Epoch: 950/5000 - Time: 9.04s - Loss: 3.3747e-02 | a: 1.1829e-02, BC: 1.2805e-04, m: 1.9429e-03, u: 8.0521e-04, v: 7.0467e-04, pde_a: 4.7489e-03
Epoch: 960/5000 - Time: 9.23s - Loss: 3.4218e-02 | a: 1.2759e-02, BC: 1.3559e-04, m: 1.9361e-03, u: 7.4794e-04, v: 6.7242e-04, pde_a: 5.1834e-03
Epoch: 970/5000 - Time: 9.10s - Loss: 3.6062e-02 | a: 1.2480e-02, BC: 1.3798e-04, m: 1.9332e-03, u: 8.3984e-04, v: 8.4972e-04, pde_a: 4.6153e-03
Epoch: 980/5000 - Time: 9.04s - Loss: 3.3098e-02 | a: 1.2041e-02, BC: 1.2073e-04, m: 1.9363e-03, u: 7.4995e-04, v: 6.8694e-04, pde_a: 4.6307e-03
Saving checkpoint at epoch 980 with loss 3.3098e-02
Epoch: 990/5000 - Time: 9.05s - Loss: 3.4081e-02 | a: 1.2549e-02, BC: 1.3964e-04, m: 1.9287e-03, u: 7.7116e-04, v: 7.1829e-04, pde_a: 4.5692e-03
Epoch: 1000/5000 - Time: 9.08s - Loss: 3.7572e-02 | a: 1.2673e-02, BC: 1.4190e-04, m: 1.9533e-03, u: 9.9396e-04, v: 8.1937e-04, pde_a: 4.6706e-03
Epoch: 1010/5000 - Time: 8.99s - Loss: 3.5698e-02 | a: 1.2774e-02, BC: 1.8233e-04, m: 1.9445e-03, u: 8.6141e-04, v: 7.4747e-04, pde_a: 4.7079e-03
Epoch: 1020/5000 - Time: 9.22s - Loss: 3.4036e-02 | a: 1.2249e-02, BC: 1.2325e-04, m: 1.9213e-03, u: 8.2254e-04, v: 7.1217e-04, pde_a: 4.3952e-03
Epoch: 1030/5000 - Time: 9.21s - Loss: 3.4939e-02 | a: 1.2115e-02, BC: 1.3649e-04, m: 1.9206e-03, u: 9.0977e-04, v: 7.2493e-04, pde_a: 4.4202e-03
Epoch: 1040/5000 - Time: 9.68s - Loss: 3.2883e-02 | a: 1.1966e-02, BC: 1.3253e-04, m: 1.9037e-03, u: 7.4191e-04, v: 6.8658e-04, pde_a: 4.5960e-03
Saving checkpoint at epoch 1040 with loss 3.2883e-02
Epoch: 1050/5000 - Time: 9.04s - Loss: 3.6016e-02 | a: 1.3164e-02, BC: 1.5355e-04, m: 1.9266e-03, u: 8.5860e-04, v: 7.4509e-04, pde_a: 4.7354e-03
Epoch: 1060/5000 - Time: 9.06s - Loss: 3.6564e-02 | a: 1.2830e-02, BC: 1.5908e-04, m: 1.9048e-03, u: 8.7015e-04, v: 8.3200e-04, pde_a: 4.6491e-03
Epoch: 1070/5000 - Time: 9.32s - Loss: 3.6738e-02 | a: 1.1782e-02, BC: 1.3583e-04, m: 1.9253e-03, u: 8.9065e-04, v: 8.5986e-04, pde_a: 5.3895e-03
Epoch: 1080/5000 - Time: 9.35s - Loss: 3.5801e-02 | a: 1.2592e-02, BC: 1.5781e-04, m: 1.8963e-03, u: 8.6750e-04, v: 7.6473e-04, pde_a: 4.8333e-03
Epoch: 1090/5000 - Time: 9.44s - Loss: 3.3774e-02 | a: 1.1933e-02, BC: 1.4315e-04, m: 1.8967e-03, u: 8.3545e-04, v: 6.8160e-04, pde_a: 4.6311e-03
Epoch: 1100/5000 - Time: 9.20s - Loss: 3.3175e-02 | a: 1.1463e-02, BC: 1.5274e-04, m: 1.8867e-03, u: 8.1828e-04, v: 6.8418e-04, pde_a: 4.6471e-03
Epoch: 1110/5000 - Time: 9.02s - Loss: 3.5605e-02 | a: 1.1883e-02, BC: 1.2940e-04, m: 1.9019e-03, u: 8.7530e-04, v: 8.2154e-04, pde_a: 4.7223e-03
Epoch: 1120/5000 - Time: 9.18s - Loss: 3.5080e-02 | a: 1.2230e-02, BC: 1.2985e-04, m: 1.8806e-03, u: 8.5829e-04, v: 7.3609e-04, pde_a: 4.8960e-03
Epoch: 1130/5000 - Time: 9.28s - Loss: 3.4290e-02 | a: 1.2021e-02, BC: 1.4516e-04, m: 1.9000e-03, u: 8.6048e-04, v: 7.2143e-04, pde_a: 4.4043e-03
Epoch: 1140/5000 - Time: 9.13s - Loss: 3.3980e-02 | a: 1.1763e-02, BC: 1.5642e-04, m: 1.8922e-03, u: 8.2355e-04, v: 7.2853e-04, pde_a: 4.6472e-03
Epoch: 1150/5000 - Time: 9.19s - Loss: 3.4874e-02 | a: 1.2248e-02, BC: 1.4164e-04, m: 1.8818e-03, u: 8.5523e-04, v: 7.6096e-04, pde_a: 4.4402e-03
Epoch: 1160/5000 - Time: 9.29s - Loss: 3.4193e-02 | a: 1.1862e-02, BC: 1.2635e-04, m: 1.8807e-03, u: 7.7044e-04, v: 7.8584e-04, pde_a: 4.7615e-03
Epoch: 1170/5000 - Time: 9.16s - Loss: 3.3581e-02 | a: 1.1971e-02, BC: 1.2825e-04, m: 1.8717e-03, u: 7.7271e-04, v: 7.2079e-04, pde_a: 4.6743e-03
Epoch: 1180/5000 - Time: 9.49s - Loss: 3.6415e-02 | a: 1.2720e-02, BC: 1.6250e-04, m: 1.9144e-03, u: 9.7118e-04, v: 7.4874e-04, pde_a: 4.4193e-03
Epoch: 1190/5000 - Time: 9.48s - Loss: 3.4633e-02 | a: 1.1994e-02, BC: 1.5056e-04, m: 1.8926e-03, u: 8.4651e-04, v: 7.5950e-04, pde_a: 4.5352e-03
Epoch: 1200/5000 - Time: 9.47s - Loss: 3.4749e-02 | a: 1.1515e-02, BC: 1.2959e-04, m: 1.8947e-03, u: 8.8157e-04, v: 7.9153e-04, pde_a: 4.4791e-03
Epoch: 1210/5000 - Time: 9.11s - Loss: 3.6201e-02 | a: 1.2515e-02, BC: 1.5162e-04, m: 1.8899e-03, u: 8.7199e-04, v: 8.0085e-04, pde_a: 4.9162e-03
Epoch: 1220/5000 - Time: 9.05s - Loss: 3.4218e-02 | a: 1.1678e-02, BC: 1.4163e-04, m: 1.8583e-03, u: 8.7877e-04, v: 7.5094e-04, pde_a: 4.2439e-03
Epoch: 1230/5000 - Time: 9.08s - Loss: 3.3597e-02 | a: 1.1944e-02, BC: 1.5250e-04, m: 1.8655e-03, u: 7.9062e-04, v: 7.1523e-04, pde_a: 4.5763e-03
Epoch: 1240/5000 - Time: 9.62s - Loss: 3.7893e-02 | a: 1.3146e-02, BC: 1.5174e-04, m: 1.8822e-03, u: 9.4524e-04, v: 8.8916e-04, pde_a: 4.3689e-03
Epoch: 1250/5000 - Time: 9.08s - Loss: 3.5224e-02 | a: 1.1452e-02, BC: 1.1532e-04, m: 1.8781e-03, u: 8.0925e-04, v: 9.1756e-04, pde_a: 4.5102e-03
Epoch: 1260/5000 - Time: 9.05s - Loss: 3.7138e-02 | a: 1.2140e-02, BC: 1.5281e-04, m: 1.8857e-03, u: 9.2594e-04, v: 9.0410e-04, pde_a: 4.6591e-03
Epoch: 1270/5000 - Time: 8.99s - Loss: 3.3042e-02 | a: 1.1188e-02, BC: 1.1528e-04, m: 1.8569e-03, u: 8.0022e-04, v: 7.6458e-04, pde_a: 4.2343e-03
Epoch: 1280/5000 - Time: 9.03s - Loss: 3.4614e-02 | a: 1.2107e-02, BC: 1.4120e-04, m: 1.8773e-03, u: 8.4489e-04, v: 7.3673e-04, pde_a: 4.6723e-03
Epoch: 1290/5000 - Time: 9.03s - Loss: 3.9815e-02 | a: 1.3553e-02, BC: 1.4001e-04, m: 1.8941e-03, u: 1.0075e-03, v: 9.4872e-04, pde_a: 4.6657e-03
Epoch: 1300/5000 - Time: 9.10s - Loss: 3.6114e-02 | a: 1.1796e-02, BC: 1.3799e-04, m: 1.8729e-03, u: 1.0118e-03, v: 7.7681e-04, pde_a: 4.4217e-03
Epoch: 1310/5000 - Time: 9.11s - Loss: 3.3041e-02 | a: 1.1669e-02, BC: 1.2547e-04, m: 1.8420e-03, u: 7.6937e-04, v: 7.5399e-04, pde_a: 4.1705e-03
Epoch: 1320/5000 - Time: 9.27s - Loss: 3.5180e-02 | a: 1.1456e-02, BC: 1.3275e-04, m: 1.8409e-03, u: 8.8376e-04, v: 8.5014e-04, pde_a: 4.4112e-03
Epoch: 1330/5000 - Time: 9.12s - Loss: 3.7481e-02 | a: 1.1483e-02, BC: 1.3968e-04, m: 1.8489e-03, u: 1.0060e-03, v: 9.5439e-04, pde_a: 4.4049e-03
Epoch: 1340/5000 - Time: 9.23s - Loss: 3.6995e-02 | a: 1.2231e-02, BC: 1.6386e-04, m: 1.8750e-03, u: 8.3949e-04, v: 9.7741e-04, pde_a: 4.5562e-03
Epoch: 1350/5000 - Time: 9.26s - Loss: 3.4397e-02 | a: 1.1642e-02, BC: 1.1660e-04, m: 1.8325e-03, u: 8.2366e-04, v: 7.8947e-04, pde_a: 4.6738e-03
Epoch: 1360/5000 - Time: 9.13s - Loss: 3.3907e-02 | a: 1.1354e-02, BC: 1.1845e-04, m: 1.8278e-03, u: 8.1951e-04, v: 7.7880e-04, pde_a: 4.6242e-03
Epoch: 1370/5000 - Time: 9.10s - Loss: 3.3918e-02 | a: 1.1351e-02, BC: 1.2314e-04, m: 1.8530e-03, u: 8.8478e-04, v: 7.4639e-04, pde_a: 4.2793e-03
Epoch: 1380/5000 - Time: 9.02s - Loss: 3.4638e-02 | a: 1.1721e-02, BC: 1.2260e-04, m: 1.8358e-03, u: 8.3662e-04, v: 7.8888e-04, pde_a: 4.7034e-03
Epoch: 1390/5000 - Time: 9.21s - Loss: 3.6187e-02 | a: 1.1442e-02, BC: 1.3078e-04, m: 1.8571e-03, u: 9.6451e-04, v: 8.4707e-04, pde_a: 4.6407e-03
Epoch: 1400/5000 - Time: 9.20s - Loss: 3.2857e-02 | a: 1.0972e-02, BC: 1.2592e-04, m: 1.8374e-03, u: 8.5629e-04, v: 7.0288e-04, pde_a: 4.3307e-03
Saving checkpoint at epoch 1400 with loss 3.2857e-02
Epoch: 1410/5000 - Time: 9.10s - Loss: 3.4818e-02 | a: 1.1597e-02, BC: 1.2477e-04, m: 1.8243e-03, u: 8.5880e-04, v: 8.2764e-04, pde_a: 4.4074e-03
Epoch: 1420/5000 - Time: 9.13s - Loss: 3.2992e-02 | a: 1.0980e-02, BC: 1.2441e-04, m: 1.8297e-03, u: 8.7853e-04, v: 7.0036e-04, pde_a: 4.2690e-03
Epoch: 1430/5000 - Time: 9.63s - Loss: 3.5663e-02 | a: 1.0957e-02, BC: 1.4030e-04, m: 1.8269e-03, u: 9.3357e-04, v: 8.3515e-04, pde_a: 5.0509e-03
Epoch: 1440/5000 - Time: 9.44s - Loss: 3.4784e-02 | a: 1.2064e-02, BC: 1.6074e-04, m: 1.8082e-03, u: 8.3436e-04, v: 7.7346e-04, pde_a: 4.6726e-03
Epoch: 1450/5000 - Time: 8.90s - Loss: 3.7893e-02 | a: 1.2265e-02, BC: 1.2964e-04, m: 1.8617e-03, u: 1.1204e-03, v: 7.8398e-04, pde_a: 4.5936e-03
Epoch: 1460/5000 - Time: 9.22s - Loss: 3.3507e-02 | a: 1.1403e-02, BC: 1.4486e-04, m: 1.8286e-03, u: 8.6131e-04, v: 7.0422e-04, pde_a: 4.4757e-03
Epoch: 1470/5000 - Time: 9.21s - Loss: 3.5200e-02 | a: 1.0992e-02, BC: 1.6571e-04, m: 1.8158e-03, u: 9.7917e-04, v: 7.8684e-04, pde_a: 4.5662e-03
Epoch: 1480/5000 - Time: 9.61s - Loss: 3.3101e-02 | a: 1.1462e-02, BC: 1.3614e-04, m: 1.8181e-03, u: 8.4361e-04, v: 6.9466e-04, pde_a: 4.3022e-03
Epoch: 1490/5000 - Time: 9.05s - Loss: 3.4896e-02 | a: 1.1390e-02, BC: 1.2402e-04, m: 1.8337e-03, u: 8.7632e-04, v: 8.4903e-04, pde_a: 4.2942e-03
Epoch: 1500/5000 - Time: 9.00s - Loss: 3.7265e-02 | a: 1.2004e-02, BC: 1.6451e-04, m: 1.8242e-03, u: 9.5033e-04, v: 9.0941e-04, pde_a: 4.6744e-03
Epoch: 1510/5000 - Time: 9.00s - Loss: 3.4884e-02 | a: 1.0909e-02, BC: 1.2441e-04, m: 1.8193e-03, u: 8.8683e-04, v: 8.4890e-04, pde_a: 4.6749e-03
Epoch: 1520/5000 - Time: 9.05s - Loss: 3.5429e-02 | a: 1.3217e-02, BC: 1.5370e-04, m: 1.8178e-03, u: 7.7226e-04, v: 8.1165e-04, pde_a: 4.4013e-03
Epoch: 1530/5000 - Time: 9.74s - Loss: 3.2754e-02 | a: 1.1159e-02, BC: 1.3297e-04, m: 1.7923e-03, u: 8.0614e-04, v: 7.3980e-04, pde_a: 4.2109e-03
Saving checkpoint at epoch 1530 with loss 3.2754e-02
Epoch: 1540/5000 - Time: 9.04s - Loss: 3.4149e-02 | a: 1.1085e-02, BC: 1.2325e-04, m: 1.8085e-03, u: 8.9412e-04, v: 7.7878e-04, pde_a: 4.4032e-03
Epoch: 1550/5000 - Time: 9.02s - Loss: 3.3760e-02 | a: 1.1426e-02, BC: 1.2011e-04, m: 1.7996e-03, u: 8.7113e-04, v: 7.4117e-04, pde_a: 4.2913e-03
Epoch: 1560/5000 - Time: 9.04s - Loss: 3.6603e-02 | a: 1.2167e-02, BC: 1.7389e-04, m: 1.8143e-03, u: 9.5123e-04, v: 8.1410e-04, pde_a: 4.7950e-03
Epoch: 1570/5000 - Time: 9.20s - Loss: 3.6974e-02 | a: 1.1430e-02, BC: 1.4864e-04, m: 1.8125e-03, u: 1.0430e-03, v: 8.6677e-04, pde_a: 4.4847e-03
Epoch: 1580/5000 - Time: 9.11s - Loss: 3.2275e-02 | a: 1.1221e-02, BC: 1.2823e-04, m: 1.7862e-03, u: 7.7846e-04, v: 7.0817e-04, pde_a: 4.2733e-03
Saving checkpoint at epoch 1580 with loss 3.2275e-02
Epoch: 1590/5000 - Time: 9.06s - Loss: 3.5996e-02 | a: 1.1410e-02, BC: 1.3265e-04, m: 1.8064e-03, u: 9.1670e-04, v: 9.2589e-04, pde_a: 4.2219e-03
Epoch: 1600/5000 - Time: 9.42s - Loss: 3.3198e-02 | a: 1.0999e-02, BC: 1.3823e-04, m: 1.7975e-03, u: 8.3707e-04, v: 7.1744e-04, pde_a: 4.7181e-03
Epoch: 1610/5000 - Time: 9.16s - Loss: 3.2209e-02 | a: 1.1162e-02, BC: 1.4216e-04, m: 1.7883e-03, u: 7.9406e-04, v: 6.8771e-04, pde_a: 4.2988e-03
Saving checkpoint at epoch 1610 with loss 3.2209e-02
Epoch: 1620/5000 - Time: 9.05s - Loss: 3.1978e-02 | a: 1.1189e-02, BC: 1.3603e-04, m: 1.7937e-03, u: 7.5180e-04, v: 6.6914e-04, pde_a: 4.6496e-03
Saving checkpoint at epoch 1620 with loss 3.1978e-02
Epoch: 1630/5000 - Time: 9.06s - Loss: 3.5221e-02 | a: 1.2167e-02, BC: 1.3571e-04, m: 1.7948e-03, u: 9.0445e-04, v: 7.7076e-04, pde_a: 4.3714e-03
Epoch: 1640/5000 - Time: 9.04s - Loss: 3.9463e-02 | a: 1.1808e-02, BC: 1.2564e-04, m: 1.8128e-03, u: 1.0673e-03, v: 1.0608e-03, pde_a: 4.4348e-03
Epoch: 1650/5000 - Time: 9.06s - Loss: 3.2667e-02 | a: 1.0931e-02, BC: 1.3386e-04, m: 1.7844e-03, u: 8.2985e-04, v: 6.9763e-04, pde_a: 4.5426e-03
Epoch: 1660/5000 - Time: 9.35s - Loss: 3.6269e-02 | a: 1.1820e-02, BC: 1.6517e-04, m: 1.7891e-03, u: 9.2338e-04, v: 8.9270e-04, pde_a: 4.3345e-03
Epoch: 1670/5000 - Time: 8.97s - Loss: 3.3197e-02 | a: 1.1109e-02, BC: 1.3694e-04, m: 1.7781e-03, u: 8.5992e-04, v: 7.0568e-04, pde_a: 4.5168e-03
Epoch: 1680/5000 - Time: 8.99s - Loss: 3.3623e-02 | a: 1.1720e-02, BC: 1.1942e-04, m: 1.7774e-03, u: 8.1851e-04, v: 7.2696e-04, pde_a: 4.5516e-03
Epoch: 1690/5000 - Time: 9.07s - Loss: 3.3512e-02 | a: 1.1402e-02, BC: 1.1920e-04, m: 1.7762e-03, u: 8.3648e-04, v: 7.2949e-04, pde_a: 4.5549e-03
Epoch: 1700/5000 - Time: 9.38s - Loss: 3.3484e-02 | a: 1.0969e-02, BC: 1.3287e-04, m: 1.7735e-03, u: 8.4686e-04, v: 7.8242e-04, pde_a: 4.3160e-03
Epoch: 1710/5000 - Time: 9.19s - Loss: 3.3006e-02 | a: 1.1319e-02, BC: 1.3313e-04, m: 1.7594e-03, u: 8.1963e-04, v: 7.2795e-04, pde_a: 4.3188e-03
Epoch: 1720/5000 - Time: 9.02s - Loss: 3.5809e-02 | a: 1.1615e-02, BC: 1.5725e-04, m: 1.7920e-03, u: 9.9482e-04, v: 8.0909e-04, pde_a: 4.2058e-03
Epoch: 1730/5000 - Time: 9.26s - Loss: 3.4346e-02 | a: 1.1177e-02, BC: 1.2494e-04, m: 1.7698e-03, u: 8.8036e-04, v: 8.1788e-04, pde_a: 4.2919e-03
Epoch: 1740/5000 - Time: 9.33s - Loss: 3.4053e-02 | a: 1.1429e-02, BC: 1.5540e-04, m: 1.7800e-03, u: 8.3775e-04, v: 8.0084e-04, pde_a: 4.3027e-03
Epoch: 1750/5000 - Time: 9.43s - Loss: 3.6081e-02 | a: 1.2271e-02, BC: 1.6375e-04, m: 1.7729e-03, u: 8.5083e-04, v: 8.9826e-04, pde_a: 4.3819e-03
Epoch: 1760/5000 - Time: 9.08s - Loss: 3.4065e-02 | a: 1.1661e-02, BC: 1.6025e-04, m: 1.7713e-03, u: 8.4244e-04, v: 7.7247e-04, pde_a: 4.3234e-03
Epoch: 1770/5000 - Time: 9.06s - Loss: 3.2241e-02 | a: 1.1027e-02, BC: 1.2383e-04, m: 1.7529e-03, u: 7.8580e-04, v: 7.0562e-04, pde_a: 4.4235e-03
Epoch: 1780/5000 - Time: 9.16s - Loss: 3.3435e-02 | a: 1.1324e-02, BC: 1.3527e-04, m: 1.7645e-03, u: 8.2230e-04, v: 7.4979e-04, pde_a: 4.4906e-03
Epoch: 1790/5000 - Time: 9.06s - Loss: 3.2654e-02 | a: 1.1152e-02, BC: 1.4081e-04, m: 1.7572e-03, u: 8.0884e-04, v: 7.4041e-04, pde_a: 4.1123e-03
Epoch: 1800/5000 - Time: 9.12s - Loss: 3.3469e-02 | a: 1.0931e-02, BC: 1.2112e-04, m: 1.7443e-03, u: 9.0119e-04, v: 7.4716e-04, pde_a: 4.1895e-03
Epoch: 1810/5000 - Time: 9.15s - Loss: 3.1810e-02 | a: 1.0670e-02, BC: 1.2781e-04, m: 1.7574e-03, u: 8.1231e-04, v: 6.8119e-04, pde_a: 4.3206e-03
Saving checkpoint at epoch 1810 with loss 3.1810e-02
Epoch: 1820/5000 - Time: 9.71s - Loss: 3.5420e-02 | a: 1.2492e-02, BC: 1.5470e-04, m: 1.7683e-03, u: 9.2526e-04, v: 7.3178e-04, pde_a: 4.4350e-03
Epoch: 1830/5000 - Time: 9.73s - Loss: 3.2521e-02 | a: 1.1380e-02, BC: 1.3002e-04, m: 1.7446e-03, u: 7.9671e-04, v: 7.0407e-04, pde_a: 4.2588e-03
Epoch: 1840/5000 - Time: 9.67s - Loss: 3.5608e-02 | a: 1.1632e-02, BC: 1.8368e-04, m: 1.7753e-03, u: 9.2845e-04, v: 7.7692e-04, pde_a: 4.9638e-03
Epoch: 1850/5000 - Time: 9.08s - Loss: 3.3940e-02 | a: 1.1105e-02, BC: 1.2656e-04, m: 1.7372e-03, u: 9.3287e-04, v: 7.1894e-04, pde_a: 4.4532e-03
Epoch: 1860/5000 - Time: 9.68s - Loss: 3.7345e-02 | a: 1.1911e-02, BC: 1.5856e-04, m: 1.7734e-03, u: 1.1399e-03, v: 7.7814e-04, pde_a: 4.3217e-03
Epoch: 1870/5000 - Time: 9.71s - Loss: 3.4152e-02 | a: 1.1073e-02, BC: 1.4398e-04, m: 1.7550e-03, u: 9.4085e-04, v: 7.1614e-04, pde_a: 4.6100e-03
Epoch: 1880/5000 - Time: 9.35s - Loss: 3.4804e-02 | a: 1.1317e-02, BC: 1.1448e-04, m: 1.7506e-03, u: 9.1970e-04, v: 8.1203e-04, pde_a: 4.3048e-03
Epoch: 1890/5000 - Time: 9.17s - Loss: 3.4132e-02 | a: 1.1688e-02, BC: 1.2896e-04, m: 1.7353e-03, u: 8.3907e-04, v: 7.5507e-04, pde_a: 4.6386e-03
Epoch: 1900/5000 - Time: 9.21s - Loss: 3.2671e-02 | a: 1.0951e-02, BC: 1.3389e-04, m: 1.7343e-03, u: 8.3312e-04, v: 7.2398e-04, pde_a: 4.2804e-03
Epoch: 1910/5000 - Time: 9.27s - Loss: 3.2993e-02 | a: 1.0660e-02, BC: 1.3576e-04, m: 1.7328e-03, u: 8.1126e-04, v: 8.1083e-04, pde_a: 4.2439e-03
Epoch: 1920/5000 - Time: 9.12s - Loss: 3.5142e-02 | a: 1.1726e-02, BC: 2.0461e-04, m: 1.7684e-03, u: 9.0695e-04, v: 7.7030e-04, pde_a: 4.6705e-03
Epoch: 1930/5000 - Time: 9.08s - Loss: 3.9557e-02 | a: 1.1816e-02, BC: 1.7532e-04, m: 1.7395e-03, u: 1.1890e-03, v: 8.9892e-04, pde_a: 4.9471e-03
Epoch: 1940/5000 - Time: 9.03s - Loss: 3.1803e-02 | a: 1.0634e-02, BC: 1.1741e-04, m: 1.7365e-03, u: 7.8480e-04, v: 7.0640e-04, pde_a: 4.4033e-03
Saving checkpoint at epoch 1940 with loss 3.1803e-02
Epoch: 1950/5000 - Time: 9.08s - Loss: 3.6299e-02 | a: 1.1246e-02, BC: 1.2605e-04, m: 1.7611e-03, u: 1.0599e-03, v: 8.4977e-04, pde_a: 4.0690e-03
Epoch: 1960/5000 - Time: 9.09s - Loss: 3.5362e-02 | a: 1.0819e-02, BC: 1.5149e-04, m: 1.7639e-03, u: 8.5075e-04, v: 9.7268e-04, pde_a: 4.3936e-03
Epoch: 1970/5000 - Time: 9.07s - Loss: 3.2692e-02 | a: 1.1091e-02, BC: 1.2349e-04, m: 1.7279e-03, u: 8.4337e-04, v: 7.0954e-04, pde_a: 4.2207e-03
Epoch: 1980/5000 - Time: 9.03s - Loss: 3.5283e-02 | a: 1.1916e-02, BC: 1.9182e-04, m: 1.7219e-03, u: 8.6490e-04, v: 7.7982e-04, pde_a: 5.0065e-03
Epoch: 1990/5000 - Time: 9.05s - Loss: 3.4655e-02 | a: 1.1333e-02, BC: 1.2986e-04, m: 1.7492e-03, u: 9.3302e-04, v: 7.8926e-04, pde_a: 4.2210e-03
Epoch: 2000/5000 - Time: 9.38s - Loss: 3.5539e-02 | a: 1.2263e-02, BC: 1.5645e-04, m: 1.7349e-03, u: 9.2485e-04, v: 7.9432e-04, pde_a: 4.1932e-03
Epoch: 2010/5000 - Time: 9.56s - Loss: 3.4056e-02 | a: 1.1212e-02, BC: 1.1816e-04, m: 1.7589e-03, u: 8.3655e-04, v: 8.4769e-04, pde_a: 4.1247e-03
Epoch: 2020/5000 - Time: 9.04s - Loss: 3.3400e-02 | a: 1.0534e-02, BC: 1.2679e-04, m: 1.7207e-03, u: 8.9848e-04, v: 7.4786e-04, pde_a: 4.5552e-03
Epoch: 2030/5000 - Time: 9.05s - Loss: 4.0174e-02 | a: 1.1331e-02, BC: 1.7171e-04, m: 1.7594e-03, u: 1.1613e-03, v: 1.0839e-03, pde_a: 4.4599e-03
Epoch: 2040/5000 - Time: 9.30s - Loss: 3.3698e-02 | a: 1.0917e-02, BC: 1.3809e-04, m: 1.7181e-03, u: 8.9249e-04, v: 7.6117e-04, pde_a: 4.3885e-03
Epoch: 2050/5000 - Time: 9.83s - Loss: 3.4390e-02 | a: 1.2607e-02, BC: 1.6241e-04, m: 1.7261e-03, u: 8.1481e-04, v: 7.1112e-04, pde_a: 4.6358e-03
Epoch: 2060/5000 - Time: 9.16s - Loss: 3.8863e-02 | a: 1.1212e-02, BC: 1.5388e-04, m: 1.7558e-03, u: 9.6285e-04, v: 1.0975e-03, pde_a: 5.1374e-03
Epoch: 2070/5000 - Time: 9.01s - Loss: 3.5050e-02 | a: 1.1995e-02, BC: 1.3557e-04, m: 1.7204e-03, u: 8.9382e-04, v: 7.6872e-04, pde_a: 4.5734e-03
Epoch: 2080/5000 - Time: 9.01s - Loss: 3.3943e-02 | a: 1.0685e-02, BC: 1.3318e-04, m: 1.7220e-03, u: 8.4026e-04, v: 8.7133e-04, pde_a: 4.2874e-03
Epoch: 2090/5000 - Time: 9.12s - Loss: 3.4418e-02 | a: 1.0835e-02, BC: 1.4224e-04, m: 1.7186e-03, u: 9.1026e-04, v: 7.7868e-04, pde_a: 4.8331e-03
Epoch: 2100/5000 - Time: 9.27s - Loss: 3.3166e-02 | a: 1.0561e-02, BC: 1.4072e-04, m: 1.7107e-03, u: 9.1066e-04, v: 7.5666e-04, pde_a: 4.0801e-03
Epoch: 2110/5000 - Time: 9.11s - Loss: 3.7757e-02 | a: 1.0803e-02, BC: 1.5748e-04, m: 1.7262e-03, u: 1.0059e-03, v: 1.0586e-03, pde_a: 4.4253e-03
Epoch: 2120/5000 - Time: 9.14s - Loss: 3.2514e-02 | a: 1.0507e-02, BC: 1.4128e-04, m: 1.7161e-03, u: 8.1861e-04, v: 7.6288e-04, pde_a: 4.3345e-03
Epoch: 2130/5000 - Time: 9.12s - Loss: 3.6564e-02 | a: 1.1501e-02, BC: 1.3684e-04, m: 1.7065e-03, u: 1.0074e-03, v: 8.6739e-04, pde_a: 4.4713e-03
Epoch: 2140/5000 - Time: 9.32s - Loss: 3.4045e-02 | a: 1.1148e-02, BC: 1.3278e-04, m: 1.6959e-03, u: 8.9286e-04, v: 7.9004e-04, pde_a: 4.2392e-03
Epoch: 2150/5000 - Time: 9.25s - Loss: 3.5623e-02 | a: 1.1149e-02, BC: 1.8769e-04, m: 1.6893e-03, u: 9.5365e-04, v: 7.9313e-04, pde_a: 5.1295e-03
Epoch: 2160/5000 - Time: 9.34s - Loss: 3.4764e-02 | a: 1.0565e-02, BC: 1.5774e-04, m: 1.7100e-03, u: 8.3734e-04, v: 9.5804e-04, pde_a: 4.3775e-03
Epoch: 2170/5000 - Time: 8.99s - Loss: 3.2776e-02 | a: 1.1227e-02, BC: 1.1210e-04, m: 1.6953e-03, u: 8.2568e-04, v: 7.1335e-04, pde_a: 4.3515e-03
Epoch: 2180/5000 - Time: 9.17s - Loss: 3.4169e-02 | a: 1.0613e-02, BC: 1.5061e-04, m: 1.7094e-03, u: 8.9517e-04, v: 7.9890e-04, pde_a: 4.7553e-03
Epoch: 2190/5000 - Time: 9.70s - Loss: 3.1977e-02 | a: 1.0599e-02, BC: 1.1564e-04, m: 1.6971e-03, u: 8.0428e-04, v: 7.2918e-04, pde_a: 4.2309e-03
Epoch: 2200/5000 - Time: 9.22s - Loss: 3.4681e-02 | a: 1.1594e-02, BC: 1.3842e-04, m: 1.7202e-03, u: 8.6344e-04, v: 8.2974e-04, pde_a: 4.2967e-03
Epoch: 2210/5000 - Time: 9.06s - Loss: 3.4663e-02 | a: 1.0963e-02, BC: 1.5725e-04, m: 1.7008e-03, u: 8.4320e-04, v: 8.7104e-04, pde_a: 4.7001e-03
Epoch: 2220/5000 - Time: 9.10s - Loss: 3.5554e-02 | a: 1.0949e-02, BC: 1.6449e-04, m: 1.6976e-03, u: 9.4110e-04, v: 8.9068e-04, pde_a: 4.4255e-03
Epoch: 2230/5000 - Time: 9.17s - Loss: 3.7980e-02 | a: 1.2443e-02, BC: 1.9628e-04, m: 1.7024e-03, u: 9.9560e-04, v: 9.2858e-04, pde_a: 4.3972e-03
Epoch: 2240/5000 - Time: 9.14s - Loss: 3.3248e-02 | a: 1.1490e-02, BC: 1.2461e-04, m: 1.6963e-03, u: 8.2910e-04, v: 7.2013e-04, pde_a: 4.4449e-03
Epoch: 2250/5000 - Time: 9.07s - Loss: 3.2791e-02 | a: 1.0884e-02, BC: 1.2551e-04, m: 1.6835e-03, u: 8.3074e-04, v: 7.4642e-04, pde_a: 4.3256e-03
Epoch: 2260/5000 - Time: 9.07s - Loss: 3.2433e-02 | a: 1.0865e-02, BC: 1.4244e-04, m: 1.6727e-03, u: 8.0644e-04, v: 7.2757e-04, pde_a: 4.4128e-03
Epoch: 2270/5000 - Time: 9.11s - Loss: 3.1241e-02 | a: 1.0551e-02, BC: 1.1575e-04, m: 1.6783e-03, u: 7.9463e-04, v: 6.5916e-04, pde_a: 4.3581e-03
Saving checkpoint at epoch 2270 with loss 3.1241e-02
Epoch: 2280/5000 - Time: 9.06s - Loss: 3.3547e-02 | a: 1.1470e-02, BC: 1.1797e-04, m: 1.6730e-03, u: 7.9077e-04, v: 8.2044e-04, pde_a: 4.1734e-03
Epoch: 2290/5000 - Time: 9.09s - Loss: 3.4011e-02 | a: 1.0996e-02, BC: 1.2916e-04, m: 1.7054e-03, u: 8.8982e-04, v: 7.7403e-04, pde_a: 4.5417e-03
Epoch: 2300/5000 - Time: 9.01s - Loss: 3.2736e-02 | a: 1.0948e-02, BC: 1.2007e-04, m: 1.6753e-03, u: 8.1117e-04, v: 7.5666e-04, pde_a: 4.3146e-03
Epoch: 2310/5000 - Time: 9.05s - Loss: 3.3661e-02 | a: 1.0496e-02, BC: 1.6171e-04, m: 1.6825e-03, u: 9.1256e-04, v: 7.5468e-04, pde_a: 4.6493e-03
Epoch: 2320/5000 - Time: 9.14s - Loss: 3.8637e-02 | a: 1.1958e-02, BC: 1.4294e-04, m: 1.7062e-03, u: 1.0041e-03, v: 1.0340e-03, pde_a: 4.4491e-03
Epoch: 2330/5000 - Time: 9.18s - Loss: 3.4631e-02 | a: 1.0564e-02, BC: 1.4140e-04, m: 1.6797e-03, u: 9.4308e-04, v: 8.4969e-04, pde_a: 4.3187e-03
Epoch: 2340/5000 - Time: 9.13s - Loss: 3.3965e-02 | a: 1.0592e-02, BC: 1.2612e-04, m: 1.6799e-03, u: 9.0500e-04, v: 7.9624e-04, pde_a: 4.5537e-03
Epoch: 2350/5000 - Time: 9.20s - Loss: 3.5191e-02 | a: 1.1169e-02, BC: 1.4658e-04, m: 1.6914e-03, u: 1.0181e-03, v: 7.5037e-04, pde_a: 4.5003e-03
Epoch: 2360/5000 - Time: 9.18s - Loss: 3.2313e-02 | a: 1.0906e-02, BC: 1.3221e-04, m: 1.6509e-03, u: 7.8774e-04, v: 7.3805e-04, pde_a: 4.3666e-03
Epoch: 2370/5000 - Time: 9.01s - Loss: 3.3355e-02 | a: 1.0730e-02, BC: 1.1958e-04, m: 1.6680e-03, u: 8.2463e-04, v: 8.0639e-04, pde_a: 4.5265e-03
Epoch: 2380/5000 - Time: 9.62s - Loss: 3.4583e-02 | a: 1.0664e-02, BC: 1.4635e-04, m: 1.6685e-03, u: 9.0515e-04, v: 7.8729e-04, pde_a: 5.1793e-03
Epoch: 2390/5000 - Time: 9.27s - Loss: 3.7284e-02 | a: 1.2455e-02, BC: 1.4146e-04, m: 1.6911e-03, u: 1.0782e-03, v: 7.7900e-04, pde_a: 4.4242e-03
Epoch: 2400/5000 - Time: 9.23s - Loss: 3.5672e-02 | a: 1.0457e-02, BC: 1.2653e-04, m: 1.6952e-03, u: 1.0389e-03, v: 8.2123e-04, pde_a: 4.7919e-03
Epoch: 2410/5000 - Time: 9.39s - Loss: 3.3089e-02 | a: 1.1942e-02, BC: 1.8821e-04, m: 1.6654e-03, u: 8.0305e-04, v: 7.0901e-04, pde_a: 4.1723e-03
Epoch: 2420/5000 - Time: 9.28s - Loss: 3.5435e-02 | a: 1.0837e-02, BC: 1.2506e-04, m: 1.6700e-03, u: 8.7282e-04, v: 9.6397e-04, pde_a: 4.4352e-03
Epoch: 2430/5000 - Time: 9.64s - Loss: 3.4675e-02 | a: 1.1280e-02, BC: 1.4936e-04, m: 1.6717e-03, u: 9.5480e-04, v: 7.4856e-04, pde_a: 4.5393e-03
Epoch: 2440/5000 - Time: 9.34s - Loss: 3.4264e-02 | a: 1.0879e-02, BC: 1.1688e-04, m: 1.6664e-03, u: 9.1350e-04, v: 8.2772e-04, pde_a: 4.1898e-03
Epoch: 2450/5000 - Time: 9.03s - Loss: 3.6865e-02 | a: 1.1300e-02, BC: 1.3130e-04, m: 1.6908e-03, u: 1.0961e-03, v: 8.6530e-04, pde_a: 4.1288e-03
Epoch: 2460/5000 - Time: 8.99s - Loss: 3.1207e-02 | a: 1.0026e-02, BC: 1.0898e-04, m: 1.6550e-03, u: 7.9970e-04, v: 7.0359e-04, pde_a: 4.3843e-03
Saving checkpoint at epoch 2460 with loss 3.1207e-02
Epoch: 2470/5000 - Time: 9.25s - Loss: 3.1781e-02 | a: 1.0390e-02, BC: 1.0560e-04, m: 1.6540e-03, u: 8.2225e-04, v: 7.3884e-04, pde_a: 4.0200e-03
Epoch: 2480/5000 - Time: 8.98s - Loss: 3.4244e-02 | a: 1.0966e-02, BC: 1.2121e-04, m: 1.6644e-03, u: 8.9854e-04, v: 8.1862e-04, pde_a: 4.3211e-03
Epoch: 2490/5000 - Time: 9.03s - Loss: 3.1571e-02 | a: 1.0309e-02, BC: 1.1952e-04, m: 1.6486e-03, u: 8.1076e-04, v: 7.3533e-04, pde_a: 4.0331e-03
Epoch: 2500/5000 - Time: 9.04s - Loss: 3.5336e-02 | a: 1.0792e-02, BC: 1.2397e-04, m: 1.6634e-03, u: 9.5215e-04, v: 8.7848e-04, pde_a: 4.4511e-03
Epoch: 2510/5000 - Time: 9.01s - Loss: 3.5046e-02 | a: 1.0667e-02, BC: 1.4926e-04, m: 1.6699e-03, u: 1.0309e-03, v: 7.9994e-04, pde_a: 4.2518e-03
Epoch: 2520/5000 - Time: 9.01s - Loss: 3.5376e-02 | a: 1.0391e-02, BC: 1.4304e-04, m: 1.6556e-03, u: 9.5086e-04, v: 9.2538e-04, pde_a: 4.4244e-03
Epoch: 2530/5000 - Time: 9.11s - Loss: 3.5340e-02 | a: 1.0512e-02, BC: 1.4181e-04, m: 1.6573e-03, u: 1.0178e-03, v: 8.6448e-04, pde_a: 4.2052e-03
Epoch: 2540/5000 - Time: 9.36s - Loss: 3.8323e-02 | a: 1.1081e-02, BC: 1.7269e-04, m: 1.6648e-03, u: 1.1891e-03, v: 9.0580e-04, pde_a: 4.4561e-03
Epoch: 2550/5000 - Time: 9.05s - Loss: 3.3147e-02 | a: 1.0212e-02, BC: 1.2160e-04, m: 1.6485e-03, u: 8.8406e-04, v: 8.0389e-04, pde_a: 4.2860e-03
Epoch: 2560/5000 - Time: 9.19s - Loss: 3.7544e-02 | a: 1.2292e-02, BC: 1.8851e-04, m: 1.6736e-03, u: 1.0546e-03, v: 8.2694e-04, pde_a: 4.5740e-03
Epoch: 2570/5000 - Time: 9.14s - Loss: 3.3576e-02 | a: 1.1337e-02, BC: 1.2009e-04, m: 1.6637e-03, u: 8.3350e-04, v: 7.9390e-04, pde_a: 4.1811e-03
Epoch: 2580/5000 - Time: 9.19s - Loss: 3.3669e-02 | a: 1.0832e-02, BC: 1.3512e-04, m: 1.6381e-03, u: 8.6095e-04, v: 8.0886e-04, pde_a: 4.3656e-03
Epoch: 2590/5000 - Time: 9.44s - Loss: 3.5491e-02 | a: 1.1414e-02, BC: 1.1682e-04, m: 1.6609e-03, u: 1.0391e-03, v: 7.6987e-04, pde_a: 4.2095e-03
Epoch: 2600/5000 - Time: 9.26s - Loss: 3.2297e-02 | a: 1.0300e-02, BC: 1.3597e-04, m: 1.6369e-03, u: 8.2599e-04, v: 7.4810e-04, pde_a: 4.4829e-03
Epoch: 2610/5000 - Time: 9.03s - Loss: 3.5417e-02 | a: 1.0253e-02, BC: 1.2635e-04, m: 1.6477e-03, u: 1.0094e-03, v: 8.8874e-04, pde_a: 4.4082e-03
Epoch: 2620/5000 - Time: 8.97s - Loss: 3.4352e-02 | a: 1.0688e-02, BC: 1.3657e-04, m: 1.6673e-03, u: 1.0229e-03, v: 7.3382e-04, pde_a: 4.2925e-03
Epoch: 2630/5000 - Time: 9.01s - Loss: 3.5732e-02 | a: 1.0340e-02, BC: 1.2671e-04, m: 1.6588e-03, u: 1.0627e-03, v: 8.6590e-04, pde_a: 4.3204e-03
Epoch: 2640/5000 - Time: 9.71s - Loss: 3.6879e-02 | a: 1.0984e-02, BC: 1.2574e-04, m: 1.6565e-03, u: 1.1267e-03, v: 8.4959e-04, pde_a: 4.3495e-03
Epoch: 2650/5000 - Time: 9.70s - Loss: 3.3998e-02 | a: 1.1322e-02, BC: 1.5035e-04, m: 1.6453e-03, u: 8.0776e-04, v: 8.5212e-04, pde_a: 4.2809e-03
Epoch: 2660/5000 - Time: 9.59s - Loss: 3.3066e-02 | a: 1.0208e-02, BC: 1.3359e-04, m: 1.6470e-03, u: 8.9493e-04, v: 7.6274e-04, pde_a: 4.5003e-03
Epoch: 2670/5000 - Time: 9.27s - Loss: 3.6379e-02 | a: 1.0247e-02, BC: 1.2994e-04, m: 1.6209e-03, u: 9.2640e-04, v: 1.0385e-03, pde_a: 4.7325e-03
Epoch: 2680/5000 - Time: 9.27s - Loss: 3.1042e-02 | a: 1.0558e-02, BC: 1.3611e-04, m: 1.6246e-03, u: 7.8070e-04, v: 6.8616e-04, pde_a: 4.0556e-03
Saving checkpoint at epoch 2680 with loss 3.1042e-02
Epoch: 2690/5000 - Time: 9.32s - Loss: 3.5977e-02 | a: 1.1887e-02, BC: 1.3161e-04, m: 1.6341e-03, u: 9.7048e-04, v: 8.3299e-04, pde_a: 4.2896e-03
Epoch: 2700/5000 - Time: 9.39s - Loss: 3.5600e-02 | a: 1.1325e-02, BC: 1.4515e-04, m: 1.6304e-03, u: 1.0039e-03, v: 8.0394e-04, pde_a: 4.4213e-03
Epoch: 2710/5000 - Time: 9.05s - Loss: 3.2938e-02 | a: 1.0779e-02, BC: 1.3230e-04, m: 1.6494e-03, u: 8.3599e-04, v: 7.7814e-04, pde_a: 4.2359e-03
Epoch: 2720/5000 - Time: 9.09s - Loss: 3.2696e-02 | a: 1.0576e-02, BC: 1.3188e-04, m: 1.6526e-03, u: 8.8225e-04, v: 7.2121e-04, pde_a: 4.3014e-03
Epoch: 2730/5000 - Time: 9.04s - Loss: 4.0966e-02 | a: 1.1636e-02, BC: 1.7423e-04, m: 1.6767e-03, u: 1.4451e-03, v: 8.7790e-04, pde_a: 4.2498e-03
Epoch: 2740/5000 - Time: 9.15s - Loss: 3.4016e-02 | a: 1.0884e-02, BC: 1.5279e-04, m: 1.6380e-03, u: 8.9056e-04, v: 8.2054e-04, pde_a: 4.2301e-03
Epoch: 2750/5000 - Time: 9.28s - Loss: 3.2821e-02 | a: 1.0766e-02, BC: 1.3613e-04, m: 1.6230e-03, u: 8.2861e-04, v: 7.4734e-04, pde_a: 4.5359e-03
Epoch: 2760/5000 - Time: 9.30s - Loss: 3.4179e-02 | a: 1.1139e-02, BC: 1.4696e-04, m: 1.6328e-03, u: 9.2384e-04, v: 7.8220e-04, pde_a: 4.2001e-03
Epoch: 2770/5000 - Time: 9.01s - Loss: 3.0381e-02 | a: 1.0216e-02, BC: 1.0864e-04, m: 1.6248e-03, u: 7.7279e-04, v: 6.7161e-04, pde_a: 3.9876e-03
Saving checkpoint at epoch 2770 with loss 3.0381e-02
Epoch: 2780/5000 - Time: 9.00s - Loss: 3.7171e-02 | a: 1.1137e-02, BC: 1.4227e-04, m: 1.6576e-03, u: 1.0017e-03, v: 1.0043e-03, pde_a: 4.1745e-03
Epoch: 2790/5000 - Time: 9.39s - Loss: 3.5003e-02 | a: 1.1924e-02, BC: 1.7966e-04, m: 1.6394e-03, u: 8.9093e-04, v: 8.0303e-04, pde_a: 4.3201e-03
Epoch: 2800/5000 - Time: 9.69s - Loss: 3.4196e-02 | a: 1.0802e-02, BC: 1.1429e-04, m: 1.6296e-03, u: 9.7458e-04, v: 7.5336e-04, pde_a: 4.3714e-03
Epoch: 2810/5000 - Time: 9.14s - Loss: 3.1701e-02 | a: 1.0521e-02, BC: 1.3684e-04, m: 1.6160e-03, u: 7.7530e-04, v: 7.3703e-04, pde_a: 4.3035e-03
Epoch: 2820/5000 - Time: 9.26s - Loss: 3.1188e-02 | a: 9.8276e-03, BC: 1.2367e-04, m: 1.6272e-03, u: 8.1390e-04, v: 7.1134e-04, pde_a: 4.3568e-03
Epoch: 2830/5000 - Time: 9.04s - Loss: 3.1973e-02 | a: 1.0738e-02, BC: 1.4429e-04, m: 1.6153e-03, u: 7.9976e-04, v: 7.2840e-04, pde_a: 4.1942e-03
Epoch: 2840/5000 - Time: 8.98s - Loss: 3.3592e-02 | a: 1.0538e-02, BC: 1.2248e-04, m: 1.6089e-03, u: 8.7510e-04, v: 8.0838e-04, pde_a: 4.4872e-03
Epoch: 2850/5000 - Time: 9.08s - Loss: 3.4846e-02 | a: 1.0845e-02, BC: 1.5880e-04, m: 1.6504e-03, u: 9.6139e-04, v: 8.0985e-04, pde_a: 4.4800e-03
Epoch: 2860/5000 - Time: 9.17s - Loss: 3.2018e-02 | a: 1.0181e-02, BC: 1.2472e-04, m: 1.6096e-03, u: 8.6431e-04, v: 7.3194e-04, pde_a: 4.1401e-03
Epoch: 2870/5000 - Time: 9.09s - Loss: 3.1829e-02 | a: 1.0500e-02, BC: 1.2993e-04, m: 1.6248e-03, u: 8.4282e-04, v: 6.8515e-04, pde_a: 4.2942e-03
Epoch: 2880/5000 - Time: 9.05s - Loss: 3.7820e-02 | a: 1.0901e-02, BC: 1.2380e-04, m: 1.6498e-03, u: 1.1661e-03, v: 8.7379e-04, pde_a: 4.7466e-03
Epoch: 2890/5000 - Time: 9.01s - Loss: 3.5797e-02 | a: 1.2001e-02, BC: 1.3279e-04, m: 1.6233e-03, u: 9.6592e-04, v: 8.2567e-04, pde_a: 4.1237e-03
Epoch: 2900/5000 - Time: 9.26s - Loss: 3.1650e-02 | a: 9.9831e-03, BC: 1.3182e-04, m: 1.6032e-03, u: 7.8965e-04, v: 7.9215e-04, pde_a: 4.1141e-03
Epoch: 2910/5000 - Time: 9.21s - Loss: 3.3660e-02 | a: 1.0828e-02, BC: 1.0691e-04, m: 1.6027e-03, u: 8.4750e-04, v: 8.4826e-04, pde_a: 4.1652e-03
Epoch: 2920/5000 - Time: 9.21s - Loss: 3.2528e-02 | a: 1.0601e-02, BC: 1.2265e-04, m: 1.6030e-03, u: 8.4179e-04, v: 7.8058e-04, pde_a: 3.9772e-03
Epoch: 2930/5000 - Time: 9.23s - Loss: 3.3554e-02 | a: 1.0561e-02, BC: 1.3777e-04, m: 1.5998e-03, u: 9.2897e-04, v: 7.6914e-04, pde_a: 4.2741e-03
Epoch: 2940/5000 - Time: 9.25s - Loss: 3.5240e-02 | a: 1.0971e-02, BC: 1.7156e-04, m: 1.6035e-03, u: 9.0054e-04, v: 8.8273e-04, pde_a: 4.6610e-03
Epoch: 2950/5000 - Time: 9.12s - Loss: 3.2806e-02 | a: 1.1158e-02, BC: 1.6880e-04, m: 1.5967e-03, u: 8.4898e-04, v: 7.3635e-04, pde_a: 4.0296e-03
Epoch: 2960/5000 - Time: 9.36s - Loss: 3.1870e-02 | a: 1.0400e-02, BC: 1.2630e-04, m: 1.6099e-03, u: 8.3417e-04, v: 7.3281e-04, pde_a: 4.0645e-03
Epoch: 2970/5000 - Time: 9.78s - Loss: 3.3305e-02 | a: 1.0444e-02, BC: 1.2370e-04, m: 1.6211e-03, u: 8.9224e-04, v: 7.7494e-04, pde_a: 4.4446e-03
Epoch: 2980/5000 - Time: 9.49s - Loss: 3.4667e-02 | a: 1.0222e-02, BC: 1.3669e-04, m: 1.5996e-03, u: 9.3701e-04, v: 8.1763e-04, pde_a: 5.1618e-03
Epoch: 2990/5000 - Time: 9.23s - Loss: 3.1920e-02 | a: 1.0161e-02, BC: 1.2420e-04, m: 1.5920e-03, u: 8.0860e-04, v: 7.9436e-04, pde_a: 4.0129e-03
Epoch: 3000/5000 - Time: 9.69s - Loss: 3.6131e-02 | a: 1.0275e-02, BC: 1.2908e-04, m: 1.6180e-03, u: 1.0399e-03, v: 9.5144e-04, pde_a: 4.1959e-03
Epoch: 3010/5000 - Time: 9.34s - Loss: 3.2388e-02 | a: 1.0431e-02, BC: 1.2483e-04, m: 1.6049e-03, u: 8.2262e-04, v: 7.3941e-04, pde_a: 4.6071e-03
Epoch: 3020/5000 - Time: 9.06s - Loss: 3.3902e-02 | a: 1.1241e-02, BC: 1.1868e-04, m: 1.5929e-03, u: 8.3680e-04, v: 8.1120e-04, pde_a: 4.4697e-03
Epoch: 3030/5000 - Time: 9.29s - Loss: 3.3458e-02 | a: 1.0213e-02, BC: 1.2348e-04, m: 1.5940e-03, u: 8.6036e-04, v: 8.6200e-04, pde_a: 4.3035e-03
Epoch: 3040/5000 - Time: 9.15s - Loss: 3.2068e-02 | a: 9.8767e-03, BC: 1.1522e-04, m: 1.5961e-03, u: 8.4230e-04, v: 7.7062e-04, pde_a: 4.3507e-03
Epoch: 3050/5000 - Time: 9.04s - Loss: 3.0673e-02 | a: 1.0216e-02, BC: 1.1074e-04, m: 1.5773e-03, u: 7.6944e-04, v: 7.1373e-04, pde_a: 3.9372e-03
Epoch: 3060/5000 - Time: 9.05s - Loss: 3.3566e-02 | a: 1.1444e-02, BC: 1.5255e-04, m: 1.6150e-03, u: 9.0783e-04, v: 7.2785e-04, pde_a: 3.9970e-03
Epoch: 3070/5000 - Time: 9.30s - Loss: 3.3507e-02 | a: 1.0151e-02, BC: 1.1356e-04, m: 1.6013e-03, u: 8.9083e-04, v: 8.2459e-04, pde_a: 4.4870e-03
Epoch: 3080/5000 - Time: 9.64s - Loss: 3.4384e-02 | a: 1.0319e-02, BC: 1.2286e-04, m: 1.5969e-03, u: 9.4689e-04, v: 8.5292e-04, pde_a: 4.3477e-03
Epoch: 3090/5000 - Time: 9.34s - Loss: 3.9230e-02 | a: 1.2754e-02, BC: 1.8146e-04, m: 1.6190e-03, u: 9.7955e-04, v: 1.0789e-03, pde_a: 4.0919e-03
Epoch: 3100/5000 - Time: 9.21s - Loss: 3.4597e-02 | a: 1.0024e-02, BC: 1.5374e-04, m: 1.5941e-03, u: 8.8629e-04, v: 9.4474e-04, pde_a: 4.5147e-03
Epoch: 3110/5000 - Time: 9.75s - Loss: 3.2208e-02 | a: 1.0338e-02, BC: 1.3371e-04, m: 1.5893e-03, u: 7.8936e-04, v: 7.2165e-04, pde_a: 5.0366e-03
Epoch: 3120/5000 - Time: 9.53s - Loss: 3.5410e-02 | a: 1.0529e-02, BC: 1.2246e-04, m: 1.5901e-03, u: 1.0317e-03, v: 8.5956e-04, pde_a: 4.2564e-03
Epoch: 3130/5000 - Time: 9.16s - Loss: 3.4251e-02 | a: 1.0412e-02, BC: 1.3264e-04, m: 1.6067e-03, u: 9.1051e-04, v: 8.9184e-04, pde_a: 4.0766e-03
Epoch: 3140/5000 - Time: 9.15s - Loss: 3.5194e-02 | a: 1.1570e-02, BC: 1.6464e-04, m: 1.5981e-03, u: 9.8161e-04, v: 7.8152e-04, pde_a: 4.2303e-03
Epoch: 3150/5000 - Time: 9.23s - Loss: 3.6486e-02 | a: 1.0984e-02, BC: 1.5652e-04, m: 1.6055e-03, u: 9.8073e-04, v: 9.7769e-04, pde_a: 4.1556e-03
Epoch: 3160/5000 - Time: 9.15s - Loss: 3.3892e-02 | a: 1.0910e-02, BC: 1.0618e-04, m: 1.5942e-03, u: 8.4649e-04, v: 8.8194e-04, pde_a: 3.9973e-03
Epoch: 3170/5000 - Time: 9.07s - Loss: 3.3027e-02 | a: 1.0402e-02, BC: 1.1770e-04, m: 1.5764e-03, u: 8.9746e-04, v: 7.8088e-04, pde_a: 4.1468e-03
Epoch: 3180/5000 - Time: 9.13s - Loss: 3.0346e-02 | a: 1.0546e-02, BC: 1.2737e-04, m: 1.5875e-03, u: 7.3513e-04, v: 6.5926e-04, pde_a: 4.1421e-03
Saving checkpoint at epoch 3180 with loss 3.0346e-02
Epoch: 3190/5000 - Time: 9.42s - Loss: 3.2347e-02 | a: 1.0096e-02, BC: 1.2362e-04, m: 1.5762e-03, u: 8.5597e-04, v: 7.7068e-04, pde_a: 4.2852e-03
Epoch: 3200/5000 - Time: 9.43s - Loss: 3.4751e-02 | a: 1.0188e-02, BC: 1.6517e-04, m: 1.6048e-03, u: 9.3609e-04, v: 9.2887e-04, pde_a: 4.1430e-03
Epoch: 3210/5000 - Time: 9.45s - Loss: 3.1737e-02 | a: 1.0463e-02, BC: 1.1082e-04, m: 1.5810e-03, u: 8.2381e-04, v: 7.1961e-04, pde_a: 4.1478e-03
Epoch: 3220/5000 - Time: 9.75s - Loss: 3.3756e-02 | a: 1.0418e-02, BC: 1.2074e-04, m: 1.5869e-03, u: 8.6177e-04, v: 8.8102e-04, pde_a: 4.2022e-03
Epoch: 3230/5000 - Time: 9.67s - Loss: 3.3874e-02 | a: 1.1395e-02, BC: 1.7748e-04, m: 1.5813e-03, u: 8.6252e-04, v: 7.4220e-04, pde_a: 4.6724e-03
Epoch: 3240/5000 - Time: 9.73s - Loss: 3.5576e-02 | a: 1.0226e-02, BC: 1.3884e-04, m: 1.6005e-03, u: 9.5752e-04, v: 9.6570e-04, pde_a: 4.3787e-03
Epoch: 3250/5000 - Time: 9.00s - Loss: 3.3165e-02 | a: 1.0039e-02, BC: 1.2273e-04, m: 1.5804e-03, u: 9.3126e-04, v: 7.9842e-04, pde_a: 4.1253e-03
Epoch: 3260/5000 - Time: 8.99s - Loss: 3.6793e-02 | a: 1.0812e-02, BC: 1.4209e-04, m: 1.6058e-03, u: 1.0470e-03, v: 9.5206e-04, pde_a: 4.2434e-03
Epoch: 3270/5000 - Time: 9.03s - Loss: 3.2442e-02 | a: 1.0706e-02, BC: 1.3127e-04, m: 1.5678e-03, u: 8.6849e-04, v: 7.2658e-04, pde_a: 4.0861e-03
Epoch: 3280/5000 - Time: 9.19s - Loss: 3.3397e-02 | a: 1.0233e-02, BC: 1.1580e-04, m: 1.5681e-03, u: 9.0983e-04, v: 8.2760e-04, pde_a: 4.1059e-03
Epoch: 3290/5000 - Time: 9.49s - Loss: 3.7570e-02 | a: 1.1164e-02, BC: 1.4733e-04, m: 1.5733e-03, u: 1.0530e-03, v: 9.8022e-04, pde_a: 4.3527e-03
Epoch: 3300/5000 - Time: 9.37s - Loss: 3.4522e-02 | a: 1.1405e-02, BC: 1.4296e-04, m: 1.5763e-03, u: 9.2612e-04, v: 8.0548e-04, pde_a: 4.0813e-03
Epoch: 3310/5000 - Time: 9.37s - Loss: 3.2817e-02 | a: 1.0812e-02, BC: 1.4439e-04, m: 1.5869e-03, u: 8.4004e-04, v: 7.6089e-04, pde_a: 4.2646e-03
Epoch: 3320/5000 - Time: 9.26s - Loss: 3.3171e-02 | a: 1.0589e-02, BC: 1.3591e-04, m: 1.5798e-03, u: 9.2540e-04, v: 7.2841e-04, pde_a: 4.3287e-03
Epoch: 3330/5000 - Time: 9.01s - Loss: 3.2837e-02 | a: 1.0474e-02, BC: 1.3715e-04, m: 1.5830e-03, u: 8.8876e-04, v: 7.5544e-04, pde_a: 4.2006e-03
Epoch: 3340/5000 - Time: 9.14s - Loss: 3.4603e-02 | a: 1.0104e-02, BC: 1.4124e-04, m: 1.5797e-03, u: 9.7096e-04, v: 8.5582e-04, pde_a: 4.5102e-03
Epoch: 3350/5000 - Time: 9.07s - Loss: 3.4153e-02 | a: 1.0328e-02, BC: 1.2849e-04, m: 1.5598e-03, u: 1.0527e-03, v: 7.2907e-04, pde_a: 4.3186e-03
Epoch: 3360/5000 - Time: 9.08s - Loss: 3.2874e-02 | a: 1.0438e-02, BC: 1.1977e-04, m: 1.5809e-03, u: 8.5377e-04, v: 8.2095e-04, pde_a: 3.9885e-03
Epoch: 3370/5000 - Time: 9.36s - Loss: 4.1378e-02 | a: 1.4722e-02, BC: 1.5305e-04, m: 1.5890e-03, u: 1.1265e-03, v: 9.0396e-04, pde_a: 4.6095e-03
Epoch: 3380/5000 - Time: 9.13s - Loss: 3.4920e-02 | a: 9.9936e-03, BC: 1.4796e-04, m: 1.5578e-03, u: 9.3740e-04, v: 9.0656e-04, pde_a: 4.7809e-03
Epoch: 3390/5000 - Time: 9.14s - Loss: 3.1678e-02 | a: 1.0118e-02, BC: 1.3442e-04, m: 1.5710e-03, u: 8.1471e-04, v: 7.6074e-04, pde_a: 4.1011e-03
Epoch: 3400/5000 - Time: 9.05s - Loss: 3.4970e-02 | a: 1.0792e-02, BC: 1.3474e-04, m: 1.5795e-03, u: 8.8736e-04, v: 9.2057e-04, pde_a: 4.3848e-03
Epoch: 3410/5000 - Time: 9.14s - Loss: 3.9177e-02 | a: 1.1177e-02, BC: 1.5158e-04, m: 1.5828e-03, u: 1.1242e-03, v: 1.0347e-03, pde_a: 4.6769e-03
Epoch: 3420/5000 - Time: 8.99s - Loss: 3.2174e-02 | a: 1.0094e-02, BC: 1.3233e-04, m: 1.5567e-03, u: 8.5325e-04, v: 7.4567e-04, pde_a: 4.4012e-03
Epoch: 3430/5000 - Time: 9.09s - Loss: 3.1547e-02 | a: 1.0583e-02, BC: 1.4858e-04, m: 1.5623e-03, u: 8.1804e-04, v: 7.0831e-04, pde_a: 3.9894e-03
Epoch: 3440/5000 - Time: 9.52s - Loss: 3.4154e-02 | a: 1.0809e-02, BC: 1.3881e-04, m: 1.5727e-03, u: 9.6272e-04, v: 7.8434e-04, pde_a: 4.1634e-03
Epoch: 3450/5000 - Time: 9.21s - Loss: 3.2586e-02 | a: 9.9962e-03, BC: 1.2165e-04, m: 1.5639e-03, u: 8.2610e-04, v: 8.4786e-04, pde_a: 4.1642e-03
Epoch: 3460/5000 - Time: 9.23s - Loss: 3.1261e-02 | a: 1.0232e-02, BC: 1.2254e-04, m: 1.5465e-03, u: 8.3855e-04, v: 7.0820e-04, pde_a: 3.8926e-03
Epoch: 3470/5000 - Time: 9.11s - Loss: 3.5254e-02 | a: 1.1431e-02, BC: 1.5324e-04, m: 1.5721e-03, u: 8.4528e-04, v: 9.3012e-04, pde_a: 4.3434e-03
Epoch: 3480/5000 - Time: 9.58s - Loss: 3.6075e-02 | a: 1.1051e-02, BC: 1.6136e-04, m: 1.5629e-03, u: 9.6938e-04, v: 9.1792e-04, pde_a: 4.4270e-03
Epoch: 3490/5000 - Time: 9.04s - Loss: 3.5904e-02 | a: 1.0546e-02, BC: 1.2818e-04, m: 1.5756e-03, u: 1.1040e-03, v: 8.5424e-04, pde_a: 4.0716e-03
Epoch: 3500/5000 - Time: 9.18s - Loss: 3.0870e-02 | a: 9.8807e-03, BC: 1.2270e-04, m: 1.5573e-03, u: 7.8610e-04, v: 7.4127e-04, pde_a: 4.0355e-03
Epoch: 3510/5000 - Time: 9.23s - Loss: 3.3980e-02 | a: 1.1121e-02, BC: 1.2250e-04, m: 1.5450e-03, u: 8.8199e-04, v: 7.8611e-04, pde_a: 4.5102e-03
Epoch: 3520/5000 - Time: 9.01s - Loss: 3.1709e-02 | a: 1.0298e-02, BC: 1.1804e-04, m: 1.5466e-03, u: 8.1901e-04, v: 7.1515e-04, pde_a: 4.4050e-03
Epoch: 3530/5000 - Time: 9.11s - Loss: 4.5780e-02 | a: 1.1672e-02, BC: 2.3035e-04, m: 1.6188e-03, u: 1.4985e-03, v: 1.1846e-03, pde_a: 5.4278e-03
Epoch: 3540/5000 - Time: 9.31s - Loss: 3.2495e-02 | a: 9.8560e-03, BC: 1.1756e-04, m: 1.5547e-03, u: 9.3987e-04, v: 7.4023e-04, pde_a: 4.1661e-03
Epoch: 3550/5000 - Time: 9.08s - Loss: 3.2461e-02 | a: 1.0465e-02, BC: 1.3001e-04, m: 1.5395e-03, u: 8.5906e-04, v: 7.6363e-04, pde_a: 4.0990e-03
Epoch: 3560/5000 - Time: 9.20s - Loss: 3.0435e-02 | a: 9.7286e-03, BC: 1.0586e-04, m: 1.5392e-03, u: 7.9175e-04, v: 7.1241e-04, pde_a: 4.0196e-03
Epoch: 3570/5000 - Time: 9.14s - Loss: 3.2206e-02 | a: 9.8701e-03, BC: 1.5944e-04, m: 1.5464e-03, u: 9.1306e-04, v: 7.3850e-04, pde_a: 4.1147e-03
Epoch: 3580/5000 - Time: 9.12s - Loss: 3.7197e-02 | a: 1.0078e-02, BC: 1.4982e-04, m: 1.5939e-03, u: 1.0247e-03, v: 1.0843e-03, pde_a: 4.2860e-03
Epoch: 3590/5000 - Time: 9.14s - Loss: 3.5470e-02 | a: 1.1021e-02, BC: 1.4037e-04, m: 1.5673e-03, u: 9.4412e-04, v: 8.9808e-04, pde_a: 4.3198e-03
Epoch: 3600/5000 - Time: 9.11s - Loss: 3.3101e-02 | a: 9.8963e-03, BC: 1.0928e-04, m: 1.5462e-03, u: 8.4414e-04, v: 9.0667e-04, pde_a: 4.0413e-03
Epoch: 3610/5000 - Time: 9.26s - Loss: 3.1641e-02 | a: 1.0243e-02, BC: 1.2031e-04, m: 1.5336e-03, u: 8.1124e-04, v: 7.4347e-04, pde_a: 4.1977e-03
Epoch: 3620/5000 - Time: 9.17s - Loss: 3.6911e-02 | a: 1.0601e-02, BC: 1.3009e-04, m: 1.5566e-03, u: 1.0388e-03, v: 9.5708e-04, pde_a: 4.6644e-03
Epoch: 3630/5000 - Time: 9.00s - Loss: 3.1902e-02 | a: 9.8223e-03, BC: 1.1143e-04, m: 1.5463e-03, u: 8.8922e-04, v: 7.4170e-04, pde_a: 4.1128e-03
Epoch: 3640/5000 - Time: 8.97s - Loss: 3.4422e-02 | a: 9.9244e-03, BC: 1.2396e-04, m: 1.5585e-03, u: 9.7453e-04, v: 7.9579e-04, pde_a: 5.1121e-03
Epoch: 3650/5000 - Time: 9.09s - Loss: 3.0255e-02 | a: 1.0421e-02, BC: 1.1116e-04, m: 1.5348e-03, u: 7.6539e-04, v: 6.6142e-04, pde_a: 3.9199e-03
Saving checkpoint at epoch 3650 with loss 3.0255e-02
Epoch: 3660/5000 - Time: 9.34s - Loss: 3.2421e-02 | a: 1.0550e-02, BC: 1.1201e-04, m: 1.5542e-03, u: 8.5483e-04, v: 7.4879e-04, pde_a: 4.1678e-03
Epoch: 3670/5000 - Time: 9.09s - Loss: 3.1796e-02 | a: 1.0695e-02, BC: 1.1539e-04, m: 1.5282e-03, u: 8.2353e-04, v: 7.0469e-04, pde_a: 4.1747e-03
Epoch: 3680/5000 - Time: 8.99s - Loss: 3.9331e-02 | a: 9.7877e-03, BC: 1.4000e-04, m: 1.5605e-03, u: 1.2727e-03, v: 1.0156e-03, pde_a: 4.9599e-03
Epoch: 3690/5000 - Time: 9.16s - Loss: 3.8710e-02 | a: 1.0111e-02, BC: 1.7268e-04, m: 1.5341e-03, u: 1.1573e-03, v: 9.9453e-04, pde_a: 5.3732e-03
Epoch: 3700/5000 - Time: 9.17s - Loss: 3.6343e-02 | a: 1.1167e-02, BC: 1.6955e-04, m: 1.5557e-03, u: 1.0778e-03, v: 8.2330e-04, pde_a: 4.4401e-03
Epoch: 3710/5000 - Time: 9.10s - Loss: 3.3525e-02 | a: 1.0120e-02, BC: 1.2518e-04, m: 1.5373e-03, u: 9.0616e-04, v: 8.6136e-04, pde_a: 4.0674e-03
Epoch: 3720/5000 - Time: 9.01s - Loss: 3.2444e-02 | a: 9.9814e-03, BC: 1.1590e-04, m: 1.5337e-03, u: 8.5907e-04, v: 7.3559e-04, pde_a: 4.8669e-03
Epoch: 3730/5000 - Time: 9.14s - Loss: 3.1821e-02 | a: 1.0324e-02, BC: 1.5846e-04, m: 1.5268e-03, u: 8.1925e-04, v: 7.2226e-04, pde_a: 4.3968e-03
Epoch: 3740/5000 - Time: 9.11s - Loss: 3.2805e-02 | a: 9.7869e-03, BC: 1.4604e-04, m: 1.5337e-03, u: 9.6711e-04, v: 7.5945e-04, pde_a: 4.0732e-03
Epoch: 3750/5000 - Time: 9.16s - Loss: 3.3249e-02 | a: 1.0013e-02, BC: 1.1671e-04, m: 1.5408e-03, u: 9.3351e-04, v: 7.7655e-04, pde_a: 4.4777e-03
Epoch: 3760/5000 - Time: 9.05s - Loss: 3.4309e-02 | a: 1.0543e-02, BC: 1.3456e-04, m: 1.5334e-03, u: 1.0228e-03, v: 7.6202e-04, pde_a: 4.2496e-03
Epoch: 3770/5000 - Time: 9.01s - Loss: 3.3904e-02 | a: 1.0831e-02, BC: 1.2792e-04, m: 1.5329e-03, u: 9.7419e-04, v: 7.7001e-04, pde_a: 3.9706e-03
Epoch: 3780/5000 - Time: 9.34s - Loss: 3.3122e-02 | a: 1.0386e-02, BC: 1.7073e-04, m: 1.5376e-03, u: 9.1474e-04, v: 7.6270e-04, pde_a: 4.2526e-03
Epoch: 3790/5000 - Time: 9.18s - Loss: 3.0576e-02 | a: 9.8144e-03, BC: 1.1392e-04, m: 1.5072e-03, u: 8.1533e-04, v: 6.7389e-04, pde_a: 4.2484e-03
Epoch: 3800/5000 - Time: 9.06s - Loss: 3.3118e-02 | a: 1.0036e-02, BC: 1.4109e-04, m: 1.5285e-03, u: 8.9258e-04, v: 8.3002e-04, pde_a: 4.1858e-03
Epoch: 3810/5000 - Time: 9.13s - Loss: 2.9335e-02 | a: 9.7961e-03, BC: 1.2877e-04, m: 1.5158e-03, u: 7.4122e-04, v: 6.5935e-04, pde_a: 3.8883e-03
Saving checkpoint at epoch 3810 with loss 2.9335e-02
Epoch: 3820/5000 - Time: 9.27s - Loss: 3.2296e-02 | a: 1.0716e-02, BC: 1.3328e-04, m: 1.5200e-03, u: 8.4918e-04, v: 7.5100e-04, pde_a: 3.9248e-03
Epoch: 3830/5000 - Time: 9.34s - Loss: 3.1871e-02 | a: 9.5672e-03, BC: 1.3965e-04, m: 1.5234e-03, u: 9.0271e-04, v: 7.4817e-04, pde_a: 4.1316e-03
Epoch: 3840/5000 - Time: 9.24s - Loss: 3.3985e-02 | a: 1.0196e-02, BC: 1.3608e-04, m: 1.5294e-03, u: 9.4590e-04, v: 8.4343e-04, pde_a: 4.2307e-03
Epoch: 3850/5000 - Time: 9.03s - Loss: 3.2754e-02 | a: 1.0384e-02, BC: 1.5898e-04, m: 1.5204e-03, u: 8.8035e-04, v: 7.5464e-04, pde_a: 4.3402e-03
Epoch: 3860/5000 - Time: 9.15s - Loss: 3.4328e-02 | a: 1.0568e-02, BC: 1.4414e-04, m: 1.5206e-03, u: 8.5432e-04, v: 9.4652e-04, pde_a: 4.0875e-03
Epoch: 3870/5000 - Time: 9.20s - Loss: 3.3979e-02 | a: 1.0433e-02, BC: 1.2179e-04, m: 1.5315e-03, u: 8.7434e-04, v: 8.4668e-04, pde_a: 4.6821e-03
Epoch: 3880/5000 - Time: 9.02s - Loss: 3.2972e-02 | a: 1.0200e-02, BC: 1.3316e-04, m: 1.5258e-03, u: 8.6021e-04, v: 8.3631e-04, pde_a: 4.1473e-03
Epoch: 3890/5000 - Time: 8.97s - Loss: 3.4026e-02 | a: 9.9787e-03, BC: 1.2825e-04, m: 1.5368e-03, u: 8.8579e-04, v: 9.3719e-04, pde_a: 4.1526e-03
Epoch: 3900/5000 - Time: 9.22s - Loss: 3.1080e-02 | a: 9.8403e-03, BC: 1.2475e-04, m: 1.4952e-03, u: 7.8420e-04, v: 7.1916e-04, pde_a: 4.5860e-03
Epoch: 3910/5000 - Time: 9.16s - Loss: 3.1509e-02 | a: 9.6559e-03, BC: 1.2840e-04, m: 1.5060e-03, u: 8.4816e-04, v: 7.3507e-04, pde_a: 4.3860e-03
Epoch: 3920/5000 - Time: 9.14s - Loss: 3.2503e-02 | a: 1.1124e-02, BC: 1.5102e-04, m: 1.5080e-03, u: 8.4368e-04, v: 7.2405e-04, pde_a: 4.0426e-03
Epoch: 3930/5000 - Time: 9.06s - Loss: 3.1626e-02 | a: 9.9692e-03, BC: 1.2490e-04, m: 1.5096e-03, u: 8.4284e-04, v: 7.5834e-04, pde_a: 4.0104e-03
Epoch: 3940/5000 - Time: 9.70s - Loss: 3.2297e-02 | a: 9.8501e-03, BC: 1.0920e-04, m: 1.5180e-03, u: 9.1702e-04, v: 7.6206e-04, pde_a: 4.0285e-03
Epoch: 3950/5000 - Time: 9.43s - Loss: 3.3871e-02 | a: 1.0601e-02, BC: 1.4722e-04, m: 1.5289e-03, u: 8.3209e-04, v: 7.6643e-04, pde_a: 5.6082e-03
Epoch: 3960/5000 - Time: 9.37s - Loss: 3.2096e-02 | a: 1.0156e-02, BC: 1.2386e-04, m: 1.5149e-03, u: 8.0820e-04, v: 8.0202e-04, pde_a: 4.1994e-03
Epoch: 3970/5000 - Time: 9.16s - Loss: 3.2636e-02 | a: 9.7198e-03, BC: 1.1972e-04, m: 1.5079e-03, u: 1.0189e-03, v: 7.0891e-04, pde_a: 4.0099e-03
Epoch: 3980/5000 - Time: 9.20s - Loss: 3.6393e-02 | a: 1.0180e-02, BC: 1.2461e-04, m: 1.5384e-03, u: 1.1650e-03, v: 8.4442e-04, pde_a: 4.4552e-03
Epoch: 3990/5000 - Time: 9.17s - Loss: 3.0805e-02 | a: 9.7280e-03, BC: 1.3575e-04, m: 1.5029e-03, u: 8.1071e-04, v: 7.2947e-04, pde_a: 4.0363e-03
Epoch: 4000/5000 - Time: 9.56s - Loss: 3.5552e-02 | a: 1.0617e-02, BC: 1.1682e-04, m: 1.5173e-03, u: 1.0016e-03, v: 9.0948e-04, pde_a: 4.1897e-03
Epoch: 4010/5000 - Time: 9.00s - Loss: 3.0958e-02 | a: 1.0078e-02, BC: 1.4054e-04, m: 1.5184e-03, u: 8.2731e-04, v: 6.9197e-04, pde_a: 4.0286e-03
Epoch: 4020/5000 - Time: 9.00s - Loss: 3.1745e-02 | a: 9.5114e-03, BC: 1.1076e-04, m: 1.5027e-03, u: 8.4423e-04, v: 8.0611e-04, pde_a: 4.1169e-03
Epoch: 4030/5000 - Time: 9.09s - Loss: 3.4178e-02 | a: 1.0468e-02, BC: 1.4392e-04, m: 1.5280e-03, u: 9.9545e-04, v: 7.9962e-04, pde_a: 4.0869e-03
Epoch: 4040/5000 - Time: 9.11s - Loss: 3.8291e-02 | a: 9.7833e-03, BC: 1.2537e-04, m: 1.5257e-03, u: 1.1887e-03, v: 9.8960e-04, pde_a: 5.0739e-03
Epoch: 4050/5000 - Time: 8.99s - Loss: 3.1186e-02 | a: 1.0039e-02, BC: 1.1825e-04, m: 1.4994e-03, u: 8.1737e-04, v: 7.3945e-04, pde_a: 3.9611e-03
Epoch: 4060/5000 - Time: 9.01s - Loss: 3.1414e-02 | a: 9.9212e-03, BC: 1.0892e-04, m: 1.4921e-03, u: 8.4783e-04, v: 7.5290e-04, pde_a: 3.8843e-03
Epoch: 4070/5000 - Time: 9.28s - Loss: 3.2420e-02 | a: 9.8742e-03, BC: 1.1701e-04, m: 1.5118e-03, u: 9.5519e-04, v: 7.2354e-04, pde_a: 4.1293e-03
Epoch: 4080/5000 - Time: 9.76s - Loss: 3.8062e-02 | a: 1.1050e-02, BC: 1.4901e-04, m: 1.5389e-03, u: 1.1973e-03, v: 8.9018e-04, pde_a: 4.4498e-03
Epoch: 4090/5000 - Time: 9.48s - Loss: 3.2090e-02 | a: 1.0490e-02, BC: 1.3732e-04, m: 1.5040e-03, u: 8.6318e-04, v: 7.3021e-04, pde_a: 4.0253e-03
Epoch: 4100/5000 - Time: 9.46s - Loss: 3.0813e-02 | a: 1.0178e-02, BC: 1.1469e-04, m: 1.4953e-03, u: 7.8909e-04, v: 7.0855e-04, pde_a: 4.0491e-03
Epoch: 4110/5000 - Time: 8.97s - Loss: 3.0433e-02 | a: 9.6444e-03, BC: 1.3382e-04, m: 1.5017e-03, u: 8.0964e-04, v: 6.9517e-04, pde_a: 4.1055e-03
Epoch: 4120/5000 - Time: 9.18s - Loss: 3.1248e-02 | a: 1.0145e-02, BC: 1.3790e-04, m: 1.4939e-03, u: 7.9611e-04, v: 7.3688e-04, pde_a: 4.1412e-03
Epoch: 4130/5000 - Time: 9.30s - Loss: 3.3496e-02 | a: 1.0630e-02, BC: 1.3043e-04, m: 1.5001e-03, u: 9.3203e-04, v: 7.8247e-04, pde_a: 4.0901e-03
Epoch: 4140/5000 - Time: 9.10s - Loss: 3.4903e-02 | a: 9.6926e-03, BC: 1.2610e-04, m: 1.5068e-03, u: 9.9668e-04, v: 9.3634e-04, pde_a: 4.2475e-03
Epoch: 4150/5000 - Time: 9.19s - Loss: 3.2165e-02 | a: 9.9203e-03, BC: 1.3330e-04, m: 1.5029e-03, u: 8.9623e-04, v: 7.5036e-04, pde_a: 4.1424e-03
Epoch: 4160/5000 - Time: 9.03s - Loss: 3.1718e-02 | a: 9.8112e-03, BC: 1.5351e-04, m: 1.5105e-03, u: 8.4993e-04, v: 7.5033e-04, pde_a: 4.2398e-03
Epoch: 4170/5000 - Time: 9.11s - Loss: 3.3802e-02 | a: 9.8376e-03, BC: 1.0754e-04, m: 1.4952e-03, u: 9.4776e-04, v: 8.8757e-04, pde_a: 4.0080e-03
Epoch: 4180/5000 - Time: 9.69s - Loss: 3.2031e-02 | a: 1.0062e-02, BC: 1.6490e-04, m: 1.4967e-03, u: 8.3896e-04, v: 7.6877e-04, pde_a: 4.2298e-03
Epoch: 4190/5000 - Time: 9.67s - Loss: 3.2028e-02 | a: 9.6941e-03, BC: 1.1776e-04, m: 1.4989e-03, u: 8.0443e-04, v: 8.4445e-04, pde_a: 4.2282e-03
Epoch: 4200/5000 - Time: 9.04s - Loss: 3.3790e-02 | a: 1.0130e-02, BC: 1.3832e-04, m: 1.5062e-03, u: 9.2170e-04, v: 8.8595e-04, pde_a: 3.9384e-03
Epoch: 4210/5000 - Time: 9.01s - Loss: 3.0140e-02 | a: 1.0278e-02, BC: 1.0613e-04, m: 1.4925e-03, u: 7.8129e-04, v: 6.6135e-04, pde_a: 3.8374e-03
Epoch: 4220/5000 - Time: 8.94s - Loss: 3.5401e-02 | a: 1.1799e-02, BC: 1.1726e-04, m: 1.5201e-03, u: 9.0463e-04, v: 8.9571e-04, pde_a: 3.9616e-03
Epoch: 4230/5000 - Time: 9.62s - Loss: 3.2745e-02 | a: 9.6561e-03, BC: 1.3461e-04, m: 1.5065e-03, u: 8.0992e-04, v: 8.6070e-04, pde_a: 4.7415e-03
Epoch: 4240/5000 - Time: 9.41s - Loss: 3.2613e-02 | a: 1.0394e-02, BC: 1.7085e-04, m: 1.4993e-03, u: 8.8143e-04, v: 7.5940e-04, pde_a: 4.1404e-03
Epoch: 4250/5000 - Time: 9.54s - Loss: 3.3865e-02 | a: 9.8269e-03, BC: 1.2978e-04, m: 1.4831e-03, u: 9.7630e-04, v: 8.1302e-04, pde_a: 4.5319e-03
Epoch: 4260/5000 - Time: 9.07s - Loss: 3.1502e-02 | a: 1.0032e-02, BC: 1.4593e-04, m: 1.5037e-03, u: 8.3107e-04, v: 7.4710e-04, pde_a: 4.0389e-03
Epoch: 4270/5000 - Time: 9.05s - Loss: 3.3812e-02 | a: 9.9336e-03, BC: 1.4071e-04, m: 1.4948e-03, u: 9.0261e-04, v: 8.8295e-04, pde_a: 4.3874e-03
Epoch: 4280/5000 - Time: 9.02s - Loss: 3.3135e-02 | a: 1.1391e-02, BC: 1.4044e-04, m: 1.4719e-03, u: 8.2214e-04, v: 7.3954e-04, pde_a: 4.5145e-03
Epoch: 4290/5000 - Time: 9.21s - Loss: 3.1289e-02 | a: 1.0461e-02, BC: 1.1679e-04, m: 1.4965e-03, u: 7.7188e-04, v: 7.3400e-04, pde_a: 4.1552e-03
Epoch: 4300/5000 - Time: 9.03s - Loss: 4.0358e-02 | a: 1.2195e-02, BC: 1.5714e-04, m: 1.5080e-03, u: 1.0990e-03, v: 1.0673e-03, pde_a: 4.8349e-03
Epoch: 4310/5000 - Time: 9.08s - Loss: 3.2381e-02 | a: 9.7939e-03, BC: 1.2644e-04, m: 1.4790e-03, u: 8.2633e-04, v: 8.5588e-04, pde_a: 4.1595e-03
Epoch: 4320/5000 - Time: 9.13s - Loss: 3.0844e-02 | a: 9.5301e-03, BC: 1.1861e-04, m: 1.4863e-03, u: 8.2808e-04, v: 7.0354e-04, pde_a: 4.3930e-03
Epoch: 4330/5000 - Time: 9.03s - Loss: 3.4130e-02 | a: 1.0031e-02, BC: 1.2723e-04, m: 1.4924e-03, u: 9.0266e-04, v: 8.9682e-04, pde_a: 4.4837e-03
Epoch: 4340/5000 - Time: 9.02s - Loss: 3.2058e-02 | a: 1.0173e-02, BC: 1.3442e-04, m: 1.4740e-03, u: 8.5217e-04, v: 7.8156e-04, pde_a: 3.9393e-03
Epoch: 4350/5000 - Time: 9.00s - Loss: 3.1267e-02 | a: 9.9904e-03, BC: 1.2415e-04, m: 1.4753e-03, u: 8.3312e-04, v: 7.1775e-04, pde_a: 4.1680e-03
Epoch: 4360/5000 - Time: 8.99s - Loss: 3.1843e-02 | a: 1.0332e-02, BC: 1.1283e-04, m: 1.4724e-03, u: 8.0148e-04, v: 7.8773e-04, pde_a: 4.0330e-03
Epoch: 4370/5000 - Time: 9.00s - Loss: 3.4413e-02 | a: 9.9704e-03, BC: 1.3114e-04, m: 1.4916e-03, u: 9.5232e-04, v: 9.0621e-04, pde_a: 4.2351e-03
Epoch: 4380/5000 - Time: 9.10s - Loss: 3.2426e-02 | a: 9.6041e-03, BC: 1.3614e-04, m: 1.4909e-03, u: 9.1009e-04, v: 7.8556e-04, pde_a: 4.2380e-03
Epoch: 4390/5000 - Time: 9.13s - Loss: 3.1515e-02 | a: 1.0344e-02, BC: 1.3141e-04, m: 1.4846e-03, u: 7.9258e-04, v: 7.2182e-04, pde_a: 4.4112e-03
Epoch: 4400/5000 - Time: 9.56s - Loss: 3.4799e-02 | a: 1.1060e-02, BC: 1.6613e-04, m: 1.4916e-03, u: 9.4163e-04, v: 8.5560e-04, pde_a: 4.1085e-03
Epoch: 4410/5000 - Time: 9.32s - Loss: 3.5490e-02 | a: 1.0114e-02, BC: 1.2004e-04, m: 1.4911e-03, u: 1.0640e-03, v: 9.1550e-04, pde_a: 3.9709e-03
Epoch: 4420/5000 - Time: 9.09s - Loss: 3.3204e-02 | a: 9.7470e-03, BC: 1.2084e-04, m: 1.4892e-03, u: 8.5065e-04, v: 8.7733e-04, pde_a: 4.5673e-03
Epoch: 4430/5000 - Time: 9.13s - Loss: 3.2484e-02 | a: 1.0873e-02, BC: 1.5104e-04, m: 1.4785e-03, u: 8.4251e-04, v: 7.5342e-04, pde_a: 4.0229e-03
Epoch: 4440/5000 - Time: 9.07s - Loss: 3.5934e-02 | a: 1.0404e-02, BC: 1.4585e-04, m: 1.5012e-03, u: 1.0810e-03, v: 8.8438e-04, pde_a: 4.2295e-03
Epoch: 4450/5000 - Time: 9.03s - Loss: 3.1940e-02 | a: 9.7662e-03, BC: 1.3047e-04, m: 1.4803e-03, u: 9.0024e-04, v: 7.4062e-04, pde_a: 4.1548e-03
Epoch: 4460/5000 - Time: 9.01s - Loss: 3.4414e-02 | a: 1.0556e-02, BC: 1.5423e-04, m: 1.4841e-03, u: 9.1327e-04, v: 8.8320e-04, pde_a: 4.2548e-03
Epoch: 4470/5000 - Time: 9.13s - Loss: 3.0730e-02 | a: 1.0086e-02, BC: 1.2426e-04, m: 1.4594e-03, u: 8.1053e-04, v: 7.0150e-04, pde_a: 3.9391e-03
Epoch: 4480/5000 - Time: 9.31s - Loss: 3.4332e-02 | a: 1.0201e-02, BC: 1.1899e-04, m: 1.4726e-03, u: 9.6495e-04, v: 8.9790e-04, pde_a: 3.9108e-03
Epoch: 4490/5000 - Time: 8.99s - Loss: 3.1376e-02 | a: 9.9822e-03, BC: 1.1287e-04, m: 1.4757e-03, u: 8.3848e-04, v: 7.3150e-04, pde_a: 4.1050e-03
Epoch: 4500/5000 - Time: 9.08s - Loss: 3.1511e-02 | a: 1.0274e-02, BC: 1.3777e-04, m: 1.4672e-03, u: 7.9315e-04, v: 7.3874e-04, pde_a: 4.3131e-03
Epoch: 4510/5000 - Time: 9.72s - Loss: 3.3847e-02 | a: 9.6427e-03, BC: 1.2953e-04, m: 1.4830e-03, u: 9.4157e-04, v: 9.0131e-04, pde_a: 4.1632e-03
Epoch: 4520/5000 - Time: 9.24s - Loss: 3.2945e-02 | a: 9.8882e-03, BC: 1.2576e-04, m: 1.4777e-03, u: 8.8694e-04, v: 8.6109e-04, pde_a: 3.9735e-03
Epoch: 4530/5000 - Time: 9.05s - Loss: 3.3584e-02 | a: 9.5104e-03, BC: 1.3992e-04, m: 1.4926e-03, u: 9.6603e-04, v: 8.5398e-04, pde_a: 4.2410e-03
Epoch: 4540/5000 - Time: 9.21s - Loss: 3.4244e-02 | a: 1.0032e-02, BC: 1.1708e-04, m: 1.4849e-03, u: 9.2364e-04, v: 9.3131e-04, pde_a: 4.0606e-03
Epoch: 4550/5000 - Time: 9.10s - Loss: 3.3803e-02 | a: 1.0531e-02, BC: 2.0799e-04, m: 1.4927e-03, u: 9.1328e-04, v: 8.1987e-04, pde_a: 4.2401e-03
Epoch: 4560/5000 - Time: 9.01s - Loss: 3.3505e-02 | a: 9.7483e-03, BC: 1.5920e-04, m: 1.4808e-03, u: 9.7200e-04, v: 8.0795e-04, pde_a: 4.3174e-03
Epoch: 4570/5000 - Time: 9.08s - Loss: 3.5064e-02 | a: 1.0591e-02, BC: 1.6241e-04, m: 1.4845e-03, u: 1.0109e-03, v: 8.6965e-04, pde_a: 4.0204e-03
Epoch: 4580/5000 - Time: 9.08s - Loss: 3.4192e-02 | a: 1.1508e-02, BC: 1.3910e-04, m: 1.4661e-03, u: 8.7149e-04, v: 8.2493e-04, pde_a: 4.1152e-03
Epoch: 4590/5000 - Time: 9.16s - Loss: 3.3328e-02 | a: 1.0931e-02, BC: 1.4238e-04, m: 1.4707e-03, u: 8.8485e-04, v: 7.6827e-04, pde_a: 4.2522e-03
Epoch: 4600/5000 - Time: 9.21s - Loss: 3.0606e-02 | a: 9.6511e-03, BC: 1.1196e-04, m: 1.4600e-03, u: 8.4402e-04, v: 7.0334e-04, pde_a: 3.9090e-03
Epoch: 4610/5000 - Time: 9.31s - Loss: 3.5269e-02 | a: 9.9758e-03, BC: 1.2917e-04, m: 1.4753e-03, u: 9.5618e-04, v: 1.0085e-03, pde_a: 4.0421e-03
Epoch: 4620/5000 - Time: 9.20s - Loss: 3.0073e-02 | a: 9.2536e-03, BC: 1.1183e-04, m: 1.4579e-03, u: 8.1842e-04, v: 7.0336e-04, pde_a: 4.0321e-03
Epoch: 4630/5000 - Time: 9.65s - Loss: 3.4091e-02 | a: 1.0275e-02, BC: 1.2597e-04, m: 1.4671e-03, u: 9.3610e-04, v: 8.8544e-04, pde_a: 4.0083e-03
Epoch: 4640/5000 - Time: 9.21s - Loss: 3.2631e-02 | a: 9.2924e-03, BC: 1.2123e-04, m: 1.4749e-03, u: 9.9649e-04, v: 7.6607e-04, pde_a: 4.1165e-03
Epoch: 4650/5000 - Time: 9.61s - Loss: 3.5101e-02 | a: 9.9387e-03, BC: 1.5703e-04, m: 1.4774e-03, u: 1.0663e-03, v: 8.9038e-04, pde_a: 3.9613e-03
Epoch: 4660/5000 - Time: 9.79s - Loss: 3.1943e-02 | a: 9.7433e-03, BC: 1.2094e-04, m: 1.4452e-03, u: 8.8286e-04, v: 7.9089e-04, pde_a: 3.8961e-03
Epoch: 4670/5000 - Time: 9.74s - Loss: 3.0700e-02 | a: 9.7062e-03, BC: 1.0917e-04, m: 1.4628e-03, u: 8.0866e-04, v: 7.2482e-04, pde_a: 4.0868e-03
Epoch: 4680/5000 - Time: 9.42s - Loss: 3.3988e-02 | a: 9.4928e-03, BC: 1.2585e-04, m: 1.4715e-03, u: 1.0139e-03, v: 8.6101e-04, pde_a: 4.1491e-03
Epoch: 4690/5000 - Time: 9.32s - Loss: 3.3251e-02 | a: 9.5331e-03, BC: 1.2892e-04, m: 1.4811e-03, u: 9.9034e-04, v: 7.4958e-04, pde_a: 4.7085e-03
Epoch: 4700/5000 - Time: 9.13s - Loss: 3.2570e-02 | a: 9.7375e-03, BC: 1.2728e-04, m: 1.4698e-03, u: 9.3368e-04, v: 7.8209e-04, pde_a: 4.0776e-03
Epoch: 4710/5000 - Time: 9.26s - Loss: 3.3118e-02 | a: 1.0172e-02, BC: 1.2336e-04, m: 1.4693e-03, u: 9.4321e-04, v: 7.7808e-04, pde_a: 4.1405e-03
Epoch: 4720/5000 - Time: 9.14s - Loss: 3.1140e-02 | a: 9.7355e-03, BC: 1.3066e-04, m: 1.4577e-03, u: 7.9859e-04, v: 7.8088e-04, pde_a: 4.0219e-03
Epoch: 4730/5000 - Time: 9.54s - Loss: 3.2754e-02 | a: 9.7075e-03, BC: 1.2697e-04, m: 1.4612e-03, u: 9.5760e-04, v: 7.4928e-04, pde_a: 4.3893e-03
Epoch: 4740/5000 - Time: 9.23s - Loss: 3.9201e-02 | a: 1.0535e-02, BC: 1.6172e-04, m: 1.5017e-03, u: 1.2399e-03, v: 1.0703e-03, pde_a: 3.9008e-03
Epoch: 4750/5000 - Time: 9.02s - Loss: 3.0221e-02 | a: 9.5898e-03, BC: 1.4470e-04, m: 1.4391e-03, u: 8.0858e-04, v: 7.0449e-04, pde_a: 3.9165e-03
Epoch: 4760/5000 - Time: 9.26s - Loss: 3.3543e-02 | a: 9.8698e-03, BC: 1.7356e-04, m: 1.4651e-03, u: 9.6174e-04, v: 8.4417e-04, pde_a: 3.9755e-03
Epoch: 4770/5000 - Time: 9.29s - Loss: 3.3685e-02 | a: 9.9987e-03, BC: 1.1674e-04, m: 1.4729e-03, u: 8.6722e-04, v: 9.0626e-04, pde_a: 4.3619e-03
Epoch: 4780/5000 - Time: 9.41s - Loss: 3.0840e-02 | a: 9.5013e-03, BC: 1.0954e-04, m: 1.4570e-03, u: 8.3722e-04, v: 7.3339e-04, pde_a: 4.0663e-03
Epoch: 4790/5000 - Time: 9.11s - Loss: 3.1699e-02 | a: 1.0056e-02, BC: 1.0506e-04, m: 1.4689e-03, u: 8.6288e-04, v: 7.2736e-04, pde_a: 4.1665e-03
Epoch: 4800/5000 - Time: 8.93s - Loss: 3.1852e-02 | a: 9.6129e-03, BC: 1.2025e-04, m: 1.4462e-03, u: 9.3679e-04, v: 7.0904e-04, pde_a: 4.2144e-03
Epoch: 4810/5000 - Time: 9.00s - Loss: 3.2682e-02 | a: 1.0327e-02, BC: 1.2531e-04, m: 1.4442e-03, u: 8.4895e-04, v: 7.9985e-04, pde_a: 4.2981e-03
Epoch: 4820/5000 - Time: 9.27s - Loss: 3.4018e-02 | a: 1.0687e-02, BC: 1.2522e-04, m: 1.4490e-03, u: 9.8285e-04, v: 7.9932e-04, pde_a: 3.9353e-03
Epoch: 4830/5000 - Time: 9.13s - Loss: 3.2176e-02 | a: 9.7937e-03, BC: 1.2783e-04, m: 1.4604e-03, u: 8.8813e-04, v: 7.6530e-04, pde_a: 4.2600e-03
Epoch: 4840/5000 - Time: 9.63s - Loss: 3.7670e-02 | a: 1.0921e-02, BC: 1.4661e-04, m: 1.4883e-03, u: 1.1123e-03, v: 9.8387e-04, pde_a: 4.1524e-03
Epoch: 4850/5000 - Time: 9.33s - Loss: 3.1875e-02 | a: 1.0018e-02, BC: 1.1828e-04, m: 1.4628e-03, u: 9.0613e-04, v: 6.9780e-04, pde_a: 4.2372e-03
Epoch: 4860/5000 - Time: 9.01s - Loss: 3.0855e-02 | a: 1.0033e-02, BC: 1.1039e-04, m: 1.4446e-03, u: 8.0983e-04, v: 7.2084e-04, pde_a: 3.9609e-03
Epoch: 4870/5000 - Time: 9.00s - Loss: 3.2177e-02 | a: 1.0796e-02, BC: 1.2560e-04, m: 1.4434e-03, u: 8.3066e-04, v: 7.0767e-04, pde_a: 4.4283e-03
Epoch: 4880/5000 - Time: 8.98s - Loss: 3.2861e-02 | a: 1.0741e-02, BC: 1.4095e-04, m: 1.4509e-03, u: 8.9616e-04, v: 7.7520e-04, pde_a: 3.8136e-03
Epoch: 4890/5000 - Time: 9.21s - Loss: 3.4497e-02 | a: 1.0812e-02, BC: 1.2437e-04, m: 1.4720e-03, u: 1.0008e-03, v: 8.1075e-04, pde_a: 3.9730e-03
Epoch: 4900/5000 - Time: 9.20s - Loss: 3.5624e-02 | a: 1.0496e-02, BC: 1.1964e-04, m: 1.4764e-03, u: 1.0438e-03, v: 9.0713e-04, pde_a: 4.0220e-03
Epoch: 4910/5000 - Time: 9.24s - Loss: 3.9088e-02 | a: 9.4550e-03, BC: 1.4740e-04, m: 1.4892e-03, u: 1.3444e-03, v: 1.0108e-03, pde_a: 4.4450e-03
Epoch: 4920/5000 - Time: 9.08s - Loss: 3.4155e-02 | a: 1.0537e-02, BC: 1.2782e-04, m: 1.4377e-03, u: 9.8790e-04, v: 8.0587e-04, pde_a: 4.1147e-03
Epoch: 4930/5000 - Time: 9.19s - Loss: 3.0591e-02 | a: 9.5142e-03, BC: 1.0910e-04, m: 1.4249e-03, u: 8.1450e-04, v: 7.3359e-04, pde_a: 4.0624e-03
Epoch: 4940/5000 - Time: 9.16s - Loss: 3.1419e-02 | a: 9.8703e-03, BC: 1.2132e-04, m: 1.4384e-03, u: 8.4638e-04, v: 7.3913e-04, pde_a: 4.1335e-03
Epoch: 4950/5000 - Time: 9.22s - Loss: 3.1567e-02 | a: 1.0425e-02, BC: 1.2777e-04, m: 1.4339e-03, u: 8.5816e-04, v: 6.9147e-04, pde_a: 4.0847e-03
Epoch: 4960/5000 - Time: 9.41s - Loss: 3.2387e-02 | a: 9.5811e-03, BC: 1.1391e-04, m: 1.4563e-03, u: 9.0076e-04, v: 8.0039e-04, pde_a: 4.2242e-03
Epoch: 4970/5000 - Time: 8.99s - Loss: 3.3462e-02 | a: 9.6930e-03, BC: 1.1529e-04, m: 1.4419e-03, u: 9.6367e-04, v: 8.2498e-04, pde_a: 4.3251e-03
Epoch: 4980/5000 - Time: 9.10s - Loss: 3.2169e-02 | a: 9.5422e-03, BC: 1.1617e-04, m: 1.4459e-03, u: 8.7971e-04, v: 7.9831e-04, pde_a: 4.2841e-03
Epoch: 4990/5000 - Time: 9.22s - Loss: 3.4197e-02 | a: 9.7350e-03, BC: 1.1533e-04, m: 1.4549e-03, u: 9.1687e-04, v: 9.2667e-04, pde_a: 4.4561e-03
Epoch: 5000/5000 - Time: 9.27s - Loss: 3.1284e-02 | a: 9.5442e-03, BC: 1.1612e-04, m: 1.4406e-03, u: 8.2899e-04, v: 7.6466e-04, pde_a: 4.2467e-03

--- Starting Training Phase 4/5 ---
Epochs: 5000, Learning Rate: 5e-06
Total samples: 185940, Desired batch size: 9297
Calculated num_batches: 20, Proportional batch sizes: {'A': 1305, 'PDE': 7910, 'N': 20, 'EW': 20, 'NSEW': 42}
Epoch: 10/5000 - Time: 9.33s - Loss: 2.7735e-02 | a: 9.1440e-03, BC: 8.8323e-05, m: 1.4194e-03, u: 7.1239e-04, v: 6.2237e-04, pde_a: 3.7354e-03
Saving checkpoint at epoch 10 with loss 2.7735e-02
Epoch: 20/5000 - Time: 9.11s - Loss: 2.7467e-02 | a: 9.0974e-03, BC: 8.9998e-05, m: 1.4221e-03, u: 7.1153e-04, v: 6.0283e-04, pde_a: 3.7143e-03
Saving checkpoint at epoch 20 with loss 2.7467e-02
Epoch: 30/5000 - Time: 9.02s - Loss: 2.7610e-02 | a: 9.4010e-03, BC: 9.7960e-05, m: 1.4316e-03, u: 6.9539e-04, v: 6.0241e-04, pde_a: 3.7014e-03
Epoch: 40/5000 - Time: 9.06s - Loss: 2.7870e-02 | a: 9.2372e-03, BC: 1.0870e-04, m: 1.4351e-03, u: 7.0086e-04, v: 6.2919e-04, pde_a: 3.7883e-03
Epoch: 50/5000 - Time: 9.33s - Loss: 2.8674e-02 | a: 9.0983e-03, BC: 9.4121e-05, m: 1.4299e-03, u: 7.7178e-04, v: 6.4785e-04, pde_a: 3.8549e-03
Epoch: 60/5000 - Time: 9.23s - Loss: 2.7948e-02 | a: 9.0041e-03, BC: 9.6234e-05, m: 1.4396e-03, u: 7.5421e-04, v: 6.0896e-04, pde_a: 3.7760e-03
Epoch: 70/5000 - Time: 9.03s - Loss: 2.7753e-02 | a: 9.2400e-03, BC: 9.1273e-05, m: 1.4272e-03, u: 7.0326e-04, v: 6.1452e-04, pde_a: 3.8168e-03
Epoch: 80/5000 - Time: 9.01s - Loss: 2.9940e-02 | a: 8.9657e-03, BC: 9.4284e-05, m: 1.4385e-03, u: 8.5482e-04, v: 6.9324e-04, pde_a: 3.9613e-03
Epoch: 90/5000 - Time: 9.17s - Loss: 2.9227e-02 | a: 9.7827e-03, BC: 1.0120e-04, m: 1.4299e-03, u: 7.5160e-04, v: 6.5453e-04, pde_a: 3.8522e-03
Epoch: 100/5000 - Time: 9.43s - Loss: 2.9691e-02 | a: 9.5451e-03, BC: 9.4906e-05, m: 1.4286e-03, u: 7.7154e-04, v: 7.0215e-04, pde_a: 3.8856e-03
Epoch: 110/5000 - Time: 9.10s - Loss: 2.8128e-02 | a: 9.3234e-03, BC: 1.0103e-04, m: 1.4379e-03, u: 7.5209e-04, v: 6.1032e-04, pde_a: 3.6420e-03
Epoch: 120/5000 - Time: 9.33s - Loss: 2.8013e-02 | a: 9.1260e-03, BC: 9.4822e-05, m: 1.4268e-03, u: 7.2994e-04, v: 6.3326e-04, pde_a: 3.7335e-03
Epoch: 130/5000 - Time: 9.29s - Loss: 3.0106e-02 | a: 9.1679e-03, BC: 1.0500e-04, m: 1.4420e-03, u: 8.4219e-04, v: 6.9427e-04, pde_a: 4.0266e-03
Epoch: 140/5000 - Time: 9.20s - Loss: 2.8273e-02 | a: 9.0505e-03, BC: 9.8026e-05, m: 1.4306e-03, u: 7.3854e-04, v: 6.4268e-04, pde_a: 3.8814e-03
Epoch: 150/5000 - Time: 9.18s - Loss: 2.7897e-02 | a: 8.8633e-03, BC: 9.5235e-05, m: 1.4230e-03, u: 7.5805e-04, v: 6.1685e-04, pde_a: 3.7664e-03
Epoch: 160/5000 - Time: 9.33s - Loss: 2.9084e-02 | a: 9.3707e-03, BC: 1.0592e-04, m: 1.4335e-03, u: 7.2521e-04, v: 6.9740e-04, pde_a: 3.9475e-03
Epoch: 170/5000 - Time: 9.12s - Loss: 2.8364e-02 | a: 8.7862e-03, BC: 1.0060e-04, m: 1.4287e-03, u: 7.5968e-04, v: 6.6610e-04, pde_a: 3.7906e-03
Epoch: 180/5000 - Time: 9.06s - Loss: 3.1166e-02 | a: 8.8245e-03, BC: 1.0539e-04, m: 1.4584e-03, u: 8.8966e-04, v: 8.0724e-04, pde_a: 3.8084e-03
Epoch: 190/5000 - Time: 9.29s - Loss: 2.8659e-02 | a: 8.9212e-03, BC: 1.0064e-04, m: 1.4165e-03, u: 7.4750e-04, v: 6.7051e-04, pde_a: 4.0408e-03
Epoch: 200/5000 - Time: 9.50s - Loss: 2.8219e-02 | a: 9.0925e-03, BC: 9.8082e-05, m: 1.4354e-03, u: 7.4126e-04, v: 6.4367e-04, pde_a: 3.7434e-03
Epoch: 210/5000 - Time: 9.45s - Loss: 2.8037e-02 | a: 8.7675e-03, BC: 9.9690e-05, m: 1.4417e-03, u: 7.6016e-04, v: 6.4048e-04, pde_a: 3.7221e-03
Epoch: 220/5000 - Time: 9.20s - Loss: 2.8418e-02 | a: 9.4191e-03, BC: 1.0319e-04, m: 1.4293e-03, u: 7.2213e-04, v: 6.3761e-04, pde_a: 3.8690e-03
Epoch: 230/5000 - Time: 9.14s - Loss: 2.7777e-02 | a: 8.5993e-03, BC: 9.3935e-05, m: 1.4238e-03, u: 7.4251e-04, v: 6.4221e-04, pde_a: 3.8131e-03
Epoch: 240/5000 - Time: 9.23s - Loss: 2.8036e-02 | a: 8.6393e-03, BC: 9.0627e-05, m: 1.4297e-03, u: 7.5986e-04, v: 6.5055e-04, pde_a: 3.7727e-03
Epoch: 250/5000 - Time: 9.35s - Loss: 2.9121e-02 | a: 9.0902e-03, BC: 1.2731e-04, m: 1.4464e-03, u: 7.9778e-04, v: 6.5512e-04, pde_a: 3.9277e-03
Epoch: 260/5000 - Time: 9.15s - Loss: 2.7966e-02 | a: 9.2293e-03, BC: 1.1383e-04, m: 1.4251e-03, u: 7.3208e-04, v: 6.1943e-04, pde_a: 3.6822e-03
Epoch: 270/5000 - Time: 9.36s - Loss: 2.7511e-02 | a: 8.7744e-03, BC: 9.0487e-05, m: 1.4150e-03, u: 7.2201e-04, v: 6.3112e-04, pde_a: 3.6997e-03
Epoch: 280/5000 - Time: 9.24s - Loss: 2.9401e-02 | a: 8.9593e-03, BC: 9.0922e-05, m: 1.4373e-03, u: 7.5770e-04, v: 7.5138e-04, pde_a: 3.8229e-03
Epoch: 290/5000 - Time: 9.14s - Loss: 2.8485e-02 | a: 8.8358e-03, BC: 1.0078e-04, m: 1.4220e-03, u: 7.3968e-04, v: 6.7499e-04, pde_a: 3.9795e-03
Epoch: 300/5000 - Time: 9.26s - Loss: 2.9811e-02 | a: 8.6073e-03, BC: 1.0253e-04, m: 1.4425e-03, u: 8.3601e-04, v: 7.1534e-04, pde_a: 4.1456e-03
Epoch: 310/5000 - Time: 9.44s - Loss: 2.8840e-02 | a: 8.9004e-03, BC: 9.5862e-05, m: 1.4376e-03, u: 7.7504e-04, v: 6.8346e-04, pde_a: 3.8210e-03
Epoch: 320/5000 - Time: 9.30s - Loss: 3.0331e-02 | a: 8.9734e-03, BC: 1.0202e-04, m: 1.4283e-03, u: 8.4256e-04, v: 7.5687e-04, pde_a: 3.8325e-03
Epoch: 330/5000 - Time: 9.28s - Loss: 2.8778e-02 | a: 8.6747e-03, BC: 1.0038e-04, m: 1.4189e-03, u: 7.8029e-04, v: 6.8137e-04, pde_a: 3.9673e-03
Epoch: 340/5000 - Time: 9.45s - Loss: 2.7709e-02 | a: 8.5576e-03, BC: 1.0157e-04, m: 1.4260e-03, u: 7.5294e-04, v: 6.3771e-04, pde_a: 3.7175e-03
Epoch: 350/5000 - Time: 9.29s - Loss: 2.9377e-02 | a: 8.7219e-03, BC: 9.3533e-05, m: 1.4237e-03, u: 8.2177e-04, v: 7.1609e-04, pde_a: 3.7589e-03
Epoch: 360/5000 - Time: 9.32s - Loss: 2.8174e-02 | a: 9.1893e-03, BC: 9.4678e-05, m: 1.4342e-03, u: 7.4720e-04, v: 6.1361e-04, pde_a: 3.8474e-03
Epoch: 370/5000 - Time: 9.37s - Loss: 3.0506e-02 | a: 8.6816e-03, BC: 9.4582e-05, m: 1.4498e-03, u: 8.3645e-04, v: 8.1322e-04, pde_a: 3.7832e-03
Epoch: 380/5000 - Time: 9.34s - Loss: 2.8923e-02 | a: 9.0793e-03, BC: 1.1976e-04, m: 1.4292e-03, u: 7.6216e-04, v: 6.8395e-04, pde_a: 3.8335e-03
Epoch: 390/5000 - Time: 9.47s - Loss: 2.8285e-02 | a: 8.5559e-03, BC: 9.3495e-05, m: 1.4199e-03, u: 7.9068e-04, v: 6.5761e-04, pde_a: 3.7325e-03
Epoch: 400/5000 - Time: 9.37s - Loss: 2.9921e-02 | a: 9.0444e-03, BC: 9.5612e-05, m: 1.4297e-03, u: 7.8722e-04, v: 7.5716e-04, pde_a: 3.9070e-03
Epoch: 410/5000 - Time: 9.15s - Loss: 2.8269e-02 | a: 8.8249e-03, BC: 9.7322e-05, m: 1.4213e-03, u: 7.7586e-04, v: 6.4267e-04, pde_a: 3.7399e-03
Epoch: 420/5000 - Time: 9.07s - Loss: 2.8160e-02 | a: 8.8332e-03, BC: 9.3745e-05, m: 1.4268e-03, u: 7.7656e-04, v: 6.3454e-04, pde_a: 3.6956e-03
Epoch: 430/5000 - Time: 9.43s - Loss: 2.9182e-02 | a: 8.8368e-03, BC: 9.0887e-05, m: 1.4254e-03, u: 7.8434e-04, v: 7.2620e-04, pde_a: 3.7235e-03
Epoch: 440/5000 - Time: 9.45s - Loss: 2.9142e-02 | a: 9.1334e-03, BC: 9.7435e-05, m: 1.4237e-03, u: 7.5744e-04, v: 7.1760e-04, pde_a: 3.7374e-03
Epoch: 450/5000 - Time: 9.25s - Loss: 2.8728e-02 | a: 8.7002e-03, BC: 1.0804e-04, m: 1.4342e-03, u: 7.9226e-04, v: 6.8613e-04, pde_a: 3.7021e-03
Epoch: 460/5000 - Time: 9.18s - Loss: 3.0314e-02 | a: 9.3366e-03, BC: 1.2755e-04, m: 1.4384e-03, u: 8.2825e-04, v: 7.3723e-04, pde_a: 3.7568e-03
Epoch: 470/5000 - Time: 9.28s - Loss: 2.8623e-02 | a: 8.9625e-03, BC: 1.1295e-04, m: 1.4135e-03, u: 7.6069e-04, v: 6.7250e-04, pde_a: 3.8026e-03
Epoch: 480/5000 - Time: 9.16s - Loss: 3.0106e-02 | a: 8.6232e-03, BC: 1.0332e-04, m: 1.4265e-03, u: 8.4648e-04, v: 7.6826e-04, pde_a: 3.8061e-03
Epoch: 490/5000 - Time: 9.14s - Loss: 2.7656e-02 | a: 8.5887e-03, BC: 1.1507e-04, m: 1.4184e-03, u: 7.3861e-04, v: 6.3447e-04, pde_a: 3.8029e-03
Epoch: 500/5000 - Time: 9.13s - Loss: 2.9449e-02 | a: 8.8316e-03, BC: 1.0155e-04, m: 1.4265e-03, u: 8.1150e-04, v: 7.1456e-04, pde_a: 3.8288e-03
Epoch: 510/5000 - Time: 9.14s - Loss: 2.8515e-02 | a: 8.9303e-03, BC: 1.0419e-04, m: 1.4209e-03, u: 7.5824e-04, v: 6.7470e-04, pde_a: 3.7305e-03
Epoch: 520/5000 - Time: 9.25s - Loss: 2.8478e-02 | a: 9.1596e-03, BC: 1.0218e-04, m: 1.4252e-03, u: 7.7109e-04, v: 6.3536e-04, pde_a: 3.7268e-03
Epoch: 530/5000 - Time: 9.34s - Loss: 3.0825e-02 | a: 8.9065e-03, BC: 1.0200e-04, m: 1.4378e-03, u: 9.0867e-04, v: 7.4971e-04, pde_a: 3.7948e-03
Epoch: 540/5000 - Time: 9.28s - Loss: 3.0545e-02 | a: 9.1705e-03, BC: 9.6496e-05, m: 1.4247e-03, u: 8.6552e-04, v: 7.3134e-04, pde_a: 3.8842e-03
Epoch: 550/5000 - Time: 9.11s - Loss: 2.9206e-02 | a: 8.5497e-03, BC: 9.4483e-05, m: 1.4134e-03, u: 7.5848e-04, v: 7.7413e-04, pde_a: 3.8218e-03
Epoch: 560/5000 - Time: 9.08s - Loss: 2.8709e-02 | a: 8.4344e-03, BC: 9.2515e-05, m: 1.4238e-03, u: 7.6608e-04, v: 7.1900e-04, pde_a: 3.9072e-03
Epoch: 570/5000 - Time: 9.31s - Loss: 2.8669e-02 | a: 8.4739e-03, BC: 9.5348e-05, m: 1.4137e-03, u: 7.9901e-04, v: 6.7751e-04, pde_a: 3.9204e-03
Epoch: 580/5000 - Time: 9.47s - Loss: 2.7656e-02 | a: 8.4889e-03, BC: 1.0071e-04, m: 1.4108e-03, u: 7.4901e-04, v: 6.4180e-04, pde_a: 3.7473e-03
Epoch: 590/5000 - Time: 9.61s - Loss: 2.7450e-02 | a: 8.4687e-03, BC: 9.3483e-05, m: 1.4160e-03, u: 7.2795e-04, v: 6.4413e-04, pde_a: 3.7515e-03
Saving checkpoint at epoch 590 with loss 2.7450e-02
Epoch: 600/5000 - Time: 9.54s - Loss: 2.9165e-02 | a: 9.4186e-03, BC: 1.1158e-04, m: 1.4363e-03, u: 7.8857e-04, v: 6.5875e-04, pde_a: 3.7252e-03
Epoch: 610/5000 - Time: 9.40s - Loss: 2.8018e-02 | a: 8.5486e-03, BC: 1.0014e-04, m: 1.4154e-03, u: 7.4964e-04, v: 6.4854e-04, pde_a: 3.9722e-03
Epoch: 620/5000 - Time: 9.18s - Loss: 2.8447e-02 | a: 8.3206e-03, BC: 9.0926e-05, m: 1.4247e-03, u: 7.9870e-04, v: 6.8180e-04, pde_a: 3.8059e-03
Epoch: 630/5000 - Time: 9.23s - Loss: 2.8988e-02 | a: 8.6039e-03, BC: 1.0468e-04, m: 1.4188e-03, u: 8.0259e-04, v: 7.1345e-04, pde_a: 3.7001e-03
Epoch: 640/5000 - Time: 9.10s - Loss: 2.8357e-02 | a: 8.5031e-03, BC: 9.9366e-05, m: 1.4204e-03, u: 7.9946e-04, v: 6.6750e-04, pde_a: 3.6643e-03
Epoch: 650/5000 - Time: 9.17s - Loss: 2.7336e-02 | a: 8.4427e-03, BC: 9.3544e-05, m: 1.4197e-03, u: 7.2696e-04, v: 6.3267e-04, pde_a: 3.7837e-03
Saving checkpoint at epoch 650 with loss 2.7336e-02
Epoch: 660/5000 - Time: 9.20s - Loss: 2.9286e-02 | a: 8.5789e-03, BC: 1.0356e-04, m: 1.4232e-03, u: 8.0236e-04, v: 6.8938e-04, pde_a: 4.2631e-03
Epoch: 670/5000 - Time: 9.26s - Loss: 2.9075e-02 | a: 9.0754e-03, BC: 1.1055e-04, m: 1.4202e-03, u: 7.9978e-04, v: 6.7261e-04, pde_a: 3.7446e-03
Epoch: 680/5000 - Time: 9.37s - Loss: 2.7677e-02 | a: 8.3700e-03, BC: 9.2768e-05, m: 1.4298e-03, u: 7.5875e-04, v: 6.5374e-04, pde_a: 3.6592e-03
Epoch: 690/5000 - Time: 9.23s - Loss: 2.9007e-02 | a: 8.9054e-03, BC: 9.9253e-05, m: 1.4158e-03, u: 7.7381e-04, v: 7.1592e-04, pde_a: 3.6892e-03
Epoch: 700/5000 - Time: 9.29s - Loss: 2.7753e-02 | a: 8.5719e-03, BC: 1.0043e-04, m: 1.4179e-03, u: 7.4183e-04, v: 6.5291e-04, pde_a: 3.7152e-03
Epoch: 710/5000 - Time: 9.30s - Loss: 2.8347e-02 | a: 8.8405e-03, BC: 9.5489e-05, m: 1.4212e-03, u: 7.6304e-04, v: 6.6381e-04, pde_a: 3.7219e-03
Epoch: 720/5000 - Time: 9.15s - Loss: 2.8594e-02 | a: 8.4129e-03, BC: 9.4044e-05, m: 1.4193e-03, u: 8.0620e-04, v: 6.8567e-04, pde_a: 3.7491e-03
Epoch: 730/5000 - Time: 9.24s - Loss: 2.8656e-02 | a: 8.4230e-03, BC: 9.3995e-05, m: 1.4112e-03, u: 8.1439e-04, v: 6.8006e-04, pde_a: 3.7831e-03
Epoch: 740/5000 - Time: 9.13s - Loss: 2.9083e-02 | a: 8.3995e-03, BC: 9.5965e-05, m: 1.4083e-03, u: 8.4350e-04, v: 6.9995e-04, pde_a: 3.7451e-03
Epoch: 750/5000 - Time: 9.22s - Loss: 2.8820e-02 | a: 8.8026e-03, BC: 1.0226e-04, m: 1.4269e-03, u: 8.1291e-04, v: 6.5504e-04, pde_a: 3.8087e-03
Epoch: 760/5000 - Time: 9.38s - Loss: 3.0685e-02 | a: 8.6644e-03, BC: 9.6698e-05, m: 1.4116e-03, u: 8.6418e-04, v: 8.0680e-04, pde_a: 3.8028e-03
Epoch: 770/5000 - Time: 9.32s - Loss: 2.7926e-02 | a: 8.4084e-03, BC: 1.0110e-04, m: 1.4049e-03, u: 7.5491e-04, v: 6.7255e-04, pde_a: 3.7366e-03
Epoch: 780/5000 - Time: 9.54s - Loss: 2.7899e-02 | a: 8.7466e-03, BC: 9.0374e-05, m: 1.4057e-03, u: 7.4975e-04, v: 6.5340e-04, pde_a: 3.6246e-03
Epoch: 790/5000 - Time: 9.42s - Loss: 2.7776e-02 | a: 8.1729e-03, BC: 9.3284e-05, m: 1.4196e-03, u: 7.6052e-04, v: 6.6545e-04, pde_a: 3.8304e-03
Epoch: 800/5000 - Time: 9.50s - Loss: 2.9479e-02 | a: 8.4671e-03, BC: 1.0099e-04, m: 1.4138e-03, u: 8.1458e-04, v: 7.2721e-04, pde_a: 4.0788e-03
Epoch: 810/5000 - Time: 9.24s - Loss: 2.8381e-02 | a: 8.6246e-03, BC: 9.5178e-05, m: 1.4149e-03, u: 7.8217e-04, v: 6.6782e-04, pde_a: 3.7466e-03
Epoch: 820/5000 - Time: 9.32s - Loss: 2.7884e-02 | a: 8.4647e-03, BC: 9.5722e-05, m: 1.4181e-03, u: 7.6445e-04, v: 6.5117e-04, pde_a: 3.7491e-03
Epoch: 830/5000 - Time: 9.26s - Loss: 2.8993e-02 | a: 8.5517e-03, BC: 1.0771e-04, m: 1.4032e-03, u: 8.2813e-04, v: 6.8315e-04, pde_a: 3.8177e-03
Epoch: 840/5000 - Time: 9.28s - Loss: 2.9427e-02 | a: 8.8060e-03, BC: 1.0496e-04, m: 1.4063e-03, u: 8.4041e-04, v: 6.9769e-04, pde_a: 3.7286e-03
Epoch: 850/5000 - Time: 9.32s - Loss: 2.8028e-02 | a: 8.8025e-03, BC: 1.0222e-04, m: 1.4102e-03, u: 7.5218e-04, v: 6.4938e-04, pde_a: 3.6970e-03
Epoch: 860/5000 - Time: 9.26s - Loss: 2.8595e-02 | a: 8.4315e-03, BC: 1.0784e-04, m: 1.4138e-03, u: 7.7727e-04, v: 7.1224e-04, pde_a: 3.7471e-03
Epoch: 870/5000 - Time: 9.05s - Loss: 2.8326e-02 | a: 8.5616e-03, BC: 1.0912e-04, m: 1.3963e-03, u: 7.8002e-04, v: 6.6040e-04, pde_a: 3.8552e-03
Epoch: 880/5000 - Time: 9.01s - Loss: 3.0114e-02 | a: 9.0901e-03, BC: 1.0635e-04, m: 1.4217e-03, u: 8.1432e-04, v: 7.4893e-04, pde_a: 3.8637e-03
Epoch: 890/5000 - Time: 9.24s - Loss: 2.9278e-02 | a: 8.4595e-03, BC: 9.5910e-05, m: 1.4167e-03, u: 8.7259e-04, v: 6.7025e-04, pde_a: 3.8771e-03
Epoch: 900/5000 - Time: 9.36s - Loss: 2.8470e-02 | a: 8.6962e-03, BC: 1.0853e-04, m: 1.3964e-03, u: 7.9760e-04, v: 6.5332e-04, pde_a: 3.7596e-03
Epoch: 910/5000 - Time: 9.28s - Loss: 2.9603e-02 | a: 9.0810e-03, BC: 9.6720e-05, m: 1.4188e-03, u: 8.0024e-04, v: 7.1162e-04, pde_a: 3.8882e-03
Epoch: 920/5000 - Time: 9.23s - Loss: 3.0160e-02 | a: 8.7935e-03, BC: 1.0843e-04, m: 1.4082e-03, u: 9.1344e-04, v: 6.9842e-04, pde_a: 3.7317e-03
Epoch: 930/5000 - Time: 9.00s - Loss: 2.8218e-02 | a: 8.3780e-03, BC: 9.6614e-05, m: 1.4047e-03, u: 7.7741e-04, v: 6.8404e-04, pde_a: 3.7244e-03
Epoch: 940/5000 - Time: 9.08s - Loss: 2.8610e-02 | a: 8.5357e-03, BC: 1.0050e-04, m: 1.3933e-03, u: 7.7642e-04, v: 7.1332e-04, pde_a: 3.6833e-03
Epoch: 950/5000 - Time: 9.01s - Loss: 2.8013e-02 | a: 8.5730e-03, BC: 8.7241e-05, m: 1.4011e-03, u: 7.7574e-04, v: 6.5449e-04, pde_a: 3.6490e-03
Epoch: 960/5000 - Time: 9.06s - Loss: 2.8938e-02 | a: 8.5329e-03, BC: 9.9162e-05, m: 1.4059e-03, u: 8.2748e-04, v: 6.7470e-04, pde_a: 3.8782e-03
Epoch: 970/5000 - Time: 9.08s - Loss: 2.8492e-02 | a: 8.3108e-03, BC: 9.7221e-05, m: 1.4130e-03, u: 7.9575e-04, v: 6.9902e-04, pde_a: 3.7229e-03
Epoch: 980/5000 - Time: 9.09s - Loss: 2.8762e-02 | a: 8.1716e-03, BC: 9.8650e-05, m: 1.4012e-03, u: 9.0115e-04, v: 6.4584e-04, pde_a: 3.6210e-03
Epoch: 990/5000 - Time: 9.20s - Loss: 2.8555e-02 | a: 8.4152e-03, BC: 9.5730e-05, m: 1.4073e-03, u: 8.2605e-04, v: 6.6439e-04, pde_a: 3.7326e-03
Epoch: 1000/5000 - Time: 9.11s - Loss: 2.8488e-02 | a: 8.5672e-03, BC: 9.7743e-05, m: 1.3889e-03, u: 7.8720e-04, v: 6.8330e-04, pde_a: 3.7288e-03
Epoch: 1010/5000 - Time: 9.22s - Loss: 2.8047e-02 | a: 8.3056e-03, BC: 1.1385e-04, m: 1.3916e-03, u: 7.6920e-04, v: 6.9063e-04, pde_a: 3.6373e-03
Epoch: 1020/5000 - Time: 9.27s - Loss: 2.8204e-02 | a: 8.7250e-03, BC: 1.0495e-04, m: 1.3981e-03, u: 7.5837e-04, v: 6.6062e-04, pde_a: 3.7858e-03
Epoch: 1030/5000 - Time: 9.19s - Loss: 2.8370e-02 | a: 8.3059e-03, BC: 9.3235e-05, m: 1.3942e-03, u: 7.8979e-04, v: 6.7006e-04, pde_a: 3.9777e-03
Epoch: 1040/5000 - Time: 9.18s - Loss: 2.7632e-02 | a: 8.4620e-03, BC: 1.0153e-04, m: 1.4037e-03, u: 7.4551e-04, v: 6.4623e-04, pde_a: 3.7470e-03
Epoch: 1050/5000 - Time: 9.22s - Loss: 2.9108e-02 | a: 8.3524e-03, BC: 9.7384e-05, m: 1.4011e-03, u: 8.4464e-04, v: 7.0364e-04, pde_a: 3.7746e-03
Epoch: 1060/5000 - Time: 9.27s - Loss: 2.8960e-02 | a: 8.6574e-03, BC: 1.0406e-04, m: 1.4035e-03, u: 7.8659e-04, v: 7.2225e-04, pde_a: 3.7061e-03
Epoch: 1070/5000 - Time: 9.08s - Loss: 2.7943e-02 | a: 8.2660e-03, BC: 9.3024e-05, m: 1.4091e-03, u: 7.5725e-04, v: 6.9808e-04, pde_a: 3.6215e-03
Epoch: 1080/5000 - Time: 9.03s - Loss: 2.7394e-02 | a: 8.3722e-03, BC: 1.0023e-04, m: 1.3906e-03, u: 7.6050e-04, v: 6.2265e-04, pde_a: 3.6993e-03
Epoch: 1090/5000 - Time: 9.10s - Loss: 2.9044e-02 | a: 8.5717e-03, BC: 1.1123e-04, m: 1.4047e-03, u: 8.0379e-04, v: 6.8743e-04, pde_a: 4.0446e-03
Epoch: 1100/5000 - Time: 9.10s - Loss: 2.7614e-02 | a: 8.2907e-03, BC: 9.8145e-05, m: 1.3902e-03, u: 7.4624e-04, v: 6.6279e-04, pde_a: 3.7446e-03
Epoch: 1110/5000 - Time: 9.13s - Loss: 2.7554e-02 | a: 8.1599e-03, BC: 8.9838e-05, m: 1.3800e-03, u: 7.6399e-04, v: 6.6553e-04, pde_a: 3.6293e-03
Epoch: 1120/5000 - Time: 9.23s - Loss: 2.7640e-02 | a: 8.3828e-03, BC: 9.4044e-05, m: 1.3941e-03, u: 7.3939e-04, v: 6.7318e-04, pde_a: 3.6436e-03
Epoch: 1130/5000 - Time: 9.14s - Loss: 2.9286e-02 | a: 8.7608e-03, BC: 9.6113e-05, m: 1.3880e-03, u: 8.0688e-04, v: 6.9329e-04, pde_a: 4.0396e-03
Epoch: 1140/5000 - Time: 9.32s - Loss: 2.8626e-02 | a: 8.4087e-03, BC: 9.0114e-05, m: 1.3821e-03, u: 7.9361e-04, v: 7.0251e-04, pde_a: 3.7835e-03
Epoch: 1150/5000 - Time: 9.25s - Loss: 2.8051e-02 | a: 8.4182e-03, BC: 1.0067e-04, m: 1.3945e-03, u: 7.6428e-04, v: 6.6574e-04, pde_a: 3.8370e-03
Epoch: 1160/5000 - Time: 9.02s - Loss: 2.8108e-02 | a: 8.4904e-03, BC: 1.0538e-04, m: 1.3845e-03, u: 7.8911e-04, v: 6.5807e-04, pde_a: 3.6561e-03
Epoch: 1170/5000 - Time: 9.15s - Loss: 2.7925e-02 | a: 8.4582e-03, BC: 1.0948e-04, m: 1.3895e-03, u: 7.5134e-04, v: 6.7696e-04, pde_a: 3.6846e-03
Epoch: 1180/5000 - Time: 9.24s - Loss: 3.0054e-02 | a: 9.0591e-03, BC: 9.2818e-05, m: 1.4018e-03, u: 7.9369e-04, v: 7.5392e-04, pde_a: 4.0247e-03
Epoch: 1190/5000 - Time: 9.13s - Loss: 2.8224e-02 | a: 8.1999e-03, BC: 9.3598e-05, m: 1.3822e-03, u: 7.7736e-04, v: 7.1764e-04, pde_a: 3.5985e-03
Epoch: 1200/5000 - Time: 9.20s - Loss: 2.8472e-02 | a: 8.2402e-03, BC: 9.2848e-05, m: 1.3996e-03, u: 8.1868e-04, v: 6.9209e-04, pde_a: 3.6319e-03
Epoch: 1210/5000 - Time: 9.50s - Loss: 2.7804e-02 | a: 8.4035e-03, BC: 1.0623e-04, m: 1.3829e-03, u: 7.7440e-04, v: 6.4387e-04, pde_a: 3.7283e-03
Epoch: 1220/5000 - Time: 9.18s - Loss: 2.9355e-02 | a: 8.2935e-03, BC: 9.4353e-05, m: 1.3857e-03, u: 8.5909e-04, v: 7.3643e-04, pde_a: 3.6258e-03
Epoch: 1230/5000 - Time: 9.14s - Loss: 2.8318e-02 | a: 8.3956e-03, BC: 9.8509e-05, m: 1.3799e-03, u: 7.7075e-04, v: 7.0515e-04, pde_a: 3.6849e-03
Epoch: 1240/5000 - Time: 9.48s - Loss: 2.8462e-02 | a: 8.5606e-03, BC: 1.1138e-04, m: 1.3869e-03, u: 7.8799e-04, v: 6.7514e-04, pde_a: 3.7715e-03
Epoch: 1250/5000 - Time: 9.20s - Loss: 2.7856e-02 | a: 8.3229e-03, BC: 9.0192e-05, m: 1.3846e-03, u: 7.5695e-04, v: 6.8173e-04, pde_a: 3.6719e-03
Epoch: 1260/5000 - Time: 9.40s - Loss: 2.8988e-02 | a: 8.6054e-03, BC: 9.6920e-05, m: 1.3939e-03, u: 8.0519e-04, v: 7.2324e-04, pde_a: 3.6080e-03
Epoch: 1270/5000 - Time: 9.35s - Loss: 2.8635e-02 | a: 8.6075e-03, BC: 1.0444e-04, m: 1.3923e-03, u: 8.0673e-04, v: 6.6807e-04, pde_a: 3.7830e-03
Epoch: 1280/5000 - Time: 9.23s - Loss: 2.7935e-02 | a: 8.2247e-03, BC: 9.6084e-05, m: 1.3863e-03, u: 7.7351e-04, v: 6.7728e-04, pde_a: 3.7202e-03
Epoch: 1290/5000 - Time: 9.14s - Loss: 2.8747e-02 | a: 8.1640e-03, BC: 9.7544e-05, m: 1.3808e-03, u: 8.1110e-04, v: 7.0594e-04, pde_a: 3.9346e-03
Epoch: 1300/5000 - Time: 9.16s - Loss: 2.7817e-02 | a: 8.1787e-03, BC: 9.0111e-05, m: 1.3765e-03, u: 7.5698e-04, v: 6.8574e-04, pde_a: 3.7448e-03
Epoch: 1310/5000 - Time: 9.31s - Loss: 2.9296e-02 | a: 8.3788e-03, BC: 1.0539e-04, m: 1.3803e-03, u: 8.2277e-04, v: 7.4500e-04, pde_a: 3.7539e-03
Epoch: 1320/5000 - Time: 9.52s - Loss: 2.7773e-02 | a: 8.7935e-03, BC: 1.0238e-04, m: 1.3860e-03, u: 7.1147e-04, v: 6.6620e-04, pde_a: 3.7142e-03
Epoch: 1330/5000 - Time: 8.98s - Loss: 2.8479e-02 | a: 8.1544e-03, BC: 1.0382e-04, m: 1.4048e-03, u: 7.2038e-04, v: 7.7601e-04, pde_a: 3.8520e-03
Epoch: 1340/5000 - Time: 9.04s - Loss: 2.8218e-02 | a: 8.4116e-03, BC: 1.1380e-04, m: 1.3798e-03, u: 7.7742e-04, v: 6.8177e-04, pde_a: 3.7205e-03
Epoch: 1350/5000 - Time: 9.91s - Loss: 2.9975e-02 | a: 8.9844e-03, BC: 1.0202e-04, m: 1.3823e-03, u: 8.2483e-04, v: 7.3595e-04, pde_a: 3.8983e-03
Epoch: 1360/5000 - Time: 9.63s - Loss: 2.7881e-02 | a: 8.1823e-03, BC: 9.4405e-05, m: 1.3814e-03, u: 8.0030e-04, v: 6.6315e-04, pde_a: 3.5887e-03
Epoch: 1370/5000 - Time: 9.19s - Loss: 2.7875e-02 | a: 8.4398e-03, BC: 1.0574e-04, m: 1.3756e-03, u: 7.4901e-04, v: 6.8786e-04, pde_a: 3.5853e-03
Epoch: 1380/5000 - Time: 9.09s - Loss: 2.8507e-02 | a: 8.1780e-03, BC: 1.0045e-04, m: 1.3779e-03, u: 8.2878e-04, v: 6.8100e-04, pde_a: 3.7533e-03
Epoch: 1390/5000 - Time: 9.08s - Loss: 2.8167e-02 | a: 8.3599e-03, BC: 9.2793e-05, m: 1.3793e-03, u: 7.7177e-04, v: 6.9481e-04, pde_a: 3.6687e-03
Epoch: 1400/5000 - Time: 9.67s - Loss: 2.9689e-02 | a: 8.7983e-03, BC: 1.0303e-04, m: 1.3795e-03, u: 8.0406e-04, v: 7.6142e-04, pde_a: 3.7533e-03
Epoch: 1410/5000 - Time: 9.07s - Loss: 2.8325e-02 | a: 8.4796e-03, BC: 9.5287e-05, m: 1.3798e-03, u: 7.9804e-04, v: 6.7884e-04, pde_a: 3.6017e-03
Epoch: 1420/5000 - Time: 9.05s - Loss: 3.0748e-02 | a: 9.6318e-03, BC: 1.1789e-04, m: 1.3799e-03, u: 8.8841e-04, v: 6.9143e-04, pde_a: 3.8197e-03
Epoch: 1430/5000 - Time: 9.03s - Loss: 2.9026e-02 | a: 8.4961e-03, BC: 9.0776e-05, m: 1.3888e-03, u: 7.9294e-04, v: 7.4701e-04, pde_a: 3.6511e-03
Epoch: 1440/5000 - Time: 9.05s - Loss: 2.8221e-02 | a: 8.0474e-03, BC: 1.0478e-04, m: 1.3786e-03, u: 7.8804e-04, v: 6.9721e-04, pde_a: 3.8379e-03
Epoch: 1450/5000 - Time: 9.30s - Loss: 2.8656e-02 | a: 8.4000e-03, BC: 9.3051e-05, m: 1.3839e-03, u: 7.7461e-04, v: 7.1946e-04, pde_a: 3.8383e-03
Epoch: 1460/5000 - Time: 9.12s - Loss: 2.7523e-02 | a: 8.0884e-03, BC: 9.6675e-05, m: 1.3764e-03, u: 7.5284e-04, v: 6.7026e-04, pde_a: 3.7306e-03
Epoch: 1470/5000 - Time: 9.38s - Loss: 2.9519e-02 | a: 8.8354e-03, BC: 1.0805e-04, m: 1.3704e-03, u: 8.6999e-04, v: 6.7489e-04, pde_a: 3.7563e-03
Epoch: 1480/5000 - Time: 9.28s - Loss: 2.8918e-02 | a: 8.3033e-03, BC: 9.5494e-05, m: 1.3725e-03, u: 8.2981e-04, v: 7.2203e-04, pde_a: 3.6280e-03
Epoch: 1490/5000 - Time: 9.52s - Loss: 2.7940e-02 | a: 8.7284e-03, BC: 9.5956e-05, m: 1.3734e-03, u: 7.6000e-04, v: 6.3277e-04, pde_a: 3.8149e-03
Epoch: 1500/5000 - Time: 9.23s - Loss: 2.7754e-02 | a: 8.2379e-03, BC: 9.7408e-05, m: 1.3824e-03, u: 7.6251e-04, v: 6.8325e-04, pde_a: 3.5790e-03
Epoch: 1510/5000 - Time: 9.32s - Loss: 2.7910e-02 | a: 8.3884e-03, BC: 1.0113e-04, m: 1.3762e-03, u: 7.6469e-04, v: 6.6401e-04, pde_a: 3.7570e-03
Epoch: 1520/5000 - Time: 9.16s - Loss: 2.8274e-02 | a: 8.1581e-03, BC: 9.9380e-05, m: 1.3686e-03, u: 7.9774e-04, v: 6.7181e-04, pde_a: 3.9523e-03
Epoch: 1530/5000 - Time: 9.18s - Loss: 2.8468e-02 | a: 8.4968e-03, BC: 9.3641e-05, m: 1.3926e-03, u: 8.0578e-04, v: 6.7497e-04, pde_a: 3.6770e-03
Epoch: 1540/5000 - Time: 9.12s - Loss: 2.7838e-02 | a: 8.1137e-03, BC: 8.8373e-05, m: 1.3698e-03, u: 7.5645e-04, v: 6.9268e-04, pde_a: 3.7752e-03
Epoch: 1550/5000 - Time: 9.37s - Loss: 2.9298e-02 | a: 9.1892e-03, BC: 1.2319e-04, m: 1.3854e-03, u: 8.1071e-04, v: 6.9064e-04, pde_a: 3.5868e-03
Epoch: 1560/5000 - Time: 9.59s - Loss: 2.8291e-02 | a: 8.0275e-03, BC: 9.7189e-05, m: 1.3842e-03, u: 8.3791e-04, v: 6.5673e-04, pde_a: 3.8355e-03
Epoch: 1570/5000 - Time: 9.19s - Loss: 2.8227e-02 | a: 8.0169e-03, BC: 8.9867e-05, m: 1.3643e-03, u: 8.0411e-04, v: 6.8202e-04, pde_a: 3.8946e-03
Epoch: 1580/5000 - Time: 9.25s - Loss: 2.8086e-02 | a: 8.4508e-03, BC: 9.1016e-05, m: 1.3765e-03, u: 8.0969e-04, v: 6.4140e-04, pde_a: 3.6566e-03
Epoch: 1590/5000 - Time: 9.18s - Loss: 2.8118e-02 | a: 8.5493e-03, BC: 1.1269e-04, m: 1.3934e-03, u: 7.5466e-04, v: 6.7493e-04, pde_a: 3.7671e-03
Epoch: 1600/5000 - Time: 9.13s - Loss: 2.7889e-02 | a: 8.1589e-03, BC: 9.3111e-05, m: 1.3766e-03, u: 7.8791e-04, v: 6.6296e-04, pde_a: 3.7519e-03
Epoch: 1610/5000 - Time: 9.17s - Loss: 2.8912e-02 | a: 8.6624e-03, BC: 9.3656e-05, m: 1.3706e-03, u: 8.3431e-04, v: 6.8075e-04, pde_a: 3.6347e-03
Epoch: 1620/5000 - Time: 9.10s - Loss: 2.8404e-02 | a: 8.3570e-03, BC: 1.0842e-04, m: 1.3793e-03, u: 7.5059e-04, v: 6.9929e-04, pde_a: 4.0606e-03
Epoch: 1630/5000 - Time: 9.11s - Loss: 2.8171e-02 | a: 8.2842e-03, BC: 9.8193e-05, m: 1.3709e-03, u: 8.1373e-04, v: 6.6454e-04, pde_a: 3.6348e-03
Epoch: 1640/5000 - Time: 9.12s - Loss: 2.8511e-02 | a: 8.1772e-03, BC: 9.6971e-05, m: 1.3621e-03, u: 8.4162e-04, v: 6.7955e-04, pde_a: 3.6626e-03
Epoch: 1650/5000 - Time: 9.32s - Loss: 2.7619e-02 | a: 8.2297e-03, BC: 8.8711e-05, m: 1.3705e-03, u: 7.5250e-04, v: 6.6542e-04, pde_a: 3.7515e-03
Epoch: 1660/5000 - Time: 9.15s - Loss: 2.9149e-02 | a: 8.1713e-03, BC: 8.9700e-05, m: 1.3846e-03, u: 8.3441e-04, v: 7.5176e-04, pde_a: 3.6420e-03
Epoch: 1670/5000 - Time: 9.79s - Loss: 2.7792e-02 | a: 8.5541e-03, BC: 1.0158e-04, m: 1.3746e-03, u: 7.5826e-04, v: 6.5385e-04, pde_a: 3.6405e-03
Epoch: 1680/5000 - Time: 9.62s - Loss: 2.7669e-02 | a: 8.3158e-03, BC: 9.7784e-05, m: 1.3738e-03, u: 7.4724e-04, v: 6.4938e-04, pde_a: 3.9156e-03
Epoch: 1690/5000 - Time: 9.07s - Loss: 2.7251e-02 | a: 8.0450e-03, BC: 9.0281e-05, m: 1.3674e-03, u: 7.5135e-04, v: 6.4681e-04, pde_a: 3.7669e-03
Saving checkpoint at epoch 1690 with loss 2.7251e-02
Epoch: 1700/5000 - Time: 9.08s - Loss: 2.8305e-02 | a: 8.8558e-03, BC: 1.0408e-04, m: 1.3498e-03, u: 7.7593e-04, v: 6.5914e-04, pde_a: 3.6449e-03
Epoch: 1710/5000 - Time: 9.31s - Loss: 3.0049e-02 | a: 7.8830e-03, BC: 1.0907e-04, m: 1.3719e-03, u: 8.4021e-04, v: 8.3048e-04, pde_a: 3.9780e-03
Epoch: 1720/5000 - Time: 9.68s - Loss: 2.9068e-02 | a: 8.5098e-03, BC: 9.3359e-05, m: 1.3570e-03, u: 8.1557e-04, v: 7.3571e-04, pde_a: 3.5948e-03
Epoch: 1730/5000 - Time: 9.25s - Loss: 2.9136e-02 | a: 8.3859e-03, BC: 9.6307e-05, m: 1.3639e-03, u: 8.5042e-04, v: 6.8091e-04, pde_a: 3.9767e-03
Epoch: 1740/5000 - Time: 9.18s - Loss: 2.9911e-02 | a: 8.4285e-03, BC: 9.0041e-05, m: 1.3828e-03, u: 9.0063e-04, v: 7.3551e-04, pde_a: 3.6483e-03
Epoch: 1750/5000 - Time: 9.22s - Loss: 2.8274e-02 | a: 8.2709e-03, BC: 9.5008e-05, m: 1.3629e-03, u: 8.2763e-04, v: 6.6468e-04, pde_a: 3.6224e-03
Epoch: 1760/5000 - Time: 9.27s - Loss: 2.8348e-02 | a: 8.2569e-03, BC: 9.7913e-05, m: 1.3863e-03, u: 7.9667e-04, v: 6.9599e-04, pde_a: 3.6799e-03
Epoch: 1770/5000 - Time: 9.18s - Loss: 3.0700e-02 | a: 8.5795e-03, BC: 1.0320e-04, m: 1.3571e-03, u: 8.8744e-04, v: 8.0054e-04, pde_a: 3.7806e-03
Epoch: 1780/5000 - Time: 9.18s - Loss: 2.8687e-02 | a: 8.2152e-03, BC: 9.0691e-05, m: 1.3655e-03, u: 8.3390e-04, v: 7.0180e-04, pde_a: 3.6588e-03
Epoch: 1790/5000 - Time: 9.09s - Loss: 2.7817e-02 | a: 7.8346e-03, BC: 8.7550e-05, m: 1.3787e-03, u: 7.7931e-04, v: 7.0457e-04, pde_a: 3.6779e-03
Epoch: 1800/5000 - Time: 9.48s - Loss: 2.8432e-02 | a: 8.1569e-03, BC: 9.6576e-05, m: 1.3691e-03, u: 7.8350e-04, v: 7.2275e-04, pde_a: 3.7471e-03
Epoch: 1810/5000 - Time: 9.66s - Loss: 2.7236e-02 | a: 8.0178e-03, BC: 9.8856e-05, m: 1.3635e-03, u: 7.6403e-04, v: 6.4761e-04, pde_a: 3.6393e-03
Saving checkpoint at epoch 1810 with loss 2.7236e-02
Epoch: 1820/5000 - Time: 9.10s - Loss: 2.8151e-02 | a: 8.3177e-03, BC: 9.3723e-05, m: 1.3582e-03, u: 8.0538e-04, v: 6.6982e-04, pde_a: 3.6297e-03
Epoch: 1830/5000 - Time: 9.11s - Loss: 3.1788e-02 | a: 8.9381e-03, BC: 1.1039e-04, m: 1.3837e-03, u: 9.3589e-04, v: 8.0346e-04, pde_a: 3.9619e-03
Epoch: 1840/5000 - Time: 9.18s - Loss: 2.9129e-02 | a: 8.2319e-03, BC: 1.0538e-04, m: 1.3780e-03, u: 8.8917e-04, v: 6.8390e-04, pde_a: 3.6832e-03
Epoch: 1850/5000 - Time: 9.13s - Loss: 2.9040e-02 | a: 8.0668e-03, BC: 8.5411e-05, m: 1.3757e-03, u: 8.7215e-04, v: 7.0390e-04, pde_a: 3.7516e-03
Epoch: 1860/5000 - Time: 9.14s - Loss: 2.7675e-02 | a: 8.1460e-03, BC: 9.9045e-05, m: 1.3675e-03, u: 7.8044e-04, v: 6.6741e-04, pde_a: 3.5841e-03
Epoch: 1870/5000 - Time: 9.17s - Loss: 2.7878e-02 | a: 8.0808e-03, BC: 9.4016e-05, m: 1.3555e-03, u: 7.7481e-04, v: 6.8232e-04, pde_a: 3.7760e-03
Epoch: 1880/5000 - Time: 9.84s - Loss: 3.0370e-02 | a: 9.0277e-03, BC: 1.0913e-04, m: 1.3590e-03, u: 8.6898e-04, v: 7.3886e-04, pde_a: 3.7955e-03
Epoch: 1890/5000 - Time: 9.09s - Loss: 2.8137e-02 | a: 8.0463e-03, BC: 8.7887e-05, m: 1.3487e-03, u: 7.9516e-04, v: 7.0045e-04, pde_a: 3.6984e-03
Epoch: 1900/5000 - Time: 9.32s - Loss: 2.8612e-02 | a: 8.3104e-03, BC: 9.7804e-05, m: 1.3590e-03, u: 8.1959e-04, v: 7.0337e-04, pde_a: 3.6149e-03
Epoch: 1910/5000 - Time: 9.18s - Loss: 2.8379e-02 | a: 8.1359e-03, BC: 9.5787e-05, m: 1.3632e-03, u: 7.8464e-04, v: 7.2093e-04, pde_a: 3.7287e-03
Epoch: 1920/5000 - Time: 9.07s - Loss: 2.8883e-02 | a: 8.2857e-03, BC: 1.0436e-04, m: 1.3733e-03, u: 8.1852e-04, v: 7.2204e-04, pde_a: 3.7141e-03
Epoch: 1930/5000 - Time: 9.28s - Loss: 2.8609e-02 | a: 8.2736e-03, BC: 9.8847e-05, m: 1.3696e-03, u: 7.9440e-04, v: 7.3444e-04, pde_a: 3.5783e-03
Epoch: 1940/5000 - Time: 9.36s - Loss: 2.9176e-02 | a: 8.2450e-03, BC: 9.4539e-05, m: 1.3593e-03, u: 8.2027e-04, v: 7.6573e-04, pde_a: 3.6176e-03
Epoch: 1950/5000 - Time: 9.35s - Loss: 2.7734e-02 | a: 7.9525e-03, BC: 8.3470e-05, m: 1.3666e-03, u: 7.6970e-04, v: 6.9340e-04, pde_a: 3.7001e-03
Epoch: 1960/5000 - Time: 9.15s - Loss: 2.8084e-02 | a: 8.1877e-03, BC: 1.0260e-04, m: 1.3559e-03, u: 7.8328e-04, v: 6.6561e-04, pde_a: 3.9488e-03
Epoch: 1970/5000 - Time: 9.08s - Loss: 2.7526e-02 | a: 8.1406e-03, BC: 9.6767e-05, m: 1.3506e-03, u: 7.3925e-04, v: 6.8314e-04, pde_a: 3.7142e-03
Epoch: 1980/5000 - Time: 9.17s - Loss: 2.7859e-02 | a: 8.1969e-03, BC: 8.8331e-05, m: 1.3503e-03, u: 7.9299e-04, v: 6.6297e-04, pde_a: 3.6644e-03
Epoch: 1990/5000 - Time: 9.51s - Loss: 2.6785e-02 | a: 7.9109e-03, BC: 8.6970e-05, m: 1.3486e-03, u: 7.3196e-04, v: 6.5449e-04, pde_a: 3.5738e-03
Saving checkpoint at epoch 1990 with loss 2.6785e-02
Epoch: 2000/5000 - Time: 9.72s - Loss: 2.7929e-02 | a: 7.9588e-03, BC: 9.2289e-05, m: 1.3566e-03, u: 7.8369e-04, v: 6.7878e-04, pde_a: 3.8968e-03
Epoch: 2010/5000 - Time: 9.94s - Loss: 2.8562e-02 | a: 8.0416e-03, BC: 1.0924e-04, m: 1.3589e-03, u: 7.7523e-04, v: 7.3485e-04, pde_a: 3.9515e-03
Epoch: 2020/5000 - Time: 9.87s - Loss: 2.9771e-02 | a: 8.4599e-03, BC: 1.2983e-04, m: 1.3692e-03, u: 8.9104e-04, v: 7.2478e-04, pde_a: 3.6540e-03
Epoch: 2030/5000 - Time: 9.91s - Loss: 3.0009e-02 | a: 8.3272e-03, BC: 1.0071e-04, m: 1.3632e-03, u: 9.0582e-04, v: 7.4547e-04, pde_a: 3.7050e-03
Epoch: 2040/5000 - Time: 9.37s - Loss: 2.9986e-02 | a: 9.0852e-03, BC: 9.8544e-05, m: 1.3600e-03, u: 8.4644e-04, v: 7.1661e-04, pde_a: 3.8123e-03
Epoch: 2050/5000 - Time: 9.09s - Loss: 2.9176e-02 | a: 9.3434e-03, BC: 1.0618e-04, m: 1.3610e-03, u: 7.7358e-04, v: 6.6469e-04, pde_a: 3.9824e-03
Epoch: 2060/5000 - Time: 9.61s - Loss: 2.8209e-02 | a: 8.1339e-03, BC: 9.2216e-05, m: 1.3563e-03, u: 8.0701e-04, v: 6.8326e-04, pde_a: 3.7239e-03
Epoch: 2070/5000 - Time: 8.98s - Loss: 2.7843e-02 | a: 7.9136e-03, BC: 9.1160e-05, m: 1.3457e-03, u: 7.9641e-04, v: 6.8128e-04, pde_a: 3.7159e-03
Epoch: 2080/5000 - Time: 9.05s - Loss: 2.7204e-02 | a: 7.9606e-03, BC: 9.6114e-05, m: 1.3596e-03, u: 7.5831e-04, v: 6.4919e-04, pde_a: 3.7126e-03
Epoch: 2090/5000 - Time: 9.20s - Loss: 2.7147e-02 | a: 7.8667e-03, BC: 9.3999e-05, m: 1.3626e-03, u: 7.6330e-04, v: 6.4393e-04, pde_a: 3.7516e-03
Epoch: 2100/5000 - Time: 9.15s - Loss: 2.8107e-02 | a: 8.1153e-03, BC: 1.1324e-04, m: 1.3552e-03, u: 8.0440e-04, v: 6.8313e-04, pde_a: 3.6478e-03
Epoch: 2110/5000 - Time: 9.26s - Loss: 2.8889e-02 | a: 9.0036e-03, BC: 1.0136e-04, m: 1.3578e-03, u: 7.7982e-04, v: 6.8603e-04, pde_a: 3.7675e-03
Epoch: 2120/5000 - Time: 9.19s - Loss: 2.7992e-02 | a: 8.1186e-03, BC: 9.3534e-05, m: 1.3573e-03, u: 7.7902e-04, v: 6.8901e-04, pde_a: 3.7423e-03
Epoch: 2130/5000 - Time: 9.17s - Loss: 2.7404e-02 | a: 7.9822e-03, BC: 9.2650e-05, m: 1.3465e-03, u: 7.7712e-04, v: 6.6597e-04, pde_a: 3.5516e-03
Epoch: 2140/5000 - Time: 9.41s - Loss: 2.8081e-02 | a: 8.1180e-03, BC: 9.6199e-05, m: 1.3569e-03, u: 7.9502e-04, v: 7.0379e-04, pde_a: 3.5215e-03
Epoch: 2150/5000 - Time: 9.07s - Loss: 2.8634e-02 | a: 7.9855e-03, BC: 9.1885e-05, m: 1.3456e-03, u: 8.1591e-04, v: 7.3899e-04, pde_a: 3.6621e-03
Epoch: 2160/5000 - Time: 9.26s - Loss: 2.8485e-02 | a: 8.0205e-03, BC: 9.0201e-05, m: 1.3636e-03, u: 8.4637e-04, v: 6.8936e-04, pde_a: 3.6529e-03
Epoch: 2170/5000 - Time: 9.16s - Loss: 2.7624e-02 | a: 7.9548e-03, BC: 1.0488e-04, m: 1.3435e-03, u: 7.8230e-04, v: 6.7753e-04, pde_a: 3.6221e-03
Epoch: 2180/5000 - Time: 9.04s - Loss: 2.8293e-02 | a: 8.3390e-03, BC: 9.7762e-05, m: 1.3499e-03, u: 8.0166e-04, v: 6.8498e-04, pde_a: 3.6398e-03
Epoch: 2190/5000 - Time: 9.11s - Loss: 2.7971e-02 | a: 8.2667e-03, BC: 9.2678e-05, m: 1.3372e-03, u: 7.6472e-04, v: 7.0121e-04, pde_a: 3.6147e-03
Epoch: 2200/5000 - Time: 9.03s - Loss: 2.7465e-02 | a: 8.2189e-03, BC: 1.0430e-04, m: 1.3623e-03, u: 7.5216e-04, v: 6.5782e-04, pde_a: 3.6792e-03
Epoch: 2210/5000 - Time: 9.17s - Loss: 2.8973e-02 | a: 8.7581e-03, BC: 1.0103e-04, m: 1.3499e-03, u: 7.6914e-04, v: 6.8708e-04, pde_a: 4.2015e-03
Epoch: 2220/5000 - Time: 9.30s - Loss: 2.8296e-02 | a: 7.9072e-03, BC: 1.0607e-04, m: 1.3507e-03, u: 7.8048e-04, v: 7.1969e-04, pde_a: 3.9304e-03
Epoch: 2230/5000 - Time: 9.33s - Loss: 2.9403e-02 | a: 7.9463e-03, BC: 9.6410e-05, m: 1.3526e-03, u: 9.3048e-04, v: 7.0486e-04, pde_a: 3.6542e-03
Epoch: 2240/5000 - Time: 9.26s - Loss: 2.7294e-02 | a: 8.1673e-03, BC: 8.7191e-05, m: 1.3382e-03, u: 7.5150e-04, v: 6.6226e-04, pde_a: 3.5642e-03
Epoch: 2250/5000 - Time: 9.48s - Loss: 2.8029e-02 | a: 7.9572e-03, BC: 9.6275e-05, m: 1.3452e-03, u: 7.9569e-04, v: 6.9740e-04, pde_a: 3.6990e-03
Epoch: 2260/5000 - Time: 9.46s - Loss: 2.6943e-02 | a: 8.2482e-03, BC: 9.1999e-05, m: 1.3319e-03, u: 7.3766e-04, v: 6.3609e-04, pde_a: 3.5334e-03
Epoch: 2270/5000 - Time: 9.10s - Loss: 2.8050e-02 | a: 7.8906e-03, BC: 9.9555e-05, m: 1.3570e-03, u: 8.1462e-04, v: 6.6260e-04, pde_a: 3.9304e-03
Epoch: 2280/5000 - Time: 9.20s - Loss: 2.9839e-02 | a: 9.2816e-03, BC: 1.0565e-04, m: 1.3622e-03, u: 7.9751e-04, v: 7.4069e-04, pde_a: 3.7071e-03
Epoch: 2290/5000 - Time: 9.18s - Loss: 2.8370e-02 | a: 8.0832e-03, BC: 9.1732e-05, m: 1.3545e-03, u: 8.0782e-04, v: 7.1584e-04, pde_a: 3.6039e-03
Epoch: 2300/5000 - Time: 9.18s - Loss: 2.6913e-02 | a: 7.9504e-03, BC: 9.5234e-05, m: 1.3560e-03, u: 7.3976e-04, v: 6.3555e-04, pde_a: 3.7580e-03
Epoch: 2310/5000 - Time: 9.15s - Loss: 3.0362e-02 | a: 8.9584e-03, BC: 1.0342e-04, m: 1.3533e-03, u: 8.4369e-04, v: 7.4872e-04, pde_a: 4.0224e-03
Epoch: 2320/5000 - Time: 9.14s - Loss: 2.9074e-02 | a: 8.2408e-03, BC: 9.1825e-05, m: 1.3509e-03, u: 8.8017e-04, v: 6.9566e-04, pde_a: 3.6326e-03
Epoch: 2330/5000 - Time: 9.18s - Loss: 2.7195e-02 | a: 7.7949e-03, BC: 9.6980e-05, m: 1.3403e-03, u: 7.6138e-04, v: 6.7726e-04, pde_a: 3.5767e-03
Epoch: 2340/5000 - Time: 9.25s - Loss: 2.9065e-02 | a: 8.3771e-03, BC: 8.9705e-05, m: 1.3517e-03, u: 8.2763e-04, v: 7.0828e-04, pde_a: 3.8874e-03
Epoch: 2350/5000 - Time: 9.06s - Loss: 2.9107e-02 | a: 8.8285e-03, BC: 9.6197e-05, m: 1.3579e-03, u: 8.1752e-04, v: 6.9917e-04, pde_a: 3.6580e-03
Epoch: 2360/5000 - Time: 9.08s - Loss: 2.7827e-02 | a: 8.0581e-03, BC: 1.0320e-04, m: 1.3518e-03, u: 7.6878e-04, v: 6.8832e-04, pde_a: 3.7427e-03
Epoch: 2370/5000 - Time: 9.42s - Loss: 2.7591e-02 | a: 8.1674e-03, BC: 9.9527e-05, m: 1.3291e-03, u: 7.7640e-04, v: 6.6426e-04, pde_a: 3.5880e-03
Epoch: 2380/5000 - Time: 9.27s - Loss: 2.8276e-02 | a: 8.0220e-03, BC: 9.8363e-05, m: 1.3384e-03, u: 7.8076e-04, v: 7.1773e-04, pde_a: 3.8319e-03
Epoch: 2390/5000 - Time: 9.07s - Loss: 2.8925e-02 | a: 8.4281e-03, BC: 1.1448e-04, m: 1.3426e-03, u: 8.1353e-04, v: 7.2075e-04, pde_a: 3.6974e-03
Epoch: 2400/5000 - Time: 9.11s - Loss: 2.8757e-02 | a: 8.4837e-03, BC: 1.0363e-04, m: 1.3310e-03, u: 7.8446e-04, v: 7.3700e-04, pde_a: 3.6245e-03
Epoch: 2410/5000 - Time: 9.27s - Loss: 2.8663e-02 | a: 8.2640e-03, BC: 8.9680e-05, m: 1.3480e-03, u: 8.1396e-04, v: 7.0701e-04, pde_a: 3.7513e-03
Epoch: 2420/5000 - Time: 9.17s - Loss: 2.7688e-02 | a: 7.8122e-03, BC: 8.9996e-05, m: 1.3369e-03, u: 7.8324e-04, v: 6.9733e-04, pde_a: 3.6430e-03
Epoch: 2430/5000 - Time: 9.20s - Loss: 2.7639e-02 | a: 7.8785e-03, BC: 9.1656e-05, m: 1.3393e-03, u: 7.7688e-04, v: 6.9727e-04, pde_a: 3.5883e-03
Epoch: 2440/5000 - Time: 9.13s - Loss: 2.7807e-02 | a: 8.3834e-03, BC: 9.7747e-05, m: 1.3380e-03, u: 7.7595e-04, v: 6.5959e-04, pde_a: 3.6322e-03
Epoch: 2450/5000 - Time: 9.06s - Loss: 2.7286e-02 | a: 7.9203e-03, BC: 8.9277e-05, m: 1.3448e-03, u: 7.4023e-04, v: 6.9023e-04, pde_a: 3.6274e-03
Epoch: 2460/5000 - Time: 9.33s - Loss: 2.7487e-02 | a: 8.0606e-03, BC: 1.0344e-04, m: 1.3325e-03, u: 7.5071e-04, v: 6.9035e-04, pde_a: 3.5804e-03
Epoch: 2470/5000 - Time: 9.17s - Loss: 2.7872e-02 | a: 7.7609e-03, BC: 9.2054e-05, m: 1.3401e-03, u: 7.7975e-04, v: 7.1459e-04, pde_a: 3.7354e-03
Epoch: 2480/5000 - Time: 9.24s - Loss: 2.7510e-02 | a: 7.7820e-03, BC: 9.2262e-05, m: 1.3375e-03, u: 7.7564e-04, v: 6.9676e-04, pde_a: 3.5740e-03
Epoch: 2490/5000 - Time: 9.13s - Loss: 2.8040e-02 | a: 8.0854e-03, BC: 9.5781e-05, m: 1.3283e-03, u: 7.9040e-04, v: 6.6684e-04, pde_a: 3.9576e-03
Epoch: 2500/5000 - Time: 9.04s - Loss: 2.8009e-02 | a: 8.0121e-03, BC: 9.4862e-05, m: 1.3411e-03, u: 8.0854e-04, v: 6.9112e-04, pde_a: 3.5645e-03
Epoch: 2510/5000 - Time: 9.09s - Loss: 2.9122e-02 | a: 7.7985e-03, BC: 9.0657e-05, m: 1.3406e-03, u: 8.5562e-04, v: 7.0958e-04, pde_a: 4.2399e-03
Epoch: 2520/5000 - Time: 9.07s - Loss: 2.7955e-02 | a: 7.9589e-03, BC: 1.0227e-04, m: 1.3408e-03, u: 7.9692e-04, v: 7.0230e-04, pde_a: 3.5613e-03
Epoch: 2530/5000 - Time: 9.58s - Loss: 2.7226e-02 | a: 8.2008e-03, BC: 9.9981e-05, m: 1.3256e-03, u: 7.3297e-04, v: 6.6352e-04, pde_a: 3.6343e-03
Epoch: 2540/5000 - Time: 9.94s - Loss: 2.7671e-02 | a: 7.7200e-03, BC: 9.1854e-05, m: 1.3420e-03, u: 7.7963e-04, v: 7.0255e-04, pde_a: 3.6950e-03
Epoch: 2550/5000 - Time: 9.59s - Loss: 3.0017e-02 | a: 8.9027e-03, BC: 1.0101e-04, m: 1.3539e-03, u: 8.7008e-04, v: 7.1536e-04, pde_a: 3.8050e-03
Epoch: 2560/5000 - Time: 9.21s - Loss: 2.7277e-02 | a: 7.8864e-03, BC: 8.8719e-05, m: 1.3238e-03, u: 7.7302e-04, v: 6.5695e-04, pde_a: 3.6782e-03
Epoch: 2570/5000 - Time: 9.39s - Loss: 2.7719e-02 | a: 8.0484e-03, BC: 8.9584e-05, m: 1.3345e-03, u: 7.9643e-04, v: 6.6896e-04, pde_a: 3.5931e-03
Epoch: 2580/5000 - Time: 9.40s - Loss: 2.9068e-02 | a: 8.1591e-03, BC: 1.1565e-04, m: 1.3371e-03, u: 8.5292e-04, v: 7.1385e-04, pde_a: 3.7887e-03
Epoch: 2590/5000 - Time: 9.51s - Loss: 2.9189e-02 | a: 8.5063e-03, BC: 1.0542e-04, m: 1.3379e-03, u: 8.5258e-04, v: 7.0133e-04, pde_a: 3.7007e-03
Epoch: 2600/5000 - Time: 9.38s - Loss: 2.8182e-02 | a: 8.2651e-03, BC: 1.1374e-04, m: 1.3322e-03, u: 8.0943e-04, v: 6.6760e-04, pde_a: 3.7002e-03
Epoch: 2610/5000 - Time: 9.25s - Loss: 2.8399e-02 | a: 7.7632e-03, BC: 9.0466e-05, m: 1.3448e-03, u: 8.0951e-04, v: 7.4964e-04, pde_a: 3.6092e-03
Epoch: 2620/5000 - Time: 9.26s - Loss: 3.0150e-02 | a: 9.0051e-03, BC: 1.1385e-04, m: 1.3460e-03, u: 8.3228e-04, v: 7.7977e-04, pde_a: 3.5641e-03
Epoch: 2630/5000 - Time: 9.13s - Loss: 2.9298e-02 | a: 8.4698e-03, BC: 9.6398e-05, m: 1.3379e-03, u: 8.2449e-04, v: 7.6366e-04, pde_a: 3.5125e-03
Epoch: 2640/5000 - Time: 9.07s - Loss: 2.7358e-02 | a: 7.8215e-03, BC: 9.0609e-05, m: 1.3291e-03, u: 7.7144e-04, v: 6.6129e-04, pde_a: 3.7897e-03
Epoch: 2650/5000 - Time: 9.27s - Loss: 2.7082e-02 | a: 7.9655e-03, BC: 9.5536e-05, m: 1.3347e-03, u: 7.2753e-04, v: 6.7805e-04, pde_a: 3.6302e-03
Epoch: 2660/5000 - Time: 9.88s - Loss: 2.8201e-02 | a: 8.0844e-03, BC: 8.7333e-05, m: 1.3287e-03, u: 8.2307e-04, v: 6.8335e-04, pde_a: 3.6360e-03
Epoch: 2670/5000 - Time: 9.30s - Loss: 3.0908e-02 | a: 8.5170e-03, BC: 1.0074e-04, m: 1.3438e-03, u: 9.5859e-04, v: 7.6436e-04, pde_a: 3.7171e-03
Epoch: 2680/5000 - Time: 9.11s - Loss: 2.8641e-02 | a: 8.5946e-03, BC: 1.1061e-04, m: 1.3315e-03, u: 7.8636e-04, v: 7.1533e-04, pde_a: 3.5876e-03
Epoch: 2690/5000 - Time: 9.13s - Loss: 3.1666e-02 | a: 8.2305e-03, BC: 9.7990e-05, m: 1.3467e-03, u: 9.4539e-04, v: 8.9528e-04, pde_a: 3.5844e-03
Epoch: 2700/5000 - Time: 9.37s - Loss: 2.9223e-02 | a: 8.4388e-03, BC: 9.3756e-05, m: 1.3217e-03, u: 8.4612e-04, v: 7.0195e-04, pde_a: 3.8879e-03
Epoch: 2710/5000 - Time: 9.25s - Loss: 2.9367e-02 | a: 8.1806e-03, BC: 8.6505e-05, m: 1.3303e-03, u: 8.7122e-04, v: 7.4399e-04, pde_a: 3.6177e-03
Epoch: 2720/5000 - Time: 9.34s - Loss: 2.7835e-02 | a: 7.9275e-03, BC: 9.2675e-05, m: 1.3218e-03, u: 8.3557e-04, v: 6.4903e-04, pde_a: 3.6470e-03
Epoch: 2730/5000 - Time: 9.35s - Loss: 2.7957e-02 | a: 7.9234e-03, BC: 8.9294e-05, m: 1.3337e-03, u: 8.0864e-04, v: 6.9325e-04, pde_a: 3.5920e-03
Epoch: 2740/5000 - Time: 9.17s - Loss: 2.7905e-02 | a: 8.2191e-03, BC: 9.2478e-05, m: 1.3293e-03, u: 8.0598e-04, v: 6.6537e-04, pde_a: 3.5510e-03
Epoch: 2750/5000 - Time: 9.15s - Loss: 2.8402e-02 | a: 8.0644e-03, BC: 1.1068e-04, m: 1.3211e-03, u: 7.8263e-04, v: 7.4830e-04, pde_a: 3.5961e-03
Epoch: 2760/5000 - Time: 9.10s - Loss: 2.9350e-02 | a: 8.0195e-03, BC: 9.9257e-05, m: 1.3313e-03, u: 8.5825e-04, v: 7.2620e-04, pde_a: 4.0556e-03
Epoch: 2770/5000 - Time: 9.07s - Loss: 2.7181e-02 | a: 7.6557e-03, BC: 9.2396e-05, m: 1.3187e-03, u: 7.7846e-04, v: 6.8047e-04, pde_a: 3.5251e-03
Epoch: 2780/5000 - Time: 9.31s - Loss: 2.8664e-02 | a: 7.8083e-03, BC: 1.0984e-04, m: 1.3256e-03, u: 8.1261e-04, v: 7.4673e-04, pde_a: 3.8267e-03
Epoch: 2790/5000 - Time: 9.23s - Loss: 2.9691e-02 | a: 7.8486e-03, BC: 1.0041e-04, m: 1.3280e-03, u: 8.5973e-04, v: 7.8940e-04, pde_a: 3.9225e-03
Epoch: 2800/5000 - Time: 9.25s - Loss: 2.9262e-02 | a: 7.8020e-03, BC: 8.8894e-05, m: 1.3335e-03, u: 8.3297e-04, v: 7.7886e-04, pde_a: 3.9193e-03
Epoch: 2810/5000 - Time: 9.57s - Loss: 2.8706e-02 | a: 7.9741e-03, BC: 9.2487e-05, m: 1.3228e-03, u: 8.2161e-04, v: 7.4886e-04, pde_a: 3.6119e-03
Epoch: 2820/5000 - Time: 9.29s - Loss: 2.9043e-02 | a: 8.8453e-03, BC: 9.9952e-05, m: 1.3369e-03, u: 8.1201e-04, v: 7.1050e-04, pde_a: 3.5363e-03
Epoch: 2830/5000 - Time: 9.26s - Loss: 2.7990e-02 | a: 8.6560e-03, BC: 1.0157e-04, m: 1.3225e-03, u: 7.7250e-04, v: 6.5990e-04, pde_a: 3.5864e-03
Epoch: 2840/5000 - Time: 9.18s - Loss: 2.7218e-02 | a: 7.9346e-03, BC: 8.7777e-05, m: 1.3298e-03, u: 7.7786e-04, v: 6.4899e-04, pde_a: 3.5979e-03
Epoch: 2850/5000 - Time: 9.30s - Loss: 2.8192e-02 | a: 8.3070e-03, BC: 8.8010e-05, m: 1.3290e-03, u: 8.1070e-04, v: 6.8251e-04, pde_a: 3.5358e-03
Epoch: 2860/5000 - Time: 9.13s - Loss: 2.8313e-02 | a: 8.3260e-03, BC: 8.6604e-05, m: 1.3361e-03, u: 8.3266e-04, v: 6.6113e-04, pde_a: 3.6264e-03
Epoch: 2870/5000 - Time: 9.13s - Loss: 2.8329e-02 | a: 7.9068e-03, BC: 1.0781e-04, m: 1.3250e-03, u: 8.4808e-04, v: 6.8000e-04, pde_a: 3.7083e-03
Epoch: 2880/5000 - Time: 9.21s - Loss: 2.8569e-02 | a: 8.1437e-03, BC: 8.9480e-05, m: 1.3412e-03, u: 8.0235e-04, v: 7.3376e-04, pde_a: 3.6333e-03
Epoch: 2890/5000 - Time: 9.30s - Loss: 2.7448e-02 | a: 7.8945e-03, BC: 9.8138e-05, m: 1.3233e-03, u: 7.9109e-04, v: 6.5901e-04, pde_a: 3.6308e-03
Epoch: 2900/5000 - Time: 9.21s - Loss: 2.7620e-02 | a: 8.1035e-03, BC: 9.5950e-05, m: 1.3306e-03, u: 7.9249e-04, v: 6.5292e-04, pde_a: 3.6358e-03
Epoch: 2910/5000 - Time: 9.19s - Loss: 2.7012e-02 | a: 8.1889e-03, BC: 9.2208e-05, m: 1.3109e-03, u: 7.6065e-04, v: 6.3029e-04, pde_a: 3.5110e-03
Epoch: 2920/5000 - Time: 9.17s - Loss: 2.8329e-02 | a: 8.1598e-03, BC: 1.0351e-04, m: 1.3209e-03, u: 8.4647e-04, v: 6.5672e-04, pde_a: 3.7132e-03
Epoch: 2930/5000 - Time: 9.15s - Loss: 2.8039e-02 | a: 7.9304e-03, BC: 1.0658e-04, m: 1.3278e-03, u: 7.6196e-04, v: 7.1395e-04, pde_a: 3.9149e-03
Epoch: 2940/5000 - Time: 9.10s - Loss: 2.7171e-02 | a: 7.6661e-03, BC: 9.7913e-05, m: 1.3321e-03, u: 7.7355e-04, v: 6.6613e-04, pde_a: 3.6776e-03
Epoch: 2950/5000 - Time: 9.57s - Loss: 2.8245e-02 | a: 8.0654e-03, BC: 1.0179e-04, m: 1.3231e-03, u: 8.5121e-04, v: 6.7206e-04, pde_a: 3.5218e-03
Epoch: 2960/5000 - Time: 9.16s - Loss: 2.9596e-02 | a: 8.2046e-03, BC: 9.9182e-05, m: 1.3295e-03, u: 8.5135e-04, v: 7.6583e-04, pde_a: 3.7907e-03
Epoch: 2970/5000 - Time: 9.19s - Loss: 2.8836e-02 | a: 7.9673e-03, BC: 8.8851e-05, m: 1.3312e-03, u: 8.1446e-04, v: 7.6415e-04, pde_a: 3.6621e-03
Epoch: 2980/5000 - Time: 9.07s - Loss: 2.7422e-02 | a: 7.7207e-03, BC: 9.1367e-05, m: 1.3163e-03, u: 7.6250e-04, v: 7.0526e-04, pde_a: 3.6157e-03
Epoch: 2990/5000 - Time: 9.09s - Loss: 2.7819e-02 | a: 7.9403e-03, BC: 9.7910e-05, m: 1.3106e-03, u: 8.1558e-04, v: 6.8013e-04, pde_a: 3.5133e-03
Epoch: 3000/5000 - Time: 9.07s - Loss: 2.8265e-02 | a: 7.9443e-03, BC: 1.0384e-04, m: 1.3213e-03, u: 7.9092e-04, v: 7.2718e-04, pde_a: 3.7141e-03
Epoch: 3010/5000 - Time: 9.23s - Loss: 2.8258e-02 | a: 8.0402e-03, BC: 8.9935e-05, m: 1.3320e-03, u: 8.0058e-04, v: 7.1225e-04, pde_a: 3.6675e-03
Epoch: 3020/5000 - Time: 9.08s - Loss: 2.7082e-02 | a: 7.7211e-03, BC: 8.7232e-05, m: 1.3133e-03, u: 7.6139e-04, v: 6.6484e-04, pde_a: 3.6986e-03
Epoch: 3030/5000 - Time: 9.20s - Loss: 2.8054e-02 | a: 8.1420e-03, BC: 1.0195e-04, m: 1.3188e-03, u: 7.9185e-04, v: 7.0029e-04, pde_a: 3.5696e-03
Epoch: 3040/5000 - Time: 9.15s - Loss: 2.8048e-02 | a: 7.9852e-03, BC: 9.1424e-05, m: 1.3186e-03, u: 7.8356e-04, v: 7.0930e-04, pde_a: 3.7242e-03
Epoch: 3050/5000 - Time: 9.16s - Loss: 2.8065e-02 | a: 8.2119e-03, BC: 9.2629e-05, m: 1.3094e-03, u: 7.9163e-04, v: 6.7721e-04, pde_a: 3.7623e-03
Epoch: 3060/5000 - Time: 9.07s - Loss: 2.8190e-02 | a: 7.7827e-03, BC: 9.3169e-05, m: 1.3135e-03, u: 7.9955e-04, v: 7.3800e-04, pde_a: 3.6254e-03
Epoch: 3070/5000 - Time: 9.21s - Loss: 2.9300e-02 | a: 8.4602e-03, BC: 1.1300e-04, m: 1.3188e-03, u: 8.4860e-04, v: 7.2320e-04, pde_a: 3.6898e-03
Epoch: 3080/5000 - Time: 9.35s - Loss: 2.7916e-02 | a: 7.8780e-03, BC: 8.9138e-05, m: 1.3246e-03, u: 7.7272e-04, v: 7.2721e-04, pde_a: 3.6248e-03
Epoch: 3090/5000 - Time: 9.36s - Loss: 2.8383e-02 | a: 7.9211e-03, BC: 9.0391e-05, m: 1.3256e-03, u: 8.4834e-04, v: 7.0161e-04, pde_a: 3.5462e-03
Epoch: 3100/5000 - Time: 9.38s - Loss: 2.7492e-02 | a: 7.7669e-03, BC: 1.0137e-04, m: 1.3132e-03, u: 7.6321e-04, v: 7.1298e-04, pde_a: 3.5491e-03
Epoch: 3110/5000 - Time: 9.36s - Loss: 2.8086e-02 | a: 7.9871e-03, BC: 1.0854e-04, m: 1.3207e-03, u: 7.7430e-04, v: 7.2213e-04, pde_a: 3.7053e-03
Epoch: 3120/5000 - Time: 9.56s - Loss: 2.7933e-02 | a: 7.7318e-03, BC: 8.5357e-05, m: 1.3189e-03, u: 8.2849e-04, v: 6.8988e-04, pde_a: 3.6135e-03
Epoch: 3130/5000 - Time: 9.58s - Loss: 2.8442e-02 | a: 8.0853e-03, BC: 9.7750e-05, m: 1.3248e-03, u: 7.8739e-04, v: 7.3869e-04, pde_a: 3.6733e-03
Epoch: 3140/5000 - Time: 9.10s - Loss: 2.9765e-02 | a: 8.5210e-03, BC: 1.1435e-04, m: 1.3291e-03, u: 8.7340e-04, v: 7.3732e-04, pde_a: 3.6938e-03
Epoch: 3150/5000 - Time: 9.13s - Loss: 3.4445e-02 | a: 8.0583e-03, BC: 9.7105e-05, m: 1.3420e-03, u: 1.2641e-03, v: 8.5847e-04, pde_a: 3.7223e-03
Epoch: 3160/5000 - Time: 9.41s - Loss: 2.9082e-02 | a: 8.0878e-03, BC: 1.0122e-04, m: 1.3101e-03, u: 7.7154e-04, v: 8.1942e-04, pde_a: 3.6728e-03
Epoch: 3170/5000 - Time: 9.90s - Loss: 2.7497e-02 | a: 8.0593e-03, BC: 9.6284e-05, m: 1.3065e-03, u: 7.7322e-04, v: 6.7190e-04, pde_a: 3.5835e-03
Epoch: 3180/5000 - Time: 9.68s - Loss: 2.7236e-02 | a: 7.8065e-03, BC: 1.0334e-04, m: 1.3209e-03, u: 7.6935e-04, v: 6.6325e-04, pde_a: 3.6793e-03
Epoch: 3190/5000 - Time: 9.08s - Loss: 2.7093e-02 | a: 8.1228e-03, BC: 1.0012e-04, m: 1.3152e-03, u: 7.6810e-04, v: 6.3433e-04, pde_a: 3.5302e-03
Epoch: 3200/5000 - Time: 9.07s - Loss: 2.7911e-02 | a: 8.3471e-03, BC: 8.8412e-05, m: 1.3268e-03, u: 7.7785e-04, v: 6.7771e-04, pde_a: 3.5931e-03
Epoch: 3210/5000 - Time: 9.14s - Loss: 2.8258e-02 | a: 8.2101e-03, BC: 9.2241e-05, m: 1.3145e-03, u: 7.6644e-04, v: 7.2558e-04, pde_a: 3.7205e-03
Epoch: 3220/5000 - Time: 9.54s - Loss: 2.8216e-02 | a: 7.9184e-03, BC: 8.7375e-05, m: 1.3210e-03, u: 8.4037e-04, v: 6.7160e-04, pde_a: 3.7691e-03
Epoch: 3230/5000 - Time: 9.29s - Loss: 2.7700e-02 | a: 7.8105e-03, BC: 8.8812e-05, m: 1.3159e-03, u: 7.9016e-04, v: 6.9289e-04, pde_a: 3.6539e-03
Epoch: 3240/5000 - Time: 9.29s - Loss: 2.8142e-02 | a: 7.7676e-03, BC: 1.0311e-04, m: 1.3110e-03, u: 8.4916e-04, v: 6.7776e-04, pde_a: 3.6915e-03
Epoch: 3250/5000 - Time: 9.17s - Loss: 2.8435e-02 | a: 8.2435e-03, BC: 1.1030e-04, m: 1.3052e-03, u: 8.0000e-04, v: 7.1282e-04, pde_a: 3.6482e-03
Epoch: 3260/5000 - Time: 9.23s - Loss: 2.7202e-02 | a: 7.8558e-03, BC: 8.8195e-05, m: 1.3093e-03, u: 7.6933e-04, v: 6.7240e-04, pde_a: 3.5310e-03
Epoch: 3270/5000 - Time: 9.62s - Loss: 2.9028e-02 | a: 7.8302e-03, BC: 9.3186e-05, m: 1.3072e-03, u: 8.5807e-04, v: 7.5066e-04, pde_a: 3.7098e-03
Epoch: 3280/5000 - Time: 9.77s - Loss: 2.7823e-02 | a: 7.8883e-03, BC: 9.0810e-05, m: 1.3125e-03, u: 7.9185e-04, v: 6.9456e-04, pde_a: 3.6671e-03
Epoch: 3290/5000 - Time: 9.36s - Loss: 2.7463e-02 | a: 8.0892e-03, BC: 9.9095e-05, m: 1.3033e-03, u: 7.6250e-04, v: 6.6042e-04, pde_a: 3.7420e-03
Epoch: 3300/5000 - Time: 9.06s - Loss: 2.7089e-02 | a: 7.9083e-03, BC: 9.7478e-05, m: 1.3107e-03, u: 7.6669e-04, v: 6.4023e-04, pde_a: 3.7029e-03
Epoch: 3310/5000 - Time: 9.06s - Loss: 2.7459e-02 | a: 7.9343e-03, BC: 9.4010e-05, m: 1.3185e-03, u: 7.9097e-04, v: 6.6856e-04, pde_a: 3.5173e-03
Epoch: 3320/5000 - Time: 9.25s - Loss: 2.8867e-02 | a: 7.9393e-03, BC: 1.1351e-04, m: 1.3231e-03, u: 8.6032e-04, v: 7.3478e-04, pde_a: 3.5406e-03
Epoch: 3330/5000 - Time: 9.30s - Loss: 2.8825e-02 | a: 7.9070e-03, BC: 1.0097e-04, m: 1.3058e-03, u: 8.7848e-04, v: 7.2023e-04, pde_a: 3.5245e-03
Epoch: 3340/5000 - Time: 9.09s - Loss: 2.6622e-02 | a: 7.5801e-03, BC: 9.1206e-05, m: 1.3121e-03, u: 7.4148e-04, v: 6.5555e-04, pde_a: 3.6681e-03
Saving checkpoint at epoch 3340 with loss 2.6622e-02
Epoch: 3350/5000 - Time: 9.12s - Loss: 2.7457e-02 | a: 8.1713e-03, BC: 8.3257e-05, m: 1.3144e-03, u: 7.6333e-04, v: 6.5128e-04, pde_a: 3.7424e-03
Epoch: 3360/5000 - Time: 9.57s - Loss: 2.8016e-02 | a: 7.6129e-03, BC: 8.7989e-05, m: 1.3123e-03, u: 8.1572e-04, v: 7.2334e-04, pde_a: 3.6120e-03
Epoch: 3370/5000 - Time: 9.19s - Loss: 2.7789e-02 | a: 7.8343e-03, BC: 1.0053e-04, m: 1.3120e-03, u: 7.8501e-04, v: 7.0761e-04, pde_a: 3.6161e-03
Epoch: 3380/5000 - Time: 9.74s - Loss: 2.7570e-02 | a: 7.7670e-03, BC: 9.6849e-05, m: 1.3051e-03, u: 8.0310e-04, v: 6.6923e-04, pde_a: 3.6778e-03
Epoch: 3390/5000 - Time: 9.39s - Loss: 2.7705e-02 | a: 7.9225e-03, BC: 8.8171e-05, m: 1.3128e-03, u: 8.3064e-04, v: 6.4263e-04, pde_a: 3.6492e-03
Epoch: 3400/5000 - Time: 9.17s - Loss: 2.7433e-02 | a: 7.6810e-03, BC: 9.0585e-05, m: 1.3082e-03, u: 7.8847e-04, v: 6.9353e-04, pde_a: 3.5332e-03
Epoch: 3410/5000 - Time: 9.19s - Loss: 2.8943e-02 | a: 7.9693e-03, BC: 9.0478e-05, m: 1.3207e-03, u: 8.0522e-04, v: 7.9440e-04, pde_a: 3.5666e-03
Epoch: 3420/5000 - Time: 9.00s - Loss: 2.7842e-02 | a: 8.1539e-03, BC: 1.0066e-04, m: 1.3124e-03, u: 7.8612e-04, v: 6.6992e-04, pde_a: 3.7144e-03
Epoch: 3430/5000 - Time: 9.08s - Loss: 2.8328e-02 | a: 8.2129e-03, BC: 9.8689e-05, m: 1.3153e-03, u: 7.9941e-04, v: 7.0935e-04, pde_a: 3.6132e-03
Epoch: 3440/5000 - Time: 9.48s - Loss: 2.7623e-02 | a: 7.6516e-03, BC: 9.3327e-05, m: 1.3058e-03, u: 8.2072e-04, v: 6.7447e-04, pde_a: 3.6201e-03
Epoch: 3450/5000 - Time: 9.74s - Loss: 2.8148e-02 | a: 7.9578e-03, BC: 9.1889e-05, m: 1.3180e-03, u: 8.0024e-04, v: 7.1842e-04, pde_a: 3.5941e-03
Epoch: 3460/5000 - Time: 9.23s - Loss: 2.6576e-02 | a: 7.7327e-03, BC: 1.0156e-04, m: 1.3065e-03, u: 7.4632e-04, v: 6.3905e-04, pde_a: 3.5811e-03
Saving checkpoint at epoch 3460 with loss 2.6576e-02
Epoch: 3470/5000 - Time: 9.26s - Loss: 2.7030e-02 | a: 7.6156e-03, BC: 9.1201e-05, m: 1.3070e-03, u: 7.7032e-04, v: 6.6045e-04, pde_a: 3.7087e-03
Epoch: 3480/5000 - Time: 9.24s - Loss: 2.8489e-02 | a: 8.3403e-03, BC: 9.3635e-05, m: 1.3074e-03, u: 8.0068e-04, v: 6.9421e-04, pde_a: 3.7990e-03
Epoch: 3490/5000 - Time: 9.13s - Loss: 2.7037e-02 | a: 7.6722e-03, BC: 9.3317e-05, m: 1.2943e-03, u: 7.6862e-04, v: 6.6957e-04, pde_a: 3.5955e-03
Epoch: 3500/5000 - Time: 9.05s - Loss: 2.8396e-02 | a: 7.7449e-03, BC: 9.3089e-05, m: 1.3000e-03, u: 8.1831e-04, v: 7.1903e-04, pde_a: 3.8850e-03
Epoch: 3510/5000 - Time: 9.09s - Loss: 2.8015e-02 | a: 8.0124e-03, BC: 8.8168e-05, m: 1.3144e-03, u: 8.0982e-04, v: 6.9318e-04, pde_a: 3.5697e-03
Epoch: 3520/5000 - Time: 9.16s - Loss: 2.6912e-02 | a: 7.8163e-03, BC: 8.5704e-05, m: 1.2865e-03, u: 7.6291e-04, v: 6.5199e-04, pde_a: 3.5747e-03
Epoch: 3530/5000 - Time: 9.06s - Loss: 2.7864e-02 | a: 7.5885e-03, BC: 8.5157e-05, m: 1.3142e-03, u: 8.0207e-04, v: 7.2535e-04, pde_a: 3.6023e-03
Epoch: 3540/5000 - Time: 9.00s - Loss: 3.1778e-02 | a: 8.1801e-03, BC: 1.4479e-04, m: 1.3251e-03, u: 1.1112e-03, v: 7.3302e-04, pde_a: 3.6860e-03
Epoch: 3550/5000 - Time: 9.20s - Loss: 2.7127e-02 | a: 7.8867e-03, BC: 9.0800e-05, m: 1.2887e-03, u: 7.4641e-04, v: 6.6727e-04, pde_a: 3.7237e-03
Epoch: 3560/5000 - Time: 9.22s - Loss: 2.9841e-02 | a: 8.1797e-03, BC: 9.5152e-05, m: 1.3053e-03, u: 8.2086e-04, v: 8.3891e-04, pde_a: 3.6628e-03
Epoch: 3570/5000 - Time: 9.08s - Loss: 2.8226e-02 | a: 7.7339e-03, BC: 1.0203e-04, m: 1.2871e-03, u: 7.8410e-04, v: 7.6230e-04, pde_a: 3.6390e-03
Epoch: 3580/5000 - Time: 9.17s - Loss: 2.8250e-02 | a: 7.9639e-03, BC: 9.6157e-05, m: 1.2990e-03, u: 8.4201e-04, v: 6.8949e-04, pde_a: 3.5756e-03
Epoch: 3590/5000 - Time: 9.27s - Loss: 2.8251e-02 | a: 8.6391e-03, BC: 1.0098e-04, m: 1.2902e-03, u: 7.9198e-04, v: 6.7127e-04, pde_a: 3.5881e-03
Epoch: 3600/5000 - Time: 9.24s - Loss: 2.8216e-02 | a: 7.7709e-03, BC: 9.6578e-05, m: 1.2889e-03, u: 8.1437e-04, v: 7.3501e-04, pde_a: 3.5662e-03
Epoch: 3610/5000 - Time: 9.04s - Loss: 2.9758e-02 | a: 7.8461e-03, BC: 1.1200e-04, m: 1.3029e-03, u: 9.3244e-04, v: 7.5975e-04, pde_a: 3.5750e-03
Epoch: 3620/5000 - Time: 9.23s - Loss: 2.7500e-02 | a: 7.9163e-03, BC: 9.3442e-05, m: 1.2975e-03, u: 8.0009e-04, v: 6.6028e-04, pde_a: 3.5888e-03
Epoch: 3630/5000 - Time: 9.06s - Loss: 2.8935e-02 | a: 7.7048e-03, BC: 9.3456e-05, m: 1.3077e-03, u: 9.0372e-04, v: 7.2097e-04, pde_a: 3.5818e-03
Epoch: 3640/5000 - Time: 9.08s - Loss: 2.8001e-02 | a: 7.7369e-03, BC: 9.6495e-05, m: 1.2899e-03, u: 8.5798e-04, v: 6.6706e-04, pde_a: 3.6276e-03
Epoch: 3650/5000 - Time: 9.21s - Loss: 2.7237e-02 | a: 7.8605e-03, BC: 1.0127e-04, m: 1.2965e-03, u: 7.6841e-04, v: 6.8414e-04, pde_a: 3.4538e-03
Epoch: 3660/5000 - Time: 9.24s - Loss: 2.7904e-02 | a: 7.8774e-03, BC: 9.5558e-05, m: 1.2956e-03, u: 7.8934e-04, v: 7.0484e-04, pde_a: 3.6941e-03
Epoch: 3670/5000 - Time: 9.37s - Loss: 2.8143e-02 | a: 8.1239e-03, BC: 9.7501e-05, m: 1.2955e-03, u: 8.1739e-04, v: 6.7428e-04, pde_a: 3.7091e-03
Epoch: 3680/5000 - Time: 9.20s - Loss: 2.7646e-02 | a: 7.8548e-03, BC: 9.5636e-05, m: 1.2947e-03, u: 7.8545e-04, v: 6.8953e-04, pde_a: 3.6510e-03
Epoch: 3690/5000 - Time: 9.20s - Loss: 2.6725e-02 | a: 7.6283e-03, BC: 1.0143e-04, m: 1.2881e-03, u: 7.5544e-04, v: 6.4790e-04, pde_a: 3.6733e-03
Epoch: 3700/5000 - Time: 9.49s - Loss: 2.7650e-02 | a: 7.5665e-03, BC: 8.9882e-05, m: 1.2858e-03, u: 8.0405e-04, v: 7.1067e-04, pde_a: 3.5610e-03
Epoch: 3710/5000 - Time: 9.36s - Loss: 3.2344e-02 | a: 8.0174e-03, BC: 9.9237e-05, m: 1.3188e-03, u: 1.0704e-03, v: 8.3009e-04, pde_a: 3.9033e-03
Epoch: 3720/5000 - Time: 9.43s - Loss: 2.8179e-02 | a: 8.0282e-03, BC: 9.1046e-05, m: 1.2920e-03, u: 8.3720e-04, v: 6.8494e-04, pde_a: 3.5464e-03
Epoch: 3730/5000 - Time: 9.87s - Loss: 2.7303e-02 | a: 7.7936e-03, BC: 9.0649e-05, m: 1.2938e-03, u: 7.6075e-04, v: 6.8333e-04, pde_a: 3.6845e-03
Epoch: 3740/5000 - Time: 9.57s - Loss: 2.7310e-02 | a: 8.0938e-03, BC: 9.7214e-05, m: 1.3016e-03, u: 7.5528e-04, v: 6.7694e-04, pde_a: 3.4955e-03
Epoch: 3750/5000 - Time: 9.78s - Loss: 2.9319e-02 | a: 7.8737e-03, BC: 9.8460e-05, m: 1.2951e-03, u: 8.1858e-04, v: 8.0385e-04, pde_a: 3.8271e-03
Epoch: 3760/5000 - Time: 9.86s - Loss: 2.8396e-02 | a: 7.8302e-03, BC: 1.0664e-04, m: 1.2921e-03, u: 8.3591e-04, v: 7.0931e-04, pde_a: 3.7144e-03
Epoch: 3770/5000 - Time: 9.77s - Loss: 2.7497e-02 | a: 7.7733e-03, BC: 9.3720e-05, m: 1.3035e-03, u: 7.9682e-04, v: 6.6919e-04, pde_a: 3.6666e-03
Epoch: 3780/5000 - Time: 9.26s - Loss: 2.8280e-02 | a: 7.8375e-03, BC: 1.0031e-04, m: 1.2991e-03, u: 8.2913e-04, v: 7.1614e-04, pde_a: 3.5900e-03
Epoch: 3790/5000 - Time: 9.69s - Loss: 3.0085e-02 | a: 7.8925e-03, BC: 1.0425e-04, m: 1.3137e-03, u: 9.7174e-04, v: 7.2924e-04, pde_a: 3.7652e-03
Epoch: 3800/5000 - Time: 9.49s - Loss: 2.7675e-02 | a: 8.1704e-03, BC: 9.2518e-05, m: 1.2946e-03, u: 7.8342e-04, v: 6.7925e-04, pde_a: 3.4911e-03
Epoch: 3810/5000 - Time: 9.44s - Loss: 2.6928e-02 | a: 7.8698e-03, BC: 9.5856e-05, m: 1.2922e-03, u: 7.6819e-04, v: 6.4894e-04, pde_a: 3.4993e-03
Epoch: 3820/5000 - Time: 9.15s - Loss: 2.8433e-02 | a: 8.1423e-03, BC: 9.1452e-05, m: 1.2983e-03, u: 8.1857e-04, v: 7.2087e-04, pde_a: 3.5063e-03
Epoch: 3830/5000 - Time: 9.05s - Loss: 2.8929e-02 | a: 8.0374e-03, BC: 1.1082e-04, m: 1.3017e-03, u: 8.5742e-04, v: 7.1143e-04, pde_a: 3.7904e-03
Epoch: 3840/5000 - Time: 9.39s - Loss: 2.9858e-02 | a: 8.2044e-03, BC: 1.0483e-04, m: 1.3058e-03, u: 8.8235e-04, v: 7.6678e-04, pde_a: 3.7520e-03
Epoch: 3850/5000 - Time: 9.05s - Loss: 2.8023e-02 | a: 7.5313e-03, BC: 1.0302e-04, m: 1.2890e-03, u: 8.0060e-04, v: 7.4708e-04, pde_a: 3.6227e-03
Epoch: 3860/5000 - Time: 9.14s - Loss: 2.9086e-02 | a: 8.0016e-03, BC: 1.1264e-04, m: 1.3004e-03, u: 8.0289e-04, v: 7.9716e-04, pde_a: 3.6710e-03
Epoch: 3870/5000 - Time: 9.29s - Loss: 2.6749e-02 | a: 7.7369e-03, BC: 1.0315e-04, m: 1.2755e-03, u: 7.3223e-04, v: 6.6478e-04, pde_a: 3.6633e-03
Epoch: 3880/5000 - Time: 9.72s - Loss: 2.7557e-02 | a: 7.7151e-03, BC: 9.7604e-05, m: 1.2858e-03, u: 7.8165e-04, v: 6.9274e-04, pde_a: 3.7147e-03
Epoch: 3890/5000 - Time: 9.61s - Loss: 2.6999e-02 | a: 7.5755e-03, BC: 9.4985e-05, m: 1.2881e-03, u: 7.8458e-04, v: 6.4023e-04, pde_a: 3.7926e-03
Epoch: 3900/5000 - Time: 9.34s - Loss: 2.7591e-02 | a: 7.7955e-03, BC: 8.8129e-05, m: 1.2877e-03, u: 8.0163e-04, v: 6.7659e-04, pde_a: 3.6372e-03
Epoch: 3910/5000 - Time: 9.36s - Loss: 2.9599e-02 | a: 8.3479e-03, BC: 1.0558e-04, m: 1.3109e-03, u: 8.9497e-04, v: 7.3557e-04, pde_a: 3.5288e-03
Epoch: 3920/5000 - Time: 9.24s - Loss: 2.7647e-02 | a: 7.6162e-03, BC: 1.0374e-04, m: 1.2860e-03, u: 7.8511e-04, v: 7.2474e-04, pde_a: 3.5427e-03
Epoch: 3930/5000 - Time: 9.06s - Loss: 2.7459e-02 | a: 8.0116e-03, BC: 1.0214e-04, m: 1.2974e-03, u: 7.6090e-04, v: 6.7799e-04, pde_a: 3.6590e-03
Epoch: 3940/5000 - Time: 9.02s - Loss: 2.9688e-02 | a: 8.0455e-03, BC: 9.2195e-05, m: 1.2878e-03, u: 8.6142e-04, v: 8.0288e-04, pde_a: 3.6195e-03
Epoch: 3950/5000 - Time: 9.13s - Loss: 2.6777e-02 | a: 7.5562e-03, BC: 1.0218e-04, m: 1.2795e-03, u: 7.6671e-04, v: 6.6101e-04, pde_a: 3.5618e-03
Epoch: 3960/5000 - Time: 9.05s - Loss: 2.8820e-02 | a: 8.8165e-03, BC: 9.5428e-05, m: 1.2895e-03, u: 7.9401e-04, v: 7.1595e-04, pde_a: 3.5188e-03
Epoch: 3970/5000 - Time: 9.14s - Loss: 2.8480e-02 | a: 7.7397e-03, BC: 9.7307e-05, m: 1.2923e-03, u: 8.2544e-04, v: 7.4876e-04, pde_a: 3.6082e-03
Epoch: 3980/5000 - Time: 9.63s - Loss: 2.7784e-02 | a: 7.8648e-03, BC: 9.3034e-05, m: 1.2955e-03, u: 8.2007e-04, v: 6.7123e-04, pde_a: 3.6172e-03
Epoch: 3990/5000 - Time: 9.61s - Loss: 2.7310e-02 | a: 7.7801e-03, BC: 9.3470e-05, m: 1.2893e-03, u: 7.8202e-04, v: 6.7564e-04, pde_a: 3.5703e-03
Epoch: 4000/5000 - Time: 9.26s - Loss: 2.7686e-02 | a: 7.7495e-03, BC: 1.0395e-04, m: 1.2854e-03, u: 8.1108e-04, v: 6.9010e-04, pde_a: 3.5350e-03
Epoch: 4010/5000 - Time: 9.37s - Loss: 2.8273e-02 | a: 8.2707e-03, BC: 9.5126e-05, m: 1.2941e-03, u: 7.8441e-04, v: 7.1703e-04, pde_a: 3.5982e-03
Epoch: 4020/5000 - Time: 9.31s - Loss: 2.7798e-02 | a: 7.9284e-03, BC: 9.0369e-05, m: 1.2830e-03, u: 8.2267e-04, v: 6.6657e-04, pde_a: 3.6035e-03
Epoch: 4030/5000 - Time: 8.99s - Loss: 2.8913e-02 | a: 7.6672e-03, BC: 9.2089e-05, m: 1.2900e-03, u: 8.2527e-04, v: 7.7739e-04, pde_a: 3.8376e-03
Epoch: 4040/5000 - Time: 9.10s - Loss: 2.7330e-02 | a: 7.5780e-03, BC: 8.4376e-05, m: 1.2929e-03, u: 7.7895e-04, v: 7.0008e-04, pde_a: 3.5844e-03
Epoch: 4050/5000 - Time: 9.37s - Loss: 2.8419e-02 | a: 8.2789e-03, BC: 9.7941e-05, m: 1.2669e-03, u: 8.1746e-04, v: 6.8751e-04, pde_a: 3.7250e-03
Epoch: 4060/5000 - Time: 9.57s - Loss: 2.8148e-02 | a: 7.6552e-03, BC: 9.5123e-05, m: 1.2890e-03, u: 8.4562e-04, v: 6.9791e-04, pde_a: 3.6739e-03
Epoch: 4070/5000 - Time: 9.21s - Loss: 2.8482e-02 | a: 8.0239e-03, BC: 1.0093e-04, m: 1.2880e-03, u: 8.7029e-04, v: 6.7878e-04, pde_a: 3.5784e-03
Epoch: 4080/5000 - Time: 9.20s - Loss: 2.7171e-02 | a: 7.6571e-03, BC: 8.8886e-05, m: 1.2826e-03, u: 7.9798e-04, v: 6.5124e-04, pde_a: 3.6503e-03
Epoch: 4090/5000 - Time: 9.38s - Loss: 2.7584e-02 | a: 7.9332e-03, BC: 9.9781e-05, m: 1.2933e-03, u: 7.8829e-04, v: 6.7571e-04, pde_a: 3.6181e-03
Epoch: 4100/5000 - Time: 9.44s - Loss: 2.6829e-02 | a: 7.7141e-03, BC: 8.4930e-05, m: 1.2847e-03, u: 7.6401e-04, v: 6.4962e-04, pde_a: 3.6090e-03
Epoch: 4110/5000 - Time: 9.20s - Loss: 2.8236e-02 | a: 7.4963e-03, BC: 9.0025e-05, m: 1.2777e-03, u: 8.6688e-04, v: 6.8489e-04, pde_a: 3.8545e-03
Epoch: 4120/5000 - Time: 9.50s - Loss: 2.8927e-02 | a: 8.1855e-03, BC: 9.8680e-05, m: 1.2893e-03, u: 8.5677e-04, v: 7.1758e-04, pde_a: 3.6101e-03
Epoch: 4130/5000 - Time: 9.41s - Loss: 2.7302e-02 | a: 7.9160e-03, BC: 8.8039e-05, m: 1.2842e-03, u: 7.9023e-04, v: 6.5278e-04, pde_a: 3.5835e-03
Epoch: 4140/5000 - Time: 9.49s - Loss: 2.8560e-02 | a: 8.1287e-03, BC: 8.6912e-05, m: 1.2805e-03, u: 7.9263e-04, v: 7.6495e-04, pde_a: 3.4882e-03
Epoch: 4150/5000 - Time: 9.57s - Loss: 2.6846e-02 | a: 7.9242e-03, BC: 9.8746e-05, m: 1.2778e-03, u: 7.6561e-04, v: 6.3143e-04, pde_a: 3.5749e-03
Epoch: 4160/5000 - Time: 9.37s - Loss: 2.7863e-02 | a: 7.7821e-03, BC: 9.8063e-05, m: 1.2928e-03, u: 8.0403e-04, v: 7.0537e-04, pde_a: 3.5957e-03
Epoch: 4170/5000 - Time: 9.16s - Loss: 2.7275e-02 | a: 7.7330e-03, BC: 9.6529e-05, m: 1.2805e-03, u: 7.8885e-04, v: 6.7252e-04, pde_a: 3.5510e-03
Epoch: 4180/5000 - Time: 9.38s - Loss: 2.7287e-02 | a: 7.7996e-03, BC: 9.0316e-05, m: 1.2827e-03, u: 7.8066e-04, v: 6.7216e-04, pde_a: 3.5860e-03
Epoch: 4190/5000 - Time: 9.41s - Loss: 2.7531e-02 | a: 8.2945e-03, BC: 9.6361e-05, m: 1.2994e-03, u: 7.6566e-04, v: 6.6997e-04, pde_a: 3.4841e-03
Epoch: 4200/5000 - Time: 9.40s - Loss: 2.8382e-02 | a: 7.8728e-03, BC: 9.4270e-05, m: 1.2799e-03, u: 7.9300e-04, v: 7.7077e-04, pde_a: 3.4971e-03
Epoch: 4210/5000 - Time: 9.45s - Loss: 2.8213e-02 | a: 7.7623e-03, BC: 8.8948e-05, m: 1.3005e-03, u: 8.7161e-04, v: 6.6943e-04, pde_a: 3.6512e-03
Epoch: 4220/5000 - Time: 9.48s - Loss: 2.7310e-02 | a: 7.8337e-03, BC: 1.1455e-04, m: 1.2868e-03, u: 7.6919e-04, v: 6.8015e-04, pde_a: 3.5815e-03
Epoch: 4230/5000 - Time: 9.14s - Loss: 2.7285e-02 | a: 7.6896e-03, BC: 8.8229e-05, m: 1.2751e-03, u: 8.0860e-04, v: 6.6450e-04, pde_a: 3.5011e-03
Epoch: 4240/5000 - Time: 8.99s - Loss: 2.8938e-02 | a: 7.7511e-03, BC: 9.9775e-05, m: 1.2821e-03, u: 8.3159e-04, v: 7.7852e-04, pde_a: 3.7036e-03
Epoch: 4250/5000 - Time: 9.16s - Loss: 2.8406e-02 | a: 7.6440e-03, BC: 9.0323e-05, m: 1.2882e-03, u: 8.3013e-04, v: 7.5508e-04, pde_a: 3.5310e-03
Epoch: 4260/5000 - Time: 9.04s - Loss: 2.8313e-02 | a: 7.5896e-03, BC: 9.0426e-05, m: 1.2892e-03, u: 8.9817e-04, v: 6.7691e-04, pde_a: 3.5928e-03
Epoch: 4270/5000 - Time: 9.18s - Loss: 2.6962e-02 | a: 7.5866e-03, BC: 9.5638e-05, m: 1.2793e-03, u: 7.7749e-04, v: 6.5443e-04, pde_a: 3.6809e-03
Epoch: 4280/5000 - Time: 9.09s - Loss: 2.7506e-02 | a: 7.5581e-03, BC: 8.9861e-05, m: 1.2862e-03, u: 7.9710e-04, v: 6.9930e-04, pde_a: 3.6079e-03
Epoch: 4290/5000 - Time: 9.16s - Loss: 2.7400e-02 | a: 7.9173e-03, BC: 9.5854e-05, m: 1.2726e-03, u: 8.1132e-04, v: 6.5343e-04, pde_a: 3.4668e-03
Epoch: 4300/5000 - Time: 9.33s - Loss: 2.7784e-02 | a: 7.8088e-03, BC: 1.0040e-04, m: 1.2768e-03, u: 8.0479e-04, v: 6.7446e-04, pde_a: 3.8053e-03
Epoch: 4310/5000 - Time: 9.23s - Loss: 2.6398e-02 | a: 7.5515e-03, BC: 8.8844e-05, m: 1.2732e-03, u: 7.3836e-04, v: 6.4736e-04, pde_a: 3.6270e-03
Saving checkpoint at epoch 4310 with loss 2.6398e-02
Epoch: 4320/5000 - Time: 9.33s - Loss: 2.7104e-02 | a: 7.3507e-03, BC: 9.5192e-05, m: 1.2741e-03, u: 8.0619e-04, v: 6.7529e-04, pde_a: 3.5689e-03
Epoch: 4330/5000 - Time: 9.22s - Loss: 2.7018e-02 | a: 7.6814e-03, BC: 8.9288e-05, m: 1.2844e-03, u: 7.8442e-04, v: 6.5972e-04, pde_a: 3.5214e-03
Epoch: 4340/5000 - Time: 9.25s - Loss: 2.7950e-02 | a: 7.8485e-03, BC: 8.7937e-05, m: 1.2729e-03, u: 8.0814e-04, v: 7.1279e-04, pde_a: 3.5310e-03
Epoch: 4350/5000 - Time: 9.81s - Loss: 3.0547e-02 | a: 8.0798e-03, BC: 9.1623e-05, m: 1.2884e-03, u: 9.0970e-04, v: 8.1749e-04, pde_a: 3.8151e-03
Epoch: 4360/5000 - Time: 9.91s - Loss: 2.8340e-02 | a: 7.7312e-03, BC: 9.3526e-05, m: 1.2807e-03, u: 7.8323e-04, v: 7.7509e-04, pde_a: 3.6520e-03
Epoch: 4370/5000 - Time: 9.93s - Loss: 3.0778e-02 | a: 8.3131e-03, BC: 1.0607e-04, m: 1.3020e-03, u: 9.2843e-04, v: 8.0585e-04, pde_a: 3.7144e-03
Epoch: 4380/5000 - Time: 9.73s - Loss: 2.7843e-02 | a: 8.1049e-03, BC: 8.5767e-05, m: 1.2685e-03, u: 7.7686e-04, v: 7.0705e-04, pde_a: 3.5450e-03
Epoch: 4390/5000 - Time: 9.39s - Loss: 2.6679e-02 | a: 7.4870e-03, BC: 8.5183e-05, m: 1.2688e-03, u: 7.6688e-04, v: 6.6209e-04, pde_a: 3.5489e-03
Epoch: 4400/5000 - Time: 9.31s - Loss: 3.0280e-02 | a: 8.0387e-03, BC: 1.0771e-04, m: 1.2899e-03, u: 9.3528e-04, v: 7.7040e-04, pde_a: 3.7871e-03
Epoch: 4410/5000 - Time: 9.32s - Loss: 2.7436e-02 | a: 7.6914e-03, BC: 8.2547e-05, m: 1.2839e-03, u: 8.0544e-04, v: 6.7566e-04, pde_a: 3.5668e-03
Epoch: 4420/5000 - Time: 9.15s - Loss: 2.6953e-02 | a: 7.5700e-03, BC: 9.4561e-05, m: 1.2586e-03, u: 7.5987e-04, v: 6.9003e-04, pde_a: 3.5311e-03
Epoch: 4430/5000 - Time: 9.12s - Loss: 2.7692e-02 | a: 7.8148e-03, BC: 8.4432e-05, m: 1.2665e-03, u: 8.1318e-04, v: 6.8966e-04, pde_a: 3.4983e-03
Epoch: 4440/5000 - Time: 9.21s - Loss: 2.8243e-02 | a: 7.6207e-03, BC: 1.0828e-04, m: 1.2691e-03, u: 8.4584e-04, v: 7.1415e-04, pde_a: 3.6454e-03
Epoch: 4450/5000 - Time: 9.11s - Loss: 2.9162e-02 | a: 7.9448e-03, BC: 8.4188e-05, m: 1.2813e-03, u: 8.5322e-04, v: 7.5503e-04, pde_a: 3.7697e-03
Epoch: 4460/5000 - Time: 9.06s - Loss: 2.8474e-02 | a: 8.4661e-03, BC: 8.8584e-05, m: 1.2704e-03, u: 7.7607e-04, v: 7.4001e-04, pde_a: 3.4883e-03
Epoch: 4470/5000 - Time: 9.15s - Loss: 2.9154e-02 | a: 7.8270e-03, BC: 1.0134e-04, m: 1.2821e-03, u: 9.0062e-04, v: 7.2833e-04, pde_a: 3.6540e-03
Epoch: 4480/5000 - Time: 9.05s - Loss: 2.7944e-02 | a: 7.6753e-03, BC: 1.1205e-04, m: 1.2728e-03, u: 8.1358e-04, v: 7.2388e-04, pde_a: 3.5093e-03
Epoch: 4490/5000 - Time: 9.02s - Loss: 2.9140e-02 | a: 8.5867e-03, BC: 1.0042e-04, m: 1.2733e-03, u: 7.8875e-04, v: 7.5574e-04, pde_a: 3.7346e-03
Epoch: 4500/5000 - Time: 9.21s - Loss: 2.6799e-02 | a: 8.0810e-03, BC: 9.4234e-05, m: 1.2730e-03, u: 7.3453e-04, v: 6.5137e-04, pde_a: 3.4918e-03
Epoch: 4510/5000 - Time: 9.18s - Loss: 2.8747e-02 | a: 7.5259e-03, BC: 9.0272e-05, m: 1.2794e-03, u: 8.5025e-04, v: 7.6314e-04, pde_a: 3.7178e-03
Epoch: 4520/5000 - Time: 9.27s - Loss: 2.6639e-02 | a: 7.7604e-03, BC: 8.6389e-05, m: 1.2621e-03, u: 7.5090e-04, v: 6.4608e-04, pde_a: 3.5603e-03
Epoch: 4530/5000 - Time: 9.12s - Loss: 2.7626e-02 | a: 8.1180e-03, BC: 9.0603e-05, m: 1.2675e-03, u: 7.7757e-04, v: 6.6929e-04, pde_a: 3.6818e-03
Epoch: 4540/5000 - Time: 9.10s - Loss: 2.9896e-02 | a: 9.3781e-03, BC: 9.0055e-05, m: 1.2767e-03, u: 8.1561e-04, v: 7.2291e-04, pde_a: 3.7663e-03
Epoch: 4550/5000 - Time: 9.44s - Loss: 2.9556e-02 | a: 8.8892e-03, BC: 1.1221e-04, m: 1.2808e-03, u: 8.0616e-04, v: 7.5549e-04, pde_a: 3.6576e-03
Epoch: 4560/5000 - Time: 9.27s - Loss: 2.7865e-02 | a: 7.9714e-03, BC: 9.7306e-05, m: 1.2692e-03, u: 8.1782e-04, v: 6.8763e-04, pde_a: 3.4728e-03
Epoch: 4570/5000 - Time: 9.06s - Loss: 2.8594e-02 | a: 7.9188e-03, BC: 9.6163e-05, m: 1.2798e-03, u: 8.7581e-04, v: 6.9462e-04, pde_a: 3.5947e-03
Epoch: 4580/5000 - Time: 9.13s - Loss: 2.7662e-02 | a: 7.5463e-03, BC: 9.2120e-05, m: 1.2672e-03, u: 8.1092e-04, v: 7.0751e-04, pde_a: 3.5717e-03
Epoch: 4590/5000 - Time: 9.10s - Loss: 2.8160e-02 | a: 7.5414e-03, BC: 9.9502e-05, m: 1.2796e-03, u: 8.6653e-04, v: 7.0255e-04, pde_a: 3.5487e-03
Epoch: 4600/5000 - Time: 9.54s - Loss: 2.8399e-02 | a: 7.7793e-03, BC: 1.0988e-04, m: 1.2767e-03, u: 8.5526e-04, v: 7.0731e-04, pde_a: 3.6070e-03
Epoch: 4610/5000 - Time: 8.99s - Loss: 3.0711e-02 | a: 7.6447e-03, BC: 9.7287e-05, m: 1.2836e-03, u: 1.0512e-03, v: 7.4313e-04, pde_a: 3.7422e-03
Epoch: 4620/5000 - Time: 9.09s - Loss: 2.7629e-02 | a: 7.6795e-03, BC: 8.3290e-05, m: 1.2719e-03, u: 8.0623e-04, v: 6.9509e-04, pde_a: 3.5807e-03
Epoch: 4630/5000 - Time: 9.18s - Loss: 2.8542e-02 | a: 7.5229e-03, BC: 9.9793e-05, m: 1.2716e-03, u: 8.8408e-04, v: 7.0755e-04, pde_a: 3.7318e-03
Epoch: 4640/5000 - Time: 9.30s - Loss: 2.9126e-02 | a: 8.2407e-03, BC: 1.3434e-04, m: 1.2852e-03, u: 8.4533e-04, v: 7.2049e-04, pde_a: 3.8074e-03
Epoch: 4650/5000 - Time: 9.41s - Loss: 2.6771e-02 | a: 7.4375e-03, BC: 9.7650e-05, m: 1.2757e-03, u: 7.7434e-04, v: 6.7341e-04, pde_a: 3.4824e-03
Epoch: 4660/5000 - Time: 9.58s - Loss: 2.7723e-02 | a: 7.7792e-03, BC: 1.0621e-04, m: 1.2573e-03, u: 8.0047e-04, v: 6.8671e-04, pde_a: 3.7085e-03
Epoch: 4670/5000 - Time: 9.19s - Loss: 2.6423e-02 | a: 7.7949e-03, BC: 8.8919e-05, m: 1.2698e-03, u: 7.3425e-04, v: 6.3765e-04, pde_a: 3.5500e-03
Epoch: 4680/5000 - Time: 9.04s - Loss: 2.7284e-02 | a: 7.5165e-03, BC: 1.0655e-04, m: 1.2710e-03, u: 8.0842e-04, v: 6.7750e-04, pde_a: 3.5308e-03
Epoch: 4690/5000 - Time: 9.05s - Loss: 2.8809e-02 | a: 7.9076e-03, BC: 9.6500e-05, m: 1.2579e-03, u: 8.2465e-04, v: 7.6955e-04, pde_a: 3.6046e-03
Epoch: 4700/5000 - Time: 9.04s - Loss: 2.6610e-02 | a: 7.6737e-03, BC: 8.8133e-05, m: 1.2563e-03, u: 7.6683e-04, v: 6.4602e-04, pde_a: 3.4633e-03
Epoch: 4710/5000 - Time: 9.20s - Loss: 2.8159e-02 | a: 8.2139e-03, BC: 9.2289e-05, m: 1.2661e-03, u: 7.5428e-04, v: 7.3563e-04, pde_a: 3.6881e-03
Epoch: 4720/5000 - Time: 9.05s - Loss: 2.7391e-02 | a: 7.5418e-03, BC: 8.6093e-05, m: 1.2730e-03, u: 8.1439e-04, v: 6.7927e-04, pde_a: 3.5532e-03
Epoch: 4730/5000 - Time: 9.66s - Loss: 2.7593e-02 | a: 7.9614e-03, BC: 1.1058e-04, m: 1.2698e-03, u: 8.0927e-04, v: 6.6534e-04, pde_a: 3.5047e-03
Epoch: 4740/5000 - Time: 9.64s - Loss: 2.9978e-02 | a: 8.1971e-03, BC: 9.8955e-05, m: 1.2553e-03, u: 8.7966e-04, v: 7.8683e-04, pde_a: 3.7615e-03
Epoch: 4750/5000 - Time: 9.18s - Loss: 2.8626e-02 | a: 8.1166e-03, BC: 8.6142e-05, m: 1.2687e-03, u: 8.5364e-04, v: 7.0010e-04, pde_a: 3.6168e-03
Epoch: 4760/5000 - Time: 9.18s - Loss: 2.8666e-02 | a: 7.7158e-03, BC: 9.4578e-05, m: 1.2638e-03, u: 8.7258e-04, v: 7.2604e-04, pde_a: 3.6052e-03
Epoch: 4770/5000 - Time: 9.22s - Loss: 3.0181e-02 | a: 8.0608e-03, BC: 1.0592e-04, m: 1.2758e-03, u: 9.3019e-04, v: 7.8344e-04, pde_a: 3.6021e-03
Epoch: 4780/5000 - Time: 9.09s - Loss: 2.9265e-02 | a: 8.2506e-03, BC: 9.5696e-05, m: 1.2616e-03, u: 8.9700e-04, v: 7.1551e-04, pde_a: 3.5317e-03
Epoch: 4790/5000 - Time: 9.06s - Loss: 2.8868e-02 | a: 7.9040e-03, BC: 9.8855e-05, m: 1.2596e-03, u: 8.4310e-04, v: 7.7002e-04, pde_a: 3.4746e-03
Epoch: 4800/5000 - Time: 9.10s - Loss: 2.7015e-02 | a: 7.4855e-03, BC: 1.0185e-04, m: 1.2578e-03, u: 7.6826e-04, v: 7.0428e-04, pde_a: 3.4447e-03
Epoch: 4810/5000 - Time: 8.95s - Loss: 2.6699e-02 | a: 7.4550e-03, BC: 8.9929e-05, m: 1.2638e-03, u: 7.6232e-04, v: 6.7150e-04, pde_a: 3.5520e-03
Epoch: 4820/5000 - Time: 9.26s - Loss: 2.6544e-02 | a: 7.6073e-03, BC: 8.6632e-05, m: 1.2602e-03, u: 7.5023e-04, v: 6.5415e-04, pde_a: 3.5461e-03
Epoch: 4830/5000 - Time: 9.06s - Loss: 2.8021e-02 | a: 7.4999e-03, BC: 8.4234e-05, m: 1.2725e-03, u: 8.3379e-04, v: 7.2777e-04, pde_a: 3.5485e-03
Epoch: 4840/5000 - Time: 9.22s - Loss: 2.7708e-02 | a: 7.5542e-03, BC: 9.9714e-05, m: 1.2512e-03, u: 8.2676e-04, v: 6.8994e-04, pde_a: 3.6359e-03
Epoch: 4850/5000 - Time: 9.15s - Loss: 2.8290e-02 | a: 7.8025e-03, BC: 8.8195e-05, m: 1.2674e-03, u: 8.2330e-04, v: 7.3085e-04, pde_a: 3.5901e-03
Epoch: 4860/5000 - Time: 9.00s - Loss: 2.8665e-02 | a: 7.9543e-03, BC: 8.7303e-05, m: 1.2694e-03, u: 8.8821e-04, v: 6.8398e-04, pde_a: 3.6323e-03
Epoch: 4870/5000 - Time: 9.05s - Loss: 2.8089e-02 | a: 7.9004e-03, BC: 9.1194e-05, m: 1.2695e-03, u: 8.0931e-04, v: 7.1741e-04, pde_a: 3.5603e-03
Epoch: 4880/5000 - Time: 9.19s - Loss: 2.7810e-02 | a: 8.1753e-03, BC: 9.9903e-05, m: 1.2535e-03, u: 7.9173e-04, v: 6.6187e-04, pde_a: 3.7456e-03
Epoch: 4890/5000 - Time: 9.11s - Loss: 2.7909e-02 | a: 7.5712e-03, BC: 8.4597e-05, m: 1.2617e-03, u: 8.0663e-04, v: 7.3748e-04, pde_a: 3.5510e-03
Epoch: 4900/5000 - Time: 9.13s - Loss: 2.6934e-02 | a: 7.4259e-03, BC: 9.1912e-05, m: 1.2504e-03, u: 7.6574e-04, v: 6.9685e-04, pde_a: 3.5396e-03
Epoch: 4910/5000 - Time: 9.04s - Loss: 2.6695e-02 | a: 7.7065e-03, BC: 9.0179e-05, m: 1.2599e-03, u: 7.5669e-04, v: 6.4846e-04, pde_a: 3.5873e-03
Epoch: 4920/5000 - Time: 9.27s - Loss: 2.8421e-02 | a: 7.9220e-03, BC: 9.6370e-05, m: 1.2596e-03, u: 8.0689e-04, v: 7.4257e-04, pde_a: 3.6480e-03
Epoch: 4930/5000 - Time: 9.04s - Loss: 2.7686e-02 | a: 7.7049e-03, BC: 8.5794e-05, m: 1.2608e-03, u: 7.9722e-04, v: 7.0406e-04, pde_a: 3.6217e-03
Epoch: 4940/5000 - Time: 9.28s - Loss: 2.8469e-02 | a: 7.5209e-03, BC: 1.0262e-04, m: 1.2621e-03, u: 8.5998e-04, v: 7.3848e-04, pde_a: 3.5986e-03
Epoch: 4950/5000 - Time: 9.29s - Loss: 3.0540e-02 | a: 8.4369e-03, BC: 1.0343e-04, m: 1.2697e-03, u: 9.3739e-04, v: 7.2922e-04, pde_a: 4.0643e-03
Epoch: 4960/5000 - Time: 9.38s - Loss: 2.7165e-02 | a: 7.6281e-03, BC: 9.9581e-05, m: 1.2510e-03, u: 7.9181e-04, v: 6.7147e-04, pde_a: 3.5540e-03
Epoch: 4970/5000 - Time: 9.16s - Loss: 2.9523e-02 | a: 7.6084e-03, BC: 8.8897e-05, m: 1.2692e-03, u: 9.6298e-04, v: 7.4354e-04, pde_a: 3.4910e-03
Epoch: 4980/5000 - Time: 9.73s - Loss: 2.6866e-02 | a: 7.4807e-03, BC: 8.1704e-05, m: 1.2486e-03, u: 7.5026e-04, v: 7.0255e-04, pde_a: 3.5270e-03
Epoch: 4990/5000 - Time: 9.86s - Loss: 2.9198e-02 | a: 8.4515e-03, BC: 1.0937e-04, m: 1.2469e-03, u: 8.4861e-04, v: 7.2810e-04, pde_a: 3.6236e-03
Epoch: 5000/5000 - Time: 9.22s - Loss: 2.7197e-02 | a: 7.7932e-03, BC: 9.2143e-05, m: 1.2450e-03, u: 7.6766e-04, v: 6.9024e-04, pde_a: 3.4878e-03

--- Starting Training Phase 5/5 ---
Epochs: 5000, Learning Rate: 1e-06
Total samples: 185940, Desired batch size: 9297
Calculated num_batches: 20, Proportional batch sizes: {'A': 1305, 'PDE': 7910, 'N': 20, 'EW': 20, 'NSEW': 42}
Epoch: 10/5000 - Time: 8.99s - Loss: 2.3697e-02 | a: 7.2134e-03, BC: 7.5313e-05, m: 1.2408e-03, u: 6.3440e-04, v: 5.4823e-04, pde_a: 3.3415e-03
Saving checkpoint at epoch 10 with loss 2.3697e-02
Epoch: 20/5000 - Time: 9.09s - Loss: 2.4201e-02 | a: 7.2125e-03, BC: 7.3213e-05, m: 1.2461e-03, u: 6.6957e-04, v: 5.6275e-04, pde_a: 3.3463e-03
Epoch: 30/5000 - Time: 9.05s - Loss: 2.4199e-02 | a: 7.2096e-03, BC: 7.0918e-05, m: 1.2459e-03, u: 6.6198e-04, v: 5.7017e-04, pde_a: 3.3509e-03
Epoch: 40/5000 - Time: 9.13s - Loss: 2.4101e-02 | a: 7.1400e-03, BC: 7.3535e-05, m: 1.2415e-03, u: 6.7251e-04, v: 5.5734e-04, pde_a: 3.3475e-03
Epoch: 50/5000 - Time: 9.07s - Loss: 2.4304e-02 | a: 7.3246e-03, BC: 7.4214e-05, m: 1.2444e-03, u: 6.7295e-04, v: 5.5887e-04, pde_a: 3.3422e-03
Epoch: 60/5000 - Time: 9.14s - Loss: 2.4490e-02 | a: 7.3160e-03, BC: 7.3536e-05, m: 1.2385e-03, u: 6.7829e-04, v: 5.7460e-04, pde_a: 3.3328e-03
Epoch: 70/5000 - Time: 9.45s - Loss: 2.4328e-02 | a: 7.1765e-03, BC: 7.1842e-05, m: 1.2432e-03, u: 6.7497e-04, v: 5.7162e-04, pde_a: 3.3706e-03
Epoch: 80/5000 - Time: 9.25s - Loss: 2.4031e-02 | a: 7.1977e-03, BC: 7.3962e-05, m: 1.2373e-03, u: 6.6135e-04, v: 5.5626e-04, pde_a: 3.3462e-03
Epoch: 90/5000 - Time: 9.00s - Loss: 2.4105e-02 | a: 7.1852e-03, BC: 7.5028e-05, m: 1.2394e-03, u: 6.6678e-04, v: 5.5668e-04, pde_a: 3.3705e-03
Epoch: 100/5000 - Time: 9.26s - Loss: 2.4238e-02 | a: 7.3099e-03, BC: 7.6187e-05, m: 1.2435e-03, u: 6.5574e-04, v: 5.6958e-04, pde_a: 3.3553e-03
Epoch: 110/5000 - Time: 9.59s - Loss: 2.4401e-02 | a: 7.1543e-03, BC: 7.5613e-05, m: 1.2417e-03, u: 6.8001e-04, v: 5.7569e-04, pde_a: 3.3724e-03
Epoch: 120/5000 - Time: 9.19s - Loss: 2.4429e-02 | a: 7.2362e-03, BC: 7.5269e-05, m: 1.2452e-03, u: 6.8666e-04, v: 5.6657e-04, pde_a: 3.3396e-03
Epoch: 130/5000 - Time: 9.09s - Loss: 2.4566e-02 | a: 7.1710e-03, BC: 7.3255e-05, m: 1.2534e-03, u: 6.9356e-04, v: 5.7694e-04, pde_a: 3.3633e-03
Epoch: 140/5000 - Time: 9.54s - Loss: 2.4280e-02 | a: 7.2494e-03, BC: 7.2196e-05, m: 1.2422e-03, u: 6.6362e-04, v: 5.6876e-04, pde_a: 3.3928e-03
Epoch: 150/5000 - Time: 9.79s - Loss: 2.4571e-02 | a: 7.1749e-03, BC: 7.3288e-05, m: 1.2387e-03, u: 6.9836e-04, v: 5.7097e-04, pde_a: 3.3904e-03
Epoch: 160/5000 - Time: 9.77s - Loss: 2.4622e-02 | a: 7.1143e-03, BC: 7.1513e-05, m: 1.2487e-03, u: 6.8367e-04, v: 5.9600e-04, pde_a: 3.3909e-03
Epoch: 170/5000 - Time: 9.77s - Loss: 2.4297e-02 | a: 7.1478e-03, BC: 7.3600e-05, m: 1.2479e-03, u: 6.8323e-04, v: 5.6419e-04, pde_a: 3.3540e-03
Epoch: 180/5000 - Time: 9.85s - Loss: 2.4565e-02 | a: 7.2371e-03, BC: 7.4825e-05, m: 1.2434e-03, u: 6.9145e-04, v: 5.7408e-04, pde_a: 3.3541e-03
Epoch: 190/5000 - Time: 9.45s - Loss: 2.4618e-02 | a: 7.1928e-03, BC: 7.3511e-05, m: 1.2520e-03, u: 6.8319e-04, v: 5.8959e-04, pde_a: 3.3718e-03
Epoch: 200/5000 - Time: 9.18s - Loss: 2.4748e-02 | a: 7.2129e-03, BC: 7.5407e-05, m: 1.2462e-03, u: 6.9900e-04, v: 5.8527e-04, pde_a: 3.3706e-03
Epoch: 210/5000 - Time: 9.65s - Loss: 2.4472e-02 | a: 7.1226e-03, BC: 7.4040e-05, m: 1.2455e-03, u: 6.8412e-04, v: 5.8549e-04, pde_a: 3.3334e-03
Epoch: 220/5000 - Time: 9.06s - Loss: 2.4643e-02 | a: 7.1661e-03, BC: 7.6756e-05, m: 1.2418e-03, u: 6.8892e-04, v: 5.8988e-04, pde_a: 3.3702e-03
Epoch: 230/5000 - Time: 8.95s - Loss: 2.4510e-02 | a: 7.1641e-03, BC: 7.3229e-05, m: 1.2451e-03, u: 6.8734e-04, v: 5.7661e-04, pde_a: 3.3885e-03
Epoch: 240/5000 - Time: 9.47s - Loss: 2.4294e-02 | a: 7.2763e-03, BC: 7.5906e-05, m: 1.2485e-03, u: 6.6378e-04, v: 5.7084e-04, pde_a: 3.3467e-03
Epoch: 250/5000 - Time: 9.17s - Loss: 2.4751e-02 | a: 7.2406e-03, BC: 7.8138e-05, m: 1.2397e-03, u: 7.0223e-04, v: 5.8448e-04, pde_a: 3.3252e-03
Epoch: 260/5000 - Time: 9.17s - Loss: 2.4741e-02 | a: 7.1551e-03, BC: 7.5389e-05, m: 1.2334e-03, u: 6.9724e-04, v: 5.9310e-04, pde_a: 3.3736e-03
Epoch: 270/5000 - Time: 9.31s - Loss: 2.4448e-02 | a: 7.1666e-03, BC: 7.5068e-05, m: 1.2488e-03, u: 6.7414e-04, v: 5.8573e-04, pde_a: 3.3590e-03
Epoch: 280/5000 - Time: 9.05s - Loss: 2.4412e-02 | a: 7.1106e-03, BC: 7.4880e-05, m: 1.2510e-03, u: 6.9548e-04, v: 5.6277e-04, pde_a: 3.3930e-03
Epoch: 290/5000 - Time: 9.11s - Loss: 2.4650e-02 | a: 7.1619e-03, BC: 7.2768e-05, m: 1.2480e-03, u: 6.9383e-04, v: 5.8880e-04, pde_a: 3.3413e-03
Epoch: 300/5000 - Time: 9.09s - Loss: 2.4523e-02 | a: 7.1789e-03, BC: 7.5510e-05, m: 1.2432e-03, u: 6.7531e-04, v: 5.8949e-04, pde_a: 3.3771e-03
Epoch: 310/5000 - Time: 8.95s - Loss: 2.4623e-02 | a: 7.1142e-03, BC: 7.4357e-05, m: 1.2405e-03, u: 6.9128e-04, v: 5.9056e-04, pde_a: 3.3751e-03
Epoch: 320/5000 - Time: 9.04s - Loss: 2.5151e-02 | a: 7.2863e-03, BC: 7.6160e-05, m: 1.2424e-03, u: 7.1997e-04, v: 5.9700e-04, pde_a: 3.3766e-03
Epoch: 330/5000 - Time: 9.17s - Loss: 2.4901e-02 | a: 7.3791e-03, BC: 7.7770e-05, m: 1.2350e-03, u: 6.8774e-04, v: 5.9161e-04, pde_a: 3.4156e-03
Epoch: 340/5000 - Time: 9.06s - Loss: 2.4340e-02 | a: 7.1763e-03, BC: 7.4105e-05, m: 1.2546e-03, u: 6.7573e-04, v: 5.7336e-04, pde_a: 3.3440e-03
Epoch: 350/5000 - Time: 9.04s - Loss: 2.4386e-02 | a: 7.1276e-03, BC: 7.5742e-05, m: 1.2419e-03, u: 6.7792e-04, v: 5.8155e-04, pde_a: 3.3457e-03
Epoch: 360/5000 - Time: 8.99s - Loss: 2.4432e-02 | a: 7.0308e-03, BC: 7.3270e-05, m: 1.2461e-03, u: 6.8057e-04, v: 5.9147e-04, pde_a: 3.3613e-03
Epoch: 370/5000 - Time: 9.32s - Loss: 2.4719e-02 | a: 7.0383e-03, BC: 7.5657e-05, m: 1.2361e-03, u: 7.1379e-04, v: 5.8838e-04, pde_a: 3.3477e-03
Epoch: 380/5000 - Time: 9.23s - Loss: 2.4771e-02 | a: 7.1653e-03, BC: 7.4732e-05, m: 1.2397e-03, u: 6.8020e-04, v: 6.1533e-04, pde_a: 3.3355e-03
Epoch: 390/5000 - Time: 9.14s - Loss: 2.4443e-02 | a: 7.1167e-03, BC: 7.3734e-05, m: 1.2547e-03, u: 6.8819e-04, v: 5.7590e-04, pde_a: 3.3565e-03
Epoch: 400/5000 - Time: 9.31s - Loss: 2.4286e-02 | a: 7.0934e-03, BC: 7.2024e-05, m: 1.2513e-03, u: 6.7762e-04, v: 5.7310e-04, pde_a: 3.3624e-03
Epoch: 410/5000 - Time: 9.01s - Loss: 2.4394e-02 | a: 7.0282e-03, BC: 7.5810e-05, m: 1.2440e-03, u: 6.9084e-04, v: 5.8016e-04, pde_a: 3.3363e-03
Epoch: 420/5000 - Time: 9.24s - Loss: 2.4329e-02 | a: 7.0856e-03, BC: 7.4622e-05, m: 1.2461e-03, u: 6.8327e-04, v: 5.6681e-04, pde_a: 3.4222e-03
Epoch: 430/5000 - Time: 9.38s - Loss: 2.4684e-02 | a: 7.0156e-03, BC: 7.1498e-05, m: 1.2481e-03, u: 7.0574e-04, v: 5.9292e-04, pde_a: 3.3618e-03
Epoch: 440/5000 - Time: 9.09s - Loss: 2.4509e-02 | a: 7.1507e-03, BC: 7.8729e-05, m: 1.2385e-03, u: 6.8076e-04, v: 5.8877e-04, pde_a: 3.3457e-03
Epoch: 450/5000 - Time: 9.19s - Loss: 2.4483e-02 | a: 7.0342e-03, BC: 7.6034e-05, m: 1.2437e-03, u: 6.9202e-04, v: 5.8566e-04, pde_a: 3.3522e-03
Epoch: 460/5000 - Time: 9.11s - Loss: 2.4891e-02 | a: 7.1414e-03, BC: 7.7413e-05, m: 1.2360e-03, u: 6.9287e-04, v: 6.1553e-04, pde_a: 3.3521e-03
Epoch: 470/5000 - Time: 9.63s - Loss: 2.4253e-02 | a: 7.0431e-03, BC: 7.4053e-05, m: 1.2496e-03, u: 6.7933e-04, v: 5.7290e-04, pde_a: 3.3641e-03
Epoch: 480/5000 - Time: 9.75s - Loss: 2.4343e-02 | a: 7.0376e-03, BC: 7.3711e-05, m: 1.2460e-03, u: 6.8740e-04, v: 5.7426e-04, pde_a: 3.3690e-03
Epoch: 490/5000 - Time: 8.96s - Loss: 2.4607e-02 | a: 7.1644e-03, BC: 7.3907e-05, m: 1.2456e-03, u: 6.9861e-04, v: 5.7921e-04, pde_a: 3.3450e-03
Epoch: 500/5000 - Time: 9.58s - Loss: 2.4905e-02 | a: 7.1270e-03, BC: 7.3265e-05, m: 1.2474e-03, u: 7.1049e-04, v: 6.0038e-04, pde_a: 3.3486e-03
Epoch: 510/5000 - Time: 9.75s - Loss: 2.4598e-02 | a: 7.1236e-03, BC: 7.4298e-05, m: 1.2570e-03, u: 6.9628e-04, v: 5.7702e-04, pde_a: 3.4097e-03
Epoch: 520/5000 - Time: 9.44s - Loss: 2.4114e-02 | a: 7.0968e-03, BC: 7.5401e-05, m: 1.2423e-03, u: 6.6667e-04, v: 5.7016e-04, pde_a: 3.3309e-03
Epoch: 530/5000 - Time: 9.75s - Loss: 2.4681e-02 | a: 7.0223e-03, BC: 7.4075e-05, m: 1.2486e-03, u: 6.9970e-04, v: 6.0005e-04, pde_a: 3.3389e-03
Epoch: 540/5000 - Time: 9.03s - Loss: 2.4850e-02 | a: 7.0375e-03, BC: 7.3948e-05, m: 1.2477e-03, u: 6.8911e-04, v: 6.2418e-04, pde_a: 3.3577e-03
Epoch: 550/5000 - Time: 9.12s - Loss: 2.4257e-02 | a: 7.0730e-03, BC: 7.4736e-05, m: 1.2433e-03, u: 6.7123e-04, v: 5.7771e-04, pde_a: 3.3763e-03
Epoch: 560/5000 - Time: 9.21s - Loss: 2.4859e-02 | a: 7.0645e-03, BC: 7.4824e-05, m: 1.2432e-03, u: 7.0884e-04, v: 6.0339e-04, pde_a: 3.3537e-03
Epoch: 570/5000 - Time: 9.20s - Loss: 2.4050e-02 | a: 7.0556e-03, BC: 7.4204e-05, m: 1.2419e-03, u: 6.5583e-04, v: 5.7698e-04, pde_a: 3.3499e-03
Epoch: 580/5000 - Time: 9.04s - Loss: 2.4409e-02 | a: 7.1643e-03, BC: 8.0002e-05, m: 1.2478e-03, u: 6.7621e-04, v: 5.7881e-04, pde_a: 3.3664e-03
Epoch: 590/5000 - Time: 9.18s - Loss: 2.4226e-02 | a: 7.0094e-03, BC: 7.2687e-05, m: 1.2450e-03, u: 6.8264e-04, v: 5.7288e-04, pde_a: 3.3437e-03
Epoch: 600/5000 - Time: 9.21s - Loss: 2.4290e-02 | a: 7.0809e-03, BC: 7.8538e-05, m: 1.2302e-03, u: 6.7910e-04, v: 5.7605e-04, pde_a: 3.3485e-03
Epoch: 610/5000 - Time: 9.20s - Loss: 2.4252e-02 | a: 7.0939e-03, BC: 7.3137e-05, m: 1.2383e-03, u: 6.8285e-04, v: 5.6678e-04, pde_a: 3.3502e-03
Epoch: 620/5000 - Time: 9.15s - Loss: 2.4540e-02 | a: 7.0258e-03, BC: 7.3819e-05, m: 1.2418e-03, u: 6.8640e-04, v: 5.9782e-04, pde_a: 3.3560e-03
Epoch: 630/5000 - Time: 9.02s - Loss: 2.4121e-02 | a: 7.0345e-03, BC: 7.2872e-05, m: 1.2455e-03, u: 6.6146e-04, v: 5.8247e-04, pde_a: 3.3285e-03
Epoch: 640/5000 - Time: 9.62s - Loss: 2.4424e-02 | a: 6.9648e-03, BC: 7.3493e-05, m: 1.2532e-03, u: 6.9073e-04, v: 5.8618e-04, pde_a: 3.3631e-03
Epoch: 650/5000 - Time: 9.30s - Loss: 2.4461e-02 | a: 6.9817e-03, BC: 7.2982e-05, m: 1.2477e-03, u: 6.9200e-04, v: 5.8952e-04, pde_a: 3.3435e-03
Epoch: 660/5000 - Time: 8.95s - Loss: 2.4464e-02 | a: 7.1698e-03, BC: 7.4448e-05, m: 1.2428e-03, u: 6.9349e-04, v: 5.7014e-04, pde_a: 3.3410e-03
Epoch: 670/5000 - Time: 9.07s - Loss: 2.4326e-02 | a: 7.0905e-03, BC: 7.2227e-05, m: 1.2457e-03, u: 6.7896e-04, v: 5.7681e-04, pde_a: 3.3599e-03
Epoch: 680/5000 - Time: 9.08s - Loss: 2.4422e-02 | a: 7.1839e-03, BC: 7.5259e-05, m: 1.2462e-03, u: 6.8694e-04, v: 5.7344e-04, pde_a: 3.3129e-03
Epoch: 690/5000 - Time: 9.17s - Loss: 2.4762e-02 | a: 7.2094e-03, BC: 7.4739e-05, m: 1.2532e-03, u: 6.9796e-04, v: 5.8681e-04, pde_a: 3.3774e-03
Epoch: 700/5000 - Time: 9.53s - Loss: 2.4596e-02 | a: 7.1198e-03, BC: 8.0556e-05, m: 1.2363e-03, u: 6.9543e-04, v: 5.8669e-04, pde_a: 3.3384e-03
Epoch: 710/5000 - Time: 9.08s - Loss: 2.4771e-02 | a: 7.1044e-03, BC: 7.3239e-05, m: 1.2507e-03, u: 7.0868e-04, v: 5.9219e-04, pde_a: 3.3345e-03
Epoch: 720/5000 - Time: 9.17s - Loss: 2.5051e-02 | a: 7.1216e-03, BC: 7.3583e-05, m: 1.2493e-03, u: 7.2442e-04, v: 6.0063e-04, pde_a: 3.3561e-03
Epoch: 730/5000 - Time: 9.17s - Loss: 2.4994e-02 | a: 7.0078e-03, BC: 7.4250e-05, m: 1.2433e-03, u: 7.0735e-04, v: 6.2259e-04, pde_a: 3.3694e-03
Epoch: 740/5000 - Time: 9.16s - Loss: 2.4512e-02 | a: 7.0188e-03, BC: 7.2459e-05, m: 1.2458e-03, u: 6.8884e-04, v: 5.9418e-04, pde_a: 3.3447e-03
Epoch: 750/5000 - Time: 9.56s - Loss: 2.5107e-02 | a: 6.9906e-03, BC: 7.4838e-05, m: 1.2398e-03, u: 7.1372e-04, v: 6.2999e-04, pde_a: 3.3650e-03
Epoch: 760/5000 - Time: 9.17s - Loss: 2.4471e-02 | a: 7.0692e-03, BC: 7.4356e-05, m: 1.2506e-03, u: 6.8817e-04, v: 5.8632e-04, pde_a: 3.3324e-03
Epoch: 770/5000 - Time: 9.11s - Loss: 2.4488e-02 | a: 7.0270e-03, BC: 7.6786e-05, m: 1.2396e-03, u: 6.9530e-04, v: 5.8185e-04, pde_a: 3.3727e-03
Epoch: 780/5000 - Time: 9.44s - Loss: 2.5078e-02 | a: 7.0121e-03, BC: 7.6218e-05, m: 1.2413e-03, u: 7.1414e-04, v: 6.2390e-04, pde_a: 3.3677e-03
Epoch: 790/5000 - Time: 9.86s - Loss: 2.4745e-02 | a: 7.0603e-03, BC: 7.6272e-05, m: 1.2382e-03, u: 6.8807e-04, v: 6.1334e-04, pde_a: 3.3562e-03
Epoch: 800/5000 - Time: 9.45s - Loss: 2.4690e-02 | a: 6.9994e-03, BC: 7.4027e-05, m: 1.2420e-03, u: 6.9324e-04, v: 6.1200e-04, pde_a: 3.3225e-03
Epoch: 810/5000 - Time: 9.36s - Loss: 2.4838e-02 | a: 7.0126e-03, BC: 7.5744e-05, m: 1.2518e-03, u: 7.0853e-04, v: 6.0652e-04, pde_a: 3.3470e-03
Epoch: 820/5000 - Time: 9.24s - Loss: 2.4305e-02 | a: 6.9308e-03, BC: 7.4337e-05, m: 1.2409e-03, u: 6.9573e-04, v: 5.7762e-04, pde_a: 3.3253e-03
Epoch: 830/5000 - Time: 9.02s - Loss: 2.4488e-02 | a: 6.9032e-03, BC: 7.6144e-05, m: 1.2439e-03, u: 6.9710e-04, v: 5.9074e-04, pde_a: 3.3866e-03
Epoch: 840/5000 - Time: 8.99s - Loss: 2.4189e-02 | a: 7.0052e-03, BC: 7.4764e-05, m: 1.2434e-03, u: 6.6633e-04, v: 5.8202e-04, pde_a: 3.3816e-03
Epoch: 850/5000 - Time: 8.99s - Loss: 2.4233e-02 | a: 6.9728e-03, BC: 7.4238e-05, m: 1.2400e-03, u: 6.8118e-04, v: 5.7995e-04, pde_a: 3.3351e-03
Epoch: 860/5000 - Time: 9.09s - Loss: 2.4836e-02 | a: 6.9383e-03, BC: 7.6106e-05, m: 1.2438e-03, u: 7.1796e-04, v: 6.0539e-04, pde_a: 3.3446e-03
Epoch: 870/5000 - Time: 9.13s - Loss: 2.4600e-02 | a: 6.9127e-03, BC: 7.4752e-05, m: 1.2411e-03, u: 7.0654e-04, v: 5.9668e-04, pde_a: 3.3395e-03
Epoch: 880/5000 - Time: 9.06s - Loss: 2.4848e-02 | a: 6.9380e-03, BC: 7.1928e-05, m: 1.2424e-03, u: 7.1370e-04, v: 6.1214e-04, pde_a: 3.3372e-03
Epoch: 890/5000 - Time: 9.00s - Loss: 2.4383e-02 | a: 6.9472e-03, BC: 7.5296e-05, m: 1.2477e-03, u: 6.8502e-04, v: 5.9132e-04, pde_a: 3.3498e-03
Epoch: 900/5000 - Time: 8.98s - Loss: 2.3995e-02 | a: 6.9200e-03, BC: 7.5134e-05, m: 1.2490e-03, u: 6.8743e-04, v: 5.5544e-04, pde_a: 3.3221e-03
Epoch: 910/5000 - Time: 9.37s - Loss: 2.4370e-02 | a: 6.8995e-03, BC: 7.5383e-05, m: 1.2378e-03, u: 6.9587e-04, v: 5.8200e-04, pde_a: 3.3785e-03
Epoch: 920/5000 - Time: 9.23s - Loss: 2.4807e-02 | a: 7.0482e-03, BC: 7.4024e-05, m: 1.2409e-03, u: 7.1246e-04, v: 5.9790e-04, pde_a: 3.3397e-03
Epoch: 930/5000 - Time: 8.98s - Loss: 2.4797e-02 | a: 6.9057e-03, BC: 7.5624e-05, m: 1.2310e-03, u: 7.3198e-04, v: 5.9545e-04, pde_a: 3.3103e-03
Epoch: 940/5000 - Time: 9.01s - Loss: 2.4893e-02 | a: 6.9271e-03, BC: 7.4954e-05, m: 1.2499e-03, u: 7.0998e-04, v: 6.2159e-04, pde_a: 3.3256e-03
Epoch: 950/5000 - Time: 9.25s - Loss: 2.4726e-02 | a: 7.0476e-03, BC: 7.3476e-05, m: 1.2450e-03, u: 7.0303e-04, v: 5.9954e-04, pde_a: 3.3345e-03
Epoch: 960/5000 - Time: 9.68s - Loss: 2.4826e-02 | a: 6.9550e-03, BC: 7.4444e-05, m: 1.2437e-03, u: 7.2021e-04, v: 6.0351e-04, pde_a: 3.3155e-03
Epoch: 970/5000 - Time: 9.56s - Loss: 2.5007e-02 | a: 7.0380e-03, BC: 7.3618e-05, m: 1.2469e-03, u: 7.2013e-04, v: 6.0767e-04, pde_a: 3.3705e-03
Epoch: 980/5000 - Time: 8.97s - Loss: 2.4461e-02 | a: 7.0248e-03, BC: 7.3572e-05, m: 1.2432e-03, u: 6.8701e-04, v: 5.8337e-04, pde_a: 3.4161e-03
Epoch: 990/5000 - Time: 9.09s - Loss: 2.4514e-02 | a: 6.9401e-03, BC: 7.3324e-05, m: 1.2464e-03, u: 6.8278e-04, v: 6.0947e-04, pde_a: 3.3312e-03
Epoch: 1000/5000 - Time: 9.40s - Loss: 2.4478e-02 | a: 6.9038e-03, BC: 7.0826e-05, m: 1.2463e-03, u: 6.9663e-04, v: 5.9369e-04, pde_a: 3.3535e-03
Epoch: 1010/5000 - Time: 9.26s - Loss: 2.4623e-02 | a: 7.0104e-03, BC: 7.4295e-05, m: 1.2411e-03, u: 7.0738e-04, v: 5.8905e-04, pde_a: 3.3332e-03
Epoch: 1020/5000 - Time: 9.29s - Loss: 2.4336e-02 | a: 7.1216e-03, BC: 7.0532e-05, m: 1.2504e-03, u: 6.7672e-04, v: 5.8077e-04, pde_a: 3.3190e-03
Epoch: 1030/5000 - Time: 9.06s - Loss: 2.4096e-02 | a: 6.9442e-03, BC: 7.3150e-05, m: 1.2472e-03, u: 6.8223e-04, v: 5.6762e-04, pde_a: 3.3331e-03
Epoch: 1040/5000 - Time: 9.09s - Loss: 2.4728e-02 | a: 6.9645e-03, BC: 7.6056e-05, m: 1.2377e-03, u: 7.0639e-04, v: 6.0230e-04, pde_a: 3.3625e-03
Epoch: 1050/5000 - Time: 9.11s - Loss: 2.4654e-02 | a: 7.1646e-03, BC: 7.2173e-05, m: 1.2480e-03, u: 6.8634e-04, v: 5.9530e-04, pde_a: 3.3529e-03
Epoch: 1060/5000 - Time: 9.03s - Loss: 2.4343e-02 | a: 6.9535e-03, BC: 7.6400e-05, m: 1.2338e-03, u: 6.9114e-04, v: 5.8073e-04, pde_a: 3.3605e-03
Epoch: 1070/5000 - Time: 8.98s - Loss: 2.4469e-02 | a: 6.9470e-03, BC: 7.2930e-05, m: 1.2419e-03, u: 6.9865e-04, v: 5.9144e-04, pde_a: 3.3060e-03
Epoch: 1080/5000 - Time: 8.99s - Loss: 2.4363e-02 | a: 6.8442e-03, BC: 7.3842e-05, m: 1.2427e-03, u: 6.9664e-04, v: 5.8862e-04, pde_a: 3.3493e-03
Epoch: 1090/5000 - Time: 9.06s - Loss: 2.4585e-02 | a: 7.0639e-03, BC: 7.5362e-05, m: 1.2413e-03, u: 6.8554e-04, v: 6.0097e-04, pde_a: 3.3394e-03
Epoch: 1100/5000 - Time: 9.04s - Loss: 2.4737e-02 | a: 6.8492e-03, BC: 7.2923e-05, m: 1.2514e-03, u: 7.1692e-04, v: 6.0662e-04, pde_a: 3.3279e-03
Epoch: 1110/5000 - Time: 9.63s - Loss: 2.4496e-02 | a: 6.8732e-03, BC: 7.3454e-05, m: 1.2414e-03, u: 7.0141e-04, v: 5.9428e-04, pde_a: 3.3509e-03
Epoch: 1120/5000 - Time: 9.44s - Loss: 2.4257e-02 | a: 6.9545e-03, BC: 8.0748e-05, m: 1.2370e-03, u: 6.7359e-04, v: 5.8789e-04, pde_a: 3.3699e-03
Epoch: 1130/5000 - Time: 9.15s - Loss: 2.4019e-02 | a: 6.9520e-03, BC: 7.4475e-05, m: 1.2349e-03, u: 6.7335e-04, v: 5.6790e-04, pde_a: 3.3452e-03
Epoch: 1140/5000 - Time: 9.28s - Loss: 2.4354e-02 | a: 6.9379e-03, BC: 7.8672e-05, m: 1.2386e-03, u: 6.8286e-04, v: 5.9666e-04, pde_a: 3.3038e-03
Epoch: 1150/5000 - Time: 9.15s - Loss: 2.3894e-02 | a: 6.8981e-03, BC: 7.4607e-05, m: 1.2387e-03, u: 6.6998e-04, v: 5.6483e-04, pde_a: 3.3345e-03
Epoch: 1160/5000 - Time: 8.96s - Loss: 2.4370e-02 | a: 6.9821e-03, BC: 7.2787e-05, m: 1.2475e-03, u: 7.0264e-04, v: 5.7242e-04, pde_a: 3.3171e-03
Epoch: 1170/5000 - Time: 9.25s - Loss: 2.4452e-02 | a: 6.8907e-03, BC: 7.6159e-05, m: 1.2347e-03, u: 7.0535e-04, v: 5.8773e-04, pde_a: 3.3200e-03
Epoch: 1180/5000 - Time: 9.83s - Loss: 2.4639e-02 | a: 6.8227e-03, BC: 7.4584e-05, m: 1.2371e-03, u: 7.1262e-04, v: 6.0394e-04, pde_a: 3.3386e-03
Epoch: 1190/5000 - Time: 9.51s - Loss: 2.4645e-02 | a: 6.8563e-03, BC: 7.5934e-05, m: 1.2420e-03, u: 7.0829e-04, v: 6.0368e-04, pde_a: 3.3508e-03
Epoch: 1200/5000 - Time: 9.23s - Loss: 2.4686e-02 | a: 7.0033e-03, BC: 7.5589e-05, m: 1.2324e-03, u: 7.0692e-04, v: 5.9658e-04, pde_a: 3.3393e-03
Epoch: 1210/5000 - Time: 9.23s - Loss: 2.4787e-02 | a: 7.0764e-03, BC: 7.4428e-05, m: 1.2436e-03, u: 7.0859e-04, v: 5.9791e-04, pde_a: 3.3273e-03
Epoch: 1220/5000 - Time: 9.17s - Loss: 2.4893e-02 | a: 7.2208e-03, BC: 7.3584e-05, m: 1.2434e-03, u: 7.0159e-04, v: 5.9922e-04, pde_a: 3.3474e-03
Epoch: 1230/5000 - Time: 8.98s - Loss: 2.4652e-02 | a: 6.8676e-03, BC: 7.7147e-05, m: 1.2397e-03, u: 7.0822e-04, v: 6.0289e-04, pde_a: 3.3561e-03
Epoch: 1240/5000 - Time: 9.22s - Loss: 2.4269e-02 | a: 6.8496e-03, BC: 7.3345e-05, m: 1.2430e-03, u: 6.9767e-04, v: 5.7785e-04, pde_a: 3.3475e-03
Epoch: 1250/5000 - Time: 9.38s - Loss: 2.4231e-02 | a: 6.8462e-03, BC: 7.4548e-05, m: 1.2397e-03, u: 6.9446e-04, v: 5.8157e-04, pde_a: 3.3098e-03
Epoch: 1260/5000 - Time: 9.30s - Loss: 2.3976e-02 | a: 6.8873e-03, BC: 7.6450e-05, m: 1.2349e-03, u: 6.6764e-04, v: 5.6863e-04, pde_a: 3.4148e-03
Epoch: 1270/5000 - Time: 9.07s - Loss: 2.4629e-02 | a: 6.8017e-03, BC: 7.4887e-05, m: 1.2454e-03, u: 7.2074e-04, v: 5.9825e-04, pde_a: 3.3173e-03
Epoch: 1280/5000 - Time: 9.10s - Loss: 2.3967e-02 | a: 6.9097e-03, BC: 7.4479e-05, m: 1.2414e-03, u: 6.7458e-04, v: 5.6618e-04, pde_a: 3.3339e-03
Epoch: 1290/5000 - Time: 9.21s - Loss: 2.4435e-02 | a: 6.9647e-03, BC: 7.5703e-05, m: 1.2351e-03, u: 6.9354e-04, v: 5.8909e-04, pde_a: 3.3333e-03
Epoch: 1300/5000 - Time: 9.03s - Loss: 2.4328e-02 | a: 6.8376e-03, BC: 7.4084e-05, m: 1.2383e-03, u: 6.9859e-04, v: 5.8663e-04, pde_a: 3.3253e-03
Epoch: 1310/5000 - Time: 9.13s - Loss: 2.4953e-02 | a: 7.0243e-03, BC: 7.4545e-05, m: 1.2397e-03, u: 7.1805e-04, v: 6.0992e-04, pde_a: 3.3346e-03
Epoch: 1320/5000 - Time: 9.20s - Loss: 2.4324e-02 | a: 6.8454e-03, BC: 7.8338e-05, m: 1.2434e-03, u: 7.0307e-04, v: 5.7657e-04, pde_a: 3.3610e-03
Epoch: 1330/5000 - Time: 9.23s - Loss: 2.4428e-02 | a: 6.8896e-03, BC: 7.4161e-05, m: 1.2419e-03, u: 7.0079e-04, v: 5.8872e-04, pde_a: 3.3270e-03
Epoch: 1340/5000 - Time: 9.00s - Loss: 2.4440e-02 | a: 6.9124e-03, BC: 7.5363e-05, m: 1.2343e-03, u: 6.8048e-04, v: 6.0374e-04, pde_a: 3.3760e-03
Epoch: 1350/5000 - Time: 9.55s - Loss: 2.4565e-02 | a: 6.8545e-03, BC: 7.4602e-05, m: 1.2407e-03, u: 7.0741e-04, v: 5.9736e-04, pde_a: 3.3479e-03
Epoch: 1360/5000 - Time: 9.04s - Loss: 2.4693e-02 | a: 6.9873e-03, BC: 7.9967e-05, m: 1.2328e-03, u: 7.1476e-04, v: 5.9454e-04, pde_a: 3.3001e-03
Epoch: 1370/5000 - Time: 9.02s - Loss: 2.4536e-02 | a: 6.8047e-03, BC: 7.3408e-05, m: 1.2453e-03, u: 7.1152e-04, v: 5.9594e-04, pde_a: 3.3381e-03
Epoch: 1380/5000 - Time: 9.29s - Loss: 2.4622e-02 | a: 6.8798e-03, BC: 7.3631e-05, m: 1.2415e-03, u: 7.0280e-04, v: 6.0444e-04, pde_a: 3.3544e-03
Epoch: 1390/5000 - Time: 8.99s - Loss: 2.4402e-02 | a: 6.8862e-03, BC: 7.2864e-05, m: 1.2379e-03, u: 6.9856e-04, v: 5.8980e-04, pde_a: 3.3215e-03
Epoch: 1400/5000 - Time: 9.01s - Loss: 2.5105e-02 | a: 6.8338e-03, BC: 7.3595e-05, m: 1.2444e-03, u: 7.4737e-04, v: 6.1315e-04, pde_a: 3.3481e-03
Epoch: 1410/5000 - Time: 9.00s - Loss: 2.5165e-02 | a: 7.0549e-03, BC: 7.5178e-05, m: 1.2457e-03, u: 7.4161e-04, v: 6.0703e-04, pde_a: 3.3028e-03
Epoch: 1420/5000 - Time: 9.00s - Loss: 2.4359e-02 | a: 6.9422e-03, BC: 7.6263e-05, m: 1.2309e-03, u: 6.8098e-04, v: 5.9651e-04, pde_a: 3.3347e-03
Epoch: 1430/5000 - Time: 9.13s - Loss: 2.4461e-02 | a: 6.7987e-03, BC: 7.5237e-05, m: 1.2412e-03, u: 6.9128e-04, v: 6.0826e-04, pde_a: 3.3508e-03
Epoch: 1440/5000 - Time: 9.19s - Loss: 2.4403e-02 | a: 6.8680e-03, BC: 7.6159e-05, m: 1.2383e-03, u: 7.0034e-04, v: 5.8843e-04, pde_a: 3.3325e-03
Epoch: 1450/5000 - Time: 9.24s - Loss: 2.4579e-02 | a: 6.8594e-03, BC: 7.3127e-05, m: 1.2470e-03, u: 7.1216e-04, v: 5.9495e-04, pde_a: 3.3287e-03
Epoch: 1460/5000 - Time: 9.25s - Loss: 2.4454e-02 | a: 6.9791e-03, BC: 7.4283e-05, m: 1.2470e-03, u: 6.9459e-04, v: 5.9231e-04, pde_a: 3.2846e-03
Epoch: 1470/5000 - Time: 9.24s - Loss: 2.4404e-02 | a: 6.8261e-03, BC: 7.5112e-05, m: 1.2376e-03, u: 7.1296e-04, v: 5.8047e-04, pde_a: 3.3304e-03
Epoch: 1480/5000 - Time: 9.07s - Loss: 2.4286e-02 | a: 6.8318e-03, BC: 7.5426e-05, m: 1.2403e-03, u: 6.8790e-04, v: 5.9409e-04, pde_a: 3.3186e-03
Epoch: 1490/5000 - Time: 9.68s - Loss: 2.4637e-02 | a: 6.8654e-03, BC: 7.6878e-05, m: 1.2367e-03, u: 7.1557e-04, v: 5.9796e-04, pde_a: 3.3224e-03
Epoch: 1500/5000 - Time: 8.99s - Loss: 2.4812e-02 | a: 6.8202e-03, BC: 7.5155e-05, m: 1.2358e-03, u: 7.3179e-04, v: 6.0201e-04, pde_a: 3.3428e-03
Epoch: 1510/5000 - Time: 9.00s - Loss: 2.4264e-02 | a: 6.8176e-03, BC: 7.5618e-05, m: 1.2382e-03, u: 7.0137e-04, v: 5.7879e-04, pde_a: 3.3306e-03
Epoch: 1520/5000 - Time: 9.05s - Loss: 2.4621e-02 | a: 6.8993e-03, BC: 7.4816e-05, m: 1.2398e-03, u: 7.1289e-04, v: 5.9677e-04, pde_a: 3.3105e-03
Epoch: 1530/5000 - Time: 9.52s - Loss: 2.4595e-02 | a: 6.9269e-03, BC: 7.4124e-05, m: 1.2402e-03, u: 7.1340e-04, v: 5.8835e-04, pde_a: 3.3362e-03
Epoch: 1540/5000 - Time: 9.02s - Loss: 2.4596e-02 | a: 6.8732e-03, BC: 7.2954e-05, m: 1.2450e-03, u: 6.9745e-04, v: 6.0809e-04, pde_a: 3.3498e-03
Epoch: 1550/5000 - Time: 9.02s - Loss: 2.5109e-02 | a: 6.8709e-03, BC: 7.5875e-05, m: 1.2358e-03, u: 7.4137e-04, v: 6.1364e-04, pde_a: 3.3765e-03
Epoch: 1560/5000 - Time: 9.04s - Loss: 2.4665e-02 | a: 6.8354e-03, BC: 7.2814e-05, m: 1.2369e-03, u: 7.1790e-04, v: 6.0533e-04, pde_a: 3.2880e-03
Epoch: 1570/5000 - Time: 9.00s - Loss: 2.4580e-02 | a: 6.7386e-03, BC: 7.4647e-05, m: 1.2328e-03, u: 7.1165e-04, v: 6.0977e-04, pde_a: 3.3198e-03
Epoch: 1580/5000 - Time: 9.14s - Loss: 2.4502e-02 | a: 6.8167e-03, BC: 7.2892e-05, m: 1.2476e-03, u: 6.9849e-04, v: 6.0669e-04, pde_a: 3.3134e-03
Epoch: 1590/5000 - Time: 9.39s - Loss: 2.4340e-02 | a: 6.7711e-03, BC: 7.3138e-05, m: 1.2394e-03, u: 6.9351e-04, v: 5.9548e-04, pde_a: 3.3665e-03
Epoch: 1600/5000 - Time: 8.99s - Loss: 2.4517e-02 | a: 6.8317e-03, BC: 7.4951e-05, m: 1.2461e-03, u: 7.0827e-04, v: 5.9629e-04, pde_a: 3.3184e-03
Epoch: 1610/5000 - Time: 9.45s - Loss: 2.4749e-02 | a: 6.9027e-03, BC: 7.6267e-05, m: 1.2330e-03, u: 7.1433e-04, v: 6.0623e-04, pde_a: 3.3310e-03
Epoch: 1620/5000 - Time: 9.09s - Loss: 2.4250e-02 | a: 6.8990e-03, BC: 7.3012e-05, m: 1.2379e-03, u: 6.8773e-04, v: 5.8393e-04, pde_a: 3.3230e-03
Epoch: 1630/5000 - Time: 9.00s - Loss: 2.4226e-02 | a: 6.8074e-03, BC: 7.4225e-05, m: 1.2425e-03, u: 6.9305e-04, v: 5.8364e-04, pde_a: 3.3346e-03
Epoch: 1640/5000 - Time: 9.00s - Loss: 2.4460e-02 | a: 6.7751e-03, BC: 7.4369e-05, m: 1.2367e-03, u: 7.0851e-04, v: 5.9606e-04, pde_a: 3.3286e-03
Epoch: 1650/5000 - Time: 9.10s - Loss: 2.4715e-02 | a: 6.8400e-03, BC: 7.5570e-05, m: 1.2403e-03, u: 7.0776e-04, v: 6.1203e-04, pde_a: 3.3613e-03
Epoch: 1660/5000 - Time: 9.18s - Loss: 2.4558e-02 | a: 6.7787e-03, BC: 7.5012e-05, m: 1.2362e-03, u: 6.9245e-04, v: 6.2172e-04, pde_a: 3.3265e-03
Epoch: 1670/5000 - Time: 9.24s - Loss: 2.4643e-02 | a: 6.9122e-03, BC: 7.5546e-05, m: 1.2385e-03, u: 7.1142e-04, v: 5.9811e-04, pde_a: 3.3211e-03
Epoch: 1680/5000 - Time: 9.16s - Loss: 2.4641e-02 | a: 6.9564e-03, BC: 7.3606e-05, m: 1.2364e-03, u: 7.0122e-04, v: 6.0835e-04, pde_a: 3.2785e-03
Epoch: 1690/5000 - Time: 9.00s - Loss: 2.4450e-02 | a: 6.8821e-03, BC: 7.3527e-05, m: 1.2412e-03, u: 6.9843e-04, v: 5.9056e-04, pde_a: 3.3628e-03
Epoch: 1700/5000 - Time: 9.02s - Loss: 2.4553e-02 | a: 6.9789e-03, BC: 7.5570e-05, m: 1.2344e-03, u: 7.0533e-04, v: 5.8700e-04, pde_a: 3.3411e-03
Epoch: 1710/5000 - Time: 9.09s - Loss: 2.4632e-02 | a: 6.8966e-03, BC: 7.1630e-05, m: 1.2404e-03, u: 6.9804e-04, v: 6.1087e-04, pde_a: 3.3340e-03
Epoch: 1720/5000 - Time: 9.75s - Loss: 2.4400e-02 | a: 6.8376e-03, BC: 7.1478e-05, m: 1.2454e-03, u: 6.9616e-04, v: 5.9343e-04, pde_a: 3.3500e-03
Epoch: 1730/5000 - Time: 9.24s - Loss: 2.4123e-02 | a: 6.7798e-03, BC: 7.3314e-05, m: 1.2377e-03, u: 6.8170e-04, v: 5.8868e-04, pde_a: 3.3284e-03
Epoch: 1740/5000 - Time: 9.18s - Loss: 2.4722e-02 | a: 6.7942e-03, BC: 7.4912e-05, m: 1.2351e-03, u: 7.3128e-04, v: 5.9386e-04, pde_a: 3.3666e-03
Epoch: 1750/5000 - Time: 9.43s - Loss: 2.4688e-02 | a: 6.7965e-03, BC: 7.6274e-05, m: 1.2268e-03, u: 7.1845e-04, v: 6.0999e-04, pde_a: 3.3038e-03
Epoch: 1760/5000 - Time: 9.41s - Loss: 2.4653e-02 | a: 6.8754e-03, BC: 7.5571e-05, m: 1.2333e-03, u: 7.1069e-04, v: 6.0085e-04, pde_a: 3.3533e-03
Epoch: 1770/5000 - Time: 9.17s - Loss: 2.4681e-02 | a: 6.9464e-03, BC: 7.7903e-05, m: 1.2287e-03, u: 7.0555e-04, v: 6.0573e-04, pde_a: 3.3152e-03
Epoch: 1780/5000 - Time: 8.96s - Loss: 2.4071e-02 | a: 6.8104e-03, BC: 7.4868e-05, m: 1.2403e-03, u: 6.8861e-04, v: 5.7254e-04, pde_a: 3.3334e-03
Epoch: 1790/5000 - Time: 9.00s - Loss: 2.4862e-02 | a: 6.8378e-03, BC: 7.2905e-05, m: 1.2444e-03, u: 7.2140e-04, v: 6.0951e-04, pde_a: 3.3980e-03
Epoch: 1800/5000 - Time: 9.43s - Loss: 2.4671e-02 | a: 6.8313e-03, BC: 7.6145e-05, m: 1.2400e-03, u: 7.0557e-04, v: 6.0991e-04, pde_a: 3.3683e-03
Epoch: 1810/5000 - Time: 9.28s - Loss: 2.4297e-02 | a: 6.7797e-03, BC: 7.3868e-05, m: 1.2421e-03, u: 6.9357e-04, v: 5.9284e-04, pde_a: 3.3371e-03
Epoch: 1820/5000 - Time: 9.00s - Loss: 2.4376e-02 | a: 6.8737e-03, BC: 7.4515e-05, m: 1.2406e-03, u: 6.8593e-04, v: 5.9868e-04, pde_a: 3.3410e-03
Epoch: 1830/5000 - Time: 9.04s - Loss: 2.4135e-02 | a: 6.7752e-03, BC: 7.4088e-05, m: 1.2374e-03, u: 6.8037e-04, v: 5.8965e-04, pde_a: 3.3478e-03
Epoch: 1840/5000 - Time: 9.09s - Loss: 2.4357e-02 | a: 6.9515e-03, BC: 7.4545e-05, m: 1.2306e-03, u: 6.8906e-04, v: 5.8898e-04, pde_a: 3.3202e-03
Epoch: 1850/5000 - Time: 9.11s - Loss: 2.4254e-02 | a: 6.7698e-03, BC: 7.2899e-05, m: 1.2446e-03, u: 7.0060e-04, v: 5.8379e-04, pde_a: 3.3229e-03
Epoch: 1860/5000 - Time: 8.99s - Loss: 2.4567e-02 | a: 6.7724e-03, BC: 7.6821e-05, m: 1.2317e-03, u: 7.1495e-04, v: 5.9905e-04, pde_a: 3.3458e-03
Epoch: 1870/5000 - Time: 8.98s - Loss: 2.4236e-02 | a: 6.7784e-03, BC: 7.4608e-05, m: 1.2337e-03, u: 6.9409e-04, v: 5.8918e-04, pde_a: 3.3171e-03
Epoch: 1880/5000 - Time: 8.99s - Loss: 2.4492e-02 | a: 6.8587e-03, BC: 7.4638e-05, m: 1.2353e-03, u: 7.1254e-04, v: 5.8766e-04, pde_a: 3.3213e-03
Epoch: 1890/5000 - Time: 9.04s - Loss: 2.4641e-02 | a: 6.7354e-03, BC: 7.7325e-05, m: 1.2290e-03, u: 7.1787e-04, v: 6.1110e-04, pde_a: 3.3097e-03
Epoch: 1900/5000 - Time: 9.32s - Loss: 2.4770e-02 | a: 6.8278e-03, BC: 7.7355e-05, m: 1.2356e-03, u: 7.2268e-04, v: 6.0516e-04, pde_a: 3.3505e-03
Epoch: 1910/5000 - Time: 8.97s - Loss: 2.4969e-02 | a: 6.7776e-03, BC: 7.2825e-05, m: 1.2369e-03, u: 7.1940e-04, v: 6.3686e-04, pde_a: 3.3194e-03
Epoch: 1920/5000 - Time: 9.01s - Loss: 2.5129e-02 | a: 6.8299e-03, BC: 7.3326e-05, m: 1.2370e-03, u: 7.2833e-04, v: 6.4089e-04, pde_a: 3.2970e-03
Epoch: 1930/5000 - Time: 9.12s - Loss: 2.4177e-02 | a: 6.7306e-03, BC: 7.5125e-05, m: 1.2339e-03, u: 6.9187e-04, v: 5.8858e-04, pde_a: 3.3330e-03
Epoch: 1940/5000 - Time: 9.14s - Loss: 2.4484e-02 | a: 6.7631e-03, BC: 7.6522e-05, m: 1.2419e-03, u: 7.0534e-04, v: 5.9918e-04, pde_a: 3.3569e-03
Epoch: 1950/5000 - Time: 8.97s - Loss: 2.4434e-02 | a: 6.7246e-03, BC: 7.3630e-05, m: 1.2388e-03, u: 7.0424e-04, v: 6.0150e-04, pde_a: 3.3399e-03
Epoch: 1960/5000 - Time: 9.03s - Loss: 2.3947e-02 | a: 6.6478e-03, BC: 7.2581e-05, m: 1.2330e-03, u: 6.7458e-04, v: 5.9435e-04, pde_a: 3.3048e-03
Epoch: 1970/5000 - Time: 9.16s - Loss: 2.4310e-02 | a: 6.8402e-03, BC: 7.4146e-05, m: 1.2339e-03, u: 6.9881e-04, v: 5.8644e-04, pde_a: 3.3093e-03
Epoch: 1980/5000 - Time: 9.14s - Loss: 2.4650e-02 | a: 6.8303e-03, BC: 7.2205e-05, m: 1.2375e-03, u: 7.2118e-04, v: 5.9570e-04, pde_a: 3.3410e-03
Epoch: 1990/5000 - Time: 9.00s - Loss: 2.3939e-02 | a: 6.7058e-03, BC: 7.2528e-05, m: 1.2292e-03, u: 6.7999e-04, v: 5.8246e-04, pde_a: 3.3066e-03
Epoch: 2000/5000 - Time: 8.98s - Loss: 2.4661e-02 | a: 6.7538e-03, BC: 7.5856e-05, m: 1.2324e-03, u: 7.1465e-04, v: 6.0791e-04, pde_a: 3.3737e-03
Epoch: 2010/5000 - Time: 9.26s - Loss: 2.4503e-02 | a: 6.7853e-03, BC: 7.3934e-05, m: 1.2364e-03, u: 7.1232e-04, v: 5.9694e-04, pde_a: 3.3144e-03
Epoch: 2020/5000 - Time: 9.28s - Loss: 2.4568e-02 | a: 6.8884e-03, BC: 7.4034e-05, m: 1.2387e-03, u: 7.0654e-04, v: 5.9795e-04, pde_a: 3.3219e-03
Epoch: 2030/5000 - Time: 9.66s - Loss: 2.4512e-02 | a: 6.8137e-03, BC: 7.4339e-05, m: 1.2250e-03, u: 7.0626e-04, v: 6.0191e-04, pde_a: 3.3169e-03
Epoch: 2040/5000 - Time: 9.01s - Loss: 2.4254e-02 | a: 6.7593e-03, BC: 7.4322e-05, m: 1.2257e-03, u: 7.0420e-04, v: 5.8042e-04, pde_a: 3.3486e-03
Epoch: 2050/5000 - Time: 9.10s - Loss: 2.4752e-02 | a: 6.7911e-03, BC: 7.1341e-05, m: 1.2442e-03, u: 7.2738e-04, v: 6.0482e-04, pde_a: 3.3237e-03
Epoch: 2060/5000 - Time: 9.04s - Loss: 2.4253e-02 | a: 6.7464e-03, BC: 7.4893e-05, m: 1.2344e-03, u: 6.9308e-04, v: 5.9673e-04, pde_a: 3.2993e-03
Epoch: 2070/5000 - Time: 9.15s - Loss: 2.4396e-02 | a: 6.7333e-03, BC: 7.3738e-05, m: 1.2360e-03, u: 7.0660e-04, v: 5.9900e-04, pde_a: 3.2969e-03
Epoch: 2080/5000 - Time: 8.97s - Loss: 2.5492e-02 | a: 6.9035e-03, BC: 7.6261e-05, m: 1.2359e-03, u: 7.6118e-04, v: 6.3237e-04, pde_a: 3.3409e-03
Epoch: 2090/5000 - Time: 9.46s - Loss: 2.3967e-02 | a: 6.7682e-03, BC: 7.4753e-05, m: 1.2332e-03, u: 6.7659e-04, v: 5.7931e-04, pde_a: 3.3320e-03
Epoch: 2100/5000 - Time: 9.30s - Loss: 2.3753e-02 | a: 6.7351e-03, BC: 7.4287e-05, m: 1.2347e-03, u: 6.7715e-04, v: 5.6231e-04, pde_a: 3.3139e-03
Epoch: 2110/5000 - Time: 9.17s - Loss: 2.4627e-02 | a: 6.7261e-03, BC: 7.3669e-05, m: 1.2399e-03, u: 7.0289e-04, v: 6.2046e-04, pde_a: 3.3534e-03
Epoch: 2120/5000 - Time: 9.28s - Loss: 2.4820e-02 | a: 6.8571e-03, BC: 7.5670e-05, m: 1.2477e-03, u: 7.2052e-04, v: 6.1167e-04, pde_a: 3.3178e-03
Epoch: 2130/5000 - Time: 9.59s - Loss: 2.4646e-02 | a: 6.6950e-03, BC: 7.3197e-05, m: 1.2357e-03, u: 7.2778e-04, v: 6.0310e-04, pde_a: 3.3337e-03
Epoch: 2140/5000 - Time: 9.76s - Loss: 2.4262e-02 | a: 6.7285e-03, BC: 7.4722e-05, m: 1.2374e-03, u: 7.0343e-04, v: 5.8899e-04, pde_a: 3.2972e-03
Epoch: 2150/5000 - Time: 9.40s - Loss: 2.4686e-02 | a: 6.7139e-03, BC: 7.4594e-05, m: 1.2377e-03, u: 7.4140e-04, v: 5.9030e-04, pde_a: 3.3432e-03
Epoch: 2160/5000 - Time: 9.01s - Loss: 2.4255e-02 | a: 6.7500e-03, BC: 7.4995e-05, m: 1.2290e-03, u: 6.8857e-04, v: 5.9682e-04, pde_a: 3.3468e-03
Epoch: 2170/5000 - Time: 9.05s - Loss: 2.4308e-02 | a: 6.6737e-03, BC: 7.1798e-05, m: 1.2422e-03, u: 6.9655e-04, v: 6.0375e-04, pde_a: 3.3173e-03
Epoch: 2180/5000 - Time: 9.01s - Loss: 2.4382e-02 | a: 6.7437e-03, BC: 7.2381e-05, m: 1.2374e-03, u: 7.1015e-04, v: 5.9155e-04, pde_a: 3.3112e-03
Epoch: 2190/5000 - Time: 8.97s - Loss: 2.5104e-02 | a: 6.7884e-03, BC: 7.4584e-05, m: 1.2381e-03, u: 7.4849e-04, v: 6.1897e-04, pde_a: 3.3286e-03
Epoch: 2200/5000 - Time: 9.01s - Loss: 2.4475e-02 | a: 6.7381e-03, BC: 7.5413e-05, m: 1.2323e-03, u: 6.9700e-04, v: 6.1326e-04, pde_a: 3.3266e-03
Epoch: 2210/5000 - Time: 9.23s - Loss: 2.4571e-02 | a: 6.7699e-03, BC: 7.8377e-05, m: 1.2342e-03, u: 7.0117e-04, v: 6.1427e-04, pde_a: 3.3343e-03
Epoch: 2220/5000 - Time: 9.02s - Loss: 2.4176e-02 | a: 6.7130e-03, BC: 7.4550e-05, m: 1.2352e-03, u: 6.9347e-04, v: 5.9107e-04, pde_a: 3.3075e-03
Epoch: 2230/5000 - Time: 9.11s - Loss: 2.4407e-02 | a: 6.7210e-03, BC: 7.2687e-05, m: 1.2351e-03, u: 7.0655e-04, v: 5.9764e-04, pde_a: 3.3362e-03
Epoch: 2240/5000 - Time: 9.38s - Loss: 2.4339e-02 | a: 6.6709e-03, BC: 7.3260e-05, m: 1.2333e-03, u: 7.0214e-04, v: 6.0193e-04, pde_a: 3.3206e-03
Epoch: 2250/5000 - Time: 9.02s - Loss: 2.4584e-02 | a: 6.8305e-03, BC: 7.7793e-05, m: 1.2320e-03, u: 7.0637e-04, v: 6.0814e-04, pde_a: 3.2986e-03
Epoch: 2260/5000 - Time: 9.08s - Loss: 2.4636e-02 | a: 6.8348e-03, BC: 7.8101e-05, m: 1.2189e-03, u: 6.9923e-04, v: 6.2059e-04, pde_a: 3.3059e-03
Epoch: 2270/5000 - Time: 9.12s - Loss: 2.4900e-02 | a: 6.8763e-03, BC: 7.8273e-05, m: 1.2289e-03, u: 7.1173e-04, v: 6.2588e-04, pde_a: 3.3406e-03
Epoch: 2280/5000 - Time: 9.15s - Loss: 2.4210e-02 | a: 6.6950e-03, BC: 7.4024e-05, m: 1.2378e-03, u: 7.0094e-04, v: 5.8729e-04, pde_a: 3.3209e-03
Epoch: 2290/5000 - Time: 9.14s - Loss: 2.4784e-02 | a: 6.6829e-03, BC: 7.3046e-05, m: 1.2369e-03, u: 7.1673e-04, v: 6.3031e-04, pde_a: 3.3212e-03
Epoch: 2300/5000 - Time: 9.25s - Loss: 2.4627e-02 | a: 6.9190e-03, BC: 7.9520e-05, m: 1.2252e-03, u: 6.9569e-04, v: 6.1220e-04, pde_a: 3.3242e-03
Epoch: 2310/5000 - Time: 9.13s - Loss: 2.4376e-02 | a: 6.6658e-03, BC: 7.5201e-05, m: 1.2286e-03, u: 7.0826e-04, v: 5.9986e-04, pde_a: 3.3252e-03
Epoch: 2320/5000 - Time: 9.02s - Loss: 2.4632e-02 | a: 6.8170e-03, BC: 7.5409e-05, m: 1.2375e-03, u: 7.1634e-04, v: 6.0226e-04, pde_a: 3.3158e-03
Epoch: 2330/5000 - Time: 9.17s - Loss: 2.4043e-02 | a: 6.6861e-03, BC: 7.6405e-05, m: 1.2266e-03, u: 6.8949e-04, v: 5.8403e-04, pde_a: 3.3189e-03
Epoch: 2340/5000 - Time: 9.06s - Loss: 2.4466e-02 | a: 6.7254e-03, BC: 7.5169e-05, m: 1.2333e-03, u: 7.0548e-04, v: 6.0366e-04, pde_a: 3.3408e-03
Epoch: 2350/5000 - Time: 9.29s - Loss: 2.4170e-02 | a: 6.6525e-03, BC: 7.5402e-05, m: 1.2317e-03, u: 7.0404e-04, v: 5.8434e-04, pde_a: 3.3269e-03
Epoch: 2360/5000 - Time: 8.96s - Loss: 2.4480e-02 | a: 6.5942e-03, BC: 7.3819e-05, m: 1.2350e-03, u: 7.2203e-04, v: 6.0464e-04, pde_a: 3.3107e-03
Epoch: 2370/5000 - Time: 9.09s - Loss: 2.4279e-02 | a: 6.7182e-03, BC: 7.3396e-05, m: 1.2300e-03, u: 6.9654e-04, v: 5.9904e-04, pde_a: 3.3016e-03
Epoch: 2380/5000 - Time: 9.27s - Loss: 2.4358e-02 | a: 6.6767e-03, BC: 7.2504e-05, m: 1.2334e-03, u: 7.1398e-04, v: 5.9240e-04, pde_a: 3.3118e-03
Epoch: 2390/5000 - Time: 9.09s - Loss: 2.4286e-02 | a: 6.7648e-03, BC: 7.4567e-05, m: 1.2357e-03, u: 6.9544e-04, v: 5.9146e-04, pde_a: 3.3424e-03
Epoch: 2400/5000 - Time: 9.01s - Loss: 2.4099e-02 | a: 6.7142e-03, BC: 7.3163e-05, m: 1.2315e-03, u: 6.8223e-04, v: 5.9363e-04, pde_a: 3.3217e-03
Epoch: 2410/5000 - Time: 9.23s - Loss: 2.5291e-02 | a: 6.9466e-03, BC: 7.6229e-05, m: 1.2410e-03, u: 7.5400e-04, v: 6.2055e-04, pde_a: 3.2812e-03
Epoch: 2420/5000 - Time: 9.15s - Loss: 2.4160e-02 | a: 6.6926e-03, BC: 7.6143e-05, m: 1.2316e-03, u: 6.9360e-04, v: 5.9022e-04, pde_a: 3.3210e-03
Epoch: 2430/5000 - Time: 9.08s - Loss: 2.4243e-02 | a: 6.6171e-03, BC: 7.6113e-05, m: 1.2250e-03, u: 6.9508e-04, v: 6.0515e-04, pde_a: 3.3227e-03
Epoch: 2440/5000 - Time: 9.00s - Loss: 2.4458e-02 | a: 6.6594e-03, BC: 7.3953e-05, m: 1.2343e-03, u: 7.1302e-04, v: 6.0633e-04, pde_a: 3.2969e-03
Epoch: 2450/5000 - Time: 9.72s - Loss: 2.4171e-02 | a: 6.6768e-03, BC: 7.5659e-05, m: 1.2313e-03, u: 6.9967e-04, v: 5.8827e-04, pde_a: 3.3080e-03
Epoch: 2460/5000 - Time: 9.09s - Loss: 2.4265e-02 | a: 6.6514e-03, BC: 7.5308e-05, m: 1.2230e-03, u: 6.9827e-04, v: 5.9711e-04, pde_a: 3.3619e-03
Epoch: 2470/5000 - Time: 8.96s - Loss: 2.4413e-02 | a: 6.7616e-03, BC: 7.6476e-05, m: 1.2305e-03, u: 7.1201e-04, v: 5.8426e-04, pde_a: 3.3817e-03
Epoch: 2480/5000 - Time: 9.02s - Loss: 2.4510e-02 | a: 6.6985e-03, BC: 7.5265e-05, m: 1.2290e-03, u: 7.0039e-04, v: 6.1908e-04, pde_a: 3.3121e-03
Epoch: 2490/5000 - Time: 9.32s - Loss: 2.4359e-02 | a: 6.7255e-03, BC: 7.3232e-05, m: 1.2293e-03, u: 7.0617e-04, v: 5.9743e-04, pde_a: 3.2949e-03
Epoch: 2500/5000 - Time: 9.34s - Loss: 2.4539e-02 | a: 6.6847e-03, BC: 7.5118e-05, m: 1.2343e-03, u: 7.0820e-04, v: 6.1805e-04, pde_a: 3.2827e-03
Epoch: 2510/5000 - Time: 9.00s - Loss: 2.4514e-02 | a: 6.7550e-03, BC: 7.1874e-05, m: 1.2364e-03, u: 7.1428e-04, v: 6.0178e-04, pde_a: 3.2900e-03
Epoch: 2520/5000 - Time: 9.10s - Loss: 2.4732e-02 | a: 6.6827e-03, BC: 7.5013e-05, m: 1.2237e-03, u: 7.2616e-04, v: 6.2009e-04, pde_a: 3.2878e-03
Epoch: 2530/5000 - Time: 9.23s - Loss: 2.4375e-02 | a: 6.6875e-03, BC: 7.4141e-05, m: 1.2312e-03, u: 7.1053e-04, v: 6.0003e-04, pde_a: 3.2768e-03
Epoch: 2540/5000 - Time: 9.13s - Loss: 2.4522e-02 | a: 6.7455e-03, BC: 7.2546e-05, m: 1.2347e-03, u: 7.0070e-04, v: 6.1560e-04, pde_a: 3.3062e-03
Epoch: 2550/5000 - Time: 9.14s - Loss: 2.4568e-02 | a: 6.6637e-03, BC: 7.3038e-05, m: 1.2323e-03, u: 7.1902e-04, v: 6.0696e-04, pde_a: 3.3396e-03
Epoch: 2560/5000 - Time: 9.06s - Loss: 2.4550e-02 | a: 6.6221e-03, BC: 7.4317e-05, m: 1.2310e-03, u: 7.2842e-04, v: 6.0185e-04, pde_a: 3.3196e-03
Epoch: 2570/5000 - Time: 9.03s - Loss: 2.4404e-02 | a: 6.7762e-03, BC: 7.3591e-05, m: 1.2319e-03, u: 6.9687e-04, v: 6.0317e-04, pde_a: 3.3220e-03
Epoch: 2580/5000 - Time: 9.14s - Loss: 2.4680e-02 | a: 6.8175e-03, BC: 7.1805e-05, m: 1.2289e-03, u: 7.1236e-04, v: 6.1084e-04, pde_a: 3.3294e-03
Epoch: 2590/5000 - Time: 9.16s - Loss: 2.4696e-02 | a: 6.8011e-03, BC: 7.3706e-05, m: 1.2192e-03, u: 7.2571e-04, v: 6.0268e-04, pde_a: 3.3178e-03
Epoch: 2600/5000 - Time: 9.11s - Loss: 2.4001e-02 | a: 6.7111e-03, BC: 7.3009e-05, m: 1.2344e-03, u: 6.8123e-04, v: 5.8622e-04, pde_a: 3.3076e-03
Epoch: 2610/5000 - Time: 9.09s - Loss: 2.4451e-02 | a: 6.5766e-03, BC: 7.4163e-05, m: 1.2279e-03, u: 7.1509e-04, v: 6.1048e-04, pde_a: 3.3171e-03
Epoch: 2620/5000 - Time: 9.37s - Loss: 2.4672e-02 | a: 6.8028e-03, BC: 7.5204e-05, m: 1.2241e-03, u: 7.1336e-04, v: 6.1172e-04, pde_a: 3.3192e-03
Epoch: 2630/5000 - Time: 9.75s - Loss: 2.4284e-02 | a: 6.6319e-03, BC: 7.5678e-05, m: 1.2346e-03, u: 7.0454e-04, v: 5.9571e-04, pde_a: 3.3389e-03
Epoch: 2640/5000 - Time: 9.08s - Loss: 2.3890e-02 | a: 6.6463e-03, BC: 7.3614e-05, m: 1.2255e-03, u: 6.7410e-04, v: 5.8720e-04, pde_a: 3.3312e-03
Epoch: 2650/5000 - Time: 9.07s - Loss: 2.4588e-02 | a: 6.7331e-03, BC: 7.4719e-05, m: 1.2329e-03, u: 7.0440e-04, v: 6.1984e-04, pde_a: 3.3054e-03
Epoch: 2660/5000 - Time: 9.09s - Loss: 2.4509e-02 | a: 6.7185e-03, BC: 7.9219e-05, m: 1.2215e-03, u: 7.1387e-04, v: 6.0595e-04, pde_a: 3.2914e-03
Epoch: 2670/5000 - Time: 9.78s - Loss: 2.4633e-02 | a: 6.7610e-03, BC: 7.3947e-05, m: 1.2342e-03, u: 7.2126e-04, v: 6.0352e-04, pde_a: 3.3163e-03
Epoch: 2680/5000 - Time: 9.33s - Loss: 2.5009e-02 | a: 6.6717e-03, BC: 7.5086e-05, m: 1.2208e-03, u: 7.4282e-04, v: 6.2823e-04, pde_a: 3.3312e-03
Epoch: 2690/5000 - Time: 9.18s - Loss: 2.4452e-02 | a: 6.6923e-03, BC: 7.2989e-05, m: 1.2386e-03, u: 7.0788e-04, v: 6.0697e-04, pde_a: 3.2998e-03
Epoch: 2700/5000 - Time: 9.13s - Loss: 2.4552e-02 | a: 6.6303e-03, BC: 7.6676e-05, m: 1.2248e-03, u: 6.8665e-04, v: 6.4080e-04, pde_a: 3.3461e-03
Epoch: 2710/5000 - Time: 9.23s - Loss: 2.4479e-02 | a: 6.6202e-03, BC: 7.3430e-05, m: 1.2333e-03, u: 7.0772e-04, v: 6.1639e-04, pde_a: 3.3115e-03
Epoch: 2720/5000 - Time: 9.27s - Loss: 2.4453e-02 | a: 6.6822e-03, BC: 7.2005e-05, m: 1.2298e-03, u: 7.0636e-04, v: 6.1090e-04, pde_a: 3.2964e-03
Epoch: 2730/5000 - Time: 9.17s - Loss: 2.4025e-02 | a: 6.6193e-03, BC: 7.4677e-05, m: 1.2205e-03, u: 6.9643e-04, v: 5.8387e-04, pde_a: 3.3075e-03
Epoch: 2740/5000 - Time: 9.05s - Loss: 2.4343e-02 | a: 6.7373e-03, BC: 7.4329e-05, m: 1.2230e-03, u: 6.9509e-04, v: 6.0671e-04, pde_a: 3.2904e-03
Epoch: 2750/5000 - Time: 9.07s - Loss: 2.5565e-02 | a: 6.7200e-03, BC: 7.3112e-05, m: 1.2258e-03, u: 7.8327e-04, v: 6.4172e-04, pde_a: 3.2959e-03
Epoch: 2760/5000 - Time: 9.09s - Loss: 2.4364e-02 | a: 6.6709e-03, BC: 7.5055e-05, m: 1.2284e-03, u: 7.1331e-04, v: 5.9364e-04, pde_a: 3.3202e-03
Epoch: 2770/5000 - Time: 9.22s - Loss: 2.5027e-02 | a: 6.6945e-03, BC: 7.5672e-05, m: 1.2293e-03, u: 7.7171e-04, v: 5.9861e-04, pde_a: 3.3243e-03
Epoch: 2780/5000 - Time: 9.90s - Loss: 2.4241e-02 | a: 6.7719e-03, BC: 7.3626e-05, m: 1.2310e-03, u: 6.9194e-04, v: 5.9133e-04, pde_a: 3.3322e-03
Epoch: 2790/5000 - Time: 9.89s - Loss: 2.5150e-02 | a: 6.5851e-03, BC: 7.5817e-05, m: 1.2354e-03, u: 7.5509e-04, v: 6.3675e-04, pde_a: 3.3358e-03
Epoch: 2800/5000 - Time: 9.89s - Loss: 2.4254e-02 | a: 6.5944e-03, BC: 7.2082e-05, m: 1.2196e-03, u: 7.0021e-04, v: 6.0714e-04, pde_a: 3.2942e-03
Epoch: 2810/5000 - Time: 9.90s - Loss: 2.3891e-02 | a: 6.7033e-03, BC: 7.4422e-05, m: 1.2208e-03, u: 6.8195e-04, v: 5.7854e-04, pde_a: 3.2878e-03
Epoch: 2820/5000 - Time: 9.55s - Loss: 2.4219e-02 | a: 6.6478e-03, BC: 7.5317e-05, m: 1.2303e-03, u: 7.0398e-04, v: 5.8899e-04, pde_a: 3.3358e-03
Epoch: 2830/5000 - Time: 9.50s - Loss: 2.4122e-02 | a: 6.6494e-03, BC: 7.5909e-05, m: 1.2218e-03, u: 6.9204e-04, v: 5.9644e-04, pde_a: 3.2907e-03
Epoch: 2840/5000 - Time: 9.35s - Loss: 2.4590e-02 | a: 6.6900e-03, BC: 7.3360e-05, m: 1.2274e-03, u: 7.0266e-04, v: 6.2296e-04, pde_a: 3.3434e-03
Epoch: 2850/5000 - Time: 9.25s - Loss: 2.4296e-02 | a: 6.5795e-03, BC: 7.4227e-05, m: 1.2223e-03, u: 7.0771e-04, v: 6.0104e-04, pde_a: 3.3327e-03
Epoch: 2860/5000 - Time: 8.99s - Loss: 2.4607e-02 | a: 6.6785e-03, BC: 7.2847e-05, m: 1.2291e-03, u: 7.3149e-04, v: 6.0188e-04, pde_a: 3.2933e-03
Epoch: 2870/5000 - Time: 9.05s - Loss: 2.4447e-02 | a: 6.6200e-03, BC: 7.4290e-05, m: 1.2244e-03, u: 7.1084e-04, v: 6.1121e-04, pde_a: 3.3080e-03
Epoch: 2880/5000 - Time: 9.05s - Loss: 2.3997e-02 | a: 6.5758e-03, BC: 7.2584e-05, m: 1.2292e-03, u: 6.9764e-04, v: 5.8611e-04, pde_a: 3.2822e-03
Epoch: 2890/5000 - Time: 9.09s - Loss: 2.4202e-02 | a: 6.5748e-03, BC: 7.5045e-05, m: 1.2275e-03, u: 7.1020e-04, v: 5.9074e-04, pde_a: 3.3149e-03
Epoch: 2900/5000 - Time: 8.99s - Loss: 2.4566e-02 | a: 6.5658e-03, BC: 7.3986e-05, m: 1.2217e-03, u: 7.1957e-04, v: 6.0807e-04, pde_a: 3.4279e-03
Epoch: 2910/5000 - Time: 9.04s - Loss: 2.4385e-02 | a: 6.6967e-03, BC: 7.5077e-05, m: 1.2194e-03, u: 7.0903e-04, v: 6.0044e-04, pde_a: 3.2989e-03
Epoch: 2920/5000 - Time: 9.03s - Loss: 2.4673e-02 | a: 6.7601e-03, BC: 7.2848e-05, m: 1.2309e-03, u: 7.0860e-04, v: 6.2124e-04, pde_a: 3.3109e-03
Epoch: 2930/5000 - Time: 9.04s - Loss: 2.4735e-02 | a: 6.7065e-03, BC: 7.3910e-05, m: 1.2235e-03, u: 7.2706e-04, v: 6.1590e-04, pde_a: 3.3013e-03
Epoch: 2940/5000 - Time: 9.13s - Loss: 2.4455e-02 | a: 6.7250e-03, BC: 7.1948e-05, m: 1.2353e-03, u: 7.2123e-04, v: 5.9153e-04, pde_a: 3.2949e-03
Epoch: 2950/5000 - Time: 9.15s - Loss: 2.4822e-02 | a: 6.5602e-03, BC: 7.3590e-05, m: 1.2302e-03, u: 7.3138e-04, v: 6.3013e-04, pde_a: 3.3425e-03
Epoch: 2960/5000 - Time: 9.07s - Loss: 2.4643e-02 | a: 6.7029e-03, BC: 7.4647e-05, m: 1.2196e-03, u: 7.1775e-04, v: 6.1413e-04, pde_a: 3.3268e-03
Epoch: 2970/5000 - Time: 9.03s - Loss: 2.4318e-02 | a: 6.5849e-03, BC: 7.4528e-05, m: 1.2203e-03, u: 7.0649e-04, v: 6.0704e-04, pde_a: 3.3034e-03
Epoch: 2980/5000 - Time: 8.99s - Loss: 2.4233e-02 | a: 6.7181e-03, BC: 7.7525e-05, m: 1.2128e-03, u: 6.8749e-04, v: 6.0373e-04, pde_a: 3.3119e-03
Epoch: 2990/5000 - Time: 9.09s - Loss: 2.4624e-02 | a: 6.6558e-03, BC: 7.3749e-05, m: 1.2226e-03, u: 7.2590e-04, v: 6.1053e-04, pde_a: 3.3078e-03
Epoch: 3000/5000 - Time: 9.10s - Loss: 2.4495e-02 | a: 6.7276e-03, BC: 6.9518e-05, m: 1.2316e-03, u: 7.1084e-04, v: 6.0529e-04, pde_a: 3.3047e-03
Epoch: 3010/5000 - Time: 9.26s - Loss: 2.4083e-02 | a: 6.6907e-03, BC: 7.5306e-05, m: 1.2194e-03, u: 6.8547e-04, v: 5.9216e-04, pde_a: 3.3215e-03
Epoch: 3020/5000 - Time: 9.18s - Loss: 2.4574e-02 | a: 6.7120e-03, BC: 7.1857e-05, m: 1.2324e-03, u: 7.0688e-04, v: 6.1542e-04, pde_a: 3.3348e-03
Epoch: 3030/5000 - Time: 9.25s - Loss: 2.4748e-02 | a: 6.6728e-03, BC: 7.2676e-05, m: 1.2227e-03, u: 7.3199e-04, v: 6.1497e-04, pde_a: 3.3108e-03
Epoch: 3040/5000 - Time: 9.02s - Loss: 2.4839e-02 | a: 6.7528e-03, BC: 7.2499e-05, m: 1.2282e-03, u: 7.2749e-04, v: 6.1867e-04, pde_a: 3.3235e-03
Epoch: 3050/5000 - Time: 9.02s - Loss: 2.4305e-02 | a: 6.5972e-03, BC: 7.4962e-05, m: 1.2248e-03, u: 7.0900e-04, v: 6.0162e-04, pde_a: 3.3016e-03
Epoch: 3060/5000 - Time: 9.06s - Loss: 2.4172e-02 | a: 6.6762e-03, BC: 7.4584e-05, m: 1.2247e-03, u: 6.9298e-04, v: 5.9877e-04, pde_a: 3.2794e-03
Epoch: 3070/5000 - Time: 9.02s - Loss: 2.3962e-02 | a: 6.6021e-03, BC: 7.2982e-05, m: 1.2186e-03, u: 6.8301e-04, v: 5.9133e-04, pde_a: 3.3248e-03
Epoch: 3080/5000 - Time: 9.08s - Loss: 2.4571e-02 | a: 6.6242e-03, BC: 7.7733e-05, m: 1.2147e-03, u: 7.1615e-04, v: 6.1662e-04, pde_a: 3.3264e-03
Epoch: 3090/5000 - Time: 9.12s - Loss: 2.4274e-02 | a: 6.5626e-03, BC: 7.3031e-05, m: 1.2168e-03, u: 7.0983e-04, v: 6.0186e-04, pde_a: 3.3042e-03
Epoch: 3100/5000 - Time: 9.03s - Loss: 2.4681e-02 | a: 6.6616e-03, BC: 7.4285e-05, m: 1.2242e-03, u: 7.2630e-04, v: 6.0941e-04, pde_a: 3.3640e-03
Epoch: 3110/5000 - Time: 9.38s - Loss: 2.4285e-02 | a: 6.6110e-03, BC: 7.1840e-05, m: 1.2202e-03, u: 6.9659e-04, v: 6.1004e-04, pde_a: 3.3155e-03
Epoch: 3120/5000 - Time: 9.91s - Loss: 2.4465e-02 | a: 6.6634e-03, BC: 7.6175e-05, m: 1.2205e-03, u: 7.1331e-04, v: 6.0844e-04, pde_a: 3.2872e-03
Epoch: 3130/5000 - Time: 9.18s - Loss: 2.4604e-02 | a: 6.6551e-03, BC: 7.4353e-05, m: 1.2224e-03, u: 7.1172e-04, v: 6.1646e-04, pde_a: 3.3707e-03
Epoch: 3140/5000 - Time: 9.08s - Loss: 2.4396e-02 | a: 6.5457e-03, BC: 7.4001e-05, m: 1.2249e-03, u: 7.1517e-04, v: 6.0308e-04, pde_a: 3.3688e-03
Epoch: 3150/5000 - Time: 9.28s - Loss: 2.4351e-02 | a: 6.6628e-03, BC: 7.4388e-05, m: 1.2135e-03, u: 6.9853e-04, v: 6.0926e-04, pde_a: 3.3226e-03
Epoch: 3160/5000 - Time: 9.04s - Loss: 2.4739e-02 | a: 6.6869e-03, BC: 7.4289e-05, m: 1.2225e-03, u: 7.2525e-04, v: 6.2098e-04, pde_a: 3.2932e-03
Epoch: 3170/5000 - Time: 9.01s - Loss: 2.4798e-02 | a: 6.6085e-03, BC: 7.5147e-05, m: 1.2214e-03, u: 7.3853e-04, v: 6.1390e-04, pde_a: 3.3691e-03
Epoch: 3180/5000 - Time: 9.16s - Loss: 2.4083e-02 | a: 6.6346e-03, BC: 7.3560e-05, m: 1.2225e-03, u: 6.8890e-04, v: 5.9524e-04, pde_a: 3.3113e-03
Epoch: 3190/5000 - Time: 9.16s - Loss: 2.4504e-02 | a: 6.7084e-03, BC: 7.4525e-05, m: 1.2189e-03, u: 7.0168e-04, v: 6.1131e-04, pde_a: 3.3720e-03
Epoch: 3200/5000 - Time: 9.43s - Loss: 2.4222e-02 | a: 6.6075e-03, BC: 7.3319e-05, m: 1.2236e-03, u: 7.0276e-04, v: 5.9710e-04, pde_a: 3.3193e-03
Epoch: 3210/5000 - Time: 9.13s - Loss: 2.4763e-02 | a: 6.6209e-03, BC: 7.2514e-05, m: 1.2240e-03, u: 7.4228e-04, v: 6.1001e-04, pde_a: 3.3227e-03
Epoch: 3220/5000 - Time: 9.46s - Loss: 2.4580e-02 | a: 6.6600e-03, BC: 7.3621e-05, m: 1.2327e-03, u: 7.2545e-04, v: 6.0229e-04, pde_a: 3.3360e-03
Epoch: 3230/5000 - Time: 9.55s - Loss: 2.4434e-02 | a: 6.6600e-03, BC: 7.1740e-05, m: 1.2276e-03, u: 7.1009e-04, v: 6.0865e-04, pde_a: 3.2871e-03
Epoch: 3240/5000 - Time: 9.05s - Loss: 2.4755e-02 | a: 6.6903e-03, BC: 7.3735e-05, m: 1.2243e-03, u: 7.3115e-04, v: 6.1266e-04, pde_a: 3.3287e-03
Epoch: 3250/5000 - Time: 9.20s - Loss: 2.4718e-02 | a: 6.6594e-03, BC: 7.1590e-05, m: 1.2243e-03, u: 7.2846e-04, v: 6.1609e-04, pde_a: 3.3169e-03
Epoch: 3260/5000 - Time: 9.24s - Loss: 2.3858e-02 | a: 6.6034e-03, BC: 7.4048e-05, m: 1.2232e-03, u: 6.8681e-04, v: 5.7581e-04, pde_a: 3.3311e-03
Epoch: 3270/5000 - Time: 9.06s - Loss: 2.4099e-02 | a: 6.5525e-03, BC: 7.2769e-05, m: 1.2221e-03, u: 6.9556e-04, v: 5.9858e-04, pde_a: 3.3103e-03
Epoch: 3280/5000 - Time: 9.06s - Loss: 2.4298e-02 | a: 6.5578e-03, BC: 7.3473e-05, m: 1.2210e-03, u: 7.0725e-04, v: 6.0728e-04, pde_a: 3.3005e-03
Epoch: 3290/5000 - Time: 9.00s - Loss: 2.4531e-02 | a: 6.6267e-03, BC: 7.2831e-05, m: 1.2278e-03, u: 7.0781e-04, v: 6.2213e-04, pde_a: 3.3041e-03
Epoch: 3300/5000 - Time: 8.97s - Loss: 2.4245e-02 | a: 6.7410e-03, BC: 7.4538e-05, m: 1.2194e-03, u: 6.9640e-04, v: 5.9408e-04, pde_a: 3.3052e-03
Epoch: 3310/5000 - Time: 9.14s - Loss: 2.4562e-02 | a: 6.5547e-03, BC: 7.3602e-05, m: 1.2225e-03, u: 7.1849e-04, v: 6.1740e-04, pde_a: 3.3523e-03
Epoch: 3320/5000 - Time: 9.52s - Loss: 2.4673e-02 | a: 6.6793e-03, BC: 7.4709e-05, m: 1.2158e-03, u: 7.2637e-04, v: 6.0962e-04, pde_a: 3.3434e-03
Epoch: 3330/5000 - Time: 9.13s - Loss: 2.4174e-02 | a: 6.6742e-03, BC: 7.1824e-05, m: 1.2173e-03, u: 7.0933e-04, v: 5.8314e-04, pde_a: 3.2854e-03
Epoch: 3340/5000 - Time: 9.02s - Loss: 2.4213e-02 | a: 6.5681e-03, BC: 7.1982e-05, m: 1.2132e-03, u: 7.0361e-04, v: 6.0193e-04, pde_a: 3.3039e-03
Epoch: 3350/5000 - Time: 8.97s - Loss: 2.4493e-02 | a: 6.6991e-03, BC: 7.2451e-05, m: 1.2263e-03, u: 7.2107e-04, v: 5.9510e-04, pde_a: 3.3329e-03
Epoch: 3360/5000 - Time: 9.67s - Loss: 2.4315e-02 | a: 6.6420e-03, BC: 7.1366e-05, m: 1.2225e-03, u: 7.0217e-04, v: 6.0490e-04, pde_a: 3.3080e-03
Epoch: 3370/5000 - Time: 9.71s - Loss: 2.4309e-02 | a: 6.5331e-03, BC: 7.2152e-05, m: 1.2208e-03, u: 7.1814e-04, v: 6.0003e-04, pde_a: 3.3008e-03
Epoch: 3380/5000 - Time: 9.13s - Loss: 2.4533e-02 | a: 6.6148e-03, BC: 7.4641e-05, m: 1.2232e-03, u: 7.2256e-04, v: 6.0654e-04, pde_a: 3.3297e-03
Epoch: 3390/5000 - Time: 9.20s - Loss: 2.4747e-02 | a: 6.5416e-03, BC: 7.5011e-05, m: 1.2159e-03, u: 7.4382e-04, v: 6.1640e-04, pde_a: 3.3123e-03
Epoch: 3400/5000 - Time: 9.09s - Loss: 2.4448e-02 | a: 6.6306e-03, BC: 7.1434e-05, m: 1.2245e-03, u: 7.1325e-04, v: 6.1133e-04, pde_a: 3.2761e-03
Epoch: 3410/5000 - Time: 9.16s - Loss: 2.4632e-02 | a: 6.7133e-03, BC: 7.0778e-05, m: 1.2180e-03, u: 7.3688e-04, v: 5.9674e-04, pde_a: 3.2939e-03
Epoch: 3420/5000 - Time: 9.40s - Loss: 2.4227e-02 | a: 6.6991e-03, BC: 7.2160e-05, m: 1.2273e-03, u: 6.9870e-04, v: 5.9578e-04, pde_a: 3.2839e-03
Epoch: 3430/5000 - Time: 9.10s - Loss: 2.4095e-02 | a: 6.6983e-03, BC: 7.1655e-05, m: 1.2157e-03, u: 6.9342e-04, v: 5.9077e-04, pde_a: 3.2670e-03
Epoch: 3440/5000 - Time: 9.07s - Loss: 2.4737e-02 | a: 6.6574e-03, BC: 7.3488e-05, m: 1.2129e-03, u: 7.3171e-04, v: 6.1660e-04, pde_a: 3.3104e-03
Epoch: 3450/5000 - Time: 9.79s - Loss: 2.4285e-02 | a: 6.6284e-03, BC: 7.2909e-05, m: 1.2192e-03, u: 7.0357e-04, v: 5.9868e-04, pde_a: 3.3419e-03
Epoch: 3460/5000 - Time: 9.56s - Loss: 2.4204e-02 | a: 6.6159e-03, BC: 7.1404e-05, m: 1.2245e-03, u: 7.0277e-04, v: 5.9718e-04, pde_a: 3.2922e-03
Epoch: 3470/5000 - Time: 9.68s - Loss: 2.4665e-02 | a: 6.5552e-03, BC: 7.1139e-05, m: 1.2197e-03, u: 7.3845e-04, v: 6.1426e-04, pde_a: 3.2915e-03
Epoch: 3480/5000 - Time: 9.83s - Loss: 2.4436e-02 | a: 6.7110e-03, BC: 6.8698e-05, m: 1.2241e-03, u: 7.0461e-04, v: 6.1019e-04, pde_a: 3.2843e-03
Epoch: 3490/5000 - Time: 9.70s - Loss: 2.4494e-02 | a: 6.7028e-03, BC: 7.3359e-05, m: 1.2129e-03, u: 7.0619e-04, v: 6.1424e-04, pde_a: 3.3002e-03
Epoch: 3500/5000 - Time: 9.54s - Loss: 2.4251e-02 | a: 6.6503e-03, BC: 7.7127e-05, m: 1.2211e-03, u: 7.0552e-04, v: 5.9621e-04, pde_a: 3.2853e-03
Epoch: 3510/5000 - Time: 9.61s - Loss: 2.4635e-02 | a: 6.6247e-03, BC: 7.1829e-05, m: 1.2265e-03, u: 7.2953e-04, v: 6.1323e-04, pde_a: 3.2841e-03
Epoch: 3520/5000 - Time: 9.69s - Loss: 2.4888e-02 | a: 6.5404e-03, BC: 7.2129e-05, m: 1.2226e-03, u: 7.4445e-04, v: 6.3072e-04, pde_a: 3.3011e-03
Epoch: 3530/5000 - Time: 9.68s - Loss: 2.4293e-02 | a: 6.6049e-03, BC: 7.6713e-05, m: 1.2180e-03, u: 7.0573e-04, v: 6.0475e-04, pde_a: 3.2885e-03
Epoch: 3540/5000 - Time: 9.14s - Loss: 2.4521e-02 | a: 6.6930e-03, BC: 7.5061e-05, m: 1.2096e-03, u: 7.1890e-04, v: 6.0686e-04, pde_a: 3.2854e-03
Epoch: 3550/5000 - Time: 9.10s - Loss: 2.4413e-02 | a: 6.5796e-03, BC: 7.2778e-05, m: 1.2162e-03, u: 7.2310e-04, v: 6.0432e-04, pde_a: 3.2704e-03
Epoch: 3560/5000 - Time: 9.52s - Loss: 2.3863e-02 | a: 6.6145e-03, BC: 7.6801e-05, m: 1.2171e-03, u: 6.8795e-04, v: 5.7872e-04, pde_a: 3.2881e-03
Epoch: 3570/5000 - Time: 9.35s - Loss: 2.4289e-02 | a: 6.5839e-03, BC: 7.4210e-05, m: 1.2169e-03, u: 7.1256e-04, v: 5.9620e-04, pde_a: 3.3266e-03
Epoch: 3580/5000 - Time: 9.27s - Loss: 2.4372e-02 | a: 6.7025e-03, BC: 7.5232e-05, m: 1.2127e-03, u: 6.9913e-04, v: 6.1086e-04, pde_a: 3.2818e-03
Epoch: 3590/5000 - Time: 9.31s - Loss: 2.4266e-02 | a: 6.6224e-03, BC: 7.2577e-05, m: 1.2200e-03, u: 7.0520e-04, v: 6.0069e-04, pde_a: 3.2920e-03
Epoch: 3600/5000 - Time: 9.27s - Loss: 2.4477e-02 | a: 6.6114e-03, BC: 7.1651e-05, m: 1.2171e-03, u: 7.2105e-04, v: 6.0710e-04, pde_a: 3.2957e-03
Epoch: 3610/5000 - Time: 9.25s - Loss: 2.3944e-02 | a: 6.4932e-03, BC: 7.2469e-05, m: 1.2123e-03, u: 6.9784e-04, v: 5.8769e-04, pde_a: 3.3103e-03
Epoch: 3620/5000 - Time: 9.20s - Loss: 2.4186e-02 | a: 6.4980e-03, BC: 7.3058e-05, m: 1.2137e-03, u: 7.1415e-04, v: 5.9637e-04, pde_a: 3.2964e-03
Epoch: 3630/5000 - Time: 9.25s - Loss: 2.4338e-02 | a: 6.6525e-03, BC: 7.0488e-05, m: 1.2206e-03, u: 7.0086e-04, v: 6.0300e-04, pde_a: 3.3556e-03
Epoch: 3640/5000 - Time: 9.20s - Loss: 2.4653e-02 | a: 6.6893e-03, BC: 7.5253e-05, m: 1.2166e-03, u: 7.2312e-04, v: 6.1186e-04, pde_a: 3.3223e-03
Epoch: 3650/5000 - Time: 9.29s - Loss: 2.5091e-02 | a: 6.6835e-03, BC: 7.5238e-05, m: 1.2227e-03, u: 7.5246e-04, v: 6.2456e-04, pde_a: 3.3394e-03
Epoch: 3660/5000 - Time: 9.10s - Loss: 2.4380e-02 | a: 6.6872e-03, BC: 7.5104e-05, m: 1.2111e-03, u: 7.0432e-04, v: 6.0957e-04, pde_a: 3.2681e-03
Epoch: 3670/5000 - Time: 9.07s - Loss: 2.4438e-02 | a: 6.7106e-03, BC: 7.2996e-05, m: 1.2190e-03, u: 7.0991e-04, v: 6.0394e-04, pde_a: 3.2965e-03
Epoch: 3680/5000 - Time: 9.24s - Loss: 2.4321e-02 | a: 6.7225e-03, BC: 7.7503e-05, m: 1.2230e-03, u: 7.0105e-04, v: 5.9994e-04, pde_a: 3.2881e-03
Epoch: 3690/5000 - Time: 9.22s - Loss: 2.4241e-02 | a: 6.6530e-03, BC: 7.3735e-05, m: 1.2218e-03, u: 6.9941e-04, v: 6.0267e-04, pde_a: 3.2714e-03
Epoch: 3700/5000 - Time: 9.09s - Loss: 2.4131e-02 | a: 6.7265e-03, BC: 7.6959e-05, m: 1.2156e-03, u: 7.0523e-04, v: 5.7797e-04, pde_a: 3.2795e-03
Epoch: 3710/5000 - Time: 9.37s - Loss: 2.4650e-02 | a: 6.6190e-03, BC: 7.3832e-05, m: 1.2146e-03, u: 7.1836e-04, v: 6.2786e-04, pde_a: 3.2808e-03
Epoch: 3720/5000 - Time: 9.12s - Loss: 2.4132e-02 | a: 6.7835e-03, BC: 7.2417e-05, m: 1.2257e-03, u: 6.9358e-04, v: 5.8348e-04, pde_a: 3.2798e-03
Epoch: 3730/5000 - Time: 9.29s - Loss: 2.4140e-02 | a: 6.5069e-03, BC: 7.1181e-05, m: 1.2237e-03, u: 6.9897e-04, v: 6.0047e-04, pde_a: 3.3438e-03
Epoch: 3740/5000 - Time: 9.30s - Loss: 2.4717e-02 | a: 6.7475e-03, BC: 7.2693e-05, m: 1.2200e-03, u: 7.1390e-04, v: 6.1924e-04, pde_a: 3.3456e-03
Epoch: 3750/5000 - Time: 9.27s - Loss: 2.4315e-02 | a: 6.5742e-03, BC: 7.2647e-05, m: 1.2168e-03, u: 7.1249e-04, v: 6.0323e-04, pde_a: 3.2946e-03
Epoch: 3760/5000 - Time: 9.14s - Loss: 2.4319e-02 | a: 6.6026e-03, BC: 7.5362e-05, m: 1.2136e-03, u: 7.0445e-04, v: 6.1269e-04, pde_a: 3.2564e-03
Epoch: 3770/5000 - Time: 9.01s - Loss: 2.4108e-02 | a: 6.5524e-03, BC: 7.3753e-05, m: 1.2148e-03, u: 6.9563e-04, v: 6.0001e-04, pde_a: 3.3109e-03
Epoch: 3780/5000 - Time: 9.13s - Loss: 2.4105e-02 | a: 6.5593e-03, BC: 7.4413e-05, m: 1.2120e-03, u: 7.1186e-04, v: 5.8575e-04, pde_a: 3.2829e-03
Epoch: 3790/5000 - Time: 9.09s - Loss: 2.4601e-02 | a: 6.6733e-03, BC: 7.2805e-05, m: 1.2186e-03, u: 7.1937e-04, v: 6.1620e-04, pde_a: 3.2807e-03
Epoch: 3800/5000 - Time: 9.24s - Loss: 2.4417e-02 | a: 6.7115e-03, BC: 7.2490e-05, m: 1.2194e-03, u: 7.0903e-04, v: 5.9976e-04, pde_a: 3.3253e-03
Epoch: 3810/5000 - Time: 9.31s - Loss: 2.4872e-02 | a: 6.4916e-03, BC: 7.3970e-05, m: 1.2160e-03, u: 7.4084e-04, v: 6.3752e-04, pde_a: 3.3066e-03
Epoch: 3820/5000 - Time: 9.30s - Loss: 2.4520e-02 | a: 6.4931e-03, BC: 7.2820e-05, m: 1.2179e-03, u: 7.2862e-04, v: 6.1406e-04, pde_a: 3.3091e-03
Epoch: 3830/5000 - Time: 9.52s - Loss: 2.4843e-02 | a: 6.6301e-03, BC: 7.1487e-05, m: 1.2194e-03, u: 7.3215e-04, v: 6.2968e-04, pde_a: 3.3035e-03
Epoch: 3840/5000 - Time: 9.31s - Loss: 2.4617e-02 | a: 6.7389e-03, BC: 7.4292e-05, m: 1.2115e-03, u: 7.2312e-04, v: 6.0463e-04, pde_a: 3.3146e-03
Epoch: 3850/5000 - Time: 9.17s - Loss: 2.4659e-02 | a: 6.9477e-03, BC: 7.4468e-05, m: 1.2165e-03, u: 7.1079e-04, v: 5.9912e-04, pde_a: 3.3208e-03
Epoch: 3860/5000 - Time: 9.19s - Loss: 2.4072e-02 | a: 6.4672e-03, BC: 7.3163e-05, m: 1.2121e-03, u: 7.0354e-04, v: 5.9706e-04, pde_a: 3.3137e-03
Epoch: 3870/5000 - Time: 9.12s - Loss: 2.4844e-02 | a: 6.6385e-03, BC: 7.3061e-05, m: 1.2173e-03, u: 7.2898e-04, v: 6.2833e-04, pde_a: 3.3425e-03
Epoch: 3880/5000 - Time: 9.60s - Loss: 2.5011e-02 | a: 6.6192e-03, BC: 7.3061e-05, m: 1.2137e-03, u: 7.4974e-04, v: 6.2960e-04, pde_a: 3.3113e-03
Epoch: 3890/5000 - Time: 9.92s - Loss: 2.4268e-02 | a: 6.4989e-03, BC: 7.4332e-05, m: 1.2058e-03, u: 7.1361e-04, v: 6.0574e-04, pde_a: 3.2956e-03
Epoch: 3900/5000 - Time: 9.57s - Loss: 2.4385e-02 | a: 6.5666e-03, BC: 7.4316e-05, m: 1.2162e-03, u: 7.1759e-04, v: 6.0480e-04, pde_a: 3.3044e-03
Epoch: 3910/5000 - Time: 9.06s - Loss: 2.4545e-02 | a: 6.6211e-03, BC: 7.4886e-05, m: 1.2156e-03, u: 7.2396e-04, v: 6.0938e-04, pde_a: 3.2999e-03
Epoch: 3920/5000 - Time: 9.41s - Loss: 2.4766e-02 | a: 6.6520e-03, BC: 7.3564e-05, m: 1.2164e-03, u: 7.2598e-04, v: 6.2933e-04, pde_a: 3.2706e-03
Epoch: 3930/5000 - Time: 9.70s - Loss: 2.4565e-02 | a: 6.5529e-03, BC: 7.0780e-05, m: 1.2160e-03, u: 7.4589e-04, v: 5.9866e-04, pde_a: 3.2801e-03
Epoch: 3940/5000 - Time: 9.46s - Loss: 2.4309e-02 | a: 6.4660e-03, BC: 7.4074e-05, m: 1.2157e-03, u: 7.1867e-04, v: 6.0890e-04, pde_a: 3.2778e-03
Epoch: 3950/5000 - Time: 9.17s - Loss: 2.4516e-02 | a: 6.5314e-03, BC: 7.2250e-05, m: 1.2082e-03, u: 7.2047e-04, v: 6.1888e-04, pde_a: 3.3107e-03
Epoch: 3960/5000 - Time: 9.13s - Loss: 2.4241e-02 | a: 6.7306e-03, BC: 7.5180e-05, m: 1.2135e-03, u: 6.9280e-04, v: 5.9814e-04, pde_a: 3.3120e-03
Epoch: 3970/5000 - Time: 9.16s - Loss: 2.4876e-02 | a: 6.5394e-03, BC: 7.4441e-05, m: 1.2210e-03, u: 7.5106e-04, v: 6.2126e-04, pde_a: 3.3181e-03
Epoch: 3980/5000 - Time: 9.08s - Loss: 2.4721e-02 | a: 6.6230e-03, BC: 7.4456e-05, m: 1.2085e-03, u: 7.3222e-04, v: 6.2065e-04, pde_a: 3.2864e-03
Epoch: 3990/5000 - Time: 8.99s - Loss: 2.4649e-02 | a: 6.6240e-03, BC: 7.7059e-05, m: 1.2136e-03, u: 7.2284e-04, v: 6.1710e-04, pde_a: 3.3348e-03
Epoch: 4000/5000 - Time: 9.02s - Loss: 2.4573e-02 | a: 6.6504e-03, BC: 7.4580e-05, m: 1.2187e-03, u: 7.2962e-04, v: 6.0363e-04, pde_a: 3.2969e-03
Epoch: 4010/5000 - Time: 9.02s - Loss: 2.4151e-02 | a: 6.5123e-03, BC: 7.2742e-05, m: 1.2109e-03, u: 7.0746e-04, v: 5.9698e-04, pde_a: 3.3110e-03
Epoch: 4020/5000 - Time: 8.89s - Loss: 2.4386e-02 | a: 6.5879e-03, BC: 7.4490e-05, m: 1.2113e-03, u: 7.1154e-04, v: 6.0809e-04, pde_a: 3.3158e-03
Epoch: 4030/5000 - Time: 8.99s - Loss: 2.4789e-02 | a: 6.5174e-03, BC: 7.3702e-05, m: 1.2116e-03, u: 7.3374e-04, v: 6.3467e-04, pde_a: 3.3019e-03
Epoch: 4040/5000 - Time: 9.20s - Loss: 2.4274e-02 | a: 6.5474e-03, BC: 7.1557e-05, m: 1.2170e-03, u: 7.1250e-04, v: 6.0596e-04, pde_a: 3.2538e-03
Epoch: 4050/5000 - Time: 9.15s - Loss: 2.3749e-02 | a: 6.5284e-03, BC: 7.3279e-05, m: 1.2125e-03, u: 6.9035e-04, v: 5.7517e-04, pde_a: 3.2794e-03
Epoch: 4060/5000 - Time: 9.20s - Loss: 2.4361e-02 | a: 6.5417e-03, BC: 7.2372e-05, m: 1.2111e-03, u: 7.1966e-04, v: 6.0068e-04, pde_a: 3.3321e-03
Epoch: 4070/5000 - Time: 9.05s - Loss: 2.4628e-02 | a: 6.5222e-03, BC: 7.3766e-05, m: 1.2148e-03, u: 7.3158e-04, v: 6.1939e-04, pde_a: 3.3075e-03
Epoch: 4080/5000 - Time: 9.04s - Loss: 2.4327e-02 | a: 6.5683e-03, BC: 7.3609e-05, m: 1.2099e-03, u: 7.0638e-04, v: 6.1331e-04, pde_a: 3.2781e-03
Epoch: 4090/5000 - Time: 9.04s - Loss: 2.4430e-02 | a: 6.7226e-03, BC: 7.6865e-05, m: 1.2097e-03, u: 7.0707e-04, v: 6.0401e-04, pde_a: 3.3102e-03
Epoch: 4100/5000 - Time: 8.97s - Loss: 2.4462e-02 | a: 6.5679e-03, BC: 7.2157e-05, m: 1.2192e-03, u: 7.2813e-04, v: 6.0427e-04, pde_a: 3.2788e-03
Epoch: 4110/5000 - Time: 9.19s - Loss: 2.4017e-02 | a: 6.4293e-03, BC: 7.1702e-05, m: 1.2149e-03, u: 6.9619e-04, v: 6.0403e-04, pde_a: 3.2988e-03
Epoch: 4120/5000 - Time: 9.27s - Loss: 2.4119e-02 | a: 6.5581e-03, BC: 7.3735e-05, m: 1.2100e-03, u: 7.1304e-04, v: 5.8565e-04, pde_a: 3.2903e-03
Epoch: 4130/5000 - Time: 9.23s - Loss: 2.4139e-02 | a: 6.4716e-03, BC: 7.3376e-05, m: 1.2141e-03, u: 7.1530e-04, v: 5.9442e-04, pde_a: 3.2826e-03
Epoch: 4140/5000 - Time: 9.07s - Loss: 2.4366e-02 | a: 6.5382e-03, BC: 7.2347e-05, m: 1.2100e-03, u: 7.1201e-04, v: 6.1370e-04, pde_a: 3.2882e-03
Epoch: 4150/5000 - Time: 9.03s - Loss: 2.4022e-02 | a: 6.5896e-03, BC: 7.3094e-05, m: 1.2117e-03, u: 6.8061e-04, v: 6.0638e-04, pde_a: 3.2772e-03
Epoch: 4160/5000 - Time: 8.98s - Loss: 2.4718e-02 | a: 6.5671e-03, BC: 7.4797e-05, m: 1.2136e-03, u: 7.4098e-04, v: 6.1900e-04, pde_a: 3.2631e-03
Epoch: 4170/5000 - Time: 9.05s - Loss: 2.4540e-02 | a: 6.6211e-03, BC: 7.5500e-05, m: 1.2149e-03, u: 7.2770e-04, v: 6.0304e-04, pde_a: 3.3208e-03
Epoch: 4180/5000 - Time: 9.08s - Loss: 2.4399e-02 | a: 6.6179e-03, BC: 7.5271e-05, m: 1.2063e-03, u: 7.2361e-04, v: 5.9941e-04, pde_a: 3.2689e-03
Epoch: 4190/5000 - Time: 9.21s - Loss: 2.4204e-02 | a: 6.5713e-03, BC: 7.2478e-05, m: 1.2158e-03, u: 7.0970e-04, v: 5.9513e-04, pde_a: 3.2962e-03
Epoch: 4200/5000 - Time: 9.01s - Loss: 2.4913e-02 | a: 6.6793e-03, BC: 7.6942e-05, m: 1.2074e-03, u: 7.3989e-04, v: 6.2651e-04, pde_a: 3.2851e-03
Epoch: 4210/5000 - Time: 9.15s - Loss: 2.4154e-02 | a: 6.4937e-03, BC: 7.6872e-05, m: 1.2092e-03, u: 7.1857e-04, v: 5.8819e-04, pde_a: 3.3064e-03
Epoch: 4220/5000 - Time: 9.08s - Loss: 2.4203e-02 | a: 6.5744e-03, BC: 7.4807e-05, m: 1.2152e-03, u: 7.0650e-04, v: 6.0101e-04, pde_a: 3.2637e-03
Epoch: 4230/5000 - Time: 9.67s - Loss: 2.4310e-02 | a: 6.5102e-03, BC: 7.2180e-05, m: 1.2121e-03, u: 7.2304e-04, v: 5.9921e-04, pde_a: 3.2927e-03
Epoch: 4240/5000 - Time: 9.24s - Loss: 2.4336e-02 | a: 6.6450e-03, BC: 7.1303e-05, m: 1.2123e-03, u: 7.1215e-04, v: 6.0223e-04, pde_a: 3.2638e-03
Epoch: 4250/5000 - Time: 9.08s - Loss: 2.4120e-02 | a: 6.5963e-03, BC: 7.6112e-05, m: 1.2106e-03, u: 7.0361e-04, v: 5.8961e-04, pde_a: 3.3047e-03
Epoch: 4260/5000 - Time: 9.04s - Loss: 2.4471e-02 | a: 6.6149e-03, BC: 7.3696e-05, m: 1.2060e-03, u: 7.2348e-04, v: 6.0376e-04, pde_a: 3.3043e-03
Epoch: 4270/5000 - Time: 9.00s - Loss: 2.4426e-02 | a: 6.5236e-03, BC: 7.3919e-05, m: 1.2053e-03, u: 7.3536e-04, v: 5.9963e-04, pde_a: 3.2728e-03
Epoch: 4280/5000 - Time: 9.04s - Loss: 2.4240e-02 | a: 6.7163e-03, BC: 7.5490e-05, m: 1.2047e-03, u: 7.0885e-04, v: 5.8437e-04, pde_a: 3.3109e-03
Epoch: 4290/5000 - Time: 9.23s - Loss: 2.4302e-02 | a: 6.5179e-03, BC: 7.3375e-05, m: 1.2166e-03, u: 7.2476e-04, v: 5.9537e-04, pde_a: 3.2933e-03
Epoch: 4300/5000 - Time: 9.25s - Loss: 2.4080e-02 | a: 6.5100e-03, BC: 7.3828e-05, m: 1.2135e-03, u: 6.9428e-04, v: 5.9988e-04, pde_a: 3.3407e-03
Epoch: 4310/5000 - Time: 9.13s - Loss: 2.4337e-02 | a: 6.4673e-03, BC: 7.0932e-05, m: 1.2161e-03, u: 7.1859e-04, v: 6.1080e-04, pde_a: 3.2883e-03
Epoch: 4320/5000 - Time: 9.02s - Loss: 2.4287e-02 | a: 6.5144e-03, BC: 7.4645e-05, m: 1.2108e-03, u: 7.1549e-04, v: 6.0280e-04, pde_a: 3.3046e-03
Epoch: 4330/5000 - Time: 9.01s - Loss: 2.4455e-02 | a: 6.4920e-03, BC: 7.3326e-05, m: 1.1995e-03, u: 7.2154e-04, v: 6.1670e-04, pde_a: 3.3079e-03
Epoch: 4340/5000 - Time: 9.10s - Loss: 2.4339e-02 | a: 6.4884e-03, BC: 7.2808e-05, m: 1.2226e-03, u: 7.2160e-04, v: 6.0615e-04, pde_a: 3.2781e-03
Epoch: 4350/5000 - Time: 9.03s - Loss: 2.3923e-02 | a: 6.5505e-03, BC: 7.5814e-05, m: 1.2079e-03, u: 7.0069e-04, v: 5.8029e-04, pde_a: 3.2787e-03
Epoch: 4360/5000 - Time: 9.17s - Loss: 2.4393e-02 | a: 6.6874e-03, BC: 7.6153e-05, m: 1.2031e-03, u: 7.2255e-04, v: 5.9193e-04, pde_a: 3.2820e-03
Epoch: 4370/5000 - Time: 9.10s - Loss: 2.4306e-02 | a: 6.5665e-03, BC: 7.1709e-05, m: 1.2083e-03, u: 7.2500e-04, v: 5.9298e-04, pde_a: 3.2797e-03
Epoch: 4380/5000 - Time: 9.09s - Loss: 2.4225e-02 | a: 6.6191e-03, BC: 7.6751e-05, m: 1.2124e-03, u: 7.0830e-04, v: 5.9492e-04, pde_a: 3.2843e-03
Epoch: 4390/5000 - Time: 9.21s - Loss: 2.4863e-02 | a: 6.5467e-03, BC: 7.4539e-05, m: 1.2098e-03, u: 7.5327e-04, v: 6.2241e-04, pde_a: 3.2756e-03
Epoch: 4400/5000 - Time: 9.30s - Loss: 2.4737e-02 | a: 6.4944e-03, BC: 7.4745e-05, m: 1.2088e-03, u: 7.4878e-04, v: 6.1837e-04, pde_a: 3.2877e-03
Epoch: 4410/5000 - Time: 9.10s - Loss: 2.4216e-02 | a: 6.4640e-03, BC: 7.1423e-05, m: 1.2074e-03, u: 7.1462e-04, v: 6.0279e-04, pde_a: 3.2987e-03
Epoch: 4420/5000 - Time: 9.06s - Loss: 2.5018e-02 | a: 6.6189e-03, BC: 7.4202e-05, m: 1.2146e-03, u: 7.5533e-04, v: 6.2570e-04, pde_a: 3.3003e-03
Epoch: 4430/5000 - Time: 9.04s - Loss: 2.4367e-02 | a: 6.5951e-03, BC: 7.2362e-05, m: 1.2087e-03, u: 7.1992e-04, v: 6.0306e-04, pde_a: 3.2615e-03
Epoch: 4440/5000 - Time: 9.05s - Loss: 2.4670e-02 | a: 6.6420e-03, BC: 7.2767e-05, m: 1.2081e-03, u: 7.2615e-04, v: 6.2013e-04, pde_a: 3.2847e-03
Epoch: 4450/5000 - Time: 9.11s - Loss: 2.4334e-02 | a: 6.5064e-03, BC: 7.4292e-05, m: 1.2164e-03, u: 7.1068e-04, v: 6.0988e-04, pde_a: 3.3312e-03
Epoch: 4460/5000 - Time: 9.11s - Loss: 2.4132e-02 | a: 6.5649e-03, BC: 7.1878e-05, m: 1.2106e-03, u: 7.0311e-04, v: 5.9560e-04, pde_a: 3.2974e-03
Epoch: 4470/5000 - Time: 9.01s - Loss: 2.4040e-02 | a: 6.5135e-03, BC: 7.7238e-05, m: 1.2061e-03, u: 6.9920e-04, v: 5.9476e-04, pde_a: 3.3038e-03
Epoch: 4480/5000 - Time: 9.00s - Loss: 2.3886e-02 | a: 6.5014e-03, BC: 7.4188e-05, m: 1.2054e-03, u: 6.8816e-04, v: 5.9424e-04, pde_a: 3.2805e-03
Epoch: 4490/5000 - Time: 9.68s - Loss: 2.4794e-02 | a: 6.5147e-03, BC: 7.4910e-05, m: 1.2099e-03, u: 7.4804e-04, v: 6.2257e-04, pde_a: 3.2887e-03
Epoch: 4500/5000 - Time: 9.33s - Loss: 2.3985e-02 | a: 6.5397e-03, BC: 7.2638e-05, m: 1.2056e-03, u: 6.9663e-04, v: 5.9320e-04, pde_a: 3.2688e-03
Epoch: 4510/5000 - Time: 9.20s - Loss: 2.4659e-02 | a: 6.4972e-03, BC: 7.2069e-05, m: 1.2137e-03, u: 7.4286e-04, v: 6.1877e-04, pde_a: 3.2594e-03
Epoch: 4520/5000 - Time: 9.16s - Loss: 2.4493e-02 | a: 6.5076e-03, BC: 7.4653e-05, m: 1.2102e-03, u: 7.2418e-04, v: 6.1639e-04, pde_a: 3.2945e-03
Epoch: 4530/5000 - Time: 9.30s - Loss: 2.4522e-02 | a: 6.5679e-03, BC: 7.4669e-05, m: 1.2055e-03, u: 7.1802e-04, v: 6.1999e-04, pde_a: 3.2935e-03
Epoch: 4540/5000 - Time: 9.02s - Loss: 2.4284e-02 | a: 6.4466e-03, BC: 7.1887e-05, m: 1.2107e-03, u: 7.2739e-04, v: 5.9922e-04, pde_a: 3.2887e-03
Epoch: 4550/5000 - Time: 9.04s - Loss: 2.4547e-02 | a: 6.4321e-03, BC: 7.2040e-05, m: 1.2067e-03, u: 7.3383e-04, v: 6.2182e-04, pde_a: 3.2795e-03
Epoch: 4560/5000 - Time: 9.23s - Loss: 2.4589e-02 | a: 6.4712e-03, BC: 7.2135e-05, m: 1.2113e-03, u: 7.4160e-04, v: 6.1264e-04, pde_a: 3.2923e-03
Epoch: 4570/5000 - Time: 9.15s - Loss: 2.4181e-02 | a: 6.5278e-03, BC: 7.3164e-05, m: 1.2182e-03, u: 7.0715e-04, v: 6.0212e-04, pde_a: 3.2692e-03
Epoch: 4580/5000 - Time: 9.16s - Loss: 2.4528e-02 | a: 6.5619e-03, BC: 7.3322e-05, m: 1.2167e-03, u: 7.3444e-04, v: 6.0351e-04, pde_a: 3.2971e-03
Epoch: 4590/5000 - Time: 9.17s - Loss: 2.4374e-02 | a: 6.4778e-03, BC: 7.2444e-05, m: 1.2050e-03, u: 7.2951e-04, v: 6.0588e-04, pde_a: 3.2647e-03
Epoch: 4600/5000 - Time: 9.22s - Loss: 2.4214e-02 | a: 6.5385e-03, BC: 7.2586e-05, m: 1.2082e-03, u: 7.0040e-04, v: 6.0969e-04, pde_a: 3.2939e-03
Epoch: 4610/5000 - Time: 9.05s - Loss: 2.4037e-02 | a: 6.4617e-03, BC: 7.2138e-05, m: 1.2065e-03, u: 6.9392e-04, v: 6.0624e-04, pde_a: 3.2948e-03
Epoch: 4620/5000 - Time: 9.13s - Loss: 2.3897e-02 | a: 6.4302e-03, BC: 7.2800e-05, m: 1.2083e-03, u: 6.9434e-04, v: 5.9512e-04, pde_a: 3.2914e-03
Epoch: 4630/5000 - Time: 8.98s - Loss: 2.3989e-02 | a: 6.5303e-03, BC: 7.4578e-05, m: 1.2074e-03, u: 6.9055e-04, v: 5.9527e-04, pde_a: 3.3183e-03
Epoch: 4640/5000 - Time: 9.52s - Loss: 2.4340e-02 | a: 6.5347e-03, BC: 7.4509e-05, m: 1.2133e-03, u: 7.1761e-04, v: 6.0076e-04, pde_a: 3.3341e-03
Epoch: 4650/5000 - Time: 9.70s - Loss: 2.4050e-02 | a: 6.4633e-03, BC: 7.6127e-05, m: 1.2125e-03, u: 7.0076e-04, v: 6.0374e-04, pde_a: 3.2534e-03
Epoch: 4660/5000 - Time: 9.90s - Loss: 2.4622e-02 | a: 6.5311e-03, BC: 7.2523e-05, m: 1.2096e-03, u: 7.3860e-04, v: 6.1654e-04, pde_a: 3.2576e-03
Epoch: 4670/5000 - Time: 9.09s - Loss: 2.3950e-02 | a: 6.5253e-03, BC: 7.3562e-05, m: 1.2024e-03, u: 6.9851e-04, v: 5.8934e-04, pde_a: 3.2707e-03
Epoch: 4680/5000 - Time: 9.01s - Loss: 2.4454e-02 | a: 6.5070e-03, BC: 7.3546e-05, m: 1.2077e-03, u: 7.3441e-04, v: 6.0531e-04, pde_a: 3.2689e-03
Epoch: 4690/5000 - Time: 9.02s - Loss: 2.4345e-02 | a: 6.5616e-03, BC: 7.4618e-05, m: 1.2147e-03, u: 7.1417e-04, v: 6.0643e-04, pde_a: 3.2879e-03
Epoch: 4700/5000 - Time: 8.98s - Loss: 2.3988e-02 | a: 6.4237e-03, BC: 7.3160e-05, m: 1.2043e-03, u: 7.0364e-04, v: 5.9978e-04, pde_a: 3.2527e-03
Epoch: 4710/5000 - Time: 8.99s - Loss: 2.4281e-02 | a: 6.5332e-03, BC: 7.4633e-05, m: 1.2112e-03, u: 7.2180e-04, v: 5.9316e-04, pde_a: 3.3126e-03
Epoch: 4720/5000 - Time: 9.11s - Loss: 2.4067e-02 | a: 6.4573e-03, BC: 7.4888e-05, m: 1.2064e-03, u: 7.0340e-04, v: 6.0129e-04, pde_a: 3.2814e-03
Epoch: 4730/5000 - Time: 9.24s - Loss: 2.4246e-02 | a: 6.4381e-03, BC: 7.4638e-05, m: 1.2014e-03, u: 7.2417e-04, v: 6.0156e-04, pde_a: 3.2748e-03
Epoch: 4740/5000 - Time: 9.02s - Loss: 2.4842e-02 | a: 6.5610e-03, BC: 7.2263e-05, m: 1.2113e-03, u: 7.4687e-04, v: 6.2575e-04, pde_a: 3.2713e-03
Epoch: 4750/5000 - Time: 9.06s - Loss: 2.4834e-02 | a: 6.6635e-03, BC: 7.4565e-05, m: 1.1992e-03, u: 7.2863e-04, v: 6.3189e-04, pde_a: 3.2920e-03
Epoch: 4760/5000 - Time: 8.99s - Loss: 2.4194e-02 | a: 6.3880e-03, BC: 7.1167e-05, m: 1.2128e-03, u: 7.1586e-04, v: 6.0638e-04, pde_a: 3.2992e-03
Epoch: 4770/5000 - Time: 9.01s - Loss: 2.4239e-02 | a: 6.5228e-03, BC: 7.1112e-05, m: 1.2067e-03, u: 7.1484e-04, v: 6.0002e-04, pde_a: 3.2900e-03
Epoch: 4780/5000 - Time: 9.01s - Loss: 2.4320e-02 | a: 6.4791e-03, BC: 7.2578e-05, m: 1.2057e-03, u: 7.1741e-04, v: 6.1037e-04, pde_a: 3.2843e-03
Epoch: 4790/5000 - Time: 9.69s - Loss: 2.4690e-02 | a: 6.5913e-03, BC: 8.0612e-05, m: 1.1973e-03, u: 7.2879e-04, v: 6.2358e-04, pde_a: 3.2970e-03
Epoch: 4800/5000 - Time: 9.45s - Loss: 2.4377e-02 | a: 6.5749e-03, BC: 7.2354e-05, m: 1.2138e-03, u: 7.2216e-04, v: 6.0238e-04, pde_a: 3.2703e-03
Epoch: 4810/5000 - Time: 9.25s - Loss: 2.4287e-02 | a: 6.4834e-03, BC: 7.3442e-05, m: 1.2096e-03, u: 7.1101e-04, v: 6.1333e-04, pde_a: 3.2770e-03
Epoch: 4820/5000 - Time: 9.45s - Loss: 2.4513e-02 | a: 6.5941e-03, BC: 7.2698e-05, m: 1.2004e-03, u: 7.1881e-04, v: 6.1941e-04, pde_a: 3.2641e-03
Epoch: 4830/5000 - Time: 9.53s - Loss: 2.4065e-02 | a: 6.4403e-03, BC: 7.5379e-05, m: 1.2023e-03, u: 7.1412e-04, v: 5.9233e-04, pde_a: 3.2827e-03
Epoch: 4840/5000 - Time: 9.12s - Loss: 2.4668e-02 | a: 6.4552e-03, BC: 7.1353e-05, m: 1.2106e-03, u: 7.3365e-04, v: 6.2884e-04, pde_a: 3.3055e-03
Epoch: 4850/5000 - Time: 9.08s - Loss: 2.4164e-02 | a: 6.5857e-03, BC: 7.3275e-05, m: 1.2062e-03, u: 7.0363e-04, v: 5.9850e-04, pde_a: 3.2770e-03
Epoch: 4860/5000 - Time: 9.03s - Loss: 2.4576e-02 | a: 6.5406e-03, BC: 7.2025e-05, m: 1.2066e-03, u: 7.2543e-04, v: 6.2128e-04, pde_a: 3.2895e-03
Epoch: 4870/5000 - Time: 9.37s - Loss: 2.3918e-02 | a: 6.4234e-03, BC: 7.3506e-05, m: 1.2051e-03, u: 6.9521e-04, v: 5.9953e-04, pde_a: 3.2685e-03
Epoch: 4880/5000 - Time: 9.56s - Loss: 2.4514e-02 | a: 6.5324e-03, BC: 7.2205e-05, m: 1.2022e-03, u: 7.2674e-04, v: 6.1390e-04, pde_a: 3.3012e-03
Epoch: 4890/5000 - Time: 9.17s - Loss: 2.3912e-02 | a: 6.5041e-03, BC: 7.3293e-05, m: 1.1993e-03, u: 6.9384e-04, v: 5.9351e-04, pde_a: 3.2615e-03
Epoch: 4900/5000 - Time: 9.07s - Loss: 2.4673e-02 | a: 6.6063e-03, BC: 7.3003e-05, m: 1.2054e-03, u: 7.3243e-04, v: 6.1693e-04, pde_a: 3.2952e-03
Epoch: 4910/5000 - Time: 8.97s - Loss: 2.4297e-02 | a: 6.4279e-03, BC: 7.2680e-05, m: 1.2007e-03, u: 7.3002e-04, v: 6.0237e-04, pde_a: 3.2719e-03
Epoch: 4920/5000 - Time: 9.10s - Loss: 2.3665e-02 | a: 6.5317e-03, BC: 7.4020e-05, m: 1.2043e-03, u: 6.7277e-04, v: 5.8616e-04, pde_a: 3.2655e-03
Saving checkpoint at epoch 4920 with loss 2.3665e-02
Epoch: 4930/5000 - Time: 9.12s - Loss: 2.3675e-02 | a: 6.5346e-03, BC: 7.5741e-05, m: 1.1968e-03, u: 6.7749e-04, v: 5.7788e-04, pde_a: 3.3140e-03
Epoch: 4940/5000 - Time: 8.99s - Loss: 2.4359e-02 | a: 6.4609e-03, BC: 7.4217e-05, m: 1.2025e-03, u: 7.2105e-04, v: 6.1478e-04, pde_a: 3.2636e-03
Epoch: 4950/5000 - Time: 9.36s - Loss: 2.4454e-02 | a: 6.5316e-03, BC: 7.6678e-05, m: 1.2020e-03, u: 7.0801e-04, v: 6.2600e-04, pde_a: 3.3035e-03
Epoch: 4960/5000 - Time: 9.28s - Loss: 2.4066e-02 | a: 6.4124e-03, BC: 7.1263e-05, m: 1.2103e-03, u: 7.2200e-04, v: 5.8769e-04, pde_a: 3.2755e-03
Epoch: 4970/5000 - Time: 9.20s - Loss: 2.4478e-02 | a: 6.4545e-03, BC: 7.2731e-05, m: 1.2024e-03, u: 7.3381e-04, v: 6.1444e-04, pde_a: 3.2655e-03
Epoch: 4980/5000 - Time: 9.25s - Loss: 2.4391e-02 | a: 6.3755e-03, BC: 7.0426e-05, m: 1.2052e-03, u: 7.2707e-04, v: 6.1941e-04, pde_a: 3.2750e-03
Epoch: 4990/5000 - Time: 8.98s - Loss: 2.4477e-02 | a: 6.4404e-03, BC: 7.1550e-05, m: 1.2032e-03, u: 7.2493e-04, v: 6.2393e-04, pde_a: 3.2732e-03
Epoch: 5000/5000 - Time: 9.14s - Loss: 2.4460e-02 | a: 6.4365e-03, BC: 7.3275e-05, m: 1.2074e-03, u: 7.1947e-04, v: 6.2719e-04, pde_a: 3.2763e-03

Total training time: 23140.590s

==================================================
PERFORMING FINAL EVALUATION AND REPORTING
==================================================
Loading best model weights from: loss_2.3665em02.weights.h5

Calculating final loss...
--- Final Loss Breakdown ---
MSE_alpha (volume fraction): 6.4043e-03
MSE_BC                     : 7.2360e-05
MSE_f,m                    : 1.2109e-03
MSE_f,u                    : 7.0644e-04
MSE_f,v                    : 5.9645e-04
MSE_f,a                    : 3.2439e-03
----------------------------

Generating and saving loss history plots...
Plots saved successfully.
Loss history data saved to: /workspace/twophasePINN/src/checkpoints/Nov-21-2025_21-55-29/loss_history_fixed_tanh.csv
