Configuration: Activation='tanh', Mode='fixed'

--- Starting Training Phase 1/5 ---
Epochs: 5000, Learning Rate: 0.0001
Total samples: 211630, Desired batch size: 10582
Calculated num_batches: 20, Proportional batch sizes: {'A': 1306, 'PDE': 7911, 'N': 21, 'EW': 21, 'NSEW': 43, 'GEOM': 1285}
Epoch: 10/5000 - Time: 23.08s - Loss: 4.2558e+00 | a: 4.1866e+00, BC: 1.8117e-02, m: 3.2013e-03, u: 5.4382e-04, v: 2.8477e-03, pde_a: 1.3870e-02 geom: 1.8002e-05
Saving checkpoint at epoch 10 with loss 4.2558e+00
Epoch: 20/5000 - Time: 9.77s - Loss: 3.7933e+00 | a: 3.7333e+00, BC: 8.3553e-03, m: 5.4371e-04, u: 3.9071e-04, v: 3.7866e-03, pde_a: 9.2337e-03 geom: 1.8559e-05
Saving checkpoint at epoch 20 with loss 3.7933e+00
Epoch: 30/5000 - Time: 9.96s - Loss: 3.4974e+00 | a: 3.3760e+00, BC: 2.6200e-02, m: 2.4432e-03, u: 1.0219e-03, v: 6.4178e-03, pde_a: 1.8379e-02 geom: 2.7690e-05
Saving checkpoint at epoch 30 with loss 3.4974e+00
Epoch: 40/5000 - Time: 9.65s - Loss: 3.4461e+00 | a: 3.2684e+00, BC: 5.8595e-02, m: 4.5982e-03, u: 2.7695e-03, v: 6.7224e-03, pde_a: 1.9623e-02 geom: 3.3924e-05
Saving checkpoint at epoch 40 with loss 3.4461e+00
Epoch: 50/5000 - Time: 9.81s - Loss: 3.2460e+00 | a: 3.1168e+00, BC: 1.6408e-02, m: 8.1525e-03, u: 2.1389e-03, v: 6.5453e-03, pde_a: 1.7716e-02 geom: 4.3768e-05
Saving checkpoint at epoch 50 with loss 3.2460e+00
Epoch: 60/5000 - Time: 9.89s - Loss: 3.4258e+00 | a: 3.1767e+00, BC: 3.4056e-02, m: 9.6098e-03, u: 2.8548e-03, v: 1.5898e-02, pde_a: 1.7882e-02 geom: 4.5117e-05
Epoch: 70/5000 - Time: 9.79s - Loss: 3.1605e+00 | a: 2.9919e+00, BC: 1.9527e-02, m: 1.2028e-02, u: 3.3379e-03, v: 8.7542e-03, pde_a: 1.6051e-02 geom: 5.7688e-05
Saving checkpoint at epoch 70 with loss 3.1605e+00
Epoch: 80/5000 - Time: 10.35s - Loss: 3.1331e+00 | a: 2.9521e+00, BC: 2.5352e-02, m: 1.2905e-02, u: 3.1309e-03, v: 9.6212e-03, pde_a: 1.5141e-02 geom: 6.1417e-05
Saving checkpoint at epoch 80 with loss 3.1331e+00
Epoch: 90/5000 - Time: 10.44s - Loss: 3.1132e+00 | a: 2.9074e+00, BC: 3.1089e-02, m: 1.4188e-02, u: 3.8642e-03, v: 1.0782e-02, pde_a: 1.3978e-02 geom: 6.8015e-05
Saving checkpoint at epoch 90 with loss 3.1132e+00
Epoch: 100/5000 - Time: 10.19s - Loss: 3.1046e+00 | a: 2.8773e+00, BC: 2.8941e-02, m: 1.4120e-02, u: 4.3829e-03, v: 1.2626e-02, pde_a: 1.4126e-02 geom: 7.1524e-05
Saving checkpoint at epoch 100 with loss 3.1046e+00
Epoch: 110/5000 - Time: 10.72s - Loss: 3.1941e+00 | a: 2.9429e+00, BC: 3.4643e-02, m: 1.4125e-02, u: 4.4046e-03, v: 1.4351e-02, pde_a: 1.4821e-02 geom: 6.7592e-05
Epoch: 120/5000 - Time: 10.73s - Loss: 3.0714e+00 | a: 2.8574e+00, BC: 3.0081e-02, m: 1.4448e-02, u: 4.6519e-03, v: 1.0949e-02, pde_a: 1.3339e-02 geom: 7.6540e-05
Saving checkpoint at epoch 120 with loss 3.0714e+00
Epoch: 130/5000 - Time: 10.63s - Loss: 3.0489e+00 | a: 2.8221e+00, BC: 3.4944e-02, m: 1.4944e-02, u: 5.1889e-03, v: 1.1143e-02, pde_a: 1.3472e-02 geom: 8.2203e-05
Saving checkpoint at epoch 130 with loss 3.0489e+00
Epoch: 140/5000 - Time: 10.92s - Loss: 3.0965e+00 | a: 2.8406e+00, BC: 4.4568e-02, m: 1.3970e-02, u: 5.3396e-03, v: 1.2844e-02, pde_a: 1.5367e-02 geom: 8.1372e-05
Epoch: 150/5000 - Time: 10.85s - Loss: 2.9880e+00 | a: 2.7901e+00, BC: 2.9822e-02, m: 1.4207e-02, u: 4.7183e-03, v: 9.1417e-03, pde_a: 1.5254e-02 geom: 8.7083e-05
Saving checkpoint at epoch 150 with loss 2.9880e+00
Epoch: 160/5000 - Time: 10.78s - Loss: 3.0290e+00 | a: 2.7725e+00, BC: 5.5792e-02, m: 1.4655e-02, u: 5.4680e-03, v: 1.1537e-02, pde_a: 1.5871e-02 geom: 9.2311e-05
Epoch: 170/5000 - Time: 10.85s - Loss: 2.9421e+00 | a: 2.7395e+00, BC: 2.1514e-02, m: 1.3345e-02, u: 4.4558e-03, v: 1.0643e-02, pde_a: 1.6696e-02 geom: 9.8274e-05
Saving checkpoint at epoch 170 with loss 2.9421e+00
Epoch: 180/5000 - Time: 10.84s - Loss: 2.9178e+00 | a: 2.7346e+00, BC: 2.4163e-02, m: 1.2903e-02, u: 3.9642e-03, v: 8.7832e-03, pde_a: 1.8627e-02 geom: 1.0162e-04
Saving checkpoint at epoch 180 with loss 2.9178e+00
Epoch: 190/5000 - Time: 10.81s - Loss: 2.8935e+00 | a: 2.6918e+00, BC: 2.6743e-02, m: 1.1428e-02, u: 4.3375e-03, v: 9.8825e-03, pde_a: 2.1225e-02 geom: 1.0873e-04
Saving checkpoint at epoch 190 with loss 2.8935e+00
Epoch: 200/5000 - Time: 10.67s - Loss: 3.0899e+00 | a: 2.7725e+00, BC: 5.9966e-02, m: 1.1665e-02, u: 5.6878e-03, v: 1.6095e-02, pde_a: 2.7884e-02 geom: 1.0174e-04
Epoch: 210/5000 - Time: 10.54s - Loss: 2.8306e+00 | a: 2.6371e+00, BC: 2.2443e-02, m: 1.0898e-02, u: 4.2263e-03, v: 9.0520e-03, pde_a: 2.7278e-02 geom: 1.2469e-04
Saving checkpoint at epoch 210 with loss 2.8306e+00
Epoch: 220/5000 - Time: 10.13s - Loss: 2.8187e+00 | a: 2.6143e+00, BC: 2.1632e-02, m: 1.0885e-02, u: 4.9172e-03, v: 9.3893e-03, pde_a: 2.8718e-02 geom: 1.3312e-04
Saving checkpoint at epoch 220 with loss 2.8187e+00
Epoch: 230/5000 - Time: 9.80s - Loss: 2.8360e+00 | a: 2.5525e+00, BC: 3.4003e-02, m: 1.2071e-02, u: 6.9938e-03, v: 1.3429e-02, pde_a: 3.2987e-02 geom: 1.4344e-04
Epoch: 240/5000 - Time: 10.00s - Loss: 2.7407e+00 | a: 2.5447e+00, BC: 2.0065e-02, m: 1.2154e-02, u: 4.8572e-03, v: 8.4596e-03, pde_a: 3.0420e-02 geom: 1.4700e-04
Saving checkpoint at epoch 240 with loss 2.7407e+00
Epoch: 250/5000 - Time: 10.79s - Loss: 2.7555e+00 | a: 2.4869e+00, BC: 2.2045e-02, m: 1.2963e-02, u: 6.8738e-03, v: 1.3186e-02, pde_a: 3.2832e-02 geom: 1.6203e-04
Epoch: 260/5000 - Time: 9.97s - Loss: 2.6789e+00 | a: 2.4419e+00, BC: 1.8854e-02, m: 1.4888e-02, u: 6.0101e-03, v: 1.0962e-02, pde_a: 3.3357e-02 geom: 1.7353e-04
Saving checkpoint at epoch 260 with loss 2.6789e+00
Epoch: 270/5000 - Time: 9.73s - Loss: 2.6143e+00 | a: 2.3976e+00, BC: 2.3527e-02, m: 1.6251e-02, u: 5.5917e-03, v: 8.5433e-03, pde_a: 3.5375e-02 geom: 1.8389e-04
Saving checkpoint at epoch 270 with loss 2.6143e+00
Epoch: 280/5000 - Time: 10.74s - Loss: 2.6041e+00 | a: 2.3434e+00, BC: 2.3674e-02, m: 1.8533e-02, u: 6.3440e-03, v: 1.1131e-02, pde_a: 4.3594e-02 geom: 2.0014e-04
Saving checkpoint at epoch 280 with loss 2.6041e+00
Epoch: 290/5000 - Time: 10.12s - Loss: 2.5318e+00 | a: 2.2900e+00, BC: 1.7244e-02, m: 1.8005e-02, u: 5.9697e-03, v: 1.0612e-02, pde_a: 4.0565e-02 geom: 2.1268e-04
Saving checkpoint at epoch 290 with loss 2.5318e+00
Epoch: 300/5000 - Time: 9.94s - Loss: 2.4429e+00 | a: 2.1902e+00, BC: 2.0757e-02, m: 1.9259e-02, u: 6.3944e-03, v: 1.0859e-02, pde_a: 3.9961e-02 geom: 2.3363e-04
Saving checkpoint at epoch 300 with loss 2.4429e+00
Epoch: 310/5000 - Time: 9.92s - Loss: 2.4169e+00 | a: 2.1814e+00, BC: 2.5986e-02, m: 2.1199e-02, u: 5.5715e-03, v: 9.3112e-03, pde_a: 3.9332e-02 geom: 2.3497e-04
Saving checkpoint at epoch 310 with loss 2.4169e+00
Epoch: 320/5000 - Time: 10.01s - Loss: 2.3558e+00 | a: 2.0530e+00, BC: 1.0007e-02, m: 2.3022e-02, u: 8.9843e-03, v: 1.4481e-02, pde_a: 3.4900e-02 geom: 2.6074e-04
Saving checkpoint at epoch 320 with loss 2.3558e+00
Epoch: 330/5000 - Time: 9.94s - Loss: 2.3378e+00 | a: 2.0603e+00, BC: 1.4350e-02, m: 2.5100e-02, u: 8.1759e-03, v: 1.2161e-02, pde_a: 3.4327e-02 geom: 2.6058e-04
Saving checkpoint at epoch 330 with loss 2.3378e+00
Epoch: 340/5000 - Time: 9.91s - Loss: 2.2680e+00 | a: 2.0349e+00, BC: 1.7466e-02, m: 2.5166e-02, u: 6.7630e-03, v: 9.0230e-03, pde_a: 3.2331e-02 geom: 2.6617e-04
Saving checkpoint at epoch 340 with loss 2.2680e+00
Epoch: 350/5000 - Time: 9.84s - Loss: 2.2957e+00 | a: 1.8324e+00, BC: 1.0488e-02, m: 2.7064e-02, u: 1.5651e-02, v: 2.4054e-02, pde_a: 2.8355e-02 geom: 2.9130e-04
Epoch: 360/5000 - Time: 10.66s - Loss: 2.1322e+00 | a: 1.8003e+00, BC: 2.1278e-02, m: 2.7456e-02, u: 1.1338e-02, v: 1.4296e-02, pde_a: 2.6521e-02 geom: 2.9602e-04
Saving checkpoint at epoch 360 with loss 2.1322e+00
Epoch: 370/5000 - Time: 10.64s - Loss: 1.9703e+00 | a: 1.7120e+00, BC: 1.2390e-02, m: 2.6759e-02, u: 8.2980e-03, v: 1.0288e-02, pde_a: 3.3000e-02 geom: 3.0456e-04
Saving checkpoint at epoch 370 with loss 1.9703e+00
Epoch: 380/5000 - Time: 10.62s - Loss: 1.9902e+00 | a: 1.6553e+00, BC: 1.3094e-02, m: 2.6998e-02, u: 1.1670e-02, v: 1.5434e-02, pde_a: 2.3387e-02 geom: 3.1470e-04
Epoch: 390/5000 - Time: 10.76s - Loss: 1.8727e+00 | a: 1.5954e+00, BC: 9.8776e-03, m: 2.7035e-02, u: 9.1350e-03, v: 1.1976e-02, pde_a: 2.8960e-02 geom: 3.1927e-04
Saving checkpoint at epoch 390 with loss 1.8727e+00
Epoch: 400/5000 - Time: 9.97s - Loss: 1.8622e+00 | a: 1.5444e+00, BC: 1.2062e-02, m: 2.8973e-02, u: 9.7566e-03, v: 1.4494e-02, pde_a: 3.3920e-02 geom: 3.2651e-04
Saving checkpoint at epoch 400 with loss 1.8622e+00
Epoch: 410/5000 - Time: 10.00s - Loss: 1.6675e+00 | a: 1.4708e+00, BC: 9.8683e-03, m: 2.7522e-02, u: 6.3733e-03, v: 6.9905e-03, pde_a: 2.5282e-02 geom: 3.2313e-04
Saving checkpoint at epoch 410 with loss 1.6675e+00
Epoch: 420/5000 - Time: 10.03s - Loss: 1.7300e+00 | a: 1.4056e+00, BC: 7.7002e-03, m: 2.8800e-02, u: 1.1016e-02, v: 1.5613e-02, pde_a: 2.1277e-02 geom: 3.2481e-04
Epoch: 430/5000 - Time: 10.91s - Loss: 1.5872e+00 | a: 1.3444e+00, BC: 8.9970e-03, m: 2.8881e-02, u: 7.8341e-03, v: 1.0240e-02, pde_a: 2.3776e-02 geom: 3.3359e-04
Saving checkpoint at epoch 430 with loss 1.5872e+00
Epoch: 440/5000 - Time: 10.34s - Loss: 1.6469e+00 | a: 1.3028e+00, BC: 1.1532e-02, m: 3.0716e-02, u: 9.8892e-03, v: 1.4235e-02, pde_a: 6.0234e-02 geom: 3.3707e-04
Epoch: 450/5000 - Time: 10.63s - Loss: 1.4648e+00 | a: 1.2584e+00, BC: 5.9685e-03, m: 2.7153e-02, u: 6.8036e-03, v: 8.4573e-03, pde_a: 2.0311e-02 geom: 3.3168e-04
Saving checkpoint at epoch 450 with loss 1.4648e+00
Epoch: 460/5000 - Time: 10.68s - Loss: 1.4228e+00 | a: 1.2092e+00, BC: 7.2353e-03, m: 2.8018e-02, u: 6.9124e-03, v: 8.7796e-03, pde_a: 2.1044e-02 geom: 3.4210e-04
Saving checkpoint at epoch 460 with loss 1.4228e+00
Epoch: 470/5000 - Time: 10.78s - Loss: 2.3879e+00 | a: 1.4644e+00, BC: 2.4808e-02, m: 4.2349e-02, u: 2.8733e-02, v: 5.1936e-02, pde_a: 4.9231e-02 geom: 3.6708e-04
Epoch: 480/5000 - Time: 10.75s - Loss: 1.4345e+00 | a: 1.1756e+00, BC: 8.6350e-03, m: 2.9194e-02, u: 8.2668e-03, v: 1.1073e-02, pde_a: 2.7269e-02 geom: 3.5505e-04
Epoch: 490/5000 - Time: 10.48s - Loss: 1.3441e+00 | a: 1.0914e+00, BC: 5.5786e-03, m: 2.6104e-02, u: 8.6262e-03, v: 1.1748e-02, pde_a: 1.6928e-02 geom: 3.3036e-04
Saving checkpoint at epoch 490 with loss 1.3441e+00
Epoch: 500/5000 - Time: 9.85s - Loss: 1.2508e+00 | a: 1.0569e+00, BC: 6.5293e-03, m: 2.7215e-02, u: 6.5087e-03, v: 7.8000e-03, pde_a: 1.6819e-02 geom: 3.3334e-04
Saving checkpoint at epoch 500 with loss 1.2508e+00
Epoch: 510/5000 - Time: 10.15s - Loss: 1.5716e+00 | a: 1.1082e+00, BC: 1.2318e-02, m: 3.3199e-02, u: 1.3610e-02, v: 2.2538e-02, pde_a: 5.6020e-02 geom: 3.5616e-04
Epoch: 520/5000 - Time: 10.93s - Loss: 1.3350e+00 | a: 1.0219e+00, BC: 7.3960e-03, m: 2.8633e-02, u: 1.0096e-02, v: 1.4592e-02, pde_a: 2.9799e-02 geom: 3.4008e-04
Epoch: 530/5000 - Time: 9.84s - Loss: 1.7036e+00 | a: 1.0958e+00, BC: 4.2615e-02, m: 4.4236e-02, u: 1.6299e-02, v: 2.4247e-02, pde_a: 1.1517e-01 geom: 3.8030e-04
Epoch: 540/5000 - Time: 9.76s - Loss: 1.0646e+00 | a: 8.9067e-01, BC: 5.5673e-03, m: 2.5095e-02, u: 5.9235e-03, v: 6.7093e-03, pde_a: 1.6570e-02 geom: 3.3388e-04
Saving checkpoint at epoch 540 with loss 1.0646e+00
Epoch: 550/5000 - Time: 9.87s - Loss: 1.2429e+00 | a: 9.4525e-01, BC: 6.6464e-03, m: 2.6069e-02, u: 9.7090e-03, v: 1.3933e-02, pde_a: 2.8110e-02 geom: 3.4908e-04
Epoch: 560/5000 - Time: 10.72s - Loss: 1.1219e+00 | a: 8.5213e-01, BC: 8.4111e-03, m: 2.6326e-02, u: 8.4052e-03, v: 1.1724e-02, pde_a: 3.3388e-02 geom: 3.2560e-04
Epoch: 570/5000 - Time: 10.60s - Loss: 1.0206e+00 | a: 8.1894e-01, BC: 5.3491e-03, m: 2.4174e-02, u: 6.7413e-03, v: 8.3911e-03, pde_a: 2.0441e-02 geom: 3.2529e-04
Saving checkpoint at epoch 570 with loss 1.0206e+00
Epoch: 580/5000 - Time: 10.72s - Loss: 1.1403e+00 | a: 8.0704e-01, BC: 5.3661e-03, m: 2.5245e-02, u: 1.1537e-02, v: 1.6610e-02, pde_a: 2.0840e-02 geom: 3.2896e-04
Epoch: 590/5000 - Time: 10.90s - Loss: 1.2735e+00 | a: 8.2870e-01, BC: 6.4757e-03, m: 2.5706e-02, u: 1.5142e-02, v: 2.2612e-02, pde_a: 3.4734e-02 geom: 3.5037e-04
Epoch: 600/5000 - Time: 10.18s - Loss: 1.3190e+00 | a: 8.8189e-01, BC: 5.9627e-03, m: 2.5254e-02, u: 1.4841e-02, v: 2.3416e-02, pde_a: 2.3045e-02 geom: 3.2910e-04
Epoch: 610/5000 - Time: 9.96s - Loss: 9.0967e-01 | a: 7.0873e-01, BC: 3.9206e-03, m: 2.2386e-02, u: 7.0780e-03, v: 9.0016e-03, pde_a: 1.3533e-02 geom: 3.0081e-04
Saving checkpoint at epoch 610 with loss 9.0967e-01
Epoch: 620/5000 - Time: 10.71s - Loss: 9.1433e-01 | a: 7.2546e-01, BC: 4.8108e-03, m: 2.2946e-02, u: 5.9574e-03, v: 8.1541e-03, pde_a: 1.9681e-02 geom: 3.1777e-04
Epoch: 630/5000 - Time: 10.88s - Loss: 9.4246e-01 | a: 7.0508e-01, BC: 4.3035e-03, m: 2.2552e-02, u: 8.2292e-03, v: 1.1270e-02, pde_a: 1.5224e-02 geom: 3.1570e-04
Epoch: 640/5000 - Time: 10.94s - Loss: 8.6048e-01 | a: 6.9445e-01, BC: 4.4227e-03, m: 2.1320e-02, u: 5.7201e-03, v: 6.9275e-03, pde_a: 1.3508e-02 geom: 3.0382e-04
Saving checkpoint at epoch 640 with loss 8.6048e-01
Epoch: 650/5000 - Time: 10.25s - Loss: 1.1630e+00 | a: 7.0128e-01, BC: 8.2322e-03, m: 2.5159e-02, u: 1.4324e-02, v: 2.2714e-02, pde_a: 5.7621e-02 geom: 3.3115e-04
Epoch: 660/5000 - Time: 9.82s - Loss: 1.0933e+00 | a: 6.9992e-01, BC: 6.5348e-03, m: 2.3222e-02, u: 1.3198e-02, v: 2.0951e-02, pde_a: 2.1851e-02 geom: 3.1205e-04
Epoch: 670/5000 - Time: 9.82s - Loss: 8.1497e-01 | a: 6.5518e-01, BC: 5.0425e-03, m: 2.0599e-02, u: 5.3765e-03, v: 5.9268e-03, pde_a: 2.0823e-02 geom: 3.0195e-04
Saving checkpoint at epoch 670 with loss 8.1497e-01
Epoch: 680/5000 - Time: 9.88s - Loss: 1.2146e+00 | a: 7.0720e-01, BC: 7.6453e-03, m: 2.4620e-02, u: 1.6994e-02, v: 2.5364e-02, pde_a: 5.1159e-02 geom: 3.3935e-04
Epoch: 690/5000 - Time: 9.83s - Loss: 3.1338e+00 | a: 1.7719e+00, BC: 8.4144e-02, m: 6.7412e-02, u: 3.4364e-02, v: 7.6545e-02, pde_a: 1.0085e-01 geom: 3.6593e-04
Epoch: 700/5000 - Time: 9.93s - Loss: 9.0941e-01 | a: 6.5747e-01, BC: 1.1250e-02, m: 2.4027e-02, u: 7.7579e-03, v: 1.0476e-02, pde_a: 3.4019e-02 geom: 3.0778e-04
Epoch: 710/5000 - Time: 10.79s - Loss: 7.5465e-01 | a: 5.8212e-01, BC: 3.8458e-03, m: 1.9080e-02, u: 6.0419e-03, v: 7.8544e-03, pde_a: 1.0359e-02 geom: 2.7849e-04
Saving checkpoint at epoch 710 with loss 7.5465e-01
Epoch: 720/5000 - Time: 11.14s - Loss: 7.0578e-01 | a: 5.7590e-01, BC: 3.7541e-03, m: 1.9118e-02, u: 4.3929e-03, v: 4.8504e-03, pde_a: 1.4295e-02 geom: 2.8170e-04
Saving checkpoint at epoch 720 with loss 7.0578e-01
Epoch: 730/5000 - Time: 10.53s - Loss: 9.1610e-01 | a: 6.3526e-01, BC: 1.5630e-02, m: 2.4157e-02, u: 9.5223e-03, v: 1.0541e-02, pde_a: 4.0112e-02 geom: 3.1902e-04
Epoch: 740/5000 - Time: 9.80s - Loss: 1.2251e+00 | a: 7.8028e-01, BC: 1.7860e-02, m: 2.5970e-02, u: 1.3041e-02, v: 1.9479e-02, pde_a: 7.5441e-02 geom: 3.3915e-04
Epoch: 750/5000 - Time: 9.85s - Loss: 7.9415e-01 | a: 5.2432e-01, BC: 3.9154e-03, m: 2.0672e-02, u: 9.2222e-03, v: 1.3589e-02, pde_a: 1.6855e-02 geom: 2.7416e-04
Epoch: 760/5000 - Time: 10.47s - Loss: 1.8662e+00 | a: 1.0467e+00, BC: 1.5624e-02, m: 3.4355e-02, u: 2.6471e-02, v: 4.2978e-02, pde_a: 7.4617e-02 geom: 4.0686e-04
Epoch: 770/5000 - Time: 10.36s - Loss: 6.5540e-01 | a: 5.2057e-01, BC: 3.9263e-03, m: 1.8923e-02, u: 4.4729e-03, v: 5.2026e-03, pde_a: 1.4953e-02 geom: 2.6893e-04
Saving checkpoint at epoch 770 with loss 6.5540e-01
Epoch: 780/5000 - Time: 9.80s - Loss: 8.1843e-01 | a: 5.7206e-01, BC: 4.2180e-03, m: 1.9220e-02, u: 8.0235e-03, v: 1.1792e-02, pde_a: 2.4490e-02 geom: 2.9752e-04
Epoch: 790/5000 - Time: 9.80s - Loss: 8.8916e-01 | a: 6.1509e-01, BC: 1.2266e-02, m: 2.3288e-02, u: 7.3157e-03, v: 1.2311e-02, pde_a: 4.1933e-02 geom: 3.0639e-04
Epoch: 800/5000 - Time: 10.41s - Loss: 7.0456e-01 | a: 4.9328e-01, BC: 3.4252e-03, m: 1.8776e-02, u: 7.3719e-03, v: 1.0127e-02, pde_a: 1.3825e-02 geom: 2.6067e-04
Epoch: 810/5000 - Time: 10.90s - Loss: 1.6713e+00 | a: 8.3261e-01, BC: 1.7753e-02, m: 2.8777e-02, u: 2.5761e-02, v: 4.3022e-02, pde_a: 1.0390e-01 geom: 3.9179e-04
Epoch: 820/5000 - Time: 10.20s - Loss: 7.9040e-01 | a: 5.3622e-01, BC: 5.5649e-03, m: 1.9796e-02, u: 8.0446e-03, v: 1.1573e-02, pde_a: 3.2345e-02 geom: 2.8937e-04
Epoch: 830/5000 - Time: 9.78s - Loss: 1.2284e+00 | a: 6.3865e-01, BC: 1.2126e-02, m: 2.4422e-02, u: 1.6688e-02, v: 3.1191e-02, pde_a: 7.4090e-02 geom: 3.3120e-04
Epoch: 840/5000 - Time: 9.87s - Loss: 5.9201e-01 | a: 4.6079e-01, BC: 4.1061e-03, m: 1.7724e-02, u: 4.1746e-03, v: 5.0063e-03, pde_a: 1.7338e-02 geom: 2.4647e-04
Saving checkpoint at epoch 840 with loss 5.9201e-01
Epoch: 850/5000 - Time: 10.59s - Loss: 1.1218e+00 | a: 5.8832e-01, BC: 1.4108e-02, m: 2.6319e-02, u: 1.5504e-02, v: 2.8675e-02, pde_a: 5.0960e-02 geom: 3.0869e-04
Epoch: 860/5000 - Time: 10.86s - Loss: 5.5210e-01 | a: 4.3494e-01, BC: 3.9105e-03, m: 1.7133e-02, u: 3.8643e-03, v: 4.4046e-03, pde_a: 1.3187e-02 geom: 2.3698e-04
Saving checkpoint at epoch 860 with loss 5.5210e-01
Epoch: 870/5000 - Time: 10.55s - Loss: 5.9288e-01 | a: 4.7302e-01, BC: 3.2359e-03, m: 1.6516e-02, u: 3.8788e-03, v: 4.7220e-03, pde_a: 1.3848e-02 geom: 2.5472e-04
Epoch: 880/5000 - Time: 10.78s - Loss: 9.0069e-01 | a: 6.0303e-01, BC: 6.1052e-03, m: 1.8611e-02, u: 9.0760e-03, v: 1.4459e-02, pde_a: 3.7272e-02 geom: 3.1931e-04
Epoch: 890/5000 - Time: 10.06s - Loss: 5.6090e-01 | a: 4.5379e-01, BC: 3.8251e-03, m: 1.6273e-02, u: 3.4572e-03, v: 4.1187e-03, pde_a: 1.1004e-02 geom: 2.4512e-04
Epoch: 900/5000 - Time: 9.99s - Loss: 5.2365e-01 | a: 4.1305e-01, BC: 2.9226e-03, m: 1.6651e-02, u: 3.8338e-03, v: 3.9498e-03, pde_a: 1.2959e-02 geom: 2.3226e-04
Saving checkpoint at epoch 900 with loss 5.2365e-01
Epoch: 910/5000 - Time: 9.96s - Loss: 6.6359e-01 | a: 4.6470e-01, BC: 3.7029e-03, m: 1.7160e-02, u: 6.3573e-03, v: 9.2679e-03, pde_a: 2.1519e-02 geom: 2.5572e-04
Epoch: 920/5000 - Time: 11.30s - Loss: 1.0177e+00 | a: 5.4327e-01, BC: 1.0298e-02, m: 2.1377e-02, u: 1.3334e-02, v: 2.5942e-02, pde_a: 4.9718e-02 geom: 3.0845e-04
Epoch: 930/5000 - Time: 10.53s - Loss: 5.1373e-01 | a: 4.0095e-01, BC: 3.2415e-03, m: 1.6713e-02, u: 3.8739e-03, v: 3.9075e-03, pde_a: 1.4773e-02 geom: 2.3387e-04
Saving checkpoint at epoch 930 with loss 5.1373e-01
Epoch: 940/5000 - Time: 10.08s - Loss: 1.3688e+00 | a: 5.6510e-01, BC: 1.6580e-02, m: 2.6198e-02, u: 2.2556e-02, v: 4.6231e-02, pde_a: 7.2708e-02 geom: 3.1946e-04
Epoch: 950/5000 - Time: 9.99s - Loss: 1.7838e+00 | a: 8.1491e-01, BC: 1.9513e-02, m: 3.0581e-02, u: 3.0421e-02, v: 5.2148e-02, pde_a: 9.2653e-02 geom: 4.0821e-04
Epoch: 960/5000 - Time: 9.90s - Loss: 5.3125e-01 | a: 3.6155e-01, BC: 3.0838e-03, m: 1.6788e-02, u: 5.3988e-03, v: 6.9855e-03, pde_a: 2.5777e-02 geom: 2.1168e-04
Epoch: 970/5000 - Time: 9.74s - Loss: 5.8077e-01 | a: 3.8753e-01, BC: 5.6697e-03, m: 1.7414e-02, u: 5.7543e-03, v: 8.4537e-03, pde_a: 2.7847e-02 geom: 2.2750e-04
Epoch: 980/5000 - Time: 9.72s - Loss: 6.9604e-01 | a: 3.9559e-01, BC: 7.3107e-03, m: 1.9775e-02, u: 9.0862e-03, v: 1.1717e-02, pde_a: 6.5095e-02 geom: 2.4298e-04
Epoch: 990/5000 - Time: 10.20s - Loss: 1.3224e+00 | a: 8.4182e-01, BC: 3.5430e-02, m: 3.7009e-02, u: 1.4992e-02, v: 1.8246e-02, pde_a: 7.5434e-02 geom: 3.6631e-04
Epoch: 1000/5000 - Time: 10.90s - Loss: 1.0619e+00 | a: 4.7294e-01, BC: 1.0066e-02, m: 2.2863e-02, u: 1.6675e-02, v: 3.0134e-02, pde_a: 8.7603e-02 geom: 2.9415e-04
Epoch: 1010/5000 - Time: 10.93s - Loss: 7.7776e-01 | a: 4.5506e-01, BC: 5.5460e-03, m: 1.8040e-02, u: 1.0017e-02, v: 1.6152e-02, pde_a: 3.7146e-02 geom: 2.7947e-04
Epoch: 1020/5000 - Time: 10.07s - Loss: 4.7987e-01 | a: 3.5478e-01, BC: 3.2155e-03, m: 1.5789e-02, u: 3.9404e-03, v: 4.4307e-03, pde_a: 2.2168e-02 geom: 2.0928e-04
Saving checkpoint at epoch 1020 with loss 4.7987e-01
Epoch: 1030/5000 - Time: 10.42s - Loss: 5.0356e-01 | a: 3.9372e-01, BC: 2.4721e-03, m: 1.4852e-02, u: 3.3889e-03, v: 4.3532e-03, pde_a: 1.4857e-02 geom: 2.3142e-04
Epoch: 1040/5000 - Time: 10.26s - Loss: 5.0665e-01 | a: 3.8497e-01, BC: 2.7317e-03, m: 1.5539e-02, u: 3.7359e-03, v: 4.8413e-03, pde_a: 1.7391e-02 geom: 2.3874e-04
Epoch: 1050/5000 - Time: 9.85s - Loss: 6.1131e-01 | a: 3.7534e-01, BC: 3.2178e-03, m: 1.6361e-02, u: 7.4214e-03, v: 1.1793e-02, pde_a: 2.4012e-02 geom: 2.3865e-04
Epoch: 1060/5000 - Time: 9.80s - Loss: 8.9398e-01 | a: 4.5096e-01, BC: 2.0789e-02, m: 2.6669e-02, u: 1.3998e-02, v: 2.0714e-02, pde_a: 4.8180e-02 geom: 2.6804e-04
Epoch: 1070/5000 - Time: 10.12s - Loss: 7.0025e-01 | a: 4.8985e-01, BC: 5.3518e-03, m: 1.6204e-02, u: 6.0438e-03, v: 9.4023e-03, pde_a: 3.4095e-02 geom: 2.9036e-04
Epoch: 1080/5000 - Time: 10.76s - Loss: 1.3520e+00 | a: 8.0351e-01, BC: 7.0612e-03, m: 2.0488e-02, u: 1.6419e-02, v: 3.0965e-02, pde_a: 4.6805e-02 geom: 3.0660e-04
Epoch: 1090/5000 - Time: 9.99s - Loss: 6.5199e-01 | a: 4.1238e-01, BC: 7.9115e-03, m: 1.8151e-02, u: 7.2248e-03, v: 1.0064e-02, pde_a: 4.0412e-02 geom: 2.5582e-04
Epoch: 1100/5000 - Time: 9.83s - Loss: 4.2256e-01 | a: 3.3389e-01, BC: 3.1010e-03, m: 1.4500e-02, u: 2.7114e-03, v: 3.1916e-03, pde_a: 1.1836e-02 geom: 1.9769e-04
Saving checkpoint at epoch 1100 with loss 4.2256e-01
Epoch: 1110/5000 - Time: 9.88s - Loss: 4.3709e-01 | a: 3.2664e-01, BC: 2.2210e-03, m: 1.4110e-02, u: 3.5257e-03, v: 4.5445e-03, pde_a: 1.3217e-02 geom: 1.9498e-04
Epoch: 1120/5000 - Time: 10.71s - Loss: 1.9736e+00 | a: 7.0177e-01, BC: 2.1004e-02, m: 3.5001e-02, u: 3.2312e-02, v: 8.1398e-02, pde_a: 7.8357e-02 geom: 3.8256e-04
Epoch: 1130/5000 - Time: 10.65s - Loss: 4.7790e-01 | a: 3.3515e-01, BC: 2.6029e-03, m: 1.5399e-02, u: 4.0363e-03, v: 6.1428e-03, pde_a: 2.2747e-02 geom: 2.1008e-04
Epoch: 1140/5000 - Time: 9.80s - Loss: 1.4174e+00 | a: 5.9499e-01, BC: 1.5966e-02, m: 2.4355e-02, u: 2.1315e-02, v: 4.6560e-02, pde_a: 1.0304e-01 geom: 3.3063e-04
Epoch: 1150/5000 - Time: 9.82s - Loss: 7.7896e-01 | a: 4.1340e-01, BC: 8.9629e-03, m: 1.9575e-02, u: 9.9874e-03, v: 1.5501e-02, pde_a: 8.1857e-02 geom: 2.7028e-04
Epoch: 1160/5000 - Time: 10.18s - Loss: 4.0740e-01 | a: 3.2192e-01, BC: 2.5199e-03, m: 1.4165e-02, u: 2.6617e-03, v: 3.1246e-03, pde_a: 1.0736e-02 geom: 1.9503e-04
Saving checkpoint at epoch 1160 with loss 4.0740e-01
Epoch: 1170/5000 - Time: 10.32s - Loss: 4.3645e-01 | a: 3.4174e-01, BC: 2.9867e-03, m: 1.4219e-02, u: 3.0575e-03, v: 3.5518e-03, pde_a: 1.1202e-02 geom: 2.1037e-04
Epoch: 1180/5000 - Time: 9.84s - Loss: 4.8087e-01 | a: 3.1518e-01, BC: 3.7531e-03, m: 1.4927e-02, u: 5.6429e-03, v: 7.0115e-03, pde_a: 2.0275e-02 geom: 1.9248e-04
Epoch: 1190/5000 - Time: 10.26s - Loss: 4.3243e-01 | a: 3.3323e-01, BC: 2.2524e-03, m: 1.4004e-02, u: 2.8965e-03, v: 3.9012e-03, pde_a: 1.4762e-02 geom: 2.0488e-04
Epoch: 1200/5000 - Time: 9.90s - Loss: 4.5649e-01 | a: 3.3605e-01, BC: 5.3841e-03, m: 1.5055e-02, u: 3.6925e-03, v: 4.3088e-03, pde_a: 1.9789e-02 geom: 2.0279e-04
Epoch: 1210/5000 - Time: 10.77s - Loss: 5.9774e-01 | a: 3.5421e-01, BC: 4.6149e-03, m: 1.6071e-02, u: 6.1151e-03, v: 1.1940e-02, pde_a: 4.2051e-02 geom: 2.3473e-04
Epoch: 1220/5000 - Time: 10.53s - Loss: 3.9986e-01 | a: 3.0405e-01, BC: 2.1470e-03, m: 1.4065e-02, u: 2.8965e-03, v: 3.8521e-03, pde_a: 1.1911e-02 geom: 1.9630e-04
Saving checkpoint at epoch 1220 with loss 3.9986e-01
Epoch: 1230/5000 - Time: 10.75s - Loss: 1.7044e+00 | a: 9.0030e-01, BC: 2.3677e-02, m: 2.9282e-02, u: 2.0299e-02, v: 4.2454e-02, pde_a: 1.2323e-01 geom: 3.9049e-04
Epoch: 1240/5000 - Time: 9.89s - Loss: 4.2835e-01 | a: 3.3428e-01, BC: 3.2768e-03, m: 1.4666e-02, u: 2.8157e-03, v: 3.1671e-03, pde_a: 1.6086e-02 geom: 2.0768e-04
Epoch: 1250/5000 - Time: 9.91s - Loss: 6.2136e-01 | a: 3.0182e-01, BC: 3.6429e-03, m: 1.6175e-02, u: 1.1079e-02, v: 1.5556e-02, pde_a: 3.3169e-02 geom: 2.0368e-04
Epoch: 1260/5000 - Time: 9.89s - Loss: 5.2830e-01 | a: 3.7931e-01, BC: 2.9412e-03, m: 1.4433e-02, u: 4.2896e-03, v: 6.1356e-03, pde_a: 2.7116e-02 geom: 2.4353e-04
Epoch: 1270/5000 - Time: 9.97s - Loss: 3.6374e-01 | a: 2.8584e-01, BC: 1.9891e-03, m: 1.3919e-02, u: 2.3644e-03, v: 2.8654e-03, pde_a: 9.5067e-03 geom: 1.8608e-04
Saving checkpoint at epoch 1270 with loss 3.6374e-01
Epoch: 1280/5000 - Time: 9.94s - Loss: 5.4433e-01 | a: 3.1592e-01, BC: 4.6682e-03, m: 1.6368e-02, u: 6.3732e-03, v: 9.9561e-03, pde_a: 4.3866e-02 geom: 2.0720e-04
Epoch: 1290/5000 - Time: 9.90s - Loss: 3.6289e-01 | a: 2.9777e-01, BC: 1.9666e-03, m: 1.2977e-02, u: 1.8854e-03, v: 2.2240e-03, pde_a: 8.8979e-03 geom: 1.8646e-04
Saving checkpoint at epoch 1290 with loss 3.6289e-01
Epoch: 1300/5000 - Time: 9.89s - Loss: 3.6739e-01 | a: 2.7486e-01, BC: 2.2712e-03, m: 1.3689e-02, u: 2.9690e-03, v: 3.2735e-03, pde_a: 1.3971e-02 geom: 1.7232e-04
Epoch: 1310/5000 - Time: 10.56s - Loss: 3.4525e-01 | a: 2.5680e-01, BC: 1.9384e-03, m: 1.3795e-02, u: 2.6745e-03, v: 3.4543e-03, pde_a: 1.1255e-02 geom: 1.6374e-04
Saving checkpoint at epoch 1310 with loss 3.4525e-01
Epoch: 1320/5000 - Time: 10.83s - Loss: 4.5984e-01 | a: 2.8433e-01, BC: 5.6963e-03, m: 1.5910e-02, u: 5.4967e-03, v: 6.6019e-03, pde_a: 3.2736e-02 geom: 1.8470e-04
Epoch: 1330/5000 - Time: 10.72s - Loss: 4.2184e-01 | a: 2.7238e-01, BC: 2.8422e-03, m: 1.4518e-02, u: 4.8327e-03, v: 6.3800e-03, pde_a: 1.9783e-02 geom: 1.8426e-04
Epoch: 1340/5000 - Time: 10.65s - Loss: 7.3356e-01 | a: 3.4600e-01, BC: 3.4349e-03, m: 1.5308e-02, u: 1.3737e-02, v: 2.0213e-02, pde_a: 2.9069e-02 geom: 2.4179e-04
Epoch: 1350/5000 - Time: 10.59s - Loss: 5.6935e-01 | a: 3.1463e-01, BC: 6.2580e-03, m: 1.6498e-02, u: 7.0017e-03, v: 1.1218e-02, pde_a: 4.9560e-02 geom: 2.1088e-04
Epoch: 1360/5000 - Time: 10.66s - Loss: 3.4116e-01 | a: 2.6617e-01, BC: 1.8121e-03, m: 1.3328e-02, u: 2.1681e-03, v: 2.7126e-03, pde_a: 1.0866e-02 geom: 1.7623e-04
Saving checkpoint at epoch 1360 with loss 3.4116e-01
Epoch: 1370/5000 - Time: 9.88s - Loss: 5.0170e-01 | a: 2.6565e-01, BC: 2.1668e-03, m: 1.4558e-02, u: 7.9061e-03, v: 1.1856e-02, pde_a: 2.1520e-02 geom: 1.8275e-04
Epoch: 1380/5000 - Time: 9.91s - Loss: 3.9099e-01 | a: 2.5252e-01, BC: 2.2234e-03, m: 1.4097e-02, u: 4.5490e-03, v: 6.0354e-03, pde_a: 1.6130e-02 geom: 1.6766e-04
Epoch: 1390/5000 - Time: 10.11s - Loss: 3.2707e-01 | a: 2.3922e-01, BC: 1.6135e-03, m: 1.3242e-02, u: 2.6496e-03, v: 3.2272e-03, pde_a: 1.4073e-02 geom: 1.5297e-04
Saving checkpoint at epoch 1390 with loss 3.2707e-01
Epoch: 1400/5000 - Time: 10.95s - Loss: 3.4526e-01 | a: 2.4119e-01, BC: 1.7778e-03, m: 1.3652e-02, u: 3.2835e-03, v: 4.3221e-03, pde_a: 1.2431e-02 geom: 1.5880e-04
Epoch: 1410/5000 - Time: 10.93s - Loss: 5.4628e-01 | a: 2.6569e-01, BC: 3.1382e-03, m: 1.4582e-02, u: 8.6459e-03, v: 1.3507e-02, pde_a: 4.1161e-02 geom: 1.8503e-04
Epoch: 1420/5000 - Time: 10.90s - Loss: 3.1900e-01 | a: 2.4606e-01, BC: 1.7829e-03, m: 1.3145e-02, u: 2.1905e-03, v: 2.6041e-03, pde_a: 9.9061e-03 geom: 1.6309e-04
Saving checkpoint at epoch 1420 with loss 3.1900e-01
Epoch: 1430/5000 - Time: 10.09s - Loss: 4.2250e-01 | a: 2.5272e-01, BC: 2.8811e-03, m: 1.4320e-02, u: 5.1943e-03, v: 7.1466e-03, pde_a: 2.8996e-02 geom: 1.7425e-04
Epoch: 1440/5000 - Time: 9.91s - Loss: 3.1994e-01 | a: 2.3382e-01, BC: 1.7548e-03, m: 1.2859e-02, u: 2.5761e-03, v: 3.3309e-03, pde_a: 1.2282e-02 geom: 1.5244e-04
Epoch: 1450/5000 - Time: 9.68s - Loss: 3.2012e-01 | a: 2.5236e-01, BC: 1.8222e-03, m: 1.2373e-02, u: 1.8465e-03, v: 2.3149e-03, pde_a: 1.1782e-02 geom: 1.6705e-04
Epoch: 1460/5000 - Time: 9.85s - Loss: 5.5165e-01 | a: 2.8336e-01, BC: 5.3182e-03, m: 1.7020e-02, u: 9.4306e-03, v: 1.0725e-02, pde_a: 4.4197e-02 geom: 1.9914e-04
Epoch: 1470/5000 - Time: 9.92s - Loss: 3.8872e-01 | a: 2.2810e-01, BC: 2.1376e-03, m: 1.3828e-02, u: 5.5999e-03, v: 6.4088e-03, pde_a: 2.4419e-02 geom: 1.5754e-04
Epoch: 1480/5000 - Time: 9.95s - Loss: 3.6837e-01 | a: 2.3657e-01, BC: 2.1201e-03, m: 1.3228e-02, u: 3.4872e-03, v: 4.6465e-03, pde_a: 3.4945e-02 geom: 1.6766e-04
Epoch: 1490/5000 - Time: 10.25s - Loss: 1.9003e+00 | a: 9.6863e-01, BC: 1.3656e-02, m: 2.3888e-02, u: 2.8769e-02, v: 5.3804e-02, pde_a: 6.8124e-02 geom: 2.5795e-04
Epoch: 1500/5000 - Time: 10.59s - Loss: 5.2227e-01 | a: 2.3531e-01, BC: 3.0250e-03, m: 1.3885e-02, u: 8.2283e-03, v: 1.2468e-02, pde_a: 6.2920e-02 geom: 1.6336e-04
Epoch: 1510/5000 - Time: 10.84s - Loss: 3.0743e-01 | a: 2.2970e-01, BC: 1.7052e-03, m: 1.2511e-02, u: 2.1536e-03, v: 2.6967e-03, pde_a: 1.4856e-02 geom: 1.5402e-04
Saving checkpoint at epoch 1510 with loss 3.0743e-01
Epoch: 1520/5000 - Time: 10.15s - Loss: 3.8284e-01 | a: 2.7421e-01, BC: 3.4922e-03, m: 1.3628e-02, u: 4.2000e-03, v: 3.5847e-03, pde_a: 1.3474e-02 geom: 1.8716e-04
Epoch: 1530/5000 - Time: 9.73s - Loss: 3.2842e-01 | a: 2.2055e-01, BC: 2.2902e-03, m: 1.2939e-02, u: 2.6780e-03, v: 3.7135e-03, pde_a: 2.8579e-02 geom: 1.4989e-04
Epoch: 1540/5000 - Time: 9.85s - Loss: 2.9451e-01 | a: 2.3290e-01, BC: 1.8372e-03, m: 1.1944e-02, u: 1.6858e-03, v: 2.0473e-03, pde_a: 1.0339e-02 geom: 1.5599e-04
Saving checkpoint at epoch 1540 with loss 2.9451e-01
Epoch: 1550/5000 - Time: 9.85s - Loss: 4.6989e-01 | a: 2.8237e-01, BC: 3.5741e-03, m: 1.3578e-02, u: 4.4802e-03, v: 9.8283e-03, pde_a: 2.7087e-02 geom: 1.9354e-04
Epoch: 1560/5000 - Time: 9.85s - Loss: 3.4801e-01 | a: 2.6538e-01, BC: 2.2388e-03, m: 1.2252e-02, u: 2.4086e-03, v: 3.0771e-03, pde_a: 1.3105e-02 geom: 1.7588e-04
Epoch: 1570/5000 - Time: 9.74s - Loss: 3.6425e-01 | a: 2.9592e-01, BC: 3.0186e-03, m: 1.2583e-02, u: 1.9074e-03, v: 2.2843e-03, pde_a: 1.0622e-02 geom: 1.8633e-04
Epoch: 1580/5000 - Time: 9.74s - Loss: 3.7447e-01 | a: 2.6391e-01, BC: 2.1557e-03, m: 1.2905e-02, u: 3.2486e-03, v: 4.7219e-03, pde_a: 1.5610e-02 geom: 1.9051e-04
Epoch: 1590/5000 - Time: 9.85s - Loss: 2.3397e+00 | a: 1.3337e+00, BC: 1.5143e-02, m: 2.6513e-02, u: 3.6258e-02, v: 5.6504e-02, pde_a: 3.6403e-02 geom: 2.6718e-04
Epoch: 1600/5000 - Time: 10.02s - Loss: 1.6478e+00 | a: 5.8336e-01, BC: 1.8145e-02, m: 2.5625e-02, u: 3.0146e-02, v: 5.3371e-02, pde_a: 1.8513e-01 geom: 3.5889e-04
Epoch: 1610/5000 - Time: 9.97s - Loss: 6.3132e-01 | a: 3.2927e-01, BC: 2.9947e-03, m: 1.3751e-02, u: 8.7413e-03, v: 1.6030e-02, pde_a: 3.7360e-02 geom: 2.2830e-04
Epoch: 1620/5000 - Time: 9.93s - Loss: 2.8175e-01 | a: 2.1927e-01, BC: 1.3925e-03, m: 1.1998e-02, u: 1.7301e-03, v: 2.1470e-03, pde_a: 1.0163e-02 geom: 1.4894e-04
Saving checkpoint at epoch 1620 with loss 2.8175e-01
Epoch: 1630/5000 - Time: 9.98s - Loss: 3.0993e-01 | a: 2.4383e-01, BC: 1.6790e-03, m: 1.2084e-02, u: 1.8204e-03, v: 2.2771e-03, pde_a: 1.1195e-02 geom: 1.6727e-04
Epoch: 1640/5000 - Time: 9.77s - Loss: 1.0158e+00 | a: 4.5576e-01, BC: 2.3963e-02, m: 2.2814e-02, u: 1.2456e-02, v: 1.9217e-02, pde_a: 1.9626e-01 geom: 3.0070e-04
Epoch: 1650/5000 - Time: 9.82s - Loss: 6.6511e-01 | a: 3.2573e-01, BC: 2.6724e-02, m: 2.0735e-02, u: 1.0105e-02, v: 1.5237e-02, pde_a: 3.8294e-02 geom: 2.1916e-04
Epoch: 1660/5000 - Time: 9.78s - Loss: 4.9306e-01 | a: 2.3204e-01, BC: 2.3865e-03, m: 1.4155e-02, u: 8.7827e-03, v: 1.2932e-02, pde_a: 2.7154e-02 geom: 1.7666e-04
Epoch: 1670/5000 - Time: 10.37s - Loss: 2.4761e+00 | a: 1.2051e+00, BC: 2.5596e-02, m: 3.2784e-02, u: 3.4982e-02, v: 8.1946e-02, pde_a: 4.3127e-02 geom: 2.8792e-04
Epoch: 1680/5000 - Time: 10.41s - Loss: 3.8918e-01 | a: 2.3640e-01, BC: 2.2398e-03, m: 1.2807e-02, u: 4.7662e-03, v: 7.5636e-03, pde_a: 1.4266e-02 geom: 1.6848e-04
Epoch: 1690/5000 - Time: 10.42s - Loss: 3.2536e-01 | a: 2.2361e-01, BC: 1.8921e-03, m: 1.2139e-02, u: 3.1058e-03, v: 3.7192e-03, pde_a: 1.9314e-02 geom: 1.5554e-04
Epoch: 1700/5000 - Time: 10.68s - Loss: 3.1219e-01 | a: 2.2973e-01, BC: 1.5182e-03, m: 1.1714e-02, u: 2.5396e-03, v: 3.1190e-03, pde_a: 1.2473e-02 geom: 1.6647e-04
Epoch: 1710/5000 - Time: 10.76s - Loss: 3.9554e-01 | a: 2.2670e-01, BC: 2.7787e-03, m: 1.2607e-02, u: 5.8746e-03, v: 7.5292e-03, pde_a: 1.9249e-02 geom: 1.6706e-04
Epoch: 1720/5000 - Time: 10.94s - Loss: 2.8169e-01 | a: 2.2125e-01, BC: 1.5121e-03, m: 1.1311e-02, u: 1.6685e-03, v: 2.0205e-03, pde_a: 1.0574e-02 geom: 1.5175e-04
Saving checkpoint at epoch 1720 with loss 2.8169e-01
Epoch: 1730/5000 - Time: 10.52s - Loss: 3.9940e-01 | a: 2.6985e-01, BC: 2.3353e-03, m: 1.2485e-02, u: 4.0551e-03, v: 5.7773e-03, pde_a: 1.6200e-02 geom: 2.0404e-04
Epoch: 1740/5000 - Time: 10.82s - Loss: 1.5600e+00 | a: 5.4939e-01, BC: 2.6323e-02, m: 2.9163e-02, u: 2.1241e-02, v: 5.4983e-02, pde_a: 1.9258e-01 geom: 3.3670e-04
Epoch: 1750/5000 - Time: 10.78s - Loss: 3.4241e-01 | a: 2.1261e-01, BC: 1.9309e-03, m: 1.2342e-02, u: 4.5687e-03, v: 5.4998e-03, pde_a: 1.4678e-02 geom: 1.6517e-04
Epoch: 1760/5000 - Time: 10.88s - Loss: 1.0815e+00 | a: 4.0989e-01, BC: 7.8243e-03, m: 1.8643e-02, u: 1.9375e-02, v: 4.0368e-02, pde_a: 4.7492e-02 geom: 2.5326e-04
Epoch: 1770/5000 - Time: 10.12s - Loss: 4.1216e-01 | a: 2.4855e-01, BC: 2.0365e-03, m: 1.2508e-02, u: 5.3727e-03, v: 7.8116e-03, pde_a: 1.7039e-02 geom: 1.8499e-04
Epoch: 1780/5000 - Time: 9.93s - Loss: 2.5055e-01 | a: 1.8874e-01, BC: 1.2671e-03, m: 1.1344e-02, u: 1.7054e-03, v: 2.0930e-03, pde_a: 1.1095e-02 geom: 1.2917e-04
Saving checkpoint at epoch 1780 with loss 2.5055e-01
Epoch: 1790/5000 - Time: 9.85s - Loss: 2.6332e-01 | a: 2.1229e-01, BC: 1.2593e-03, m: 1.1290e-02, u: 1.4027e-03, v: 1.5846e-03, pde_a: 8.4665e-03 geom: 1.4400e-04
Epoch: 1800/5000 - Time: 9.71s - Loss: 1.2322e+00 | a: 4.1460e-01, BC: 1.1454e-02, m: 2.2597e-02, u: 2.2009e-02, v: 4.3418e-02, pde_a: 1.2899e-01 geom: 2.9892e-04
Epoch: 1810/5000 - Time: 9.75s - Loss: 1.9507e+00 | a: 8.2531e-01, BC: 3.6791e-02, m: 3.7343e-02, u: 3.3778e-02, v: 5.5211e-02, pde_a: 1.6098e-01 geom: 3.5922e-04
Epoch: 1820/5000 - Time: 9.79s - Loss: 2.9608e+00 | a: 1.0511e+00, BC: 5.9179e-02, m: 4.0333e-02, u: 7.2279e-02, v: 9.8663e-02, pde_a: 1.0041e-01 geom: 3.6842e-04
Epoch: 1830/5000 - Time: 9.92s - Loss: 2.5556e-01 | a: 1.9427e-01, BC: 1.3409e-03, m: 1.1656e-02, u: 1.7794e-03, v: 1.8853e-03, pde_a: 1.1509e-02 geom: 1.4194e-04
Epoch: 1840/5000 - Time: 9.95s - Loss: 2.6752e-01 | a: 1.9472e-01, BC: 1.4942e-03, m: 1.1590e-02, u: 1.9871e-03, v: 2.7940e-03, pde_a: 1.1756e-02 geom: 1.4501e-04
Epoch: 1850/5000 - Time: 10.35s - Loss: 2.9865e-01 | a: 2.4596e-01, BC: 1.8811e-03, m: 1.0331e-02, u: 1.4691e-03, v: 1.5081e-03, pde_a: 1.0545e-02 geom: 1.5818e-04
Epoch: 1860/5000 - Time: 10.95s - Loss: 5.0312e-01 | a: 2.1583e-01, BC: 2.8684e-03, m: 1.2602e-02, u: 9.3730e-03, v: 1.5775e-02, pde_a: 2.0178e-02 geom: 1.6228e-04
Epoch: 1870/5000 - Time: 10.62s - Loss: 4.1792e-01 | a: 2.3107e-01, BC: 2.1683e-03, m: 1.2096e-02, u: 5.8941e-03, v: 9.5114e-03, pde_a: 1.8362e-02 geom: 1.6884e-04
Epoch: 1880/5000 - Time: 9.82s - Loss: 2.4694e-01 | a: 1.9910e-01, BC: 1.7587e-03, m: 1.0684e-02, u: 1.3318e-03, v: 1.4259e-03, pde_a: 7.6827e-03 geom: 1.3856e-04
Saving checkpoint at epoch 1880 with loss 2.4694e-01
Epoch: 1890/5000 - Time: 9.91s - Loss: 2.5615e-01 | a: 2.0697e-01, BC: 1.6206e-03, m: 1.0743e-02, u: 1.2993e-03, v: 1.4944e-03, pde_a: 8.7425e-03 geom: 1.4194e-04
Epoch: 1900/5000 - Time: 9.91s - Loss: 3.4203e-01 | a: 2.0750e-01, BC: 3.9906e-03, m: 1.2127e-02, u: 4.6526e-03, v: 5.1658e-03, pde_a: 2.0085e-02 geom: 1.4753e-04
Epoch: 1910/5000 - Time: 9.85s - Loss: 7.2984e-01 | a: 3.1414e-01, BC: 1.6807e-02, m: 2.0652e-02, u: 1.4554e-02, v: 1.6058e-02, pde_a: 7.1890e-02 geom: 2.2237e-04
Epoch: 1920/5000 - Time: 9.90s - Loss: 7.5664e-01 | a: 3.3924e-01, BC: 1.5355e-02, m: 1.9991e-02, u: 1.7897e-02, v: 1.7188e-02, pde_a: 3.0952e-02 geom: 2.6395e-04
Epoch: 1930/5000 - Time: 9.85s - Loss: 3.0000e-01 | a: 2.2008e-01, BC: 3.5196e-03, m: 1.1490e-02, u: 2.2814e-03, v: 2.7384e-03, pde_a: 1.4551e-02 geom: 1.5474e-04
Epoch: 1940/5000 - Time: 9.81s - Loss: 2.6190e-01 | a: 1.8863e-01, BC: 1.5010e-03, m: 1.0862e-02, u: 1.8791e-03, v: 2.8453e-03, pde_a: 1.3533e-02 geom: 1.3262e-04
Epoch: 1950/5000 - Time: 9.94s - Loss: 2.5060e-01 | a: 1.9905e-01, BC: 1.4382e-03, m: 1.0805e-02, u: 1.2795e-03, v: 1.5076e-03, pde_a: 1.1294e-02 geom: 1.3941e-04
Epoch: 1960/5000 - Time: 10.08s - Loss: 2.4550e-01 | a: 1.9515e-01, BC: 1.1983e-03, m: 1.0771e-02, u: 1.3088e-03, v: 1.5297e-03, pde_a: 9.8637e-03 geom: 1.3290e-04
Saving checkpoint at epoch 1960 with loss 2.4550e-01
Epoch: 1970/5000 - Time: 10.16s - Loss: 4.3125e-01 | a: 2.3234e-01, BC: 6.7362e-03, m: 1.2830e-02, u: 4.7138e-03, v: 5.7944e-03, pde_a: 7.4087e-02 geom: 1.7437e-04
Epoch: 1980/5000 - Time: 9.93s - Loss: 4.8856e-01 | a: 2.7346e-01, BC: 1.1673e-02, m: 1.4729e-02, u: 6.1664e-03, v: 7.7667e-03, pde_a: 4.9169e-02 geom: 1.9617e-04
Epoch: 1990/5000 - Time: 10.80s - Loss: 1.6329e+00 | a: 8.4731e-01, BC: 6.8761e-03, m: 1.7873e-02, u: 2.2565e-02, v: 4.6428e-02, pde_a: 7.0625e-02 geom: 2.4350e-04
Epoch: 2000/5000 - Time: 10.78s - Loss: 1.8380e+00 | a: 6.8392e-01, BC: 3.4476e-02, m: 3.0273e-02, u: 3.9990e-02, v: 6.1812e-02, pde_a: 7.0983e-02 geom: 3.6007e-04
Epoch: 2010/5000 - Time: 10.13s - Loss: 2.4696e-01 | a: 1.7950e-01, BC: 1.2621e-03, m: 1.1300e-02, u: 1.7752e-03, v: 2.5071e-03, pde_a: 1.1941e-02 geom: 1.3674e-04
Epoch: 2020/5000 - Time: 9.73s - Loss: 2.4135e-01 | a: 1.7561e-01, BC: 1.4724e-03, m: 1.0826e-02, u: 1.5500e-03, v: 2.0917e-03, pde_a: 1.6893e-02 geom: 1.3199e-04
Saving checkpoint at epoch 2020 with loss 2.4135e-01
Epoch: 2030/5000 - Time: 9.89s - Loss: 2.3364e-01 | a: 1.8455e-01, BC: 1.2309e-03, m: 1.0230e-02, u: 1.2203e-03, v: 1.4382e-03, pde_a: 1.0918e-02 geom: 1.2968e-04
Saving checkpoint at epoch 2030 with loss 2.3364e-01
Epoch: 2040/5000 - Time: 9.93s - Loss: 2.3486e-01 | a: 1.8101e-01, BC: 1.1739e-03, m: 1.0648e-02, u: 1.3978e-03, v: 1.5481e-03, pde_a: 1.2442e-02 geom: 1.3059e-04
Epoch: 2050/5000 - Time: 9.96s - Loss: 2.7029e-01 | a: 2.1992e-01, BC: 1.5286e-03, m: 1.0562e-02, u: 1.2206e-03, v: 1.4996e-03, pde_a: 1.0913e-02 geom: 1.6311e-04
Epoch: 2060/5000 - Time: 9.89s - Loss: 3.9695e-01 | a: 2.3487e-01, BC: 6.4743e-03, m: 1.2404e-02, u: 4.1231e-03, v: 5.5456e-03, pde_a: 4.6347e-02 geom: 1.6777e-04
Epoch: 2070/5000 - Time: 10.77s - Loss: 2.8222e-01 | a: 1.7167e-01, BC: 2.3997e-03, m: 1.1201e-02, u: 2.5449e-03, v: 3.6197e-03, pde_a: 3.5183e-02 geom: 1.2716e-04
Epoch: 2080/5000 - Time: 10.08s - Loss: 2.3080e-01 | a: 1.8710e-01, BC: 1.5248e-03, m: 1.0239e-02, u: 1.1264e-03, v: 1.2372e-03, pde_a: 8.1644e-03 geom: 1.3310e-04
Saving checkpoint at epoch 2080 with loss 2.3080e-01
Epoch: 2090/5000 - Time: 10.67s - Loss: 9.5541e-01 | a: 4.7451e-01, BC: 2.9381e-02, m: 2.6166e-02, u: 1.6416e-02, v: 1.8919e-02, pde_a: 7.1706e-02 geom: 2.9204e-04
Epoch: 2100/5000 - Time: 10.61s - Loss: 2.5858e-01 | a: 1.7276e-01, BC: 1.8680e-03, m: 1.0811e-02, u: 2.2809e-03, v: 2.8410e-03, pde_a: 2.1785e-02 geom: 1.3300e-04
Epoch: 2110/5000 - Time: 10.50s - Loss: 1.0344e+00 | a: 5.2748e-01, BC: 7.9128e-03, m: 1.5294e-02, u: 1.3514e-02, v: 2.2863e-02, pde_a: 1.1963e-01 geom: 3.0377e-04
Epoch: 2120/5000 - Time: 10.84s - Loss: 2.4154e-01 | a: 1.6729e-01, BC: 1.2176e-03, m: 1.0520e-02, u: 2.0893e-03, v: 2.8189e-03, pde_a: 1.3300e-02 geom: 1.2541e-04
Epoch: 2130/5000 - Time: 10.84s - Loss: 1.5442e+00 | a: 6.8783e-01, BC: 1.6670e-02, m: 2.1684e-02, u: 2.3054e-02, v: 4.9090e-02, pde_a: 9.6185e-02 geom: 3.5423e-04
Epoch: 2140/5000 - Time: 10.58s - Loss: 2.3195e-01 | a: 1.5543e-01, BC: 1.3583e-03, m: 1.0597e-02, u: 1.9216e-03, v: 2.6490e-03, pde_a: 1.8744e-02 geom: 1.2019e-04
Epoch: 2150/5000 - Time: 9.76s - Loss: 4.9613e-01 | a: 2.2902e-01, BC: 1.1304e-02, m: 1.3885e-02, u: 9.4356e-03, v: 1.0887e-02, pde_a: 3.8524e-02 geom: 1.7246e-04
Epoch: 2160/5000 - Time: 9.77s - Loss: 5.7277e-01 | a: 2.2158e-01, BC: 6.6644e-03, m: 1.3943e-02, u: 9.9336e-03, v: 1.8643e-02, pde_a: 4.4624e-02 geom: 1.8279e-04
Epoch: 2170/5000 - Time: 10.33s - Loss: 2.6440e-01 | a: 2.0269e-01, BC: 2.4818e-03, m: 1.0228e-02, u: 1.6600e-03, v: 1.8501e-03, pde_a: 1.3762e-02 geom: 1.3951e-04
Epoch: 2180/5000 - Time: 10.87s - Loss: 2.5276e+00 | a: 1.1215e+00, BC: 3.2485e-02, m: 2.8376e-02, u: 4.1312e-02, v: 6.6985e-02, pde_a: 2.6190e-01 geom: 3.3726e-04
Epoch: 2190/5000 - Time: 10.87s - Loss: 2.3156e-01 | a: 1.8121e-01, BC: 1.1704e-03, m: 9.6358e-03, u: 1.2240e-03, v: 1.4813e-03, pde_a: 1.2350e-02 geom: 1.4023e-04
Epoch: 2200/5000 - Time: 10.46s - Loss: 2.6337e-01 | a: 2.0690e-01, BC: 1.4688e-03, m: 9.6380e-03, u: 1.5983e-03, v: 1.8117e-03, pde_a: 1.1112e-02 geom: 1.5582e-04
Epoch: 2210/5000 - Time: 10.67s - Loss: 2.3985e-01 | a: 1.9385e-01, BC: 1.6594e-03, m: 9.8872e-03, u: 1.1921e-03, v: 1.3424e-03, pde_a: 8.9715e-03 geom: 1.3911e-04
Epoch: 2220/5000 - Time: 10.55s - Loss: 3.8662e-01 | a: 2.2624e-01, BC: 6.2869e-03, m: 1.2176e-02, u: 5.2224e-03, v: 5.9018e-03, pde_a: 3.0498e-02 geom: 1.7194e-04
Epoch: 2230/5000 - Time: 9.76s - Loss: 7.0236e-01 | a: 2.7881e-01, BC: 1.4213e-02, m: 1.4884e-02, u: 1.1690e-02, v: 1.4401e-02, pde_a: 1.3333e-01 geom: 2.1246e-04
Epoch: 2240/5000 - Time: 9.80s - Loss: 2.9436e-01 | a: 1.9436e-01, BC: 3.6385e-03, m: 1.0482e-02, u: 2.5849e-03, v: 2.9874e-03, pde_a: 3.0008e-02 geom: 1.4856e-04
Epoch: 2250/5000 - Time: 10.27s - Loss: 2.4919e-01 | a: 1.8388e-01, BC: 2.3681e-03, m: 9.8991e-03, u: 1.8291e-03, v: 2.0125e-03, pde_a: 1.4497e-02 geom: 1.3023e-04
Epoch: 2260/5000 - Time: 9.76s - Loss: 2.4097e-01 | a: 1.9549e-01, BC: 1.6202e-03, m: 9.9382e-03, u: 1.2312e-03, v: 1.2580e-03, pde_a: 8.8938e-03 geom: 1.3559e-04
Epoch: 2270/5000 - Time: 10.67s - Loss: 7.8037e-01 | a: 2.8229e-01, BC: 6.6133e-03, m: 1.3809e-02, u: 6.6045e-03, v: 8.1176e-03, pde_a: 3.3023e-01 geom: 2.0450e-04
Epoch: 2280/5000 - Time: 10.84s - Loss: 8.6411e-01 | a: 3.2311e-01, BC: 2.3375e-02, m: 1.7711e-02, u: 1.5774e-02, v: 1.9601e-02, pde_a: 1.4591e-01 geom: 2.4284e-04
Epoch: 2290/5000 - Time: 10.12s - Loss: 6.0285e-01 | a: 3.1914e-01, BC: 1.6419e-02, m: 1.7392e-02, u: 9.1837e-03, v: 1.1901e-02, pde_a: 3.8813e-02 geom: 2.3287e-04
Epoch: 2300/5000 - Time: 9.73s - Loss: 8.4835e-01 | a: 3.1196e-01, BC: 1.0618e-02, m: 1.7550e-02, u: 1.9964e-02, v: 2.6282e-02, pde_a: 4.5537e-02 geom: 2.3869e-04
Epoch: 2310/5000 - Time: 9.87s - Loss: 3.2006e-01 | a: 1.6605e-01, BC: 2.5630e-03, m: 1.0505e-02, u: 5.6844e-03, v: 6.1960e-03, pde_a: 2.2005e-02 geom: 1.3166e-04
Epoch: 2320/5000 - Time: 9.71s - Loss: 2.4656e-01 | a: 1.5253e-01, BC: 1.4888e-03, m: 9.2954e-03, u: 1.3638e-03, v: 1.7969e-03, pde_a: 5.1522e-02 geom: 1.1768e-04
Epoch: 2330/5000 - Time: 9.88s - Loss: 2.9727e-01 | a: 1.9217e-01, BC: 2.1427e-03, m: 9.5696e-03, u: 3.2620e-03, v: 4.2305e-03, pde_a: 1.8294e-02 geom: 1.6124e-04
Epoch: 2340/5000 - Time: 9.84s - Loss: 2.2112e-01 | a: 1.5345e-01, BC: 1.2963e-03, m: 9.6368e-03, u: 1.5707e-03, v: 1.7360e-03, pde_a: 2.3543e-02 geom: 1.2456e-04
Saving checkpoint at epoch 2340 with loss 2.2112e-01
Epoch: 2350/5000 - Time: 9.80s - Loss: 2.1508e-01 | a: 1.6384e-01, BC: 1.0381e-03, m: 9.2441e-03, u: 1.0877e-03, v: 1.4103e-03, pde_a: 1.5858e-02 geom: 1.1870e-04
Saving checkpoint at epoch 2350 with loss 2.1508e-01
Epoch: 2360/5000 - Time: 10.43s - Loss: 1.1166e+00 | a: 4.9792e-01, BC: 2.7084e-02, m: 2.0269e-02, u: 1.6892e-02, v: 1.9511e-02, pde_a: 2.0699e-01 geom: 3.4423e-04
Epoch: 2370/5000 - Time: 10.70s - Loss: 2.1719e-01 | a: 1.6185e-01, BC: 1.2768e-03, m: 9.5117e-03, u: 1.5271e-03, v: 1.6546e-03, pde_a: 1.2602e-02 geom: 1.3255e-04
Epoch: 2380/5000 - Time: 10.62s - Loss: 2.0520e-01 | a: 1.4664e-01, BC: 1.1398e-03, m: 9.5262e-03, u: 1.4876e-03, v: 1.7611e-03, pde_a: 1.5297e-02 geom: 1.1188e-04
Saving checkpoint at epoch 2380 with loss 2.0520e-01
Epoch: 2390/5000 - Time: 10.99s - Loss: 1.9664e-01 | a: 1.4439e-01, BC: 9.8809e-04, m: 9.4715e-03, u: 1.4156e-03, v: 1.7456e-03, pde_a: 1.0062e-02 geom: 1.1105e-04
Saving checkpoint at epoch 2390 with loss 1.9664e-01
Epoch: 2400/5000 - Time: 10.25s - Loss: 2.4715e-01 | a: 1.4932e-01, BC: 1.5124e-03, m: 9.6028e-03, u: 2.4945e-03, v: 3.2871e-03, pde_a: 2.8779e-02 geom: 1.1840e-04
Epoch: 2410/5000 - Time: 9.86s - Loss: 2.0554e-01 | a: 1.6401e-01, BC: 1.2746e-03, m: 9.1391e-03, u: 1.0716e-03, v: 1.1921e-03, pde_a: 8.3545e-03 geom: 1.2117e-04
Epoch: 2420/5000 - Time: 9.95s - Loss: 4.1498e-01 | a: 2.1372e-01, BC: 8.5878e-03, m: 1.1540e-02, u: 7.8575e-03, v: 6.7500e-03, pde_a: 3.4900e-02 geom: 1.5910e-04
Epoch: 2430/5000 - Time: 9.77s - Loss: 1.7384e+00 | a: 7.2147e-01, BC: 1.9866e-02, m: 3.0169e-02, u: 2.9902e-02, v: 5.9311e-02, pde_a: 7.4414e-02 geom: 3.5582e-04
Epoch: 2440/5000 - Time: 9.75s - Loss: 1.0214e+00 | a: 3.3045e-01, BC: 2.8465e-02, m: 1.8966e-02, u: 2.3994e-02, v: 3.0962e-02, pde_a: 9.3662e-02 geom: 2.5152e-04
Epoch: 2450/5000 - Time: 10.16s - Loss: 2.3650e-01 | a: 1.5963e-01, BC: 1.9172e-03, m: 9.7210e-03, u: 1.8379e-03, v: 2.2138e-03, pde_a: 2.4587e-02 geom: 1.3315e-04
Epoch: 2460/5000 - Time: 10.94s - Loss: 4.0923e-01 | a: 1.9365e-01, BC: 2.9026e-03, m: 1.0741e-02, u: 7.4595e-03, v: 1.0986e-02, pde_a: 1.7309e-02 geom: 1.6731e-04
Epoch: 2470/5000 - Time: 10.89s - Loss: 3.8383e-01 | a: 1.6749e-01, BC: 1.5717e-03, m: 1.0334e-02, u: 7.3459e-03, v: 1.0065e-02, pde_a: 3.0188e-02 geom: 1.3990e-04
Epoch: 2480/5000 - Time: 10.61s - Loss: 2.1506e-01 | a: 1.5534e-01, BC: 1.2801e-03, m: 9.4848e-03, u: 1.5336e-03, v: 2.0410e-03, pde_a: 1.3079e-02 geom: 1.2566e-04
Epoch: 2490/5000 - Time: 10.63s - Loss: 2.4884e-01 | a: 1.5394e-01, BC: 1.3430e-03, m: 9.4511e-03, u: 2.3333e-03, v: 3.8107e-03, pde_a: 2.2545e-02 geom: 1.2779e-04
Epoch: 2500/5000 - Time: 10.67s - Loss: 1.9893e-01 | a: 1.5466e-01, BC: 1.0956e-03, m: 9.1209e-03, u: 1.0712e-03, v: 1.1631e-03, pde_a: 1.1597e-02 geom: 1.1890e-04
Epoch: 2510/5000 - Time: 10.59s - Loss: 2.2292e-01 | a: 1.7666e-01, BC: 1.7998e-03, m: 9.2501e-03, u: 1.1800e-03, v: 1.2138e-03, pde_a: 1.1144e-02 geom: 1.2515e-04
Epoch: 2520/5000 - Time: 9.77s - Loss: 1.3022e+00 | a: 4.1377e-01, BC: 4.0664e-02, m: 2.0919e-02, u: 2.5454e-02, v: 5.0536e-02, pde_a: 6.6658e-02 geom: 2.9381e-04
Epoch: 2530/5000 - Time: 9.71s - Loss: 3.0037e-01 | a: 1.7170e-01, BC: 2.4090e-03, m: 9.7710e-03, u: 3.4084e-03, v: 4.1592e-03, pde_a: 4.0657e-02 geom: 1.5326e-04
Epoch: 2540/5000 - Time: 10.31s - Loss: 2.0475e-01 | a: 1.5659e-01, BC: 1.1232e-03, m: 9.1093e-03, u: 1.2978e-03, v: 1.2672e-03, pde_a: 1.2154e-02 geom: 1.2510e-04
Epoch: 2550/5000 - Time: 10.75s - Loss: 2.1816e-01 | a: 1.7784e-01, BC: 1.2142e-03, m: 8.9104e-03, u: 9.2084e-04, v: 1.0558e-03, pde_a: 1.0282e-02 geom: 1.3968e-04
Epoch: 2560/5000 - Time: 9.74s - Loss: 4.7003e-01 | a: 2.2483e-01, BC: 1.1395e-02, m: 1.1894e-02, u: 7.5745e-03, v: 8.9418e-03, pde_a: 5.6575e-02 geom: 1.7130e-04
Epoch: 2570/5000 - Time: 9.79s - Loss: 3.7996e-01 | a: 1.7866e-01, BC: 2.3008e-03, m: 1.1177e-02, u: 5.5972e-03, v: 8.1997e-03, pde_a: 4.9701e-02 geom: 1.5429e-04
Epoch: 2580/5000 - Time: 10.46s - Loss: 1.8815e-01 | a: 1.4128e-01, BC: 1.0072e-03, m: 9.1092e-03, u: 1.0744e-03, v: 1.1622e-03, pde_a: 1.4280e-02 geom: 1.0613e-04
Saving checkpoint at epoch 2580 with loss 1.8815e-01
Epoch: 2590/5000 - Time: 10.90s - Loss: 1.7493e-01 | a: 1.3245e-01, BC: 1.2010e-03, m: 9.0064e-03, u: 1.0587e-03, v: 1.0852e-03, pde_a: 1.0734e-02 geom: 1.0384e-04
Saving checkpoint at epoch 2590 with loss 1.7493e-01
Epoch: 2600/5000 - Time: 10.70s - Loss: 2.1311e-01 | a: 1.7628e-01, BC: 1.2507e-03, m: 8.7466e-03, u: 1.0242e-03, v: 9.2549e-04, pde_a: 7.2131e-03 geom: 1.2317e-04
Epoch: 2610/5000 - Time: 10.84s - Loss: 3.6790e-01 | a: 1.8250e-01, BC: 2.8091e-03, m: 1.0266e-02, u: 4.2854e-03, v: 7.7157e-03, pde_a: 5.2159e-02 geom: 1.5964e-04
Epoch: 2620/5000 - Time: 10.34s - Loss: 2.1832e-01 | a: 1.7035e-01, BC: 1.2601e-03, m: 8.6747e-03, u: 1.2145e-03, v: 1.6258e-03, pde_a: 9.4957e-03 geom: 1.3004e-04
Epoch: 2630/5000 - Time: 9.85s - Loss: 2.9033e-01 | a: 1.4140e-01, BC: 2.4854e-03, m: 1.0228e-02, u: 5.6749e-03, v: 5.4946e-03, pde_a: 2.4398e-02 geom: 1.2299e-04
Epoch: 2640/5000 - Time: 9.81s - Loss: 2.0486e-01 | a: 1.3537e-01, BC: 1.2378e-03, m: 9.0493e-03, u: 1.3135e-03, v: 1.8741e-03, pde_a: 2.7221e-02 geom: 1.0646e-04
Epoch: 2650/5000 - Time: 10.77s - Loss: 2.3559e-01 | a: 1.8430e-01, BC: 1.9402e-03, m: 8.2485e-03, u: 1.4020e-03, v: 1.4855e-03, pde_a: 1.2089e-02 geom: 1.3579e-04
Epoch: 2660/5000 - Time: 10.38s - Loss: 1.6257e+00 | a: 8.0024e-01, BC: 3.6703e-02, m: 2.5686e-02, u: 3.6057e-02, v: 3.0803e-02, pde_a: 9.4175e-02 geom: 3.3515e-04
Epoch: 2670/5000 - Time: 9.75s - Loss: 2.3194e-01 | a: 1.4012e-01, BC: 1.1653e-03, m: 8.8400e-03, u: 2.4133e-03, v: 3.6559e-03, pde_a: 2.1010e-02 geom: 1.1491e-04
Epoch: 2680/5000 - Time: 10.29s - Loss: 1.8792e-01 | a: 1.4181e-01, BC: 1.3300e-03, m: 8.5097e-03, u: 1.3013e-03, v: 1.3665e-03, pde_a: 9.4756e-03 geom: 1.1470e-04
Epoch: 2690/5000 - Time: 10.61s - Loss: 1.9947e-01 | a: 1.5515e-01, BC: 1.2894e-03, m: 8.1087e-03, u: 1.0856e-03, v: 1.3149e-03, pde_a: 1.0796e-02 geom: 1.1660e-04
Epoch: 2700/5000 - Time: 10.65s - Loss: 2.7458e-01 | a: 1.8425e-01, BC: 3.9655e-03, m: 8.9007e-03, u: 2.9229e-03, v: 2.5453e-03, pde_a: 2.2635e-02 geom: 1.4480e-04
Epoch: 2710/5000 - Time: 10.57s - Loss: 3.8305e-01 | a: 1.7093e-01, BC: 4.5461e-03, m: 9.4106e-03, u: 4.5916e-03, v: 5.4245e-03, pde_a: 9.7859e-02 geom: 1.4331e-04
Epoch: 2720/5000 - Time: 10.46s - Loss: 2.0308e-01 | a: 1.6261e-01, BC: 1.2538e-03, m: 8.0599e-03, u: 1.0165e-03, v: 1.1784e-03, pde_a: 9.0694e-03 geom: 1.3290e-04
Epoch: 2730/5000 - Time: 10.73s - Loss: 2.2196e-01 | a: 1.6299e-01, BC: 1.6905e-03, m: 8.5542e-03, u: 1.8741e-03, v: 1.8448e-03, pde_a: 1.1401e-02 geom: 1.3574e-04
Epoch: 2740/5000 - Time: 10.67s - Loss: 1.9369e-01 | a: 1.4346e-01, BC: 1.4969e-03, m: 8.1488e-03, u: 1.3319e-03, v: 1.4588e-03, pde_a: 1.2567e-02 geom: 1.0880e-04
Epoch: 2750/5000 - Time: 10.45s - Loss: 1.8027e-01 | a: 1.2856e-01, BC: 1.3197e-03, m: 8.6464e-03, u: 1.4321e-03, v: 1.3912e-03, pde_a: 1.3403e-02 geom: 1.0856e-04
Epoch: 2760/5000 - Time: 10.57s - Loss: 1.8322e-01 | a: 1.4189e-01, BC: 9.2094e-04, m: 8.2443e-03, u: 1.0091e-03, v: 1.2332e-03, pde_a: 9.6300e-03 geom: 1.1523e-04
Epoch: 2770/5000 - Time: 10.72s - Loss: 1.9119e-01 | a: 1.2929e-01, BC: 1.4144e-03, m: 8.4985e-03, u: 2.0716e-03, v: 1.9768e-03, pde_a: 1.1393e-02 geom: 1.0587e-04
Epoch: 2780/5000 - Time: 10.08s - Loss: 1.9486e-01 | a: 1.4561e-01, BC: 1.2256e-03, m: 8.1124e-03, u: 1.4618e-03, v: 1.4687e-03, pde_a: 1.0488e-02 geom: 1.2710e-04
Epoch: 2790/5000 - Time: 9.70s - Loss: 1.6973e-01 | a: 1.3581e-01, BC: 8.1188e-04, m: 7.7141e-03, u: 8.7931e-04, v: 9.0307e-04, pde_a: 7.4609e-03 geom: 1.0623e-04
Saving checkpoint at epoch 2790 with loss 1.6973e-01
Epoch: 2800/5000 - Time: 9.95s - Loss: 2.0708e-01 | a: 1.6640e-01, BC: 1.4972e-03, m: 8.1054e-03, u: 1.1047e-03, v: 1.1567e-03, pde_a: 8.3387e-03 geom: 1.2131e-04
Epoch: 2810/5000 - Time: 9.90s - Loss: 1.4568e+00 | a: 5.1291e-01, BC: 1.5471e-02, m: 1.8205e-02, u: 2.8252e-02, v: 4.4425e-02, pde_a: 1.8319e-01 geom: 2.9882e-04
Epoch: 2820/5000 - Time: 9.94s - Loss: 1.6774e-01 | a: 1.2626e-01, BC: 1.0362e-03, m: 8.1257e-03, u: 1.0546e-03, v: 1.0968e-03, pde_a: 1.0708e-02 geom: 1.0144e-04
Saving checkpoint at epoch 2820 with loss 1.6774e-01
Epoch: 2830/5000 - Time: 9.90s - Loss: 1.7517e-01 | a: 1.3452e-01, BC: 1.0775e-03, m: 7.9419e-03, u: 1.0252e-03, v: 1.2340e-03, pde_a: 8.9306e-03 geom: 1.0533e-04
Epoch: 2840/5000 - Time: 9.95s - Loss: 2.0205e-01 | a: 1.4459e-01, BC: 1.7998e-03, m: 8.2495e-03, u: 1.7948e-03, v: 1.6103e-03, pde_a: 1.3244e-02 geom: 1.1442e-04
Epoch: 2850/5000 - Time: 9.94s - Loss: 2.4315e-01 | a: 1.2008e-01, BC: 1.3543e-03, m: 8.7032e-03, u: 3.5349e-03, v: 6.2748e-03, pde_a: 1.4815e-02 geom: 1.0304e-04
Epoch: 2860/5000 - Time: 10.62s - Loss: 1.7620e-01 | a: 1.3962e-01, BC: 1.1035e-03, m: 8.0577e-03, u: 8.5010e-04, v: 8.5713e-04, pde_a: 1.0231e-02 geom: 1.1501e-04
Epoch: 2870/5000 - Time: 10.20s - Loss: 3.2676e-01 | a: 1.9459e-01, BC: 7.7571e-03, m: 1.0463e-02, u: 4.8940e-03, v: 4.0055e-03, pde_a: 2.4804e-02 geom: 1.5087e-04
Epoch: 2880/5000 - Time: 10.83s - Loss: 6.3712e-01 | a: 2.3958e-01, BC: 3.7275e-03, m: 1.1393e-02, u: 1.3556e-02, v: 2.0606e-02, pde_a: 4.0585e-02 geom: 2.1536e-04
Epoch: 2890/5000 - Time: 10.55s - Loss: 5.5545e-01 | a: 2.7043e-01, BC: 2.2255e-02, m: 1.3035e-02, u: 8.1739e-03, v: 1.0675e-02, pde_a: 6.1044e-02 geom: 1.9741e-04
Epoch: 2900/5000 - Time: 10.81s - Loss: 1.8960e-01 | a: 1.4382e-01, BC: 1.1554e-03, m: 8.0515e-03, u: 1.2344e-03, v: 1.3022e-03, pde_a: 1.1085e-02 geom: 1.2354e-04
Epoch: 2910/5000 - Time: 10.85s - Loss: 2.1838e-01 | a: 1.3423e-01, BC: 1.1906e-03, m: 8.2431e-03, u: 2.0248e-03, v: 3.2683e-03, pde_a: 2.1666e-02 geom: 1.1893e-04
Epoch: 2920/5000 - Time: 10.77s - Loss: 1.6334e-01 | a: 1.2433e-01, BC: 9.1159e-04, m: 7.5825e-03, u: 1.0147e-03, v: 1.0448e-03, pde_a: 9.8199e-03 geom: 1.0392e-04
Saving checkpoint at epoch 2920 with loss 1.6334e-01
Epoch: 2930/5000 - Time: 10.79s - Loss: 1.9150e-01 | a: 1.5528e-01, BC: 9.0865e-04, m: 6.8236e-03, u: 8.5480e-04, v: 8.7668e-04, pde_a: 1.1054e-02 geom: 1.1739e-04
Epoch: 2940/5000 - Time: 10.87s - Loss: 5.8475e-01 | a: 2.5539e-01, BC: 1.9585e-02, m: 1.5644e-02, u: 1.2200e-02, v: 1.1666e-02, pde_a: 5.5271e-02 geom: 1.9787e-04
Epoch: 2950/5000 - Time: 10.95s - Loss: 2.3418e-01 | a: 1.2736e-01, BC: 1.1834e-03, m: 8.1548e-03, u: 3.4784e-03, v: 5.1350e-03, pde_a: 1.1237e-02 geom: 1.1054e-04
Epoch: 2960/5000 - Time: 10.47s - Loss: 2.5152e-01 | a: 1.5178e-01, BC: 1.6092e-03, m: 8.3780e-03, u: 2.9024e-03, v: 4.9146e-03, pde_a: 1.1445e-02 geom: 1.3731e-04
Epoch: 2970/5000 - Time: 9.84s - Loss: 2.2826e-01 | a: 1.3870e-01, BC: 1.5179e-03, m: 8.2417e-03, u: 2.7516e-03, v: 3.4737e-03, pde_a: 1.7425e-02 geom: 1.2731e-04
Epoch: 2980/5000 - Time: 9.90s - Loss: 1.7782e-01 | a: 1.3356e-01, BC: 1.0466e-03, m: 7.2023e-03, u: 1.1251e-03, v: 1.3139e-03, pde_a: 1.1511e-02 geom: 1.1081e-04
Epoch: 2990/5000 - Time: 10.53s - Loss: 1.8042e-01 | a: 1.4467e-01, BC: 9.7129e-04, m: 6.9084e-03, u: 9.0857e-04, v: 8.6937e-04, pde_a: 9.9789e-03 geom: 1.1255e-04
Epoch: 3000/5000 - Time: 10.88s - Loss: 8.6092e-01 | a: 2.7174e-01, BC: 1.9241e-02, m: 1.8278e-02, u: 2.0616e-02, v: 2.1772e-02, pde_a: 1.2755e-01 geom: 2.2736e-04
Epoch: 3010/5000 - Time: 10.50s - Loss: 2.9821e-01 | a: 1.2068e-01, BC: 2.2633e-03, m: 8.4801e-03, u: 3.8051e-03, v: 6.7117e-03, pde_a: 6.1514e-02 geom: 1.0419e-04
Epoch: 3020/5000 - Time: 10.67s - Loss: 2.1432e-01 | a: 1.6484e-01, BC: 1.7264e-03, m: 7.0889e-03, u: 1.3924e-03, v: 1.7553e-03, pde_a: 9.0629e-03 geom: 1.2409e-04
Epoch: 3030/5000 - Time: 10.05s - Loss: 5.7994e-01 | a: 2.2821e-01, BC: 2.6307e-03, m: 9.4663e-03, u: 1.2180e-02, v: 1.8386e-02, pde_a: 3.3795e-02 geom: 1.7711e-04
Epoch: 3040/5000 - Time: 9.93s - Loss: 1.8242e-01 | a: 1.2489e-01, BC: 1.2949e-03, m: 7.5041e-03, u: 1.7291e-03, v: 1.9157e-03, pde_a: 1.2180e-02 geom: 1.0620e-04
Epoch: 3050/5000 - Time: 10.23s - Loss: 2.4849e-01 | a: 1.2450e-01, BC: 1.5686e-03, m: 7.8840e-03, u: 2.8422e-03, v: 4.1738e-03, pde_a: 4.4259e-02 geom: 1.1078e-04
Epoch: 3060/5000 - Time: 10.40s - Loss: 1.7571e-01 | a: 1.3674e-01, BC: 9.6052e-04, m: 7.0886e-03, u: 9.1003e-04, v: 1.1794e-03, pde_a: 9.9106e-03 geom: 1.1166e-04
Epoch: 3070/5000 - Time: 9.88s - Loss: 2.0684e-01 | a: 1.3999e-01, BC: 3.2531e-03, m: 7.5267e-03, u: 1.7629e-03, v: 2.0676e-03, pde_a: 1.7652e-02 geom: 1.1400e-04
Epoch: 3080/5000 - Time: 9.78s - Loss: 1.6880e+00 | a: 6.9258e-01, BC: 2.4296e-02, m: 2.0650e-02, u: 3.6740e-02, v: 4.7774e-02, pde_a: 1.0499e-01 geom: 3.5131e-04
Epoch: 3090/5000 - Time: 9.69s - Loss: 1.8215e-01 | a: 1.1466e-01, BC: 1.0361e-03, m: 7.5305e-03, u: 1.6942e-03, v: 2.5007e-03, pde_a: 1.6875e-02 geom: 1.0093e-04
Epoch: 3100/5000 - Time: 9.86s - Loss: 1.6250e-01 | a: 1.2642e-01, BC: 1.1141e-03, m: 6.9796e-03, u: 9.4539e-04, v: 9.7382e-04, pde_a: 8.6885e-03 geom: 1.0284e-04
Saving checkpoint at epoch 3100 with loss 1.6250e-01
Epoch: 3110/5000 - Time: 9.96s - Loss: 2.3463e-01 | a: 1.2729e-01, BC: 1.9378e-03, m: 8.1847e-03, u: 4.0472e-03, v: 3.9890e-03, pde_a: 1.6741e-02 geom: 1.1966e-04
Epoch: 3120/5000 - Time: 9.90s - Loss: 1.7717e-01 | a: 1.3920e-01, BC: 9.2109e-04, m: 7.0722e-03, u: 1.0062e-03, v: 1.0508e-03, pde_a: 9.2906e-03 geom: 1.1745e-04
Epoch: 3130/5000 - Time: 10.00s - Loss: 1.4047e+00 | a: 5.2562e-01, BC: 2.5075e-02, m: 1.3347e-02, u: 6.5214e-03, v: 8.1003e-03, pde_a: 6.9411e-01 geom: 3.1383e-04
Epoch: 3140/5000 - Time: 9.75s - Loss: 2.1134e-01 | a: 1.4653e-01, BC: 1.3134e-03, m: 7.4050e-03, u: 2.0071e-03, v: 2.1001e-03, pde_a: 1.4885e-02 geom: 1.3281e-04
Epoch: 3150/5000 - Time: 9.84s - Loss: 1.8870e-01 | a: 1.1773e-01, BC: 1.4437e-03, m: 7.3712e-03, u: 2.0151e-03, v: 1.7273e-03, pde_a: 2.4627e-02 geom: 1.0002e-04
Epoch: 3160/5000 - Time: 10.01s - Loss: 1.7753e-01 | a: 1.4473e-01, BC: 1.0079e-03, m: 7.0344e-03, u: 8.1028e-04, v: 9.0981e-04, pde_a: 7.4436e-03 geom: 1.1309e-04
Epoch: 3170/5000 - Time: 10.11s - Loss: 2.2728e-01 | a: 1.2247e-01, BC: 1.3167e-03, m: 8.1028e-03, u: 3.2739e-03, v: 4.1837e-03, pde_a: 2.0694e-02 geom: 1.1578e-04
Epoch: 3180/5000 - Time: 9.94s - Loss: 1.7343e+00 | a: 5.2893e-01, BC: 3.5253e-02, m: 2.8150e-02, u: 3.4148e-02, v: 6.8839e-02, pde_a: 1.1180e-01 geom: 3.2722e-04
Epoch: 3190/5000 - Time: 9.91s - Loss: 1.6787e-01 | a: 1.0879e-01, BC: 8.5346e-04, m: 7.3305e-03, u: 1.7723e-03, v: 2.1268e-03, pde_a: 1.1819e-02 geom: 9.3651e-05
Epoch: 3200/5000 - Time: 9.99s - Loss: 1.5506e-01 | a: 1.1840e-01, BC: 9.0658e-04, m: 7.0947e-03, u: 9.4325e-04, v: 8.9741e-04, pde_a: 1.0156e-02 geom: 9.9829e-05
Saving checkpoint at epoch 3200 with loss 1.5506e-01
Epoch: 3210/5000 - Time: 9.86s - Loss: 1.4967e-01 | a: 1.1363e-01, BC: 8.4243e-04, m: 7.0144e-03, u: 8.9808e-04, v: 9.2664e-04, pde_a: 9.8446e-03 geom: 9.2602e-05
Saving checkpoint at epoch 3210 with loss 1.4967e-01
Epoch: 3220/5000 - Time: 9.82s - Loss: 2.1683e-01 | a: 1.3756e-01, BC: 2.0266e-03, m: 7.4722e-03, u: 2.8594e-03, v: 2.3312e-03, pde_a: 1.7731e-02 geom: 1.2779e-04
Epoch: 3230/5000 - Time: 9.71s - Loss: 1.6785e-01 | a: 1.1344e-01, BC: 9.7668e-04, m: 7.1915e-03, u: 1.5467e-03, v: 1.6386e-03, pde_a: 1.4288e-02 geom: 9.6129e-05
Epoch: 3240/5000 - Time: 9.85s - Loss: 2.2786e-01 | a: 1.1662e-01, BC: 2.0329e-03, m: 7.9195e-03, u: 3.4789e-03, v: 4.6531e-03, pde_a: 1.9855e-02 geom: 1.0642e-04
Epoch: 3250/5000 - Time: 9.79s - Loss: 2.1411e-01 | a: 1.7669e-01, BC: 1.0998e-03, m: 6.6990e-03, u: 9.4759e-04, v: 9.7987e-04, pde_a: 1.0193e-02 geom: 1.5059e-04
Epoch: 3260/5000 - Time: 9.73s - Loss: 3.4003e-01 | a: 1.4522e-01, BC: 2.2660e-03, m: 9.1490e-03, u: 8.2372e-03, v: 8.4679e-03, pde_a: 1.6202e-02 geom: 1.3809e-04
Epoch: 3270/5000 - Time: 10.33s - Loss: 2.4108e-01 | a: 1.2807e-01, BC: 2.1199e-03, m: 8.0097e-03, u: 4.1027e-03, v: 3.6315e-03, pde_a: 2.5419e-02 geom: 1.2484e-04
Epoch: 3280/5000 - Time: 10.65s - Loss: 1.6761e-01 | a: 1.3534e-01, BC: 7.7188e-04, m: 6.5672e-03, u: 7.6236e-04, v: 8.6967e-04, pde_a: 8.5115e-03 geom: 1.0504e-04
Epoch: 3290/5000 - Time: 10.18s - Loss: 2.0187e-01 | a: 1.0650e-01, BC: 1.4869e-03, m: 7.2430e-03, u: 2.1989e-03, v: 2.2154e-03, pde_a: 4.2401e-02 geom: 9.6421e-05
Epoch: 3300/5000 - Time: 9.94s - Loss: 1.8596e-01 | a: 1.2476e-01, BC: 1.1516e-03, m: 7.1627e-03, u: 1.7887e-03, v: 1.9200e-03, pde_a: 1.5690e-02 geom: 1.0920e-04
Epoch: 3310/5000 - Time: 9.81s - Loss: 1.6546e-01 | a: 1.1740e-01, BC: 1.1768e-03, m: 7.0277e-03, u: 1.1447e-03, v: 1.4114e-03, pde_a: 1.4199e-02 geom: 1.0083e-04
Epoch: 3320/5000 - Time: 9.81s - Loss: 2.7754e-01 | a: 1.1082e-01, BC: 1.5082e-03, m: 7.6555e-03, u: 5.3099e-03, v: 7.5408e-03, pde_a: 2.8945e-02 geom: 1.0660e-04
Epoch: 3330/5000 - Time: 9.79s - Loss: 1.7377e-01 | a: 1.0134e-01, BC: 1.3974e-03, m: 7.0843e-03, u: 1.9029e-03, v: 2.5466e-03, pde_a: 1.9369e-02 geom: 9.0653e-05
Epoch: 3340/5000 - Time: 9.86s - Loss: 2.0929e+00 | a: 7.3411e-01, BC: 1.5663e-02, m: 2.2015e-02, u: 4.1177e-02, v: 8.0666e-02, pde_a: 1.0238e-01 geom: 3.4166e-04
Epoch: 3350/5000 - Time: 10.06s - Loss: 1.5691e-01 | a: 1.2103e-01, BC: 9.5903e-04, m: 6.8717e-03, u: 9.5545e-04, v: 1.0331e-03, pde_a: 8.0624e-03 geom: 1.0124e-04
Epoch: 3360/5000 - Time: 10.32s - Loss: 1.5141e-01 | a: 1.0746e-01, BC: 1.2017e-03, m: 6.8511e-03, u: 1.1678e-03, v: 1.2224e-03, pde_a: 1.1908e-02 geom: 9.2796e-05
Epoch: 3370/5000 - Time: 9.72s - Loss: 1.6150e-01 | a: 1.2580e-01, BC: 8.3611e-04, m: 6.6728e-03, u: 9.0698e-04, v: 9.5311e-04, pde_a: 9.4977e-03 geom: 9.9285e-05
Epoch: 3380/5000 - Time: 9.98s - Loss: 2.5486e-01 | a: 1.1664e-01, BC: 2.1887e-03, m: 7.2025e-03, u: 3.0157e-03, v: 3.2273e-03, pde_a: 6.6304e-02 geom: 1.0410e-04
Epoch: 3390/5000 - Time: 9.97s - Loss: 1.1588e+00 | a: 4.1319e-01, BC: 4.8115e-02, m: 2.2924e-02, u: 2.3324e-02, v: 3.5635e-02, pde_a: 8.4687e-02 geom: 2.7534e-04
Epoch: 3400/5000 - Time: 9.95s - Loss: 2.6505e-01 | a: 1.0351e-01, BC: 2.2988e-03, m: 7.4012e-03, u: 1.4105e-03, v: 1.5826e-03, pde_a: 1.2181e-01 geom: 9.3105e-05
Epoch: 3410/5000 - Time: 9.97s - Loss: 1.8814e-01 | a: 1.5065e-01, BC: 1.1910e-03, m: 6.3432e-03, u: 1.0632e-03, v: 1.0213e-03, pde_a: 8.9860e-03 geom: 1.1832e-04
Epoch: 3420/5000 - Time: 9.75s - Loss: 1.5674e-01 | a: 1.0916e-01, BC: 8.5736e-04, m: 7.0504e-03, u: 1.1890e-03, v: 1.6048e-03, pde_a: 1.1635e-02 geom: 1.0155e-04
Epoch: 3430/5000 - Time: 10.08s - Loss: 1.7262e-01 | a: 1.2740e-01, BC: 9.8971e-04, m: 6.7935e-03, u: 1.2952e-03, v: 1.5718e-03, pde_a: 8.6653e-03 geom: 1.0101e-04
Epoch: 3440/5000 - Time: 10.89s - Loss: 2.8073e-01 | a: 1.0790e-01, BC: 1.5645e-03, m: 7.3053e-03, u: 3.2176e-03, v: 4.8099e-03, pde_a: 8.3586e-02 geom: 1.0027e-04
Epoch: 3450/5000 - Time: 10.97s - Loss: 1.4523e-01 | a: 1.0162e-01, BC: 8.6148e-04, m: 6.6004e-03, u: 9.9480e-04, v: 1.1670e-03, pde_a: 1.4440e-02 geom: 8.6921e-05
Saving checkpoint at epoch 3450 with loss 1.4523e-01
Epoch: 3460/5000 - Time: 10.95s - Loss: 1.5498e-01 | a: 1.2339e-01, BC: 9.8283e-04, m: 6.3209e-03, u: 7.7490e-04, v: 7.8896e-04, pde_a: 8.5420e-03 geom: 1.0062e-04
Epoch: 3470/5000 - Time: 10.48s - Loss: 1.5413e-01 | a: 1.0969e-01, BC: 1.1221e-03, m: 6.1778e-03, u: 1.2473e-03, v: 1.1455e-03, pde_a: 1.3119e-02 geom: 9.0164e-05
Epoch: 3480/5000 - Time: 9.95s - Loss: 1.5316e-01 | a: 1.0109e-01, BC: 8.5039e-04, m: 6.8297e-03, u: 1.1620e-03, v: 2.0848e-03, pde_a: 1.1828e-02 geom: 9.1271e-05
Epoch: 3490/5000 - Time: 9.91s - Loss: 1.4447e-01 | a: 1.0867e-01, BC: 6.9698e-04, m: 6.3723e-03, u: 1.0667e-03, v: 8.7522e-04, pde_a: 9.2272e-03 geom: 9.1177e-05
Saving checkpoint at epoch 3490 with loss 1.4447e-01
Epoch: 3500/5000 - Time: 9.99s - Loss: 3.4442e+00 | a: 3.2457e+00, BC: 1.3422e-02, m: 2.7452e-02, u: 6.4497e-03, v: 7.0864e-03, pde_a: 2.2138e-02 geom: 1.7964e-04
Epoch: 3510/5000 - Time: 10.76s - Loss: 2.0437e-01 | a: 1.4028e-01, BC: 1.4349e-03, m: 6.4598e-03, u: 1.6601e-03, v: 2.1030e-03, pde_a: 1.8442e-02 geom: 1.2301e-04
Epoch: 3520/5000 - Time: 10.16s - Loss: 2.4723e-01 | a: 1.3777e-01, BC: 2.5433e-03, m: 7.2969e-03, u: 3.3555e-03, v: 4.7829e-03, pde_a: 1.8106e-02 geom: 1.3318e-04
Epoch: 3530/5000 - Time: 10.31s - Loss: 2.3601e-01 | a: 1.6090e-01, BC: 2.9036e-03, m: 6.7220e-03, u: 2.1568e-03, v: 2.2779e-03, pde_a: 2.1021e-02 geom: 1.1915e-04
Epoch: 3540/5000 - Time: 9.76s - Loss: 1.9619e-01 | a: 1.1101e-01, BC: 1.0833e-03, m: 7.0872e-03, u: 2.7019e-03, v: 3.7543e-03, pde_a: 1.2347e-02 geom: 1.0037e-04
Epoch: 3550/5000 - Time: 9.80s - Loss: 1.5717e-01 | a: 9.8602e-02, BC: 1.0642e-03, m: 6.5534e-03, u: 1.1598e-03, v: 1.2916e-03, pde_a: 2.6344e-02 geom: 9.0627e-05
Epoch: 3560/5000 - Time: 10.36s - Loss: 1.5797e-01 | a: 1.2195e-01, BC: 1.0708e-03, m: 6.1201e-03, u: 9.9052e-04, v: 1.0761e-03, pde_a: 8.0542e-03 geom: 1.0467e-04
Epoch: 3570/5000 - Time: 10.96s - Loss: 1.4234e+00 | a: 6.1753e-01, BC: 1.4503e-02, m: 1.7154e-02, u: 2.2716e-02, v: 4.9042e-02, pde_a: 5.6366e-02 geom: 3.2235e-04
Epoch: 3580/5000 - Time: 9.83s - Loss: 1.8247e-01 | a: 1.4338e-01, BC: 1.0088e-03, m: 6.6633e-03, u: 9.8596e-04, v: 1.1004e-03, pde_a: 1.0422e-02 geom: 1.3393e-04
Epoch: 3590/5000 - Time: 9.90s - Loss: 3.1628e-01 | a: 1.3263e-01, BC: 2.1254e-03, m: 7.8791e-03, u: 6.3334e-03, v: 8.2673e-03, pde_a: 2.7512e-02 geom: 1.2656e-04
Epoch: 3600/5000 - Time: 9.75s - Loss: 1.5527e-01 | a: 1.2109e-01, BC: 9.8439e-04, m: 6.3988e-03, u: 7.8091e-04, v: 8.7314e-04, pde_a: 1.0162e-02 geom: 9.8351e-05
Epoch: 3610/5000 - Time: 9.76s - Loss: 1.4852e-01 | a: 1.0487e-01, BC: 1.0798e-03, m: 6.4940e-03, u: 1.1046e-03, v: 1.2880e-03, pde_a: 1.2056e-02 geom: 9.1154e-05
Epoch: 3620/5000 - Time: 9.99s - Loss: 1.4459e-01 | a: 1.0520e-01, BC: 8.7722e-04, m: 6.2288e-03, u: 9.2469e-04, v: 1.0437e-03, pde_a: 1.2510e-02 geom: 9.0675e-05
Epoch: 3630/5000 - Time: 10.72s - Loss: 1.6119e-01 | a: 1.2761e-01, BC: 1.0866e-03, m: 5.8843e-03, u: 9.0882e-04, v: 8.5468e-04, pde_a: 8.8588e-03 geom: 1.0767e-04
Epoch: 3640/5000 - Time: 10.75s - Loss: 1.4740e+00 | a: 6.4867e-01, BC: 2.0650e-02, m: 1.8677e-02, u: 2.2673e-02, v: 4.1285e-02, pde_a: 1.4608e-01 geom: 3.3102e-04
Epoch: 3650/5000 - Time: 10.61s - Loss: 4.4729e-01 | a: 1.7523e-01, BC: 3.5571e-03, m: 8.9493e-03, u: 1.0242e-02, v: 1.1729e-02, pde_a: 3.9664e-02 geom: 1.7735e-04
Epoch: 3660/5000 - Time: 10.92s - Loss: 2.0134e-01 | a: 1.2403e-01, BC: 3.3874e-03, m: 6.6596e-03, u: 1.9083e-03, v: 2.9554e-03, pde_a: 1.8524e-02 geom: 9.7838e-05
Epoch: 3670/5000 - Time: 10.80s - Loss: 1.7437e-01 | a: 9.1314e-02, BC: 1.3134e-03, m: 6.5776e-03, u: 1.8137e-03, v: 2.1134e-03, pde_a: 3.5803e-02 geom: 8.5921e-05
Epoch: 3680/5000 - Time: 10.80s - Loss: 4.5331e-01 | a: 2.1218e-01, BC: 1.5520e-02, m: 9.3172e-03, u: 7.7847e-03, v: 8.8384e-03, pde_a: 4.9889e-02 geom: 1.7482e-04
Epoch: 3690/5000 - Time: 10.10s - Loss: 3.2341e-01 | a: 1.3290e-01, BC: 2.4473e-03, m: 7.1645e-03, u: 6.7508e-03, v: 8.7453e-03, pde_a: 2.5807e-02 geom: 1.2650e-04
Epoch: 3700/5000 - Time: 9.90s - Loss: 1.7999e-01 | a: 1.0603e-01, BC: 1.2794e-03, m: 6.4834e-03, u: 2.8810e-03, v: 2.5438e-03, pde_a: 1.1854e-02 geom: 9.6899e-05
Epoch: 3710/5000 - Time: 10.00s - Loss: 3.0051e-01 | a: 1.0692e-01, BC: 1.5652e-03, m: 7.1358e-03, u: 6.2565e-03, v: 9.7357e-03, pde_a: 2.4855e-02 geom: 1.0248e-04
Epoch: 3720/5000 - Time: 10.08s - Loss: 1.4176e-01 | a: 9.4352e-02, BC: 8.1338e-04, m: 6.0999e-03, u: 1.1182e-03, v: 1.3879e-03, pde_a: 1.5348e-02 geom: 8.6324e-05
Saving checkpoint at epoch 3720 with loss 1.4176e-01
Epoch: 3730/5000 - Time: 9.62s - Loss: 1.4267e-01 | a: 1.0036e-01, BC: 8.6298e-04, m: 5.9666e-03, u: 1.0189e-03, v: 1.1429e-03, pde_a: 1.3767e-02 geom: 8.8720e-05
Epoch: 3740/5000 - Time: 10.15s - Loss: 1.7516e-01 | a: 1.0366e-01, BC: 1.3533e-03, m: 6.3476e-03, u: 2.1499e-03, v: 2.8283e-03, pde_a: 1.3922e-02 geom: 9.6500e-05
Epoch: 3750/5000 - Time: 10.82s - Loss: 1.4241e-01 | a: 1.1477e-01, BC: 7.1998e-04, m: 5.4805e-03, u: 6.8883e-04, v: 7.1320e-04, pde_a: 7.3260e-03 geom: 9.1640e-05
Epoch: 3760/5000 - Time: 9.77s - Loss: 1.1215e+00 | a: 4.6186e-01, BC: 1.0291e-02, m: 1.4781e-02, u: 2.8018e-02, v: 3.2624e-02, pde_a: 2.7864e-02 geom: 2.8370e-04
Epoch: 3770/5000 - Time: 9.80s - Loss: 1.3062e-01 | a: 1.0045e-01, BC: 5.8226e-04, m: 5.7514e-03, u: 7.3066e-04, v: 7.2767e-04, pde_a: 9.1686e-03 geom: 8.7804e-05
Saving checkpoint at epoch 3770 with loss 1.3062e-01
Epoch: 3780/5000 - Time: 10.55s - Loss: 2.1075e-01 | a: 1.2366e-01, BC: 2.4163e-03, m: 6.6681e-03, u: 3.1143e-03, v: 3.1747e-03, pde_a: 1.5009e-02 geom: 1.0596e-04
Epoch: 3790/5000 - Time: 10.02s - Loss: 6.5615e-01 | a: 2.3873e-01, BC: 1.3277e-02, m: 1.1116e-02, u: 1.9176e-02, v: 1.5353e-02, pde_a: 4.7519e-02 geom: 2.0651e-04
Epoch: 3800/5000 - Time: 9.94s - Loss: 2.2106e-01 | a: 9.1918e-02, BC: 1.0443e-03, m: 6.6255e-03, u: 3.6906e-03, v: 6.6704e-03, pde_a: 1.7772e-02 geom: 8.8573e-05
Epoch: 3810/5000 - Time: 9.90s - Loss: 1.4247e-01 | a: 1.1609e-01, BC: 6.5720e-04, m: 5.7118e-03, u: 6.1621e-04, v: 6.7186e-04, pde_a: 7.0302e-03 geom: 9.6680e-05
Epoch: 3820/5000 - Time: 10.05s - Loss: 2.2738e-01 | a: 1.0794e-01, BC: 1.5321e-03, m: 6.4666e-03, u: 3.0014e-03, v: 4.5077e-03, pde_a: 3.6250e-02 geom: 1.0554e-04
Epoch: 3830/5000 - Time: 9.80s - Loss: 1.6162e-01 | a: 9.6038e-02, BC: 8.9180e-04, m: 5.7534e-03, u: 1.7901e-03, v: 2.7275e-03, pde_a: 1.3678e-02 geom: 8.6505e-05
Epoch: 3840/5000 - Time: 9.78s - Loss: 1.0765e+00 | a: 3.0444e-01, BC: 1.9801e-02, m: 1.6100e-02, u: 1.5793e-02, v: 2.8102e-02, pde_a: 2.9702e-01 geom: 2.4242e-04
Epoch: 3850/5000 - Time: 10.57s - Loss: 2.3003e-01 | a: 1.0751e-01, BC: 1.2242e-03, m: 6.8664e-03, u: 2.8980e-03, v: 6.7666e-03, pde_a: 1.7676e-02 geom: 1.0647e-04
Epoch: 3860/5000 - Time: 9.99s - Loss: 1.2935e-01 | a: 9.1191e-02, BC: 7.8659e-04, m: 6.0149e-03, u: 9.7489e-04, v: 1.0463e-03, pde_a: 1.1060e-02 geom: 8.1168e-05
Saving checkpoint at epoch 3860 with loss 1.2935e-01
Epoch: 3870/5000 - Time: 9.70s - Loss: 5.0432e-01 | a: 2.3331e-01, BC: 1.0416e-02, m: 9.1936e-03, u: 9.4156e-03, v: 1.0882e-02, pde_a: 4.8204e-02 geom: 2.1487e-04
Epoch: 3880/5000 - Time: 9.69s - Loss: 2.6226e-01 | a: 9.9001e-02, BC: 1.9888e-03, m: 6.4833e-03, u: 2.7312e-03, v: 4.6069e-03, pde_a: 8.1308e-02 geom: 1.0245e-04
Epoch: 3890/5000 - Time: 10.11s - Loss: 2.8732e-01 | a: 1.6472e-01, BC: 6.7361e-03, m: 7.2533e-03, u: 3.9711e-03, v: 4.7641e-03, pde_a: 2.1119e-02 geom: 1.4107e-04
Epoch: 3900/5000 - Time: 10.88s - Loss: 1.8448e-01 | a: 9.3425e-02, BC: 1.3280e-03, m: 6.3252e-03, u: 2.4129e-03, v: 3.0628e-03, pde_a: 2.8547e-02 geom: 9.3248e-05
Epoch: 3910/5000 - Time: 10.60s - Loss: 1.7169e-01 | a: 9.6382e-02, BC: 1.4631e-03, m: 5.9085e-03, u: 1.0745e-03, v: 1.2100e-03, pde_a: 4.4997e-02 geom: 9.1129e-05
Epoch: 3920/5000 - Time: 10.74s - Loss: 4.4848e-01 | a: 1.8203e-01, BC: 8.8773e-03, m: 6.9018e-03, u: 4.2463e-03, v: 4.6333e-03, pde_a: 1.6170e-01 geom: 1.7594e-04
Epoch: 3930/5000 - Time: 10.90s - Loss: 8.6565e-01 | a: 3.1765e-01, BC: 1.2982e-02, m: 1.2850e-02, u: 2.5073e-02, v: 2.4305e-02, pde_a: 2.8109e-02 geom: 2.7687e-04
Epoch: 3940/5000 - Time: 9.80s - Loss: 3.6057e-01 | a: 1.5720e-01, BC: 3.2137e-03, m: 7.4795e-03, u: 6.3123e-03, v: 7.3276e-03, pde_a: 5.6117e-02 geom: 1.5678e-04
Epoch: 3950/5000 - Time: 9.71s - Loss: 1.4058e-01 | a: 1.0197e-01, BC: 1.0240e-03, m: 5.3937e-03, u: 1.1185e-03, v: 9.4377e-04, pde_a: 1.1474e-02 geom: 9.0202e-05
Epoch: 3960/5000 - Time: 10.34s - Loss: 3.0339e-01 | a: 1.5286e-01, BC: 2.6472e-03, m: 6.6841e-03, u: 4.8746e-03, v: 7.3800e-03, pde_a: 1.8501e-02 geom: 1.4880e-04
Epoch: 3970/5000 - Time: 10.59s - Loss: 1.7006e-01 | a: 9.1794e-02, BC: 1.6127e-03, m: 6.2797e-03, u: 2.7525e-03, v: 2.8165e-03, pde_a: 1.4589e-02 geom: 9.0244e-05
Epoch: 3980/5000 - Time: 9.92s - Loss: 8.5197e-01 | a: 4.0025e-01, BC: 3.5679e-03, m: 1.0527e-02, u: 1.2134e-02, v: 2.8325e-02, pde_a: 3.2786e-02 geom: 2.4468e-04
Epoch: 3990/5000 - Time: 9.80s - Loss: 1.2791e-01 | a: 9.5597e-02, BC: 8.3359e-04, m: 5.5637e-03, u: 8.6102e-04, v: 8.1413e-04, pde_a: 9.0666e-03 geom: 9.5007e-05
Saving checkpoint at epoch 3990 with loss 1.2791e-01
Epoch: 4000/5000 - Time: 10.92s - Loss: 7.1819e-01 | a: 2.0734e-01, BC: 1.5381e-02, m: 1.5783e-02, u: 1.8397e-02, v: 2.3588e-02, pde_a: 5.9648e-02 geom: 1.8473e-04
Epoch: 4010/5000 - Time: 10.92s - Loss: 2.6349e-01 | a: 1.0238e-01, BC: 1.6672e-03, m: 6.4923e-03, u: 4.5415e-03, v: 5.8294e-03, pde_a: 4.9143e-02 geom: 1.0173e-04
Epoch: 4020/5000 - Time: 10.91s - Loss: 2.4269e+00 | a: 1.1240e+00, BC: 3.7417e-02, m: 2.7079e-02, u: 3.9324e-02, v: 4.4521e-02, pde_a: 3.9946e-01 geom: 4.1658e-04
Epoch: 4030/5000 - Time: 10.88s - Loss: 1.5384e-01 | a: 1.1604e-01, BC: 8.1946e-04, m: 5.6164e-03, u: 1.1681e-03, v: 1.1123e-03, pde_a: 8.4574e-03 geom: 1.0773e-04
Epoch: 4040/5000 - Time: 10.89s - Loss: 1.4728e+00 | a: 6.7306e-01, BC: 3.7270e-02, m: 2.3561e-02, u: 2.1165e-02, v: 2.6594e-02, pde_a: 2.6106e-01 geom: 3.0212e-04
Epoch: 4050/5000 - Time: 10.64s - Loss: 1.2943e-01 | a: 9.0735e-02, BC: 6.6440e-04, m: 5.5779e-03, u: 1.0313e-03, v: 1.2709e-03, pde_a: 9.3481e-03 geom: 8.2723e-05
Epoch: 4060/5000 - Time: 10.06s - Loss: 1.3513e-01 | a: 1.0632e-01, BC: 6.7531e-04, m: 5.1923e-03, u: 7.8601e-04, v: 6.5757e-04, pde_a: 8.4162e-03 geom: 9.1123e-05
Epoch: 4070/5000 - Time: 10.71s - Loss: 5.6412e-01 | a: 1.8222e-01, BC: 2.6647e-03, m: 7.9864e-03, u: 1.3480e-02, v: 2.0516e-02, pde_a: 3.1135e-02 geom: 1.6114e-04
Epoch: 4080/5000 - Time: 10.69s - Loss: 1.3330e-01 | a: 8.8852e-02, BC: 8.0574e-04, m: 5.7118e-03, u: 1.1320e-03, v: 1.4577e-03, pde_a: 1.1944e-02 geom: 8.6665e-05
Epoch: 4090/5000 - Time: 10.49s - Loss: 1.3154e-01 | a: 8.8658e-02, BC: 7.8543e-04, m: 5.5869e-03, u: 1.1809e-03, v: 1.5475e-03, pde_a: 9.1439e-03 geom: 8.5065e-05
Epoch: 4100/5000 - Time: 10.73s - Loss: 1.5103e-01 | a: 1.1089e-01, BC: 7.6327e-04, m: 5.4096e-03, u: 1.0806e-03, v: 1.0157e-03, pde_a: 1.2903e-02 geom: 1.0325e-04
Epoch: 4110/5000 - Time: 10.71s - Loss: 1.7972e-01 | a: 9.1862e-02, BC: 9.1896e-04, m: 5.7065e-03, u: 3.4184e-03, v: 3.6355e-03, pde_a: 1.0598e-02 geom: 9.2318e-05
Epoch: 4120/5000 - Time: 10.84s - Loss: 2.5205e-01 | a: 1.5010e-01, BC: 2.5437e-03, m: 6.0288e-03, u: 3.4074e-03, v: 4.0204e-03, pde_a: 1.8950e-02 geom: 1.5050e-04
Epoch: 4130/5000 - Time: 9.90s - Loss: 1.0029e+00 | a: 3.6962e-01, BC: 8.4550e-03, m: 1.1510e-02, u: 1.8061e-02, v: 3.7649e-02, pde_a: 5.5945e-02 geom: 2.5264e-04
Epoch: 4140/5000 - Time: 9.76s - Loss: 1.2562e-01 | a: 8.6069e-02, BC: 7.5123e-04, m: 5.5102e-03, u: 9.5449e-04, v: 1.1605e-03, pde_a: 1.2060e-02 geom: 8.1101e-05
Saving checkpoint at epoch 4140 with loss 1.2562e-01
Epoch: 4150/5000 - Time: 9.95s - Loss: 1.5265e-01 | a: 1.2018e-01, BC: 1.1103e-03, m: 5.0669e-03, u: 8.5850e-04, v: 9.0768e-04, pde_a: 8.5341e-03 geom: 9.4531e-05
Epoch: 4160/5000 - Time: 9.78s - Loss: 1.1760e-01 | a: 8.2060e-02, BC: 7.3773e-04, m: 5.6596e-03, u: 8.2416e-04, v: 8.4020e-04, pde_a: 1.2415e-02 geom: 7.9962e-05
Saving checkpoint at epoch 4160 with loss 1.1760e-01
Epoch: 4170/5000 - Time: 9.78s - Loss: 1.3201e+00 | a: 7.4227e-01, BC: 5.3283e-03, m: 1.6067e-02, u: 1.4454e-02, v: 3.9285e-02, pde_a: 1.8834e-02 geom: 1.9141e-04
Epoch: 4180/5000 - Time: 10.53s - Loss: 1.1869e-01 | a: 8.6004e-02, BC: 6.5560e-04, m: 5.3241e-03, u: 8.6813e-04, v: 8.5113e-04, pde_a: 9.4350e-03 geom: 7.8715e-05
Epoch: 4190/5000 - Time: 10.81s - Loss: 1.2366e-01 | a: 8.9771e-02, BC: 5.7340e-04, m: 5.2297e-03, u: 8.4367e-04, v: 7.8260e-04, pde_a: 1.1741e-02 geom: 8.1073e-05
Epoch: 4200/5000 - Time: 10.72s - Loss: 1.9094e-01 | a: 1.0665e-01, BC: 1.5898e-03, m: 5.4411e-03, u: 2.1870e-03, v: 2.7478e-03, pde_a: 2.7807e-02 geom: 1.1009e-04
Epoch: 4210/5000 - Time: 10.68s - Loss: 1.5500e-01 | a: 1.1883e-01, BC: 9.5516e-04, m: 5.1316e-03, u: 1.0719e-03, v: 1.0845e-03, pde_a: 8.4199e-03 geom: 9.9859e-05
Epoch: 4220/5000 - Time: 10.58s - Loss: 1.9546e-01 | a: 9.1465e-02, BC: 1.8301e-03, m: 5.8498e-03, u: 2.9181e-03, v: 3.6963e-03, pde_a: 3.0086e-02 geom: 8.9255e-05
Epoch: 4230/5000 - Time: 10.11s - Loss: 8.9612e-01 | a: 4.2535e-01, BC: 2.3411e-02, m: 1.0423e-02, u: 1.4879e-02, v: 1.9949e-02, pde_a: 8.8355e-02 geom: 3.0100e-04
Epoch: 4240/5000 - Time: 9.86s - Loss: 1.3825e-01 | a: 8.1182e-02, BC: 8.9069e-04, m: 5.6635e-03, u: 1.5148e-03, v: 2.2017e-03, pde_a: 1.3276e-02 geom: 7.7638e-05
Epoch: 4250/5000 - Time: 10.51s - Loss: 1.3033e-01 | a: 9.3447e-02, BC: 5.6157e-04, m: 5.1694e-03, u: 1.0173e-03, v: 1.0937e-03, pde_a: 9.9523e-03 geom: 8.4598e-05
Epoch: 4260/5000 - Time: 10.87s - Loss: 1.7050e-01 | a: 9.9079e-02, BC: 1.1944e-03, m: 5.4726e-03, u: 2.0163e-03, v: 1.8734e-03, pde_a: 2.5767e-02 geom: 9.2630e-05
Epoch: 4270/5000 - Time: 10.89s - Loss: 2.4547e-01 | a: 1.0777e-01, BC: 2.7938e-03, m: 6.1761e-03, u: 4.3494e-03, v: 5.3383e-03, pde_a: 3.1724e-02 geom: 1.1980e-04
Epoch: 4280/5000 - Time: 10.26s - Loss: 1.4502e-01 | a: 8.0956e-02, BC: 7.7781e-04, m: 5.5571e-03, u: 1.5050e-03, v: 2.6031e-03, pde_a: 1.6569e-02 geom: 8.1120e-05
Epoch: 4290/5000 - Time: 9.85s - Loss: 1.6355e+00 | a: 6.5803e-01, BC: 1.5359e-02, m: 1.7699e-02, u: 3.4057e-02, v: 5.4643e-02, pde_a: 5.6998e-02 geom: 3.6579e-04
Epoch: 4300/5000 - Time: 10.02s - Loss: 1.5686e-01 | a: 8.7587e-02, BC: 1.2686e-03, m: 5.4317e-03, u: 1.2881e-03, v: 1.2517e-03, pde_a: 3.7083e-02 geom: 8.9568e-05
Epoch: 4310/5000 - Time: 9.74s - Loss: 3.1039e-01 | a: 9.5855e-02, BC: 2.5378e-03, m: 6.2122e-03, u: 4.8761e-03, v: 6.2685e-03, pde_a: 9.4241e-02 geom: 9.9114e-05
Epoch: 4320/5000 - Time: 9.91s - Loss: 1.2471e-01 | a: 8.6728e-02, BC: 6.2928e-04, m: 5.1940e-03, u: 1.1898e-03, v: 1.0359e-03, pde_a: 9.8115e-03 geom: 8.7316e-05
Epoch: 4330/5000 - Time: 9.77s - Loss: 1.4136e-01 | a: 1.0572e-01, BC: 1.1592e-03, m: 5.2181e-03, u: 1.0177e-03, v: 1.0883e-03, pde_a: 8.1113e-03 geom: 8.8998e-05
Epoch: 4340/5000 - Time: 10.07s - Loss: 2.1677e-01 | a: 8.4845e-02, BC: 1.8456e-03, m: 5.9376e-03, u: 2.6884e-03, v: 3.0062e-03, pde_a: 6.7112e-02 geom: 8.4823e-05
Epoch: 4350/5000 - Time: 10.74s - Loss: 1.4016e-01 | a: 8.7045e-02, BC: 9.4740e-04, m: 5.1889e-03, u: 1.0421e-03, v: 1.0968e-03, pde_a: 2.5509e-02 geom: 8.1599e-05
Epoch: 4360/5000 - Time: 10.86s - Loss: 1.5983e-01 | a: 1.1789e-01, BC: 1.7636e-03, m: 4.8354e-03, u: 1.1559e-03, v: 1.2625e-03, pde_a: 1.1056e-02 geom: 9.9137e-05
Epoch: 4370/5000 - Time: 10.71s - Loss: 3.1787e-01 | a: 1.0988e-01, BC: 1.8892e-03, m: 7.0335e-03, u: 7.7222e-03, v: 9.9475e-03, pde_a: 2.2261e-02 geom: 1.1543e-04
Epoch: 4380/5000 - Time: 10.75s - Loss: 2.7597e-01 | a: 1.0605e-01, BC: 4.1279e-03, m: 5.6729e-03, u: 3.4440e-03, v: 4.5988e-03, pde_a: 7.9591e-02 geom: 1.0731e-04
Epoch: 4390/5000 - Time: 10.92s - Loss: 1.3389e-01 | a: 9.7214e-02, BC: 6.9621e-04, m: 4.8277e-03, u: 1.0879e-03, v: 1.0095e-03, pde_a: 1.0088e-02 geom: 8.8437e-05
Epoch: 4400/5000 - Time: 10.88s - Loss: 1.9657e-01 | a: 8.9988e-02, BC: 1.5665e-03, m: 5.6194e-03, u: 2.6097e-03, v: 3.0884e-03, pde_a: 4.2317e-02 geom: 9.5786e-05
Epoch: 4410/5000 - Time: 10.49s - Loss: 5.7221e-01 | a: 1.6658e-01, BC: 6.8961e-03, m: 9.0303e-03, u: 8.7945e-03, v: 2.4468e-02, pde_a: 5.6901e-02 geom: 1.6978e-04
Epoch: 4420/5000 - Time: 9.89s - Loss: 1.5835e-01 | a: 8.3134e-02, BC: 1.7429e-03, m: 5.6146e-03, u: 2.2388e-03, v: 2.4774e-03, pde_a: 2.0606e-02 geom: 8.7497e-05
Epoch: 4430/5000 - Time: 9.95s - Loss: 1.3558e-01 | a: 7.7061e-02, BC: 1.0370e-03, m: 5.3401e-03, u: 1.4603e-03, v: 1.9650e-03, pde_a: 1.7807e-02 geom: 7.8322e-05
Epoch: 4440/5000 - Time: 9.81s - Loss: 2.0820e-01 | a: 1.4806e-01, BC: 3.0741e-03, m: 5.3069e-03, u: 1.5714e-03, v: 1.6069e-03, pde_a: 1.9860e-02 geom: 1.1676e-04
Epoch: 4450/5000 - Time: 10.77s - Loss: 1.2950e-01 | a: 8.2295e-02, BC: 8.7088e-04, m: 5.2933e-03, u: 1.1495e-03, v: 1.8646e-03, pde_a: 1.0822e-02 geom: 7.6544e-05
Epoch: 4460/5000 - Time: 10.94s - Loss: 1.1477e-01 | a: 8.1235e-02, BC: 7.4885e-04, m: 5.0716e-03, u: 8.6958e-04, v: 9.2034e-04, pde_a: 9.7357e-03 geom: 7.5059e-05
Saving checkpoint at epoch 4460 with loss 1.1477e-01
Epoch: 4470/5000 - Time: 10.81s - Loss: 1.5057e-01 | a: 8.3419e-02, BC: 8.6238e-04, m: 5.2671e-03, u: 2.1593e-03, v: 2.6373e-03, pde_a: 1.2974e-02 geom: 8.4635e-05
Epoch: 4480/5000 - Time: 10.42s - Loss: 1.1763e-01 | a: 8.0642e-02, BC: 7.4055e-04, m: 4.9656e-03, u: 8.3233e-04, v: 9.3496e-04, pde_a: 1.3529e-02 geom: 7.4893e-05
Epoch: 4490/5000 - Time: 10.68s - Loss: 2.1007e-01 | a: 1.2292e-01, BC: 4.8945e-03, m: 6.3614e-03, u: 2.5588e-03, v: 2.7496e-03, pde_a: 2.2706e-02 geom: 1.0504e-04
Epoch: 4500/5000 - Time: 10.79s - Loss: 1.6478e-01 | a: 8.5588e-02, BC: 1.3412e-03, m: 5.2613e-03, u: 1.7527e-03, v: 2.2572e-03, pde_a: 3.2404e-02 geom: 8.5578e-05
Epoch: 4510/5000 - Time: 9.89s - Loss: 2.6155e-01 | a: 8.9765e-02, BC: 1.7764e-03, m: 5.8380e-03, u: 6.0916e-03, v: 8.1531e-03, pde_a: 2.1631e-02 geom: 9.0938e-05
Epoch: 4520/5000 - Time: 9.88s - Loss: 1.2960e-01 | a: 7.3295e-02, BC: 8.2828e-04, m: 5.1578e-03, u: 1.3786e-03, v: 1.5651e-03, pde_a: 2.0813e-02 geom: 7.2626e-05
Epoch: 4530/5000 - Time: 9.65s - Loss: 1.6415e-01 | a: 8.8630e-02, BC: 9.3218e-04, m: 5.3664e-03, u: 2.1926e-03, v: 3.4312e-03, pde_a: 1.2884e-02 geom: 9.8169e-05
Epoch: 4540/5000 - Time: 10.20s - Loss: 1.2781e-01 | a: 8.0498e-02, BC: 7.2919e-04, m: 5.0766e-03, u: 1.2402e-03, v: 1.5011e-03, pde_a: 1.4012e-02 geom: 7.8500e-05
Epoch: 4550/5000 - Time: 10.38s - Loss: 1.6977e-01 | a: 8.6094e-02, BC: 1.2804e-03, m: 5.3358e-03, u: 2.3955e-03, v: 3.0275e-03, pde_a: 2.2741e-02 geom: 8.9379e-05
Epoch: 4560/5000 - Time: 9.73s - Loss: 1.2239e-01 | a: 9.7490e-02, BC: 6.3729e-04, m: 4.6661e-03, u: 6.6409e-04, v: 6.1511e-04, pde_a: 6.7204e-03 geom: 8.3607e-05
Epoch: 4570/5000 - Time: 10.22s - Loss: 2.3261e-01 | a: 8.3420e-02, BC: 1.3964e-03, m: 6.2164e-03, u: 5.9667e-03, v: 5.8607e-03, pde_a: 2.3213e-02 geom: 8.8773e-05
Epoch: 4580/5000 - Time: 10.70s - Loss: 1.6765e-01 | a: 1.1355e-01, BC: 2.0589e-03, m: 5.1101e-03, u: 1.7727e-03, v: 1.8545e-03, pde_a: 1.0559e-02 geom: 9.7491e-05
Epoch: 4590/5000 - Time: 9.89s - Loss: 1.6018e-01 | a: 7.5263e-02, BC: 1.2415e-03, m: 5.3214e-03, u: 1.3667e-03, v: 1.6413e-03, pde_a: 4.8204e-02 geom: 7.4489e-05
Epoch: 4600/5000 - Time: 9.95s - Loss: 2.7769e-01 | a: 8.9609e-02, BC: 2.7708e-03, m: 5.7402e-03, u: 3.1944e-03, v: 3.1433e-03, pde_a: 1.1609e-01 geom: 9.4392e-05
Epoch: 4610/5000 - Time: 9.80s - Loss: 1.3675e-01 | a: 7.7325e-02, BC: 8.9973e-04, m: 5.0855e-03, u: 1.8680e-03, v: 2.3815e-03, pde_a: 1.0873e-02 geom: 7.3782e-05
Epoch: 4620/5000 - Time: 9.79s - Loss: 3.5433e-01 | a: 9.6431e-02, BC: 6.0534e-03, m: 6.4134e-03, u: 6.2148e-03, v: 7.2284e-03, pde_a: 1.1090e-01 geom: 1.0032e-04
Epoch: 4630/5000 - Time: 9.97s - Loss: 1.6918e-01 | a: 9.0598e-02, BC: 1.5303e-03, m: 5.2046e-03, u: 2.2343e-03, v: 2.4512e-03, pde_a: 2.4903e-02 geom: 9.2205e-05
Epoch: 4640/5000 - Time: 10.56s - Loss: 2.2846e-01 | a: 1.5766e-01, BC: 3.6649e-03, m: 6.1286e-03, u: 2.0139e-03, v: 2.1866e-03, pde_a: 1.8880e-02 geom: 1.2514e-04
Epoch: 4650/5000 - Time: 10.73s - Loss: 1.2987e-01 | a: 8.7325e-02, BC: 8.7082e-04, m: 5.1007e-03, u: 1.0693e-03, v: 1.1484e-03, pde_a: 1.4306e-02 geom: 8.8137e-05
Epoch: 4660/5000 - Time: 10.67s - Loss: 1.5417e-01 | a: 7.9553e-02, BC: 1.6741e-03, m: 5.1739e-03, u: 2.0489e-03, v: 2.5743e-03, pde_a: 2.1450e-02 geom: 8.4047e-05
Epoch: 4670/5000 - Time: 10.76s - Loss: 1.1968e-01 | a: 8.9213e-02, BC: 7.8876e-04, m: 4.7575e-03, u: 8.2065e-04, v: 7.4079e-04, pde_a: 9.2239e-03 geom: 8.6158e-05
Epoch: 4680/5000 - Time: 10.93s - Loss: 1.3708e-01 | a: 7.6177e-02, BC: 1.0007e-03, m: 5.0729e-03, u: 1.9204e-03, v: 1.5528e-03, pde_a: 2.0023e-02 geom: 7.8936e-05
Epoch: 4690/5000 - Time: 11.03s - Loss: 1.8711e-01 | a: 8.9867e-02, BC: 1.5046e-03, m: 5.3297e-03, u: 3.3382e-03, v: 4.3411e-03, pde_a: 1.3522e-02 geom: 9.7927e-05
Epoch: 4700/5000 - Time: 10.36s - Loss: 1.4981e-01 | a: 8.8418e-02, BC: 1.6997e-03, m: 5.1486e-03, u: 2.1998e-03, v: 2.1338e-03, pde_a: 1.1111e-02 geom: 9.5422e-05
Epoch: 4710/5000 - Time: 9.72s - Loss: 1.1293e-01 | a: 8.5239e-02, BC: 5.9212e-04, m: 4.6534e-03, u: 6.9546e-04, v: 6.8208e-04, pde_a: 8.5906e-03 geom: 7.6427e-05
Saving checkpoint at epoch 4710 with loss 1.1293e-01
Epoch: 4720/5000 - Time: 10.04s - Loss: 2.0038e-01 | a: 9.9323e-02, BC: 1.8092e-03, m: 5.5303e-03, u: 3.1156e-03, v: 4.0199e-03, pde_a: 2.2251e-02 geom: 1.0986e-04
Epoch: 4730/5000 - Time: 10.94s - Loss: 1.2905e-01 | a: 9.6678e-02, BC: 8.0666e-04, m: 4.8697e-03, u: 7.8355e-04, v: 9.4442e-04, pde_a: 9.3268e-03 geom: 9.3114e-05
Epoch: 4740/5000 - Time: 10.96s - Loss: 2.1889e-01 | a: 8.9813e-02, BC: 1.4323e-03, m: 5.4287e-03, u: 4.3315e-03, v: 4.0186e-03, pde_a: 3.8619e-02 geom: 9.7183e-05
Epoch: 4750/5000 - Time: 10.94s - Loss: 1.5124e-01 | a: 9.2123e-02, BC: 2.0001e-03, m: 5.1260e-03, u: 1.9927e-03, v: 1.9989e-03, pde_a: 1.1985e-02 geom: 8.9123e-05
Epoch: 4760/5000 - Time: 10.78s - Loss: 2.8997e-01 | a: 1.3382e-01, BC: 1.5166e-03, m: 5.9701e-03, u: 6.8853e-03, v: 6.0963e-03, pde_a: 1.8715e-02 geom: 1.3704e-04
Epoch: 4770/5000 - Time: 10.60s - Loss: 1.3175e-01 | a: 7.3299e-02, BC: 9.6317e-04, m: 4.9473e-03, u: 1.3586e-03, v: 1.5869e-03, pde_a: 2.3004e-02 geom: 7.7856e-05
Epoch: 4780/5000 - Time: 10.23s - Loss: 9.1933e-01 | a: 3.3785e-01, BC: 1.4492e-02, m: 1.0793e-02, u: 1.8266e-02, v: 2.6115e-02, pde_a: 1.1211e-01 geom: 2.7217e-04
Epoch: 4790/5000 - Time: 10.02s - Loss: 1.1694e-01 | a: 7.0736e-02, BC: 6.8073e-04, m: 4.9681e-03, u: 1.0120e-03, v: 1.1882e-03, pde_a: 1.8477e-02 geom: 7.0362e-05
Epoch: 4800/5000 - Time: 9.81s - Loss: 1.3358e-01 | a: 1.0656e-01, BC: 6.7993e-04, m: 4.5122e-03, u: 7.0590e-04, v: 7.0754e-04, pde_a: 7.6048e-03 geom: 9.3713e-05
Epoch: 4810/5000 - Time: 10.92s - Loss: 1.7930e-01 | a: 8.3551e-02, BC: 8.8749e-04, m: 5.4650e-03, u: 3.7014e-03, v: 4.0725e-03, pde_a: 1.1571e-02 geom: 8.6562e-05
Epoch: 4820/5000 - Time: 10.42s - Loss: 1.3867e-01 | a: 7.3755e-02, BC: 1.0656e-03, m: 4.8051e-03, u: 1.4882e-03, v: 1.5890e-03, pde_a: 2.8200e-02 geom: 7.4950e-05
Epoch: 4830/5000 - Time: 9.87s - Loss: 2.2123e-01 | a: 9.3633e-02, BC: 1.7420e-03, m: 5.5092e-03, u: 5.3874e-03, v: 4.9765e-03, pde_a: 1.6596e-02 geom: 1.0886e-04
Epoch: 4840/5000 - Time: 9.86s - Loss: 3.3388e-01 | a: 1.0346e-01, BC: 2.3628e-03, m: 5.8115e-03, u: 7.2569e-03, v: 8.4998e-03, pde_a: 6.4568e-02 geom: 1.1089e-04
Epoch: 4850/5000 - Time: 10.03s - Loss: 1.5805e-01 | a: 8.7180e-02, BC: 1.5810e-03, m: 5.0330e-03, u: 2.7954e-03, v: 2.5979e-03, pde_a: 1.0236e-02 geom: 8.8321e-05
Epoch: 4860/5000 - Time: 9.98s - Loss: 8.8974e-01 | a: 6.5269e-01, BC: 1.3026e-02, m: 1.2454e-02, u: 8.1031e-03, v: 9.4890e-03, pde_a: 3.5324e-02 geom: 3.3184e-04
Epoch: 4870/5000 - Time: 10.61s - Loss: 1.1403e-01 | a: 7.5002e-02, BC: 6.9230e-04, m: 4.6059e-03, u: 7.7038e-04, v: 7.6250e-04, pde_a: 1.8333e-02 geom: 7.1147e-05
Epoch: 4880/5000 - Time: 10.62s - Loss: 1.1393e-01 | a: 8.2051e-02, BC: 6.5883e-04, m: 4.4920e-03, u: 8.2131e-04, v: 8.3907e-04, pde_a: 1.0048e-02 geom: 7.4042e-05
Epoch: 4890/5000 - Time: 9.92s - Loss: 1.5255e-01 | a: 7.9421e-02, BC: 1.0710e-03, m: 4.7820e-03, u: 1.4751e-03, v: 1.6822e-03, pde_a: 3.5629e-02 geom: 7.8238e-05
Epoch: 4900/5000 - Time: 9.98s - Loss: 1.3482e-01 | a: 1.0398e-01, BC: 1.0094e-03, m: 4.1724e-03, u: 8.5292e-04, v: 9.2461e-04, pde_a: 7.7924e-03 geom: 8.9981e-05
Epoch: 4910/5000 - Time: 10.20s - Loss: 1.5352e-01 | a: 7.8154e-02, BC: 1.0870e-03, m: 4.9586e-03, u: 2.4964e-03, v: 3.1199e-03, pde_a: 1.3072e-02 geom: 8.0792e-05
Epoch: 4920/5000 - Time: 10.20s - Loss: 1.6093e-01 | a: 8.5419e-02, BC: 1.1940e-03, m: 4.9720e-03, u: 1.9273e-03, v: 3.1405e-03, pde_a: 1.8583e-02 geom: 8.6187e-05
Epoch: 4930/5000 - Time: 9.86s - Loss: 1.6697e-01 | a: 7.5418e-02, BC: 1.6946e-03, m: 5.2086e-03, u: 3.0669e-03, v: 4.3530e-03, pde_a: 1.0372e-02 geom: 7.3288e-05
Epoch: 4940/5000 - Time: 9.75s - Loss: 1.3165e-01 | a: 9.8504e-02, BC: 1.0755e-03, m: 4.3073e-03, u: 9.0951e-04, v: 9.6553e-04, pde_a: 8.9204e-03 geom: 9.0012e-05
Epoch: 4950/5000 - Time: 10.50s - Loss: 1.9640e-01 | a: 8.7556e-02, BC: 1.4802e-03, m: 5.1635e-03, u: 2.0108e-03, v: 3.0615e-03, pde_a: 5.1383e-02 geom: 9.3092e-05
Epoch: 4960/5000 - Time: 9.81s - Loss: 1.0610e-01 | a: 7.6680e-02, BC: 5.6389e-04, m: 4.5599e-03, u: 7.0008e-04, v: 6.7592e-04, pde_a: 1.0461e-02 geom: 7.9008e-05
Saving checkpoint at epoch 4960 with loss 1.0610e-01
Epoch: 4970/5000 - Time: 10.28s - Loss: 1.2979e-01 | a: 1.0131e-01, BC: 6.8709e-04, m: 4.6201e-03, u: 7.7545e-04, v: 7.3819e-04, pde_a: 7.9464e-03 geom: 8.7818e-05
Epoch: 4980/5000 - Time: 9.81s - Loss: 3.1207e-01 | a: 8.4717e-02, BC: 3.6801e-03, m: 5.3079e-03, u: 2.6937e-03, v: 2.8649e-03, pde_a: 1.6268e-01 geom: 9.0771e-05
Epoch: 4990/5000 - Time: 9.75s - Loss: 1.6274e-01 | a: 8.0043e-02, BC: 8.9431e-04, m: 4.9460e-03, u: 3.0561e-03, v: 2.9240e-03, pde_a: 1.6973e-02 geom: 8.5703e-05
Epoch: 5000/5000 - Time: 9.92s - Loss: 2.0109e-01 | a: 9.5961e-02, BC: 1.7502e-03, m: 5.3568e-03, u: 4.1392e-03, v: 4.1600e-03, pde_a: 1.4924e-02 geom: 1.0817e-04

--- Starting Training Phase 2/5 ---
Epochs: 5000, Learning Rate: 5e-05
Total samples: 211630, Desired batch size: 10582
Calculated num_batches: 20, Proportional batch sizes: {'A': 1306, 'PDE': 7911, 'N': 21, 'EW': 21, 'NSEW': 43, 'GEOM': 1285}
Epoch: 10/5000 - Time: 9.74s - Loss: 7.9828e-02 | a: 5.6349e-02, BC: 3.3705e-04, m: 4.8037e-03, u: 5.9704e-04, v: 5.5457e-04, pde_a: 6.7597e-03 geom: 6.1904e-05
Saving checkpoint at epoch 10 with loss 7.9828e-02
Epoch: 20/5000 - Time: 10.01s - Loss: 8.0553e-02 | a: 5.1455e-02, BC: 4.6027e-04, m: 5.0615e-03, u: 7.9716e-04, v: 7.8005e-04, pde_a: 7.7451e-03 geom: 5.9707e-05
Epoch: 30/5000 - Time: 9.93s - Loss: 7.7527e-02 | a: 4.7981e-02, BC: 4.0087e-04, m: 5.1351e-03, u: 8.7178e-04, v: 7.9703e-04, pde_a: 7.2645e-03 geom: 5.8253e-05
Saving checkpoint at epoch 30 with loss 7.7527e-02
Epoch: 40/5000 - Time: 9.86s - Loss: 7.8784e-02 | a: 4.7052e-02, BC: 4.5631e-04, m: 5.1789e-03, u: 8.8213e-04, v: 8.8210e-04, pde_a: 8.3976e-03 geom: 5.7199e-05
Epoch: 50/5000 - Time: 10.04s - Loss: 9.0723e-02 | a: 4.8328e-02, BC: 8.8291e-04, m: 5.1362e-03, u: 1.4182e-03, v: 1.4074e-03, pde_a: 8.0569e-03 geom: 6.2351e-05
Epoch: 60/5000 - Time: 9.71s - Loss: 1.0619e-01 | a: 4.3126e-02, BC: 5.3557e-04, m: 5.1823e-03, u: 2.3748e-03, v: 2.3987e-03, pde_a: 9.5609e-03 geom: 5.3119e-05
Epoch: 70/5000 - Time: 9.74s - Loss: 9.7282e-02 | a: 4.2119e-02, BC: 4.6928e-04, m: 5.0719e-03, u: 1.7751e-03, v: 2.1619e-03, pde_a: 1.0200e-02 geom: 5.2109e-05
Epoch: 80/5000 - Time: 10.34s - Loss: 1.0167e-01 | a: 4.4893e-02, BC: 9.1820e-04, m: 4.9120e-03, u: 1.8324e-03, v: 2.1345e-03, pde_a: 1.1226e-02 geom: 5.4696e-05
Epoch: 90/5000 - Time: 10.74s - Loss: 7.8979e-02 | a: 4.1662e-02, BC: 5.5478e-04, m: 4.7558e-03, u: 1.1644e-03, v: 1.1708e-03, pde_a: 8.6013e-03 geom: 5.3096e-05
Epoch: 100/5000 - Time: 10.62s - Loss: 8.9610e-02 | a: 4.4571e-02, BC: 5.3059e-04, m: 4.7680e-03, u: 1.7005e-03, v: 1.4588e-03, pde_a: 8.0869e-03 geom: 6.0658e-05
Epoch: 110/5000 - Time: 9.66s - Loss: 7.7715e-02 | a: 4.1679e-02, BC: 4.4869e-04, m: 4.5540e-03, u: 1.0889e-03, v: 1.0967e-03, pde_a: 9.1249e-03 geom: 5.2646e-05
Epoch: 120/5000 - Time: 9.95s - Loss: 8.4813e-02 | a: 4.7165e-02, BC: 4.7382e-04, m: 4.4475e-03, u: 1.1265e-03, v: 1.1942e-03, pde_a: 9.4616e-03 geom: 5.9296e-05
Epoch: 130/5000 - Time: 10.34s - Loss: 9.0312e-02 | a: 4.3324e-02, BC: 5.1852e-04, m: 4.5686e-03, u: 1.5346e-03, v: 1.2582e-03, pde_a: 1.3916e-02 geom: 5.7362e-05
Epoch: 140/5000 - Time: 10.10s - Loss: 8.0657e-02 | a: 4.1668e-02, BC: 4.8700e-04, m: 4.5387e-03, u: 1.1812e-03, v: 1.2830e-03, pde_a: 9.2667e-03 geom: 5.4578e-05
Epoch: 150/5000 - Time: 9.69s - Loss: 8.9992e-02 | a: 4.3075e-02, BC: 7.0678e-04, m: 4.5824e-03, u: 1.2696e-03, v: 2.0201e-03, pde_a: 8.6735e-03 geom: 5.7805e-05
Epoch: 160/5000 - Time: 10.34s - Loss: 1.1450e-01 | a: 4.8211e-02, BC: 7.9204e-04, m: 4.5512e-03, u: 2.1889e-03, v: 2.0251e-03, pde_a: 1.8751e-02 geom: 6.0099e-05
Epoch: 170/5000 - Time: 10.07s - Loss: 1.1389e-01 | a: 4.3721e-02, BC: 5.9866e-04, m: 4.5762e-03, u: 2.6492e-03, v: 2.8456e-03, pde_a: 9.9865e-03 geom: 6.1193e-05
Epoch: 180/5000 - Time: 9.90s - Loss: 8.1018e-02 | a: 3.9945e-02, BC: 5.7017e-04, m: 4.4082e-03, u: 1.1945e-03, v: 1.4991e-03, pde_a: 9.1060e-03 geom: 5.2301e-05
Epoch: 190/5000 - Time: 9.83s - Loss: 8.4291e-02 | a: 4.1149e-02, BC: 4.2812e-04, m: 4.3447e-03, u: 1.9645e-03, v: 1.1685e-03, pde_a: 6.9874e-03 geom: 5.2410e-05
Epoch: 200/5000 - Time: 9.78s - Loss: 1.0281e-01 | a: 4.2711e-02, BC: 7.3049e-04, m: 4.2912e-03, u: 1.7164e-03, v: 1.7802e-03, pde_a: 2.0061e-02 geom: 5.3290e-05
Epoch: 210/5000 - Time: 9.79s - Loss: 8.3229e-02 | a: 3.7222e-02, BC: 4.2320e-04, m: 4.3872e-03, u: 1.4208e-03, v: 1.6695e-03, pde_a: 1.0245e-02 geom: 5.0115e-05
Epoch: 220/5000 - Time: 10.48s - Loss: 6.9023e-02 | a: 4.7010e-02, BC: 3.1676e-04, m: 3.9114e-03, u: 6.0778e-04, v: 5.3666e-04, pde_a: 6.2870e-03 geom: 5.3613e-05
Saving checkpoint at epoch 220 with loss 6.9023e-02
Epoch: 230/5000 - Time: 10.71s - Loss: 6.5820e-02 | a: 4.0810e-02, BC: 3.0879e-04, m: 4.0256e-03, u: 6.4525e-04, v: 5.8338e-04, pde_a: 8.3390e-03 geom: 5.0556e-05
Saving checkpoint at epoch 230 with loss 6.5820e-02
Epoch: 240/5000 - Time: 10.84s - Loss: 8.3005e-02 | a: 4.0362e-02, BC: 4.7464e-04, m: 4.2730e-03, u: 1.4028e-03, v: 1.6574e-03, pde_a: 7.2401e-03 geom: 5.2646e-05
Epoch: 250/5000 - Time: 10.00s - Loss: 7.9604e-02 | a: 4.1471e-02, BC: 4.2947e-04, m: 4.1455e-03, u: 1.2245e-03, v: 1.1827e-03, pde_a: 9.4289e-03 geom: 5.6508e-05
Epoch: 260/5000 - Time: 9.74s - Loss: 9.2974e-02 | a: 4.1508e-02, BC: 6.7884e-04, m: 4.2350e-03, u: 1.6103e-03, v: 2.0973e-03, pde_a: 9.4186e-03 geom: 5.7433e-05
Epoch: 270/5000 - Time: 9.94s - Loss: 8.8640e-02 | a: 3.8876e-02, BC: 5.9089e-04, m: 4.2051e-03, u: 1.2934e-03, v: 1.7823e-03, pde_a: 1.4162e-02 geom: 4.9631e-05
Epoch: 280/5000 - Time: 10.85s - Loss: 8.6815e-02 | a: 4.1900e-02, BC: 4.7266e-04, m: 4.2218e-03, u: 1.5269e-03, v: 1.6427e-03, pde_a: 8.4655e-03 geom: 5.9054e-05
Epoch: 290/5000 - Time: 10.47s - Loss: 9.7429e-02 | a: 4.1584e-02, BC: 4.6837e-04, m: 4.1894e-03, u: 2.3342e-03, v: 1.6555e-03, pde_a: 1.1236e-02 geom: 5.4246e-05
Epoch: 300/5000 - Time: 9.82s - Loss: 1.0209e-01 | a: 3.7249e-02, BC: 4.8951e-04, m: 4.3703e-03, u: 3.1883e-03, v: 1.9062e-03, pde_a: 8.9859e-03 geom: 4.9614e-05
Epoch: 310/5000 - Time: 9.70s - Loss: 1.0130e-01 | a: 4.5646e-02, BC: 1.1101e-03, m: 4.1035e-03, u: 1.6595e-03, v: 1.7446e-03, pde_a: 1.6329e-02 geom: 6.8476e-05
Epoch: 320/5000 - Time: 10.32s - Loss: 8.2393e-02 | a: 3.8763e-02, BC: 7.1971e-04, m: 4.0036e-03, u: 1.3824e-03, v: 1.5840e-03, pde_a: 9.1919e-03 geom: 5.0556e-05
Epoch: 330/5000 - Time: 10.36s - Loss: 1.2150e-01 | a: 3.7535e-02, BC: 6.2744e-04, m: 4.2980e-03, u: 3.1926e-03, v: 3.4401e-03, pde_a: 1.2658e-02 geom: 5.3841e-05
Epoch: 340/5000 - Time: 10.47s - Loss: 1.2658e-01 | a: 4.6161e-02, BC: 8.1388e-04, m: 4.0908e-03, u: 2.5402e-03, v: 3.4961e-03, pde_a: 1.5085e-02 geom: 6.3272e-05
Epoch: 350/5000 - Time: 10.63s - Loss: 1.3625e-01 | a: 4.6466e-02, BC: 7.4127e-04, m: 4.2361e-03, u: 3.1967e-03, v: 3.4527e-03, pde_a: 1.8244e-02 geom: 6.8827e-05
Epoch: 360/5000 - Time: 9.82s - Loss: 1.0894e-01 | a: 4.6387e-02, BC: 8.0543e-04, m: 4.1033e-03, u: 1.9596e-03, v: 1.8344e-03, pde_a: 1.9632e-02 geom: 6.8748e-05
Epoch: 370/5000 - Time: 10.11s - Loss: 1.2685e-01 | a: 5.5377e-02, BC: 1.0341e-03, m: 4.2821e-03, u: 2.6169e-03, v: 2.6070e-03, pde_a: 1.3841e-02 geom: 8.1576e-05
Epoch: 380/5000 - Time: 10.27s - Loss: 7.7717e-02 | a: 5.4885e-02, BC: 4.4590e-04, m: 3.6876e-03, u: 5.9562e-04, v: 5.7974e-04, pde_a: 6.8869e-03 geom: 5.8245e-05
Epoch: 390/5000 - Time: 10.39s - Loss: 7.0245e-02 | a: 4.4738e-02, BC: 3.5260e-04, m: 3.5595e-03, u: 7.7114e-04, v: 7.1168e-04, pde_a: 6.7124e-03 geom: 5.4865e-05
Epoch: 400/5000 - Time: 10.87s - Loss: 9.3786e-02 | a: 4.7194e-02, BC: 6.0464e-04, m: 3.8081e-03, u: 1.1660e-03, v: 1.4615e-03, pde_a: 1.5837e-02 geom: 6.6372e-05
Epoch: 410/5000 - Time: 11.01s - Loss: 7.5203e-02 | a: 3.8545e-02, BC: 4.2844e-04, m: 3.7695e-03, u: 1.0604e-03, v: 9.5713e-04, pde_a: 1.2233e-02 geom: 5.0841e-05
Epoch: 420/5000 - Time: 11.41s - Loss: 1.7950e-01 | a: 7.5038e-02, BC: 7.4614e-04, m: 4.2797e-03, u: 3.9491e-03, v: 4.6692e-03, pde_a: 1.3146e-02 geom: 1.0446e-04
Epoch: 430/5000 - Time: 11.02s - Loss: 7.3566e-02 | a: 3.6549e-02, BC: 4.6001e-04, m: 3.8268e-03, u: 1.2982e-03, v: 1.2193e-03, pde_a: 7.5082e-03 geom: 4.6787e-05
Epoch: 440/5000 - Time: 10.99s - Loss: 9.1762e-02 | a: 3.8783e-02, BC: 6.9464e-04, m: 3.9377e-03, u: 1.6621e-03, v: 1.7349e-03, pde_a: 1.4323e-02 geom: 5.3719e-05
Epoch: 450/5000 - Time: 10.99s - Loss: 7.5159e-02 | a: 3.7566e-02, BC: 4.2098e-04, m: 3.7162e-03, u: 1.0537e-03, v: 1.1969e-03, pde_a: 1.0900e-02 geom: 4.9790e-05
Epoch: 460/5000 - Time: 11.03s - Loss: 8.2828e-02 | a: 4.2910e-02, BC: 5.6155e-04, m: 3.8558e-03, u: 1.1972e-03, v: 1.3803e-03, pde_a: 9.6686e-03 geom: 5.7395e-05
Epoch: 470/5000 - Time: 10.88s - Loss: 8.4851e-02 | a: 3.4265e-02, BC: 4.2262e-04, m: 3.8735e-03, u: 1.6496e-03, v: 1.6616e-03, pde_a: 1.3132e-02 geom: 4.6126e-05
Epoch: 480/5000 - Time: 10.74s - Loss: 7.7329e-02 | a: 4.4099e-02, BC: 7.0988e-04, m: 3.6909e-03, u: 1.0364e-03, v: 9.7438e-04, pde_a: 8.6673e-03 geom: 5.4688e-05
Epoch: 490/5000 - Time: 10.64s - Loss: 6.5124e-02 | a: 3.8856e-02, BC: 4.8817e-04, m: 3.6148e-03, u: 7.5935e-04, v: 7.1255e-04, pde_a: 7.3914e-03 geom: 5.4028e-05
Saving checkpoint at epoch 490 with loss 6.5124e-02
Epoch: 500/5000 - Time: 10.45s - Loss: 8.7802e-02 | a: 3.9080e-02, BC: 5.0878e-04, m: 3.7095e-03, u: 9.4689e-04, v: 9.4002e-04, pde_a: 2.5580e-02 geom: 5.4372e-05
Epoch: 510/5000 - Time: 10.05s - Loss: 9.9890e-02 | a: 3.4133e-02, BC: 5.9932e-04, m: 3.8521e-03, u: 1.6319e-03, v: 1.7358e-03, pde_a: 2.7581e-02 geom: 4.7642e-05
Epoch: 520/5000 - Time: 9.98s - Loss: 7.4253e-02 | a: 3.8575e-02, BC: 3.7970e-04, m: 3.6492e-03, u: 1.1639e-03, v: 1.2357e-03, pde_a: 7.6021e-03 geom: 5.1088e-05
Epoch: 530/5000 - Time: 10.45s - Loss: 1.1062e-01 | a: 3.7147e-02, BC: 8.4906e-04, m: 3.9641e-03, u: 2.8493e-03, v: 2.1961e-03, pde_a: 1.8158e-02 geom: 5.0573e-05
Epoch: 540/5000 - Time: 10.52s - Loss: 6.6619e-02 | a: 3.8953e-02, BC: 3.1724e-04, m: 3.4816e-03, u: 7.0633e-04, v: 7.6545e-04, pde_a: 9.0994e-03 geom: 5.0248e-05
Epoch: 550/5000 - Time: 10.05s - Loss: 8.3270e-02 | a: 3.4485e-02, BC: 3.8416e-04, m: 3.7408e-03, u: 1.7034e-03, v: 1.9322e-03, pde_a: 8.2595e-03 geom: 4.5391e-05
Epoch: 560/5000 - Time: 9.85s - Loss: 8.3623e-02 | a: 3.6567e-02, BC: 4.1183e-04, m: 3.7011e-03, u: 1.7183e-03, v: 1.3908e-03, pde_a: 1.1802e-02 geom: 4.9633e-05
Epoch: 570/5000 - Time: 10.00s - Loss: 9.0786e-02 | a: 3.8418e-02, BC: 5.2103e-04, m: 3.7259e-03, u: 1.8890e-03, v: 1.8658e-03, pde_a: 1.0521e-02 geom: 5.3109e-05
Epoch: 580/5000 - Time: 10.10s - Loss: 8.5122e-02 | a: 3.6650e-02, BC: 3.9033e-04, m: 3.6901e-03, u: 1.6933e-03, v: 1.2875e-03, pde_a: 1.4533e-02 geom: 5.0886e-05
Epoch: 590/5000 - Time: 9.94s - Loss: 8.8384e-02 | a: 3.8631e-02, BC: 8.2777e-04, m: 3.7450e-03, u: 1.5582e-03, v: 2.0080e-03, pde_a: 9.4638e-03 geom: 5.4515e-05
Epoch: 600/5000 - Time: 10.01s - Loss: 1.0886e-01 | a: 4.5674e-02, BC: 9.4675e-04, m: 3.7528e-03, u: 2.0322e-03, v: 2.1665e-03, pde_a: 1.6430e-02 geom: 6.7111e-05
Epoch: 610/5000 - Time: 10.43s - Loss: 1.1689e-01 | a: 4.7017e-02, BC: 1.1084e-03, m: 3.8797e-03, u: 2.4309e-03, v: 3.0641e-03, pde_a: 9.8624e-03 geom: 6.7902e-05
Epoch: 620/5000 - Time: 10.98s - Loss: 1.1228e-01 | a: 4.3159e-02, BC: 5.0995e-04, m: 3.7931e-03, u: 2.5834e-03, v: 2.7866e-03, pde_a: 1.1053e-02 geom: 6.0293e-05
Epoch: 630/5000 - Time: 10.93s - Loss: 1.3036e-01 | a: 4.0995e-02, BC: 6.3139e-04, m: 3.9948e-03, u: 4.8673e-03, v: 2.4751e-03, pde_a: 1.1257e-02 geom: 5.9131e-05
Epoch: 640/5000 - Time: 10.83s - Loss: 2.0568e-01 | a: 6.3748e-02, BC: 9.3388e-04, m: 4.4734e-03, u: 8.2342e-03, v: 3.9831e-03, pde_a: 1.4261e-02 geom: 9.2883e-05
Epoch: 650/5000 - Time: 10.95s - Loss: 8.2018e-02 | a: 3.6409e-02, BC: 5.2837e-04, m: 3.6045e-03, u: 1.6938e-03, v: 1.6608e-03, pde_a: 7.8777e-03 geom: 5.1210e-05
Epoch: 660/5000 - Time: 10.78s - Loss: 9.0912e-02 | a: 4.0623e-02, BC: 9.4717e-04, m: 3.6806e-03, u: 1.7124e-03, v: 1.9339e-03, pde_a: 9.1388e-03 geom: 5.8189e-05
Epoch: 670/5000 - Time: 10.04s - Loss: 9.2287e-02 | a: 3.5399e-02, BC: 6.1159e-04, m: 3.5863e-03, u: 1.4374e-03, v: 1.6350e-03, pde_a: 2.1917e-02 geom: 4.9173e-05
Epoch: 680/5000 - Time: 9.99s - Loss: 7.0701e-02 | a: 3.6023e-02, BC: 3.6594e-04, m: 3.4895e-03, u: 1.0551e-03, v: 1.0405e-03, pde_a: 9.8157e-03 geom: 5.0387e-05
Epoch: 690/5000 - Time: 10.16s - Loss: 7.2621e-02 | a: 3.5011e-02, BC: 4.1777e-04, m: 3.4874e-03, u: 1.2354e-03, v: 1.1249e-03, pde_a: 1.0052e-02 geom: 4.8849e-05
Epoch: 700/5000 - Time: 10.89s - Loss: 7.0778e-02 | a: 3.7506e-02, BC: 4.6135e-04, m: 3.3497e-03, u: 1.0410e-03, v: 1.1234e-03, pde_a: 7.7685e-03 geom: 4.9160e-05
Epoch: 710/5000 - Time: 10.16s - Loss: 7.6268e-02 | a: 3.4914e-02, BC: 3.2959e-04, m: 3.5381e-03, u: 1.3543e-03, v: 1.5401e-03, pde_a: 8.4936e-03 geom: 4.8560e-05
Epoch: 720/5000 - Time: 9.91s - Loss: 1.0873e-01 | a: 4.3309e-02, BC: 7.5025e-04, m: 3.6347e-03, u: 2.1061e-03, v: 1.8060e-03, pde_a: 2.1851e-02 geom: 6.5090e-05
Epoch: 730/5000 - Time: 9.95s - Loss: 7.6411e-02 | a: 3.4211e-02, BC: 4.4457e-04, m: 3.4720e-03, u: 1.3344e-03, v: 1.4245e-03, pde_a: 1.0646e-02 geom: 4.7859e-05
Epoch: 740/5000 - Time: 10.00s - Loss: 9.2079e-02 | a: 3.7755e-02, BC: 6.2773e-04, m: 3.6342e-03, u: 1.7555e-03, v: 2.1633e-03, pde_a: 1.0819e-02 geom: 5.5475e-05
Epoch: 750/5000 - Time: 9.95s - Loss: 7.3153e-02 | a: 3.6529e-02, BC: 5.6540e-04, m: 3.4271e-03, u: 1.2580e-03, v: 1.0348e-03, pde_a: 9.6511e-03 geom: 5.1374e-05
Epoch: 760/5000 - Time: 10.08s - Loss: 1.5042e-01 | a: 4.1393e-02, BC: 8.4313e-04, m: 3.9156e-03, u: 4.6754e-03, v: 3.2523e-03, pde_a: 2.4933e-02 geom: 6.1690e-05
Epoch: 770/5000 - Time: 10.82s - Loss: 1.2560e-01 | a: 4.8550e-02, BC: 8.4230e-04, m: 3.7229e-03, u: 3.3007e-03, v: 3.0877e-03, pde_a: 8.5274e-03 geom: 7.0730e-05
Epoch: 780/5000 - Time: 10.76s - Loss: 1.1084e-01 | a: 4.5807e-02, BC: 7.8790e-04, m: 3.5555e-03, u: 2.4966e-03, v: 2.3711e-03, pde_a: 1.1943e-02 geom: 7.0657e-05
Epoch: 790/5000 - Time: 10.84s - Loss: 7.4778e-02 | a: 3.2692e-02, BC: 3.6185e-04, m: 3.4675e-03, u: 1.5010e-03, v: 1.3433e-03, pde_a: 9.7664e-03 geom: 4.6827e-05
Epoch: 800/5000 - Time: 11.01s - Loss: 2.2020e-01 | a: 7.0531e-02, BC: 3.5364e-03, m: 4.5373e-03, u: 5.4601e-03, v: 6.7633e-03, pde_a: 1.9257e-02 geom: 1.0018e-04
Epoch: 810/5000 - Time: 10.74s - Loss: 6.6058e-02 | a: 3.4954e-02, BC: 3.5792e-04, m: 3.2939e-03, u: 8.9442e-04, v: 9.9564e-04, pde_a: 8.5054e-03 geom: 4.6692e-05
Epoch: 820/5000 - Time: 10.82s - Loss: 9.0635e-02 | a: 3.3544e-02, BC: 3.8969e-04, m: 3.5795e-03, u: 2.0231e-03, v: 2.3903e-03, pde_a: 8.9394e-03 geom: 4.8787e-05
Epoch: 830/5000 - Time: 10.88s - Loss: 7.4235e-02 | a: 3.5553e-02, BC: 4.0832e-04, m: 3.4076e-03, u: 1.3231e-03, v: 1.2748e-03, pde_a: 8.8339e-03 geom: 5.2239e-05
Epoch: 840/5000 - Time: 10.28s - Loss: 6.6767e-02 | a: 3.3609e-02, BC: 4.4209e-04, m: 3.3391e-03, u: 1.1454e-03, v: 1.0778e-03, pde_a: 7.0995e-03 geom: 4.5582e-05
Epoch: 850/5000 - Time: 10.00s - Loss: 7.7322e-02 | a: 3.4594e-02, BC: 3.3927e-04, m: 3.3832e-03, u: 1.1656e-03, v: 1.7402e-03, pde_a: 9.8975e-03 geom: 4.9992e-05
Epoch: 860/5000 - Time: 10.35s - Loss: 7.3468e-02 | a: 3.8090e-02, BC: 5.8785e-04, m: 3.4001e-03, u: 1.1621e-03, v: 1.1648e-03, pde_a: 8.0642e-03 geom: 5.6798e-05
Epoch: 870/5000 - Time: 10.98s - Loss: 1.1323e-01 | a: 4.1880e-02, BC: 5.7595e-04, m: 3.5513e-03, u: 2.6450e-03, v: 2.4043e-03, pde_a: 1.6664e-02 geom: 6.3809e-05
Epoch: 880/5000 - Time: 10.83s - Loss: 9.2355e-02 | a: 3.9027e-02, BC: 3.7659e-04, m: 3.4890e-03, u: 2.2135e-03, v: 1.9068e-03, pde_a: 8.2029e-03 geom: 5.6276e-05
Epoch: 890/5000 - Time: 10.44s - Loss: 8.3952e-02 | a: 3.1138e-02, BC: 3.9088e-04, m: 3.4893e-03, u: 1.9599e-03, v: 2.0444e-03, pde_a: 8.8476e-03 geom: 4.3804e-05
Epoch: 900/5000 - Time: 9.95s - Loss: 7.6361e-02 | a: 3.4514e-02, BC: 4.4288e-04, m: 3.3898e-03, u: 1.6912e-03, v: 1.4166e-03, pde_a: 6.8888e-03 geom: 4.8337e-05
Epoch: 910/5000 - Time: 9.96s - Loss: 1.1910e-01 | a: 3.9624e-02, BC: 9.8713e-04, m: 3.4255e-03, u: 2.4518e-03, v: 2.5636e-03, pde_a: 2.4849e-02 geom: 5.9521e-05
Epoch: 920/5000 - Time: 10.00s - Loss: 9.0011e-02 | a: 3.6529e-02, BC: 4.6693e-04, m: 3.4521e-03, u: 1.8410e-03, v: 2.2155e-03, pde_a: 8.9453e-03 geom: 5.2202e-05
Epoch: 930/5000 - Time: 9.95s - Loss: 1.0100e-01 | a: 3.7968e-02, BC: 4.6301e-04, m: 3.5255e-03, u: 2.1037e-03, v: 2.6095e-03, pde_a: 1.1860e-02 geom: 5.2130e-05
Epoch: 940/5000 - Time: 10.39s - Loss: 1.1004e-01 | a: 3.9064e-02, BC: 6.2755e-04, m: 3.5236e-03, u: 2.2173e-03, v: 3.5812e-03, pde_a: 8.7859e-03 geom: 5.5627e-05
Epoch: 950/5000 - Time: 9.87s - Loss: 6.9544e-02 | a: 3.6576e-02, BC: 3.6893e-04, m: 3.2853e-03, u: 1.1129e-03, v: 1.0035e-03, pde_a: 8.0976e-03 geom: 5.2527e-05
Epoch: 960/5000 - Time: 9.95s - Loss: 9.3866e-02 | a: 3.4712e-02, BC: 4.7244e-04, m: 3.4189e-03, u: 2.3778e-03, v: 1.8356e-03, pde_a: 1.3080e-02 geom: 4.8640e-05
Epoch: 970/5000 - Time: 9.95s - Loss: 8.3677e-02 | a: 3.4188e-02, BC: 6.3203e-04, m: 3.2962e-03, u: 1.5556e-03, v: 1.8405e-03, pde_a: 1.1553e-02 geom: 4.7223e-05
Epoch: 980/5000 - Time: 9.99s - Loss: 1.4308e-01 | a: 5.1880e-02, BC: 8.5381e-04, m: 3.4942e-03, u: 3.3587e-03, v: 4.0334e-03, pde_a: 1.2859e-02 geom: 7.1342e-05
Epoch: 990/5000 - Time: 9.98s - Loss: 7.3101e-02 | a: 3.2887e-02, BC: 3.7617e-04, m: 3.3064e-03, u: 1.4910e-03, v: 1.4272e-03, pde_a: 7.3010e-03 geom: 4.8159e-05
Epoch: 1000/5000 - Time: 10.36s - Loss: 2.1702e-01 | a: 1.0529e-01, BC: 1.5757e-03, m: 3.8777e-03, u: 4.6375e-03, v: 4.0131e-03, pde_a: 1.9622e-02 geom: 1.4618e-04
Epoch: 1010/5000 - Time: 9.85s - Loss: 6.7224e-02 | a: 3.4378e-02, BC: 3.8303e-04, m: 3.2293e-03, u: 9.9633e-04, v: 1.0255e-03, pde_a: 8.9695e-03 geom: 4.5790e-05
Epoch: 1020/5000 - Time: 10.39s - Loss: 7.5431e-02 | a: 3.2554e-02, BC: 6.1721e-04, m: 3.2802e-03, u: 1.3039e-03, v: 1.6485e-03, pde_a: 9.4080e-03 geom: 4.7590e-05
Epoch: 1030/5000 - Time: 10.65s - Loss: 6.5793e-02 | a: 3.0685e-02, BC: 3.3944e-04, m: 3.2016e-03, u: 8.9286e-04, v: 1.0610e-03, pde_a: 1.1986e-02 geom: 4.2993e-05
Epoch: 1040/5000 - Time: 10.80s - Loss: 8.7311e-02 | a: 3.4628e-02, BC: 5.3864e-04, m: 3.2366e-03, u: 1.5973e-03, v: 1.6857e-03, pde_a: 1.6029e-02 geom: 4.8886e-05
Epoch: 1050/5000 - Time: 10.81s - Loss: 1.0071e-01 | a: 3.6308e-02, BC: 6.4647e-04, m: 3.3884e-03, u: 1.5167e-03, v: 3.1614e-03, pde_a: 1.3533e-02 geom: 5.3762e-05
Epoch: 1060/5000 - Time: 10.75s - Loss: 6.7024e-02 | a: 3.2139e-02, BC: 3.7527e-04, m: 3.2246e-03, u: 1.0233e-03, v: 1.0423e-03, pde_a: 1.0584e-02 geom: 4.4820e-05
Epoch: 1070/5000 - Time: 10.88s - Loss: 8.7338e-02 | a: 3.3249e-02, BC: 6.6956e-04, m: 3.2810e-03, u: 1.5163e-03, v: 1.7371e-03, pde_a: 1.7555e-02 geom: 4.9264e-05
Epoch: 1080/5000 - Time: 10.80s - Loss: 9.4040e-02 | a: 3.9629e-02, BC: 6.5038e-04, m: 3.3552e-03, u: 2.0241e-03, v: 1.9668e-03, pde_a: 1.0437e-02 geom: 5.8169e-05
Epoch: 1090/5000 - Time: 10.01s - Loss: 1.1038e-01 | a: 4.4565e-02, BC: 5.7484e-04, m: 3.4273e-03, u: 2.1517e-03, v: 2.9679e-03, pde_a: 1.0556e-02 geom: 6.2913e-05
Epoch: 1100/5000 - Time: 9.77s - Loss: 7.1535e-02 | a: 3.4438e-02, BC: 4.4847e-04, m: 3.1958e-03, u: 1.0924e-03, v: 1.0134e-03, pde_a: 1.2345e-02 geom: 5.0016e-05
Epoch: 1110/5000 - Time: 9.87s - Loss: 8.4455e-02 | a: 3.4446e-02, BC: 4.6754e-04, m: 3.3072e-03, u: 1.9416e-03, v: 1.9329e-03, pde_a: 7.4387e-03 geom: 5.1309e-05
Epoch: 1120/5000 - Time: 9.78s - Loss: 9.5573e-02 | a: 3.7380e-02, BC: 7.1892e-04, m: 3.2269e-03, u: 1.6556e-03, v: 2.1425e-03, pde_a: 1.6208e-02 geom: 5.6943e-05
Epoch: 1130/5000 - Time: 10.47s - Loss: 3.5585e-01 | a: 1.2985e-01, BC: 2.3700e-03, m: 3.9827e-03, u: 8.4677e-03, v: 1.0659e-02, pde_a: 2.8210e-02 geom: 1.6319e-04
Epoch: 1140/5000 - Time: 10.68s - Loss: 6.8205e-02 | a: 3.5161e-02, BC: 3.5963e-04, m: 3.1443e-03, u: 1.3020e-03, v: 9.6514e-04, pde_a: 6.8196e-03 geom: 4.8955e-05
Epoch: 1150/5000 - Time: 10.88s - Loss: 7.3841e-02 | a: 3.0197e-02, BC: 3.1860e-04, m: 3.2087e-03, u: 1.0466e-03, v: 1.5426e-03, pde_a: 1.4183e-02 geom: 4.2580e-05
Epoch: 1160/5000 - Time: 10.70s - Loss: 9.1375e-02 | a: 3.5817e-02, BC: 6.0315e-04, m: 3.2924e-03, u: 1.6419e-03, v: 2.2294e-03, pde_a: 1.2894e-02 geom: 5.4493e-05
Epoch: 1170/5000 - Time: 10.83s - Loss: 7.5605e-02 | a: 3.3690e-02, BC: 3.9157e-04, m: 3.2306e-03, u: 1.8268e-03, v: 1.2200e-03, pde_a: 7.7744e-03 geom: 4.9887e-05
Epoch: 1180/5000 - Time: 10.43s - Loss: 8.7649e-02 | a: 3.7991e-02, BC: 6.6324e-04, m: 3.2611e-03, u: 1.4554e-03, v: 1.6592e-03, pde_a: 1.4529e-02 geom: 5.8602e-05
Epoch: 1190/5000 - Time: 9.84s - Loss: 6.9501e-02 | a: 3.2495e-02, BC: 3.0820e-04, m: 3.1564e-03, u: 1.3047e-03, v: 1.4603e-03, pde_a: 5.8466e-03 geom: 4.5583e-05
Epoch: 1200/5000 - Time: 9.85s - Loss: 9.4281e-02 | a: 3.6524e-02, BC: 8.2881e-04, m: 3.2891e-03, u: 2.1543e-03, v: 2.3299e-03, pde_a: 8.7428e-03 geom: 5.3629e-05
Epoch: 1210/5000 - Time: 10.19s - Loss: 6.7679e-02 | a: 3.3153e-02, BC: 4.0727e-04, m: 3.1298e-03, u: 9.5980e-04, v: 8.4277e-04, pde_a: 1.2914e-02 geom: 4.9474e-05
Epoch: 1220/5000 - Time: 9.80s - Loss: 1.4539e-01 | a: 4.5120e-02, BC: 8.9113e-04, m: 3.5080e-03, u: 3.9786e-03, v: 4.2309e-03, pde_a: 1.3703e-02 geom: 7.2110e-05
Epoch: 1230/5000 - Time: 10.28s - Loss: 6.1820e-02 | a: 3.2396e-02, BC: 4.0143e-04, m: 3.0403e-03, u: 8.0364e-04, v: 9.3683e-04, pde_a: 8.5321e-03 geom: 4.6351e-05
Saving checkpoint at epoch 1230 with loss 6.1820e-02
Epoch: 1240/5000 - Time: 10.75s - Loss: 1.0263e-01 | a: 3.3867e-02, BC: 4.4735e-04, m: 3.3617e-03, u: 2.9141e-03, v: 2.5081e-03, pde_a: 1.0680e-02 geom: 4.8310e-05
Epoch: 1250/5000 - Time: 10.63s - Loss: 8.4566e-02 | a: 3.4363e-02, BC: 5.7874e-04, m: 3.1873e-03, u: 1.6490e-03, v: 1.3956e-03, pde_a: 1.5940e-02 geom: 5.1239e-05
Epoch: 1260/5000 - Time: 10.71s - Loss: 1.2763e-01 | a: 4.9291e-02, BC: 1.1497e-03, m: 3.4572e-03, u: 3.0628e-03, v: 2.7124e-03, pde_a: 1.5909e-02 geom: 7.4770e-05
Epoch: 1270/5000 - Time: 10.61s - Loss: 7.5257e-02 | a: 3.3971e-02, BC: 5.1499e-04, m: 3.1514e-03, u: 1.5855e-03, v: 1.1847e-03, pde_a: 9.8672e-03 geom: 5.0802e-05
Epoch: 1280/5000 - Time: 10.87s - Loss: 6.7394e-02 | a: 3.1053e-02, BC: 5.2004e-04, m: 3.0872e-03, u: 1.0722e-03, v: 1.3093e-03, pde_a: 8.8740e-03 geom: 4.4791e-05
Epoch: 1290/5000 - Time: 10.56s - Loss: 8.5608e-02 | a: 3.8688e-02, BC: 5.9559e-04, m: 3.1909e-03, u: 1.6427e-03, v: 1.7731e-03, pde_a: 8.9140e-03 geom: 6.1571e-05
Epoch: 1300/5000 - Time: 9.95s - Loss: 6.1159e-02 | a: 3.0545e-02, BC: 3.4740e-04, m: 3.0561e-03, u: 1.0348e-03, v: 8.7864e-04, pde_a: 8.0328e-03 geom: 4.3298e-05
Saving checkpoint at epoch 1300 with loss 6.1159e-02
Epoch: 1310/5000 - Time: 10.04s - Loss: 6.6810e-02 | a: 3.7360e-02, BC: 3.9517e-04, m: 3.0456e-03, u: 9.8487e-04, v: 8.5307e-04, pde_a: 7.5739e-03 geom: 5.5996e-05
Epoch: 1320/5000 - Time: 9.68s - Loss: 7.4084e-02 | a: 3.1808e-02, BC: 4.0401e-04, m: 3.1970e-03, u: 1.5712e-03, v: 1.4723e-03, pde_a: 8.1938e-03 geom: 4.6058e-05
Epoch: 1330/5000 - Time: 10.57s - Loss: 1.8120e-01 | a: 6.1533e-02, BC: 1.7148e-03, m: 3.7749e-03, u: 4.0926e-03, v: 5.0308e-03, pde_a: 2.2854e-02 geom: 9.0418e-05
Epoch: 1340/5000 - Time: 10.67s - Loss: 3.0374e-01 | a: 1.1914e-01, BC: 1.7907e-03, m: 3.9987e-03, u: 5.0435e-03, v: 8.8412e-03, pde_a: 3.9816e-02 geom: 1.4825e-04
Epoch: 1350/5000 - Time: 10.62s - Loss: 7.2433e-02 | a: 3.1187e-02, BC: 3.7077e-04, m: 3.0861e-03, u: 1.6784e-03, v: 1.4035e-03, pde_a: 6.9232e-03 geom: 4.7013e-05
Epoch: 1360/5000 - Time: 10.67s - Loss: 9.2626e-02 | a: 3.5334e-02, BC: 5.5241e-04, m: 3.1558e-03, u: 1.9782e-03, v: 2.0645e-03, pde_a: 1.3106e-02 geom: 5.2211e-05
Epoch: 1370/5000 - Time: 10.68s - Loss: 9.3953e-02 | a: 4.5758e-02, BC: 6.5157e-04, m: 3.1613e-03, u: 1.5568e-03, v: 1.8254e-03, pde_a: 1.0492e-02 geom: 6.8797e-05
Epoch: 1380/5000 - Time: 10.71s - Loss: 9.7111e-02 | a: 4.4072e-02, BC: 6.8568e-04, m: 3.1986e-03, u: 2.0407e-03, v: 1.8360e-03, pde_a: 1.0326e-02 geom: 6.2457e-05
Epoch: 1390/5000 - Time: 9.87s - Loss: 7.9212e-02 | a: 3.4362e-02, BC: 5.2322e-04, m: 3.2038e-03, u: 1.9406e-03, v: 1.2960e-03, pde_a: 8.7037e-03 geom: 5.3941e-05
Epoch: 1400/5000 - Time: 9.80s - Loss: 8.3129e-02 | a: 3.3776e-02, BC: 5.4128e-04, m: 3.1012e-03, u: 1.6368e-03, v: 1.4589e-03, pde_a: 1.4706e-02 geom: 4.7872e-05
Epoch: 1410/5000 - Time: 10.15s - Loss: 8.7259e-02 | a: 3.4889e-02, BC: 6.1626e-04, m: 3.1123e-03, u: 1.7778e-03, v: 2.2338e-03, pde_a: 8.4759e-03 geom: 4.9661e-05
Epoch: 1420/5000 - Time: 10.62s - Loss: 1.2004e-01 | a: 4.9461e-02, BC: 8.7496e-04, m: 3.3133e-03, u: 2.3420e-03, v: 2.5285e-03, pde_a: 1.7606e-02 geom: 7.7024e-05
Epoch: 1430/5000 - Time: 10.61s - Loss: 6.9318e-02 | a: 3.3843e-02, BC: 3.8003e-04, m: 3.0397e-03, u: 1.2027e-03, v: 1.2979e-03, pde_a: 7.0035e-03 geom: 4.6324e-05
Epoch: 1440/5000 - Time: 10.76s - Loss: 8.6032e-02 | a: 4.0189e-02, BC: 7.0595e-04, m: 3.0828e-03, u: 1.9096e-03, v: 1.2763e-03, pde_a: 1.0139e-02 geom: 5.6474e-05
Epoch: 1450/5000 - Time: 10.54s - Loss: 9.9210e-02 | a: 5.0545e-02, BC: 9.6537e-04, m: 3.0917e-03, u: 1.3968e-03, v: 1.9155e-03, pde_a: 1.1409e-02 geom: 7.5976e-05
Epoch: 1460/5000 - Time: 9.94s - Loss: 7.0369e-02 | a: 3.2703e-02, BC: 3.9390e-04, m: 3.0353e-03, u: 1.1869e-03, v: 1.3828e-03, pde_a: 8.4913e-03 geom: 4.8847e-05
Epoch: 1470/5000 - Time: 9.90s - Loss: 8.3002e-02 | a: 3.1110e-02, BC: 3.5287e-04, m: 3.0762e-03, u: 1.9916e-03, v: 1.7064e-03, pde_a: 1.1436e-02 geom: 4.6125e-05
Epoch: 1480/5000 - Time: 9.93s - Loss: 9.9236e-02 | a: 3.3317e-02, BC: 6.2772e-04, m: 3.1167e-03, u: 1.5918e-03, v: 2.7438e-03, pde_a: 1.8770e-02 geom: 4.7647e-05
Epoch: 1490/5000 - Time: 9.78s - Loss: 9.1502e-02 | a: 3.6706e-02, BC: 5.1216e-04, m: 3.0428e-03, u: 1.4232e-03, v: 1.4461e-03, pde_a: 2.2493e-02 geom: 5.3628e-05
Epoch: 1500/5000 - Time: 9.79s - Loss: 1.2854e-01 | a: 4.2742e-02, BC: 1.2721e-03, m: 3.4089e-03, u: 3.5526e-03, v: 3.5261e-03, pde_a: 1.0265e-02 geom: 6.1230e-05
Epoch: 1510/5000 - Time: 9.86s - Loss: 7.9852e-02 | a: 3.2663e-02, BC: 4.2349e-04, m: 3.0376e-03, u: 1.8737e-03, v: 1.6987e-03, pde_a: 7.9541e-03 geom: 4.9481e-05
Epoch: 1520/5000 - Time: 9.94s - Loss: 1.0356e-01 | a: 3.9988e-02, BC: 7.6066e-04, m: 3.2412e-03, u: 2.8200e-03, v: 1.8534e-03, pde_a: 1.2774e-02 geom: 6.0839e-05
Epoch: 1530/5000 - Time: 10.02s - Loss: 2.1251e-01 | a: 6.7545e-02, BC: 1.6643e-03, m: 3.6272e-03, u: 5.2790e-03, v: 6.2353e-03, pde_a: 2.4427e-02 geom: 1.0590e-04
Epoch: 1540/5000 - Time: 10.88s - Loss: 6.4322e-02 | a: 4.5011e-02, BC: 2.9439e-04, m: 2.8764e-03, u: 5.6014e-04, v: 5.2081e-04, pde_a: 5.2765e-03 geom: 5.4194e-05
Epoch: 1550/5000 - Time: 10.62s - Loss: 5.8436e-02 | a: 3.6970e-02, BC: 2.7326e-04, m: 2.8120e-03, u: 5.5707e-04, v: 5.5000e-04, pde_a: 7.2599e-03 geom: 4.9415e-05
Saving checkpoint at epoch 1550 with loss 5.8436e-02
Epoch: 1560/5000 - Time: 10.91s - Loss: 6.3221e-02 | a: 3.2592e-02, BC: 2.6737e-04, m: 2.9408e-03, u: 1.1239e-03, v: 8.9593e-04, pde_a: 7.1796e-03 geom: 4.2986e-05
Epoch: 1570/5000 - Time: 10.83s - Loss: 7.4651e-02 | a: 3.2799e-02, BC: 4.1482e-04, m: 3.0065e-03, u: 1.2863e-03, v: 1.4518e-03, pde_a: 1.1004e-02 geom: 4.6428e-05
Epoch: 1580/5000 - Time: 9.73s - Loss: 9.3033e-02 | a: 3.4969e-02, BC: 7.6013e-04, m: 3.1639e-03, u: 1.9246e-03, v: 2.4077e-03, pde_a: 1.0765e-02 geom: 5.0877e-05
Epoch: 1590/5000 - Time: 9.79s - Loss: 8.0097e-02 | a: 3.3009e-02, BC: 3.7047e-04, m: 3.0570e-03, u: 1.5284e-03, v: 1.8640e-03, pde_a: 9.6854e-03 geom: 5.0688e-05
Epoch: 1600/5000 - Time: 10.52s - Loss: 1.1764e-01 | a: 3.9064e-02, BC: 5.4046e-04, m: 3.1833e-03, u: 2.6567e-03, v: 3.7299e-03, pde_a: 1.0932e-02 geom: 5.6828e-05
Epoch: 1610/5000 - Time: 10.88s - Loss: 2.0851e-01 | a: 9.2144e-02, BC: 1.5581e-03, m: 3.6201e-03, u: 5.3471e-03, v: 4.3417e-03, pde_a: 1.4176e-02 geom: 1.2477e-04
Epoch: 1620/5000 - Time: 10.13s - Loss: 5.7610e-02 | a: 3.7525e-02, BC: 2.3995e-04, m: 2.7560e-03, u: 6.6962e-04, v: 5.0112e-04, pde_a: 5.3323e-03 geom: 4.8888e-05
Saving checkpoint at epoch 1620 with loss 5.7610e-02
Epoch: 1630/5000 - Time: 9.84s - Loss: 5.7829e-02 | a: 3.3959e-02, BC: 2.6578e-04, m: 2.8655e-03, u: 6.7081e-04, v: 6.9210e-04, pde_a: 7.0615e-03 geom: 4.7769e-05
Epoch: 1640/5000 - Time: 9.97s - Loss: 8.8803e-02 | a: 3.4644e-02, BC: 4.6644e-04, m: 3.0838e-03, u: 2.1280e-03, v: 2.0709e-03, pde_a: 8.5699e-03 geom: 4.9490e-05
Epoch: 1650/5000 - Time: 10.92s - Loss: 6.9173e-02 | a: 3.2294e-02, BC: 4.3789e-04, m: 2.9500e-03, u: 1.1038e-03, v: 1.0223e-03, pde_a: 1.2184e-02 geom: 4.5966e-05
Epoch: 1660/5000 - Time: 10.52s - Loss: 1.0417e-01 | a: 3.3386e-02, BC: 5.6637e-04, m: 3.0599e-03, u: 2.0328e-03, v: 1.6365e-03, pde_a: 3.0415e-02 geom: 4.6570e-05
Epoch: 1670/5000 - Time: 9.94s - Loss: 6.1182e-02 | a: 3.3115e-02, BC: 3.3391e-04, m: 2.9059e-03, u: 8.6717e-04, v: 7.4117e-04, pde_a: 8.6947e-03 geom: 4.8661e-05
Epoch: 1680/5000 - Time: 9.92s - Loss: 6.2661e-02 | a: 3.1211e-02, BC: 4.7959e-04, m: 2.9074e-03, u: 9.6053e-04, v: 1.0543e-03, pde_a: 7.8720e-03 geom: 4.3193e-05
Epoch: 1690/5000 - Time: 9.95s - Loss: 7.0401e-02 | a: 3.1596e-02, BC: 5.8683e-04, m: 2.9556e-03, u: 1.2348e-03, v: 1.4808e-03, pde_a: 8.0599e-03 geom: 4.6468e-05
Epoch: 1700/5000 - Time: 10.00s - Loss: 7.6873e-02 | a: 3.1878e-02, BC: 7.4303e-04, m: 2.9872e-03, u: 1.7100e-03, v: 1.3382e-03, pde_a: 1.0735e-02 geom: 4.6960e-05
Epoch: 1710/5000 - Time: 9.91s - Loss: 8.2140e-02 | a: 3.1677e-02, BC: 4.8118e-04, m: 3.0078e-03, u: 1.2372e-03, v: 1.4701e-03, pde_a: 1.9856e-02 geom: 4.5111e-05
Epoch: 1720/5000 - Time: 10.48s - Loss: 1.5147e-01 | a: 5.3774e-02, BC: 1.3915e-03, m: 3.2410e-03, u: 2.1427e-03, v: 2.4032e-03, pde_a: 4.7520e-02 geom: 8.6222e-05
Epoch: 1730/5000 - Time: 10.80s - Loss: 1.1143e-01 | a: 4.1067e-02, BC: 9.0260e-04, m: 3.1920e-03, u: 2.4330e-03, v: 3.2465e-03, pde_a: 9.4061e-03 geom: 6.3507e-05
Epoch: 1740/5000 - Time: 9.83s - Loss: 1.2320e-01 | a: 3.3387e-02, BC: 5.6879e-04, m: 3.2484e-03, u: 3.0625e-03, v: 4.7717e-03, pde_a: 7.6039e-03 geom: 5.0238e-05
Epoch: 1750/5000 - Time: 9.85s - Loss: 8.9142e-02 | a: 3.4113e-02, BC: 7.4552e-04, m: 3.0346e-03, u: 1.9833e-03, v: 2.2622e-03, pde_a: 8.7416e-03 geom: 5.2238e-05
Epoch: 1760/5000 - Time: 9.76s - Loss: 1.7611e-01 | a: 5.0174e-02, BC: 1.3783e-03, m: 3.6069e-03, u: 4.7816e-03, v: 5.6018e-03, pde_a: 1.7047e-02 geom: 7.1901e-05
Epoch: 1770/5000 - Time: 9.89s - Loss: 1.1298e-01 | a: 3.8934e-02, BC: 8.1198e-04, m: 3.0998e-03, u: 2.4352e-03, v: 2.7684e-03, pde_a: 1.8036e-02 geom: 5.9000e-05
Epoch: 1780/5000 - Time: 9.76s - Loss: 6.6398e-02 | a: 3.3992e-02, BC: 5.0209e-04, m: 2.9508e-03, u: 1.0664e-03, v: 8.4055e-04, pde_a: 9.8327e-03 geom: 5.1257e-05
Epoch: 1790/5000 - Time: 10.49s - Loss: 6.6546e-02 | a: 3.3666e-02, BC: 4.9314e-04, m: 2.7897e-03, u: 9.2186e-04, v: 8.2567e-04, pde_a: 1.2076e-02 geom: 4.5632e-05
Epoch: 1800/5000 - Time: 10.80s - Loss: 5.7828e-02 | a: 3.0810e-02, BC: 3.3874e-04, m: 2.8278e-03, u: 8.2403e-04, v: 7.5299e-04, pde_a: 8.0379e-03 geom: 4.3928e-05
Epoch: 1810/5000 - Time: 10.68s - Loss: 6.3859e-02 | a: 3.0960e-02, BC: 3.4482e-04, m: 2.9254e-03, u: 1.0907e-03, v: 1.1167e-03, pde_a: 7.5081e-03 geom: 4.5669e-05
Epoch: 1820/5000 - Time: 10.20s - Loss: 5.9722e-02 | a: 3.0567e-02, BC: 3.4837e-04, m: 2.8755e-03, u: 9.8777e-04, v: 8.5463e-04, pde_a: 7.4613e-03 geom: 4.5475e-05
Epoch: 1830/5000 - Time: 10.52s - Loss: 1.0009e-01 | a: 3.2021e-02, BC: 4.9543e-04, m: 3.0451e-03, u: 2.6974e-03, v: 2.6672e-03, pde_a: 1.0839e-02 geom: 4.7486e-05
Epoch: 1840/5000 - Time: 10.66s - Loss: 8.5806e-02 | a: 3.2332e-02, BC: 5.1207e-04, m: 3.0367e-03, u: 2.1076e-03, v: 1.6171e-03, pde_a: 1.2628e-02 geom: 5.0888e-05
Epoch: 1850/5000 - Time: 10.10s - Loss: 1.3727e-01 | a: 4.8186e-02, BC: 1.3138e-03, m: 3.3080e-03, u: 3.2062e-03, v: 3.8596e-03, pde_a: 1.3732e-02 geom: 7.1430e-05
Epoch: 1860/5000 - Time: 9.84s - Loss: 9.4658e-02 | a: 4.3221e-02, BC: 6.3283e-04, m: 2.9876e-03, u: 1.5617e-03, v: 1.9888e-03, pde_a: 1.2246e-02 geom: 6.5749e-05
Epoch: 1870/5000 - Time: 10.42s - Loss: 1.0143e-01 | a: 3.8182e-02, BC: 4.7735e-04, m: 3.1433e-03, u: 1.8273e-03, v: 3.0197e-03, pde_a: 1.1103e-02 geom: 5.2877e-05
Epoch: 1880/5000 - Time: 10.81s - Loss: 7.1381e-02 | a: 3.0691e-02, BC: 5.6943e-04, m: 2.9279e-03, u: 1.4641e-03, v: 1.3759e-03, pde_a: 8.7497e-03 geom: 4.3296e-05
Epoch: 1890/5000 - Time: 10.75s - Loss: 9.1717e-02 | a: 3.5319e-02, BC: 5.8400e-04, m: 3.0075e-03, u: 2.0113e-03, v: 2.1812e-03, pde_a: 1.0832e-02 geom: 5.0335e-05
Epoch: 1900/5000 - Time: 10.74s - Loss: 8.4520e-02 | a: 3.9993e-02, BC: 5.1503e-04, m: 2.8888e-03, u: 1.3066e-03, v: 1.5358e-03, pde_a: 1.2636e-02 geom: 6.2951e-05
Epoch: 1910/5000 - Time: 10.76s - Loss: 8.8257e-02 | a: 3.3334e-02, BC: 5.0853e-04, m: 2.9975e-03, u: 2.0215e-03, v: 2.2162e-03, pde_a: 8.9903e-03 geom: 4.9275e-05
Epoch: 1920/5000 - Time: 10.83s - Loss: 7.6559e-02 | a: 3.2283e-02, BC: 5.2672e-04, m: 2.9462e-03, u: 1.3172e-03, v: 1.2889e-03, pde_a: 1.4695e-02 geom: 4.7458e-05
Epoch: 1930/5000 - Time: 10.87s - Loss: 7.6468e-02 | a: 4.1269e-02, BC: 6.3928e-04, m: 2.8489e-03, u: 1.0804e-03, v: 1.0563e-03, pde_a: 1.0285e-02 geom: 5.8834e-05
Epoch: 1940/5000 - Time: 10.91s - Loss: 6.5751e-02 | a: 3.3284e-02, BC: 4.2955e-04, m: 2.7933e-03, u: 9.5747e-04, v: 1.0075e-03, pde_a: 9.5438e-03 geom: 5.1012e-05
Epoch: 1950/5000 - Time: 10.73s - Loss: 1.0697e-01 | a: 4.1501e-02, BC: 1.0469e-03, m: 3.0307e-03, u: 2.4903e-03, v: 2.6058e-03, pde_a: 1.0365e-02 geom: 6.1632e-05
Epoch: 1960/5000 - Time: 10.46s - Loss: 8.9814e-02 | a: 4.1137e-02, BC: 9.8239e-04, m: 2.9692e-03, u: 1.8934e-03, v: 1.6913e-03, pde_a: 8.8136e-03 geom: 6.5500e-05
Epoch: 1970/5000 - Time: 9.86s - Loss: 6.2687e-02 | a: 3.0134e-02, BC: 3.2403e-04, m: 2.7789e-03, u: 1.1209e-03, v: 9.2052e-04, pde_a: 8.9928e-03 geom: 4.3426e-05
Epoch: 1980/5000 - Time: 9.90s - Loss: 6.8239e-02 | a: 3.2234e-02, BC: 4.9186e-04, m: 2.7820e-03, u: 1.1524e-03, v: 9.7101e-04, pde_a: 1.1448e-02 geom: 4.8749e-05
Epoch: 1990/5000 - Time: 9.95s - Loss: 8.1249e-02 | a: 3.1482e-02, BC: 4.3357e-04, m: 2.9477e-03, u: 2.0606e-03, v: 1.2517e-03, pde_a: 1.3215e-02 geom: 4.7671e-05
Epoch: 2000/5000 - Time: 10.13s - Loss: 9.5630e-02 | a: 3.1413e-02, BC: 5.0979e-04, m: 3.0493e-03, u: 3.1052e-03, v: 1.5088e-03, pde_a: 1.4473e-02 geom: 4.5923e-05
Epoch: 2010/5000 - Time: 10.29s - Loss: 8.6026e-02 | a: 3.3026e-02, BC: 7.1673e-04, m: 2.8428e-03, u: 1.4664e-03, v: 1.5188e-03, pde_a: 1.9540e-02 geom: 4.8894e-05
Epoch: 2020/5000 - Time: 9.98s - Loss: 6.7523e-02 | a: 2.8926e-02, BC: 3.4427e-04, m: 2.8164e-03, u: 1.2504e-03, v: 1.3162e-03, pde_a: 9.7281e-03 geom: 4.2974e-05
Epoch: 2030/5000 - Time: 10.01s - Loss: 1.8745e-01 | a: 8.3570e-02, BC: 1.1855e-03, m: 3.1878e-03, u: 3.1870e-03, v: 3.4461e-03, pde_a: 3.3054e-02 geom: 1.2385e-04
Epoch: 2040/5000 - Time: 9.94s - Loss: 9.4723e-02 | a: 4.2795e-02, BC: 5.2591e-04, m: 2.9138e-03, u: 1.9437e-03, v: 1.7762e-03, pde_a: 1.1222e-02 geom: 6.6986e-05
Epoch: 2050/5000 - Time: 10.59s - Loss: 6.3814e-02 | a: 3.0091e-02, BC: 4.0004e-04, m: 2.8339e-03, u: 1.1731e-03, v: 1.0896e-03, pde_a: 7.8181e-03 geom: 4.4272e-05
Epoch: 2060/5000 - Time: 10.62s - Loss: 1.0796e-01 | a: 3.4797e-02, BC: 9.3324e-04, m: 3.0142e-03, u: 2.3087e-03, v: 3.2992e-03, pde_a: 1.3076e-02 geom: 5.6459e-05
Epoch: 2070/5000 - Time: 9.95s - Loss: 1.8453e-01 | a: 6.6431e-02, BC: 1.4086e-03, m: 3.4132e-03, u: 5.2947e-03, v: 4.5614e-03, pde_a: 1.4612e-02 geom: 1.0576e-04
Epoch: 2080/5000 - Time: 10.05s - Loss: 9.8632e-02 | a: 3.1627e-02, BC: 7.4054e-04, m: 2.8121e-03, u: 1.2001e-03, v: 1.2631e-03, pde_a: 3.8773e-02 geom: 4.7094e-05
Epoch: 2090/5000 - Time: 10.35s - Loss: 6.1244e-02 | a: 2.9489e-02, BC: 3.3750e-04, m: 2.8063e-03, u: 1.1344e-03, v: 1.0033e-03, pde_a: 7.1914e-03 geom: 4.3428e-05
Epoch: 2100/5000 - Time: 10.94s - Loss: 1.0699e-01 | a: 3.2986e-02, BC: 1.0193e-03, m: 3.0887e-03, u: 2.6993e-03, v: 3.1264e-03, pde_a: 1.1585e-02 geom: 4.9783e-05
Epoch: 2110/5000 - Time: 10.66s - Loss: 7.4461e-02 | a: 3.2862e-02, BC: 3.6060e-04, m: 2.8119e-03, u: 1.6172e-03, v: 1.3985e-03, pde_a: 8.2193e-03 geom: 5.0619e-05
Epoch: 2120/5000 - Time: 10.00s - Loss: 9.1198e-02 | a: 3.4136e-02, BC: 8.2313e-04, m: 2.9451e-03, u: 1.9110e-03, v: 2.5654e-03, pde_a: 8.4788e-03 geom: 5.1658e-05
Epoch: 2130/5000 - Time: 10.00s - Loss: 7.7220e-02 | a: 3.3408e-02, BC: 5.7419e-04, m: 2.8282e-03, u: 1.2825e-03, v: 1.4652e-03, pde_a: 1.2879e-02 geom: 5.2510e-05
Epoch: 2140/5000 - Time: 10.66s - Loss: 7.6040e-02 | a: 3.0468e-02, BC: 3.6610e-04, m: 2.8328e-03, u: 1.3039e-03, v: 1.7524e-03, pde_a: 1.1763e-02 geom: 4.6293e-05
Epoch: 2150/5000 - Time: 10.57s - Loss: 7.1250e-02 | a: 3.1259e-02, BC: 4.6022e-04, m: 2.7909e-03, u: 1.2352e-03, v: 1.3177e-03, pde_a: 1.1164e-02 geom: 4.6238e-05
Epoch: 2160/5000 - Time: 10.06s - Loss: 2.6331e-01 | a: 1.3183e-01, BC: 1.1950e-03, m: 3.1992e-03, u: 4.6718e-03, v: 5.5138e-03, pde_a: 2.5069e-02 geom: 1.5558e-04
Epoch: 2170/5000 - Time: 9.80s - Loss: 5.7517e-02 | a: 3.1206e-02, BC: 3.1548e-04, m: 2.7299e-03, u: 8.0109e-04, v: 8.2553e-04, pde_a: 6.9550e-03 geom: 4.4676e-05
Saving checkpoint at epoch 2170 with loss 5.7517e-02
Epoch: 2180/5000 - Time: 10.46s - Loss: 1.0457e-01 | a: 3.2857e-02, BC: 4.7723e-04, m: 2.9274e-03, u: 2.8813e-03, v: 2.3241e-03, pde_a: 1.6210e-02 geom: 4.8633e-05
Epoch: 2190/5000 - Time: 10.96s - Loss: 7.8744e-02 | a: 2.9947e-02, BC: 5.6826e-04, m: 2.8358e-03, u: 1.4525e-03, v: 1.6857e-03, pde_a: 1.3968e-02 geom: 4.3840e-05
Epoch: 2200/5000 - Time: 10.95s - Loss: 5.6311e-02 | a: 3.4941e-02, BC: 3.0799e-04, m: 2.7245e-03, u: 6.3423e-04, v: 6.2920e-04, pde_a: 5.6578e-03 geom: 4.5194e-05
Saving checkpoint at epoch 2200 with loss 5.6311e-02
Epoch: 2210/5000 - Time: 10.41s - Loss: 6.2121e-02 | a: 3.2719e-02, BC: 3.5037e-04, m: 2.7280e-03, u: 9.9171e-04, v: 8.5480e-04, pde_a: 7.8108e-03 geom: 4.7753e-05
Epoch: 2220/5000 - Time: 9.88s - Loss: 6.1101e-02 | a: 3.2436e-02, BC: 3.3993e-04, m: 2.7618e-03, u: 9.2876e-04, v: 8.1306e-04, pde_a: 8.0970e-03 geom: 4.8397e-05
Epoch: 2230/5000 - Time: 9.94s - Loss: 8.2708e-02 | a: 3.1441e-02, BC: 3.8965e-04, m: 2.8402e-03, u: 1.4881e-03, v: 2.0465e-03, pde_a: 1.2646e-02 geom: 4.5077e-05
Epoch: 2240/5000 - Time: 9.84s - Loss: 6.2356e-02 | a: 3.0793e-02, BC: 3.4388e-04, m: 2.6631e-03, u: 1.0285e-03, v: 1.0314e-03, pde_a: 7.9124e-03 geom: 4.4782e-05
Epoch: 2250/5000 - Time: 10.47s - Loss: 6.3965e-02 | a: 3.2148e-02, BC: 3.5966e-04, m: 2.7595e-03, u: 1.0471e-03, v: 9.3470e-04, pde_a: 8.8289e-03 geom: 5.1279e-05
Epoch: 2260/5000 - Time: 9.94s - Loss: 8.9664e-02 | a: 3.5512e-02, BC: 7.0291e-04, m: 2.9373e-03, u: 2.0590e-03, v: 2.0600e-03, pde_a: 9.2672e-03 geom: 5.4048e-05
Epoch: 2270/5000 - Time: 9.93s - Loss: 8.0159e-02 | a: 3.3034e-02, BC: 5.1010e-04, m: 2.9034e-03, u: 1.7999e-03, v: 1.6380e-03, pde_a: 9.2861e-03 geom: 4.6864e-05
Epoch: 2280/5000 - Time: 9.81s - Loss: 1.0097e-01 | a: 3.5207e-02, BC: 6.3678e-04, m: 2.9839e-03, u: 2.9155e-03, v: 2.4595e-03, pde_a: 8.3278e-03 geom: 6.2015e-05
Epoch: 2290/5000 - Time: 9.81s - Loss: 6.2910e-02 | a: 2.8532e-02, BC: 3.9461e-04, m: 2.7464e-03, u: 1.1012e-03, v: 1.0101e-03, pde_a: 1.0082e-02 geom: 4.1824e-05
Epoch: 2300/5000 - Time: 9.87s - Loss: 7.2417e-02 | a: 3.0857e-02, BC: 4.7242e-04, m: 2.7696e-03, u: 1.7585e-03, v: 1.0962e-03, pde_a: 9.7264e-03 geom: 4.5635e-05
Epoch: 2310/5000 - Time: 10.46s - Loss: 2.0743e-01 | a: 1.1408e-01, BC: 8.0287e-04, m: 3.1340e-03, u: 3.2463e-03, v: 4.3435e-03, pde_a: 1.3356e-02 geom: 1.5631e-04
Epoch: 2320/5000 - Time: 9.80s - Loss: 5.7330e-02 | a: 3.4286e-02, BC: 2.4083e-04, m: 2.6242e-03, u: 6.9168e-04, v: 6.9564e-04, pde_a: 6.2577e-03 geom: 4.8117e-05
Epoch: 2330/5000 - Time: 9.82s - Loss: 6.8692e-02 | a: 2.9868e-02, BC: 2.9801e-04, m: 2.7674e-03, u: 1.5110e-03, v: 1.3436e-03, pde_a: 7.1673e-03 geom: 4.5161e-05
Epoch: 2340/5000 - Time: 9.78s - Loss: 7.3573e-02 | a: 3.2211e-02, BC: 5.1123e-04, m: 2.7490e-03, u: 1.4832e-03, v: 1.4457e-03, pde_a: 8.7683e-03 geom: 4.5680e-05
Epoch: 2350/5000 - Time: 10.66s - Loss: 6.6804e-02 | a: 3.4775e-02, BC: 3.5628e-04, m: 2.7021e-03, u: 1.1339e-03, v: 9.3769e-04, pde_a: 8.2014e-03 geom: 5.3075e-05
Epoch: 2360/5000 - Time: 10.84s - Loss: 5.9628e-02 | a: 3.0816e-02, BC: 3.2463e-04, m: 2.7049e-03, u: 9.2021e-04, v: 9.6994e-04, pde_a: 6.8355e-03 geom: 4.4896e-05
Epoch: 2370/5000 - Time: 10.66s - Loss: 1.0893e-01 | a: 3.8119e-02, BC: 9.5377e-04, m: 2.8906e-03, u: 2.2173e-03, v: 2.1932e-03, pde_a: 2.2799e-02 geom: 5.9828e-05
Epoch: 2380/5000 - Time: 10.77s - Loss: 9.5270e-02 | a: 3.1400e-02, BC: 3.9297e-04, m: 2.9226e-03, u: 2.3227e-03, v: 2.8016e-03, pde_a: 9.2656e-03 geom: 4.5663e-05
Epoch: 2390/5000 - Time: 10.10s - Loss: 6.8401e-02 | a: 3.0688e-02, BC: 5.3923e-04, m: 2.7104e-03, u: 1.1569e-03, v: 1.2325e-03, pde_a: 1.0523e-02 geom: 4.6448e-05
Epoch: 2400/5000 - Time: 9.81s - Loss: 6.9578e-02 | a: 3.0787e-02, BC: 5.5707e-04, m: 2.7549e-03, u: 1.0666e-03, v: 1.3776e-03, pde_a: 1.0992e-02 geom: 4.4858e-05
Epoch: 2410/5000 - Time: 10.15s - Loss: 1.4358e-01 | a: 6.2649e-02, BC: 1.1529e-03, m: 3.0291e-03, u: 3.1122e-03, v: 2.3827e-03, pde_a: 2.1711e-02 geom: 9.2257e-05
Epoch: 2420/5000 - Time: 10.90s - Loss: 1.3445e-01 | a: 3.9466e-02, BC: 8.7452e-04, m: 3.0662e-03, u: 3.4238e-03, v: 3.3008e-03, pde_a: 2.3734e-02 geom: 5.8647e-05
Epoch: 2430/5000 - Time: 10.29s - Loss: 7.9374e-02 | a: 3.1205e-02, BC: 5.9618e-04, m: 2.7798e-03, u: 1.4508e-03, v: 1.5084e-03, pde_a: 1.5154e-02 geom: 4.7448e-05
Epoch: 2440/5000 - Time: 9.93s - Loss: 8.2338e-02 | a: 3.3425e-02, BC: 4.4038e-04, m: 2.8015e-03, u: 1.8671e-03, v: 1.6812e-03, pde_a: 1.0138e-02 geom: 5.0302e-05
Epoch: 2450/5000 - Time: 9.86s - Loss: 7.9818e-02 | a: 3.6580e-02, BC: 5.5171e-04, m: 2.7895e-03, u: 1.5959e-03, v: 1.3614e-03, pde_a: 1.0267e-02 geom: 5.6338e-05
Epoch: 2460/5000 - Time: 9.85s - Loss: 7.7780e-02 | a: 3.3948e-02, BC: 1.1398e-03, m: 2.7734e-03, u: 1.4502e-03, v: 1.4065e-03, pde_a: 1.1300e-02 geom: 5.2087e-05
Epoch: 2470/5000 - Time: 9.76s - Loss: 8.0539e-02 | a: 2.9953e-02, BC: 4.0514e-04, m: 2.7620e-03, u: 2.0218e-03, v: 1.4072e-03, pde_a: 1.3085e-02 geom: 4.3879e-05
Epoch: 2480/5000 - Time: 9.84s - Loss: 1.1852e-01 | a: 3.9663e-02, BC: 6.0559e-04, m: 3.0271e-03, u: 3.3190e-03, v: 2.6955e-03, pde_a: 1.5020e-02 geom: 6.4765e-05
Epoch: 2490/5000 - Time: 10.28s - Loss: 7.6554e-02 | a: 2.9734e-02, BC: 3.2767e-04, m: 2.7448e-03, u: 1.6252e-03, v: 1.6354e-03, pde_a: 1.1097e-02 geom: 4.3334e-05
Epoch: 2500/5000 - Time: 10.66s - Loss: 8.9312e-02 | a: 3.0835e-02, BC: 5.7924e-04, m: 2.8133e-03, u: 1.9893e-03, v: 2.1945e-03, pde_a: 1.3198e-02 geom: 4.8445e-05
Epoch: 2510/5000 - Time: 10.66s - Loss: 6.9493e-02 | a: 3.2791e-02, BC: 4.5782e-04, m: 2.6958e-03, u: 1.2583e-03, v: 1.1311e-03, pde_a: 9.6059e-03 geom: 4.8081e-05
Epoch: 2520/5000 - Time: 10.56s - Loss: 7.1944e-02 | a: 3.3893e-02, BC: 4.4422e-04, m: 2.7673e-03, u: 1.3910e-03, v: 1.3536e-03, pde_a: 7.3432e-03 geom: 5.0735e-05
Epoch: 2530/5000 - Time: 10.83s - Loss: 9.6145e-02 | a: 3.4038e-02, BC: 4.2790e-04, m: 2.9599e-03, u: 2.5969e-03, v: 2.3307e-03, pde_a: 9.3897e-03 geom: 5.3077e-05
Epoch: 2540/5000 - Time: 9.83s - Loss: 9.4471e-02 | a: 3.1573e-02, BC: 9.3604e-04, m: 2.8557e-03, u: 2.1063e-03, v: 1.7661e-03, pde_a: 2.0334e-02 geom: 4.8335e-05
Epoch: 2550/5000 - Time: 9.83s - Loss: 1.0572e-01 | a: 3.6749e-02, BC: 7.2323e-04, m: 2.8998e-03, u: 2.6208e-03, v: 2.6724e-03, pde_a: 1.2366e-02 geom: 5.3515e-05
Epoch: 2560/5000 - Time: 9.84s - Loss: 3.8408e-01 | a: 1.7856e-01, BC: 3.1441e-03, m: 3.6698e-03, u: 5.9634e-03, v: 7.9202e-03, pde_a: 5.9683e-02 geom: 1.8305e-04
Epoch: 2570/5000 - Time: 9.86s - Loss: 5.5314e-02 | a: 3.0756e-02, BC: 2.5415e-04, m: 2.5944e-03, u: 8.4618e-04, v: 7.6560e-04, pde_a: 5.5462e-03 geom: 4.5408e-05
Saving checkpoint at epoch 2570 with loss 5.5314e-02
Epoch: 2580/5000 - Time: 9.96s - Loss: 1.0518e-01 | a: 2.9444e-02, BC: 4.6230e-04, m: 2.8375e-03, u: 2.5480e-03, v: 2.2069e-03, pde_a: 2.4850e-02 geom: 4.2439e-05
Epoch: 2590/5000 - Time: 10.71s - Loss: 8.2986e-02 | a: 3.0112e-02, BC: 4.6614e-04, m: 2.7754e-03, u: 1.6357e-03, v: 2.4636e-03, pde_a: 8.5974e-03 geom: 4.2367e-05
Epoch: 2600/5000 - Time: 10.88s - Loss: 6.9236e-02 | a: 3.0634e-02, BC: 5.3747e-04, m: 2.7261e-03, u: 1.3506e-03, v: 1.4750e-03, pde_a: 7.0369e-03 geom: 4.5319e-05
Epoch: 2610/5000 - Time: 10.60s - Loss: 7.6443e-02 | a: 3.0490e-02, BC: 5.1584e-04, m: 2.6534e-03, u: 1.3767e-03, v: 1.4440e-03, pde_a: 1.4531e-02 geom: 4.5610e-05
Epoch: 2620/5000 - Time: 10.54s - Loss: 6.4766e-02 | a: 3.0927e-02, BC: 4.2883e-04, m: 2.7081e-03, u: 1.2260e-03, v: 9.2880e-04, pde_a: 9.1058e-03 geom: 4.8940e-05
Epoch: 2630/5000 - Time: 10.72s - Loss: 1.3316e-01 | a: 4.3273e-02, BC: 8.0229e-04, m: 3.1086e-03, u: 4.1547e-03, v: 3.2241e-03, pde_a: 1.2120e-02 geom: 6.8962e-05
Epoch: 2640/5000 - Time: 10.70s - Loss: 9.7213e-02 | a: 3.1591e-02, BC: 8.0003e-04, m: 2.8261e-03, u: 2.3112e-03, v: 2.1462e-03, pde_a: 1.7373e-02 geom: 4.9662e-05
Epoch: 2650/5000 - Time: 10.66s - Loss: 7.5990e-02 | a: 3.0141e-02, BC: 4.6309e-04, m: 2.7078e-03, u: 1.4730e-03, v: 1.2193e-03, pde_a: 1.5709e-02 geom: 4.5434e-05
Epoch: 2660/5000 - Time: 9.74s - Loss: 1.1069e-01 | a: 4.0123e-02, BC: 6.7472e-04, m: 2.8690e-03, u: 2.4489e-03, v: 2.5377e-03, pde_a: 1.7095e-02 geom: 5.9341e-05
Epoch: 2670/5000 - Time: 9.86s - Loss: 8.0019e-02 | a: 3.3902e-02, BC: 3.5576e-04, m: 2.7182e-03, u: 1.7427e-03, v: 1.5214e-03, pde_a: 1.0350e-02 geom: 5.2592e-05
Epoch: 2680/5000 - Time: 9.87s - Loss: 8.2834e-02 | a: 3.3838e-02, BC: 5.1805e-04, m: 2.7702e-03, u: 1.9236e-03, v: 1.7641e-03, pde_a: 8.7724e-03 geom: 5.8273e-05
Epoch: 2690/5000 - Time: 10.42s - Loss: 1.3125e-01 | a: 4.6512e-02, BC: 1.3691e-03, m: 2.9825e-03, u: 3.2689e-03, v: 3.4072e-03, pde_a: 1.3542e-02 geom: 7.9686e-05
Epoch: 2700/5000 - Time: 9.82s - Loss: 1.0391e-01 | a: 3.8380e-02, BC: 5.6931e-04, m: 2.7697e-03, u: 2.7012e-03, v: 2.3719e-03, pde_a: 1.1406e-02 geom: 5.8889e-05
Epoch: 2710/5000 - Time: 9.78s - Loss: 7.3439e-02 | a: 3.2370e-02, BC: 3.6268e-04, m: 2.7060e-03, u: 1.3599e-03, v: 1.3914e-03, pde_a: 1.0439e-02 geom: 4.7495e-05
Epoch: 2720/5000 - Time: 10.10s - Loss: 7.1244e-02 | a: 2.8703e-02, BC: 2.8209e-04, m: 2.6941e-03, u: 1.4203e-03, v: 1.8147e-03, pde_a: 7.1702e-03 geom: 4.3970e-05
Epoch: 2730/5000 - Time: 10.82s - Loss: 8.5616e-02 | a: 3.4747e-02, BC: 4.8599e-04, m: 2.8241e-03, u: 1.9174e-03, v: 1.4494e-03, pde_a: 1.3835e-02 geom: 5.4979e-05
Epoch: 2740/5000 - Time: 10.03s - Loss: 8.3043e-02 | a: 3.1768e-02, BC: 4.2884e-04, m: 2.7618e-03, u: 2.2715e-03, v: 1.7892e-03, pde_a: 7.4286e-03 geom: 4.9465e-05
Epoch: 2750/5000 - Time: 10.61s - Loss: 7.0824e-02 | a: 3.1957e-02, BC: 6.0158e-04, m: 2.6366e-03, u: 1.3183e-03, v: 1.1700e-03, pde_a: 1.0699e-02 geom: 4.6716e-05
Epoch: 2760/5000 - Time: 10.29s - Loss: 5.7891e-02 | a: 2.9047e-02, BC: 3.9085e-04, m: 2.6267e-03, u: 9.8707e-04, v: 9.6104e-04, pde_a: 6.2999e-03 geom: 4.5224e-05
Epoch: 2770/5000 - Time: 10.39s - Loss: 8.1011e-02 | a: 3.4160e-02, BC: 4.5887e-04, m: 2.7446e-03, u: 1.7129e-03, v: 1.7964e-03, pde_a: 8.5026e-03 geom: 5.1968e-05
Epoch: 2780/5000 - Time: 9.84s - Loss: 1.5434e-01 | a: 4.4247e-02, BC: 1.2952e-03, m: 3.1302e-03, u: 3.3518e-03, v: 5.5113e-03, pde_a: 1.6965e-02 geom: 6.9610e-05
Epoch: 2790/5000 - Time: 9.68s - Loss: 9.7882e-02 | a: 4.5354e-02, BC: 8.0121e-04, m: 2.7357e-03, u: 1.8912e-03, v: 1.9117e-03, pde_a: 1.0894e-02 geom: 6.8413e-05
Epoch: 2800/5000 - Time: 10.53s - Loss: 8.1346e-02 | a: 3.2343e-02, BC: 6.4667e-04, m: 2.6932e-03, u: 1.4793e-03, v: 1.5758e-03, pde_a: 1.5062e-02 geom: 5.0114e-05
Epoch: 2810/5000 - Time: 10.92s - Loss: 1.0049e-01 | a: 3.1744e-02, BC: 6.0683e-04, m: 2.8289e-03, u: 2.5355e-03, v: 2.9747e-03, pde_a: 1.0161e-02 geom: 4.8154e-05
Epoch: 2820/5000 - Time: 10.78s - Loss: 8.8185e-02 | a: 2.8583e-02, BC: 5.0916e-04, m: 2.8193e-03, u: 1.6362e-03, v: 2.9456e-03, pde_a: 1.0413e-02 geom: 4.3416e-05
Epoch: 2830/5000 - Time: 10.76s - Loss: 6.3727e-02 | a: 3.0067e-02, BC: 5.3373e-04, m: 2.6210e-03, u: 1.0823e-03, v: 1.2856e-03, pde_a: 6.7789e-03 geom: 4.7131e-05
Epoch: 2840/5000 - Time: 10.80s - Loss: 6.1013e-02 | a: 2.8602e-02, BC: 3.9735e-04, m: 2.5737e-03, u: 1.1167e-03, v: 1.0469e-03, pde_a: 7.7606e-03 geom: 4.3724e-05
Epoch: 2850/5000 - Time: 10.86s - Loss: 9.2373e-02 | a: 3.4555e-02, BC: 4.6496e-04, m: 2.7458e-03, u: 1.4609e-03, v: 1.9215e-03, pde_a: 2.0728e-02 geom: 5.5019e-05
Epoch: 2860/5000 - Time: 10.08s - Loss: 6.2008e-02 | a: 3.0715e-02, BC: 3.4778e-04, m: 2.5711e-03, u: 9.7670e-04, v: 1.0682e-03, pde_a: 7.8781e-03 geom: 4.6848e-05
Epoch: 2870/5000 - Time: 10.00s - Loss: 7.4375e-02 | a: 3.4087e-02, BC: 3.7101e-04, m: 2.6546e-03, u: 1.3502e-03, v: 1.6464e-03, pde_a: 7.2465e-03 geom: 5.0196e-05
Epoch: 2880/5000 - Time: 10.08s - Loss: 1.0440e-01 | a: 3.2814e-02, BC: 8.5559e-04, m: 2.8541e-03, u: 2.8149e-03, v: 3.0349e-03, pde_a: 9.3270e-03 geom: 5.2298e-05
Epoch: 2890/5000 - Time: 10.95s - Loss: 8.8399e-02 | a: 3.1464e-02, BC: 5.3051e-04, m: 2.7825e-03, u: 1.6967e-03, v: 2.4238e-03, pde_a: 1.2366e-02 geom: 5.0893e-05
Epoch: 2900/5000 - Time: 9.79s - Loss: 1.1017e-01 | a: 3.6113e-02, BC: 6.3730e-04, m: 2.7614e-03, u: 2.6507e-03, v: 2.9540e-03, pde_a: 1.4553e-02 geom: 5.8664e-05
Epoch: 2910/5000 - Time: 9.91s - Loss: 1.3176e-01 | a: 5.4359e-02, BC: 6.2616e-04, m: 2.9005e-03, u: 2.9021e-03, v: 3.3593e-03, pde_a: 1.1168e-02 geom: 8.7097e-05
Epoch: 2920/5000 - Time: 10.73s - Loss: 5.7702e-02 | a: 2.8624e-02, BC: 3.7661e-04, m: 2.4977e-03, u: 9.0813e-04, v: 9.0115e-04, pde_a: 8.0682e-03 geom: 4.2198e-05
Epoch: 2930/5000 - Time: 10.16s - Loss: 6.7886e-02 | a: 3.1705e-02, BC: 4.5904e-04, m: 2.5892e-03, u: 1.0045e-03, v: 9.8513e-04, pde_a: 1.3189e-02 geom: 4.7768e-05
Epoch: 2940/5000 - Time: 10.00s - Loss: 9.2750e-02 | a: 3.5442e-02, BC: 5.1911e-04, m: 2.7818e-03, u: 1.8872e-03, v: 2.1924e-03, pde_a: 1.3151e-02 geom: 5.9963e-05
Epoch: 2950/5000 - Time: 9.95s - Loss: 8.3676e-02 | a: 3.6592e-02, BC: 4.2835e-04, m: 2.7177e-03, u: 1.8469e-03, v: 1.4503e-03, pde_a: 1.0909e-02 geom: 5.7620e-05
Epoch: 2960/5000 - Time: 9.92s - Loss: 8.0077e-02 | a: 3.3382e-02, BC: 4.4797e-04, m: 2.7030e-03, u: 1.6752e-03, v: 1.6350e-03, pde_a: 1.0387e-02 geom: 5.5556e-05
Epoch: 2970/5000 - Time: 10.00s - Loss: 1.0050e-01 | a: 3.1403e-02, BC: 5.5275e-04, m: 2.7849e-03, u: 2.0660e-03, v: 3.4184e-03, pde_a: 1.0867e-02 geom: 5.0892e-05
Epoch: 2980/5000 - Time: 9.81s - Loss: 1.2707e-01 | a: 4.6865e-02, BC: 6.2102e-04, m: 2.9718e-03, u: 2.8190e-03, v: 3.8133e-03, pde_a: 1.0215e-02 geom: 7.6200e-05
Epoch: 2990/5000 - Time: 9.80s - Loss: 1.0491e-01 | a: 3.3458e-02, BC: 5.8967e-04, m: 2.8147e-03, u: 3.4436e-03, v: 2.0216e-03, pde_a: 1.3347e-02 geom: 5.2160e-05
Epoch: 3000/5000 - Time: 10.84s - Loss: 1.2600e-01 | a: 3.5486e-02, BC: 7.3892e-04, m: 3.0142e-03, u: 3.8849e-03, v: 3.4945e-03, pde_a: 1.2915e-02 geom: 5.4728e-05
Epoch: 3010/5000 - Time: 10.43s - Loss: 5.7247e-02 | a: 3.1121e-02, BC: 3.1356e-04, m: 2.4650e-03, u: 9.2371e-04, v: 8.1331e-04, pde_a: 5.9310e-03 geom: 4.5657e-05
Epoch: 3020/5000 - Time: 10.96s - Loss: 6.8557e-02 | a: 3.2765e-02, BC: 2.7683e-04, m: 2.6162e-03, u: 1.0395e-03, v: 1.5105e-03, pde_a: 7.3486e-03 geom: 5.0085e-05
Epoch: 3030/5000 - Time: 10.73s - Loss: 6.0945e-02 | a: 2.8722e-02, BC: 4.5986e-04, m: 2.6122e-03, u: 1.2384e-03, v: 9.3463e-04, pde_a: 7.3771e-03 geom: 4.3822e-05
Epoch: 3040/5000 - Time: 10.99s - Loss: 6.8914e-02 | a: 3.0615e-02, BC: 2.9758e-04, m: 2.6038e-03, u: 1.0821e-03, v: 1.4807e-03, pde_a: 9.7252e-03 geom: 4.4770e-05
Epoch: 3050/5000 - Time: 11.21s - Loss: 6.7506e-02 | a: 3.1104e-02, BC: 4.1092e-04, m: 2.6440e-03, u: 1.3134e-03, v: 1.2107e-03, pde_a: 8.0559e-03 geom: 4.9507e-05
Epoch: 3060/5000 - Time: 10.29s - Loss: 8.0280e-02 | a: 2.9341e-02, BC: 4.6875e-04, m: 2.7053e-03, u: 1.7336e-03, v: 1.7788e-03, pde_a: 1.2593e-02 geom: 4.7190e-05
Epoch: 3070/5000 - Time: 9.85s - Loss: 7.2635e-02 | a: 2.9626e-02, BC: 3.9854e-04, m: 2.6120e-03, u: 1.2448e-03, v: 1.3103e-03, pde_a: 1.4400e-02 geom: 4.7305e-05
Epoch: 3080/5000 - Time: 9.96s - Loss: 7.5148e-02 | a: 2.9124e-02, BC: 4.7083e-04, m: 2.6315e-03, u: 1.5932e-03, v: 1.3592e-03, pde_a: 1.3354e-02 geom: 4.3812e-05
Epoch: 3090/5000 - Time: 9.70s - Loss: 7.7709e-02 | a: 3.1391e-02, BC: 3.7068e-04, m: 2.6859e-03, u: 1.6542e-03, v: 1.9495e-03, pde_a: 7.1714e-03 geom: 5.2785e-05
Epoch: 3100/5000 - Time: 10.70s - Loss: 7.5562e-02 | a: 3.2239e-02, BC: 5.8490e-04, m: 2.5778e-03, u: 1.5198e-03, v: 1.3264e-03, pde_a: 1.1651e-02 geom: 4.6734e-05
Epoch: 3110/5000 - Time: 10.72s - Loss: 6.6473e-02 | a: 2.8357e-02, BC: 4.3555e-04, m: 2.5582e-03, u: 1.4291e-03, v: 1.3540e-03, pde_a: 7.2483e-03 geom: 4.3013e-05
Epoch: 3120/5000 - Time: 10.23s - Loss: 7.7578e-02 | a: 3.9074e-02, BC: 5.7022e-04, m: 2.6012e-03, u: 1.2626e-03, v: 1.0346e-03, pde_a: 1.2294e-02 geom: 6.6268e-05
Epoch: 3130/5000 - Time: 10.21s - Loss: 6.6977e-02 | a: 2.8459e-02, BC: 3.2788e-04, m: 2.5901e-03, u: 1.3248e-03, v: 1.4836e-03, pde_a: 7.4733e-03 geom: 4.3262e-05
Epoch: 3140/5000 - Time: 10.68s - Loss: 8.7793e-02 | a: 2.8468e-02, BC: 4.7403e-04, m: 2.7513e-03, u: 1.8710e-03, v: 2.8463e-03, pde_a: 8.8822e-03 geom: 4.5284e-05
Epoch: 3150/5000 - Time: 10.60s - Loss: 6.5860e-02 | a: 2.8782e-02, BC: 3.1645e-04, m: 2.5258e-03, u: 1.2113e-03, v: 1.2146e-03, pde_a: 9.9327e-03 geom: 4.4381e-05
Epoch: 3160/5000 - Time: 10.50s - Loss: 6.5536e-02 | a: 2.7429e-02, BC: 2.9952e-04, m: 2.5715e-03, u: 1.3858e-03, v: 1.1107e-03, pde_a: 1.0230e-02 geom: 4.0327e-05
Epoch: 3170/5000 - Time: 10.72s - Loss: 5.2800e-02 | a: 2.7794e-02, BC: 3.8850e-04, m: 2.5247e-03, u: 7.4988e-04, v: 6.7663e-04, pde_a: 7.7866e-03 geom: 4.1188e-05
Saving checkpoint at epoch 3170 with loss 5.2800e-02
Epoch: 3180/5000 - Time: 10.68s - Loss: 8.2263e-02 | a: 3.2270e-02, BC: 4.7545e-04, m: 2.6661e-03, u: 1.9834e-03, v: 1.9737e-03, pde_a: 7.2288e-03 geom: 5.1806e-05
Epoch: 3190/5000 - Time: 9.74s - Loss: 5.9740e-02 | a: 2.7946e-02, BC: 2.9759e-04, m: 2.5312e-03, u: 1.2290e-03, v: 9.4724e-04, pde_a: 7.1605e-03 geom: 4.2561e-05
Epoch: 3200/5000 - Time: 9.77s - Loss: 7.9282e-02 | a: 2.7911e-02, BC: 4.6413e-04, m: 2.6548e-03, u: 1.7253e-03, v: 1.4777e-03, pde_a: 1.6178e-02 geom: 4.4846e-05
Epoch: 3210/5000 - Time: 10.43s - Loss: 1.5068e-01 | a: 5.3954e-02, BC: 1.2805e-03, m: 3.1307e-03, u: 3.1451e-03, v: 4.5124e-03, pde_a: 1.5654e-02 geom: 8.4595e-05
Epoch: 3220/5000 - Time: 10.97s - Loss: 7.4309e-02 | a: 2.7749e-02, BC: 3.6537e-04, m: 2.5535e-03, u: 1.5112e-03, v: 1.3825e-03, pde_a: 1.4665e-02 geom: 4.0274e-05
Epoch: 3230/5000 - Time: 9.92s - Loss: 5.8764e-02 | a: 3.5242e-02, BC: 4.4554e-04, m: 2.4077e-03, u: 7.5617e-04, v: 7.7503e-04, pde_a: 5.3101e-03 geom: 4.7340e-05
Epoch: 3240/5000 - Time: 9.73s - Loss: 5.6229e-02 | a: 3.0884e-02, BC: 2.2329e-04, m: 2.4456e-03, u: 8.4538e-04, v: 8.0145e-04, pde_a: 6.1656e-03 geom: 4.2078e-05
Epoch: 3250/5000 - Time: 9.93s - Loss: 6.4013e-02 | a: 2.9250e-02, BC: 2.4179e-04, m: 2.4874e-03, u: 1.2692e-03, v: 1.1290e-03, pde_a: 8.0094e-03 geom: 4.3431e-05
Epoch: 3260/5000 - Time: 10.69s - Loss: 7.1023e-02 | a: 2.8752e-02, BC: 6.8729e-04, m: 2.5898e-03, u: 1.6289e-03, v: 1.4977e-03, pde_a: 7.6843e-03 geom: 4.3195e-05
Epoch: 3270/5000 - Time: 9.93s - Loss: 5.8366e-02 | a: 2.8195e-02, BC: 3.1474e-04, m: 2.5144e-03, u: 8.6900e-04, v: 1.0871e-03, pde_a: 7.7385e-03 geom: 4.2883e-05
Epoch: 3280/5000 - Time: 9.85s - Loss: 6.1946e-02 | a: 3.1462e-02, BC: 3.7383e-04, m: 2.4825e-03, u: 1.0610e-03, v: 1.0165e-03, pde_a: 6.8080e-03 geom: 4.5171e-05
Epoch: 3290/5000 - Time: 10.09s - Loss: 8.1830e-02 | a: 3.0131e-02, BC: 3.1412e-04, m: 2.6403e-03, u: 1.8477e-03, v: 2.2522e-03, pde_a: 7.7011e-03 geom: 4.5163e-05
Epoch: 3300/5000 - Time: 9.77s - Loss: 7.6885e-02 | a: 3.5953e-02, BC: 9.1476e-04, m: 2.5993e-03, u: 1.6040e-03, v: 1.2442e-03, pde_a: 8.8801e-03 geom: 5.5883e-05
Epoch: 3310/5000 - Time: 9.86s - Loss: 1.0136e-01 | a: 3.4005e-02, BC: 4.6098e-04, m: 2.8082e-03, u: 2.6076e-03, v: 2.7822e-03, pde_a: 1.0129e-02 geom: 5.4854e-05
Epoch: 3320/5000 - Time: 9.77s - Loss: 6.0430e-02 | a: 3.0727e-02, BC: 4.3822e-04, m: 2.5069e-03, u: 9.5923e-04, v: 1.0100e-03, pde_a: 7.0168e-03 geom: 4.8014e-05
Epoch: 3330/5000 - Time: 9.91s - Loss: 2.8559e-01 | a: 7.8318e-02, BC: 2.9350e-03, m: 3.4861e-03, u: 1.0347e-02, v: 6.9417e-03, pde_a: 2.7848e-02 geom: 1.1773e-04
Epoch: 3340/5000 - Time: 10.86s - Loss: 6.4350e-02 | a: 3.0170e-02, BC: 2.8907e-04, m: 2.5660e-03, u: 1.2186e-03, v: 1.1325e-03, pde_a: 7.7658e-03 geom: 4.8473e-05
Epoch: 3350/5000 - Time: 9.82s - Loss: 7.5901e-02 | a: 2.8955e-02, BC: 4.3770e-04, m: 2.6506e-03, u: 1.7979e-03, v: 1.8470e-03, pde_a: 7.3665e-03 geom: 4.2158e-05
Epoch: 3360/5000 - Time: 9.70s - Loss: 1.1855e-01 | a: 4.8262e-02, BC: 8.1283e-04, m: 2.7688e-03, u: 2.2809e-03, v: 2.7906e-03, pde_a: 1.5927e-02 geom: 6.9989e-05
Epoch: 3370/5000 - Time: 9.94s - Loss: 7.1465e-02 | a: 3.0702e-02, BC: 4.3530e-04, m: 2.5125e-03, u: 1.4627e-03, v: 1.5045e-03, pde_a: 8.0944e-03 geom: 4.7962e-05
Epoch: 3380/5000 - Time: 9.91s - Loss: 5.5990e-02 | a: 2.7990e-02, BC: 3.5702e-04, m: 2.5167e-03, u: 1.0062e-03, v: 8.5780e-04, pde_a: 6.4422e-03 geom: 4.3964e-05
Epoch: 3390/5000 - Time: 9.76s - Loss: 1.0540e-01 | a: 3.3885e-02, BC: 8.5834e-04, m: 2.8062e-03, u: 2.5270e-03, v: 2.7494e-03, pde_a: 1.5031e-02 geom: 5.4151e-05
Epoch: 3400/5000 - Time: 10.37s - Loss: 1.0729e-01 | a: 3.5899e-02, BC: 6.9867e-04, m: 2.6949e-03, u: 2.8123e-03, v: 2.7471e-03, pde_a: 1.2343e-02 geom: 5.6801e-05
Epoch: 3410/5000 - Time: 10.89s - Loss: 6.5641e-02 | a: 2.9343e-02, BC: 4.8972e-04, m: 2.5510e-03, u: 1.4908e-03, v: 1.1456e-03, pde_a: 6.8466e-03 geom: 4.5850e-05
Epoch: 3420/5000 - Time: 10.86s - Loss: 6.1805e-02 | a: 2.8838e-02, BC: 4.1630e-04, m: 2.4591e-03, u: 1.2157e-03, v: 1.0566e-03, pde_a: 7.3247e-03 geom: 4.3953e-05
Epoch: 3430/5000 - Time: 10.77s - Loss: 5.7601e-02 | a: 3.3105e-02, BC: 2.6049e-04, m: 2.4254e-03, u: 8.2569e-04, v: 7.3282e-04, pde_a: 6.1767e-03 geom: 4.7802e-05
Epoch: 3440/5000 - Time: 10.63s - Loss: 5.8234e-02 | a: 2.6955e-02, BC: 2.8805e-04, m: 2.5116e-03, u: 8.0050e-04, v: 7.9256e-04, pde_a: 1.2510e-02 geom: 3.9804e-05
Epoch: 3450/5000 - Time: 9.75s - Loss: 6.4172e-02 | a: 2.7587e-02, BC: 2.7177e-04, m: 2.5438e-03, u: 1.0361e-03, v: 1.1630e-03, pde_a: 1.1735e-02 geom: 4.2464e-05
Epoch: 3460/5000 - Time: 9.89s - Loss: 1.0904e-01 | a: 3.1984e-02, BC: 5.0226e-04, m: 2.7784e-03, u: 2.1123e-03, v: 3.9664e-03, pde_a: 1.2939e-02 geom: 5.1488e-05
Epoch: 3470/5000 - Time: 10.00s - Loss: 1.3997e-01 | a: 3.2252e-02, BC: 5.7645e-04, m: 2.8859e-03, u: 3.1797e-03, v: 6.0388e-03, pde_a: 1.2023e-02 geom: 5.1136e-05
Epoch: 3480/5000 - Time: 10.30s - Loss: 6.4836e-02 | a: 2.7482e-02, BC: 3.6880e-04, m: 2.5496e-03, u: 1.3702e-03, v: 1.3768e-03, pde_a: 6.9249e-03 geom: 4.1750e-05
Epoch: 3490/5000 - Time: 10.76s - Loss: 9.9486e-02 | a: 3.7276e-02, BC: 8.8473e-04, m: 2.6918e-03, u: 2.3514e-03, v: 2.5527e-03, pde_a: 9.5378e-03 geom: 5.5178e-05
Epoch: 3500/5000 - Time: 10.94s - Loss: 8.2324e-02 | a: 2.8917e-02, BC: 5.5239e-04, m: 2.5847e-03, u: 1.3966e-03, v: 2.0517e-03, pde_a: 1.5742e-02 geom: 4.3381e-05
Epoch: 3510/5000 - Time: 10.84s - Loss: 6.7234e-02 | a: 3.0860e-02, BC: 3.0258e-04, m: 2.4847e-03, u: 1.0104e-03, v: 1.6566e-03, pde_a: 6.8734e-03 geom: 4.4147e-05
Epoch: 3520/5000 - Time: 10.56s - Loss: 8.0140e-02 | a: 3.0262e-02, BC: 5.2223e-04, m: 2.6148e-03, u: 2.4210e-03, v: 1.3166e-03, pde_a: 9.3158e-03 geom: 4.9828e-05
Epoch: 3530/5000 - Time: 10.84s - Loss: 6.8049e-02 | a: 2.7875e-02, BC: 4.8350e-04, m: 2.5306e-03, u: 1.2259e-03, v: 9.1309e-04, pde_a: 1.5725e-02 geom: 4.3892e-05
Epoch: 3540/5000 - Time: 10.83s - Loss: 7.6886e-02 | a: 2.9783e-02, BC: 5.6554e-04, m: 2.5571e-03, u: 1.3303e-03, v: 1.4671e-03, pde_a: 1.5958e-02 geom: 4.8471e-05
Epoch: 3550/5000 - Time: 10.69s - Loss: 7.4801e-02 | a: 2.9918e-02, BC: 6.8438e-04, m: 2.5836e-03, u: 1.8639e-03, v: 1.5037e-03, pde_a: 7.8938e-03 geom: 4.5318e-05
Epoch: 3560/5000 - Time: 9.94s - Loss: 6.6812e-02 | a: 2.8970e-02, BC: 3.1168e-04, m: 2.4706e-03, u: 1.3212e-03, v: 1.4616e-03, pde_a: 7.1881e-03 geom: 4.4123e-05
Epoch: 3570/5000 - Time: 9.81s - Loss: 8.7791e-02 | a: 3.0719e-02, BC: 7.3272e-04, m: 2.6153e-03, u: 2.2883e-03, v: 2.0068e-03, pde_a: 1.0727e-02 geom: 4.6595e-05
Epoch: 3580/5000 - Time: 10.49s - Loss: 9.0973e-02 | a: 3.2845e-02, BC: 4.7540e-04, m: 2.6739e-03, u: 1.9351e-03, v: 2.4995e-03, pde_a: 1.0585e-02 geom: 4.8352e-05
Epoch: 3590/5000 - Time: 10.88s - Loss: 5.0588e-02 | a: 3.1932e-02, BC: 2.0001e-04, m: 2.3630e-03, u: 5.4393e-04, v: 4.8103e-04, pde_a: 5.7999e-03 geom: 4.3608e-05
Saving checkpoint at epoch 3590 with loss 5.0588e-02
Epoch: 3600/5000 - Time: 10.69s - Loss: 5.8337e-02 | a: 3.2177e-02, BC: 3.0692e-04, m: 2.4293e-03, u: 7.9076e-04, v: 6.0325e-04, pde_a: 9.4350e-03 geom: 4.8242e-05
Epoch: 3610/5000 - Time: 10.63s - Loss: 7.7898e-02 | a: 2.8163e-02, BC: 4.6114e-04, m: 2.5790e-03, u: 1.5219e-03, v: 1.9985e-03, pde_a: 1.1447e-02 geom: 4.4054e-05
Epoch: 3620/5000 - Time: 10.51s - Loss: 7.8781e-02 | a: 3.0191e-02, BC: 4.4892e-04, m: 2.5802e-03, u: 1.4597e-03, v: 1.8637e-03, pde_a: 1.2280e-02 geom: 4.7699e-05
Epoch: 3630/5000 - Time: 10.99s - Loss: 1.4543e-01 | a: 5.3988e-02, BC: 7.2983e-04, m: 2.8744e-03, u: 3.3676e-03, v: 4.0138e-03, pde_a: 1.3940e-02 geom: 8.7889e-05
Epoch: 3640/5000 - Time: 10.84s - Loss: 6.2867e-02 | a: 2.8797e-02, BC: 3.7396e-04, m: 2.5307e-03, u: 1.3027e-03, v: 9.0623e-04, pde_a: 9.0314e-03 geom: 4.4393e-05
Epoch: 3650/5000 - Time: 10.89s - Loss: 1.8866e-01 | a: 4.8522e-02, BC: 1.6798e-03, m: 3.0482e-03, u: 4.3778e-03, v: 7.1564e-03, pde_a: 1.9986e-02 geom: 8.0099e-05
Epoch: 3660/5000 - Time: 10.28s - Loss: 8.0214e-02 | a: 2.9566e-02, BC: 4.0873e-04, m: 2.4900e-03, u: 1.2606e-03, v: 2.0502e-03, pde_a: 1.4599e-02 geom: 4.3046e-05
Epoch: 3670/5000 - Time: 9.88s - Loss: 6.6894e-02 | a: 2.6654e-02, BC: 3.7284e-04, m: 2.5459e-03, u: 1.0773e-03, v: 1.5177e-03, pde_a: 1.1330e-02 geom: 4.0840e-05
Epoch: 3680/5000 - Time: 9.83s - Loss: 9.1390e-02 | a: 3.2267e-02, BC: 4.8347e-04, m: 2.5797e-03, u: 2.2182e-03, v: 1.8632e-03, pde_a: 1.5197e-02 geom: 4.8816e-05
Epoch: 3690/5000 - Time: 10.61s - Loss: 6.4868e-02 | a: 2.7710e-02, BC: 3.2042e-04, m: 2.4767e-03, u: 1.3375e-03, v: 1.1617e-03, pde_a: 9.3251e-03 geom: 4.4646e-05
Epoch: 3700/5000 - Time: 10.29s - Loss: 1.0385e-01 | a: 3.3422e-02, BC: 7.0187e-04, m: 2.6615e-03, u: 2.5523e-03, v: 3.1631e-03, pde_a: 9.8519e-03 geom: 5.7913e-05
Epoch: 3710/5000 - Time: 9.69s - Loss: 9.3236e-02 | a: 3.3660e-02, BC: 4.6021e-04, m: 2.6192e-03, u: 2.3970e-03, v: 2.3133e-03, pde_a: 9.3378e-03 geom: 5.4090e-05
Epoch: 3720/5000 - Time: 9.76s - Loss: 5.9810e-02 | a: 3.9644e-02, BC: 2.7320e-04, m: 2.4497e-03, u: 6.1598e-04, v: 5.8846e-04, pde_a: 5.3495e-03 geom: 4.9205e-05
Epoch: 3730/5000 - Time: 9.89s - Loss: 5.2839e-02 | a: 3.3449e-02, BC: 2.3482e-04, m: 2.3577e-03, u: 5.8549e-04, v: 5.1048e-04, pde_a: 5.7920e-03 geom: 4.6051e-05
Epoch: 3740/5000 - Time: 9.91s - Loss: 6.1782e-02 | a: 2.7860e-02, BC: 2.7790e-04, m: 2.5058e-03, u: 1.1347e-03, v: 1.1155e-03, pde_a: 8.5939e-03 geom: 4.2621e-05
Epoch: 3750/5000 - Time: 9.95s - Loss: 7.8031e-02 | a: 3.7443e-02, BC: 4.3463e-04, m: 2.4957e-03, u: 1.3906e-03, v: 1.3580e-03, pde_a: 1.0114e-02 geom: 5.8615e-05
Epoch: 3760/5000 - Time: 10.07s - Loss: 5.8460e-02 | a: 2.7336e-02, BC: 3.3057e-04, m: 2.5222e-03, u: 1.1890e-03, v: 8.1805e-04, pde_a: 8.1602e-03 geom: 4.0621e-05
Epoch: 3770/5000 - Time: 9.76s - Loss: 9.1382e-02 | a: 2.9608e-02, BC: 5.0816e-04, m: 2.5970e-03, u: 2.3862e-03, v: 2.5978e-03, pde_a: 8.7802e-03 geom: 4.7233e-05
Epoch: 3780/5000 - Time: 9.95s - Loss: 1.3942e-01 | a: 3.5597e-02, BC: 5.8514e-04, m: 2.6733e-03, u: 4.1513e-03, v: 4.6989e-03, pde_a: 1.2003e-02 geom: 5.7985e-05
Epoch: 3790/5000 - Time: 10.79s - Loss: 6.6460e-02 | a: 3.0443e-02, BC: 3.9467e-04, m: 2.4775e-03, u: 1.1221e-03, v: 1.2362e-03, pde_a: 9.5166e-03 geom: 4.6400e-05
Epoch: 3800/5000 - Time: 10.74s - Loss: 1.2302e-01 | a: 4.2324e-02, BC: 1.0265e-03, m: 2.8474e-03, u: 3.5272e-03, v: 2.8575e-03, pde_a: 1.2915e-02 geom: 6.3752e-05
Epoch: 3810/5000 - Time: 10.82s - Loss: 7.1917e-02 | a: 3.2990e-02, BC: 4.9001e-04, m: 2.4290e-03, u: 9.4614e-04, v: 1.0876e-03, pde_a: 1.5617e-02 geom: 5.4042e-05
Epoch: 3820/5000 - Time: 10.39s - Loss: 1.1398e-01 | a: 3.6905e-02, BC: 8.5439e-04, m: 2.7164e-03, u: 2.5733e-03, v: 2.8087e-03, pde_a: 1.9631e-02 geom: 5.4917e-05
Epoch: 3830/5000 - Time: 9.92s - Loss: 4.5143e-01 | a: 1.5006e-01, BC: 5.0496e-03, m: 4.7859e-03, u: 1.1905e-02, v: 1.0081e-02, pde_a: 7.1508e-02 geom: 1.6407e-04
Epoch: 3840/5000 - Time: 9.90s - Loss: 5.1902e-02 | a: 3.2041e-02, BC: 2.1998e-04, m: 2.3216e-03, u: 5.6509e-04, v: 6.1062e-04, pde_a: 5.5159e-03 geom: 4.6975e-05
Epoch: 3850/5000 - Time: 10.36s - Loss: 7.0358e-02 | a: 2.6394e-02, BC: 2.3485e-04, m: 2.5170e-03, u: 1.1524e-03, v: 2.2836e-03, pde_a: 6.8143e-03 geom: 3.7677e-05
Epoch: 3860/5000 - Time: 9.76s - Loss: 9.9267e-02 | a: 3.2956e-02, BC: 8.7533e-04, m: 2.6886e-03, u: 3.0508e-03, v: 2.3859e-03, pde_a: 8.3274e-03 geom: 5.3005e-05
Epoch: 3870/5000 - Time: 9.98s - Loss: 1.2335e-01 | a: 3.3310e-02, BC: 5.9281e-04, m: 2.9223e-03, u: 3.5733e-03, v: 3.9423e-03, pde_a: 1.1318e-02 geom: 4.9831e-05
Epoch: 3880/5000 - Time: 10.81s - Loss: 5.8552e-02 | a: 2.7189e-02, BC: 2.8437e-04, m: 2.4501e-03, u: 1.0342e-03, v: 1.1620e-03, pde_a: 6.6267e-03 geom: 3.9936e-05
Epoch: 3890/5000 - Time: 10.76s - Loss: 9.4575e-02 | a: 3.4875e-02, BC: 7.3728e-04, m: 2.5724e-03, u: 2.4068e-03, v: 2.0990e-03, pde_a: 1.1281e-02 geom: 5.1967e-05
Epoch: 3900/5000 - Time: 10.91s - Loss: 7.9630e-02 | a: 3.0030e-02, BC: 6.4474e-04, m: 2.5409e-03, u: 1.4614e-03, v: 1.6993e-03, pde_a: 1.4759e-02 geom: 4.8955e-05
Epoch: 3910/5000 - Time: 10.19s - Loss: 9.9202e-02 | a: 3.5648e-02, BC: 7.0082e-04, m: 2.6046e-03, u: 2.3591e-03, v: 2.1220e-03, pde_a: 1.5382e-02 geom: 5.6389e-05
Epoch: 3920/5000 - Time: 10.26s - Loss: 7.7331e-02 | a: 3.0368e-02, BC: 5.8256e-04, m: 2.5037e-03, u: 1.3578e-03, v: 1.4948e-03, pde_a: 1.5304e-02 geom: 4.6471e-05
Epoch: 3930/5000 - Time: 9.92s - Loss: 7.4705e-02 | a: 2.8124e-02, BC: 3.8316e-04, m: 2.4962e-03, u: 1.5658e-03, v: 1.5608e-03, pde_a: 1.2394e-02 geom: 4.1647e-05
Epoch: 3940/5000 - Time: 10.05s - Loss: 6.9456e-02 | a: 2.8236e-02, BC: 4.6994e-04, m: 2.4726e-03, u: 1.4618e-03, v: 1.2043e-03, pde_a: 1.1572e-02 geom: 4.3971e-05
Epoch: 3950/5000 - Time: 10.18s - Loss: 7.8864e-02 | a: 3.0510e-02, BC: 7.7577e-04, m: 2.5749e-03, u: 1.6479e-03, v: 2.0371e-03, pde_a: 8.1031e-03 geom: 5.1364e-05
Epoch: 3960/5000 - Time: 10.93s - Loss: 1.7543e-01 | a: 4.7515e-02, BC: 2.6460e-03, m: 3.1116e-03, u: 5.8956e-03, v: 4.7538e-03, pde_a: 1.5593e-02 geom: 7.2332e-05
Epoch: 3970/5000 - Time: 10.95s - Loss: 5.9440e-02 | a: 2.8794e-02, BC: 3.9398e-04, m: 2.3936e-03, u: 8.6010e-04, v: 1.0158e-03, pde_a: 9.0550e-03 geom: 4.4798e-05
Epoch: 3980/5000 - Time: 10.51s - Loss: 7.0205e-02 | a: 3.1336e-02, BC: 6.6625e-04, m: 2.5549e-03, u: 1.3580e-03, v: 1.4124e-03, pde_a: 7.8928e-03 geom: 5.1358e-05
Epoch: 3990/5000 - Time: 9.64s - Loss: 2.2731e-01 | a: 7.3921e-02, BC: 2.7071e-03, m: 3.3447e-03, u: 5.3599e-03, v: 7.6915e-03, pde_a: 1.6712e-02 geom: 1.0559e-04
Epoch: 4000/5000 - Time: 9.71s - Loss: 6.6734e-02 | a: 2.9460e-02, BC: 3.1827e-04, m: 2.4558e-03, u: 1.4052e-03, v: 1.2956e-03, pde_a: 7.4452e-03 geom: 4.6139e-05
Epoch: 4010/5000 - Time: 9.78s - Loss: 7.9143e-02 | a: 3.6713e-02, BC: 3.6211e-04, m: 2.5752e-03, u: 1.7781e-03, v: 1.5679e-03, pde_a: 5.9698e-03 geom: 6.3604e-05
Epoch: 4020/5000 - Time: 9.74s - Loss: 9.4152e-02 | a: 3.0745e-02, BC: 4.5303e-04, m: 2.5959e-03, u: 2.7248e-03, v: 2.3301e-03, pde_a: 9.7609e-03 geom: 4.7560e-05
Epoch: 4030/5000 - Time: 10.61s - Loss: 7.2322e-02 | a: 3.2465e-02, BC: 5.4659e-04, m: 2.4705e-03, u: 1.1424e-03, v: 1.5400e-03, pde_a: 9.9694e-03 geom: 4.6543e-05
Epoch: 4040/5000 - Time: 10.53s - Loss: 9.2917e-02 | a: 3.5052e-02, BC: 8.1736e-04, m: 2.6381e-03, u: 2.2976e-03, v: 1.8048e-03, pde_a: 1.3327e-02 geom: 5.8170e-05
Epoch: 4050/5000 - Time: 10.59s - Loss: 5.5317e-02 | a: 2.7049e-02, BC: 2.7084e-04, m: 2.3514e-03, u: 8.8747e-04, v: 8.5751e-04, pde_a: 8.1541e-03 geom: 4.1445e-05
Epoch: 4060/5000 - Time: 10.40s - Loss: 9.3279e-02 | a: 3.0818e-02, BC: 4.7530e-04, m: 2.5647e-03, u: 2.0044e-03, v: 2.1881e-03, pde_a: 1.7444e-02 geom: 5.1142e-05
Epoch: 4070/5000 - Time: 9.95s - Loss: 2.4324e-01 | a: 5.3751e-02, BC: 2.1089e-03, m: 3.4595e-03, u: 7.8339e-03, v: 7.6037e-03, pde_a: 2.9463e-02 geom: 8.4025e-05
Epoch: 4080/5000 - Time: 9.86s - Loss: 1.0202e-01 | a: 3.6995e-02, BC: 5.2277e-04, m: 2.6391e-03, u: 2.2809e-03, v: 3.0848e-03, pde_a: 8.1430e-03 geom: 6.0322e-05
Epoch: 4090/5000 - Time: 9.74s - Loss: 1.5120e-01 | a: 5.2176e-02, BC: 1.3860e-03, m: 2.9220e-03, u: 3.6066e-03, v: 3.8397e-03, pde_a: 2.0163e-02 geom: 9.0852e-05
Epoch: 4100/5000 - Time: 10.21s - Loss: 6.0277e-02 | a: 3.1116e-02, BC: 4.2413e-04, m: 2.4269e-03, u: 9.3518e-04, v: 8.6952e-04, pde_a: 8.2110e-03 geom: 5.1357e-05
Epoch: 4110/5000 - Time: 9.75s - Loss: 6.9440e-02 | a: 2.6580e-02, BC: 2.9120e-04, m: 2.5036e-03, u: 1.5420e-03, v: 1.7120e-03, pde_a: 7.4838e-03 geom: 4.1010e-05
Epoch: 4120/5000 - Time: 9.85s - Loss: 5.9209e-02 | a: 3.0643e-02, BC: 4.6080e-04, m: 2.3919e-03, u: 1.1289e-03, v: 8.8234e-04, pde_a: 5.5547e-03 geom: 4.6154e-05
Epoch: 4130/5000 - Time: 10.23s - Loss: 8.8658e-02 | a: 2.7910e-02, BC: 4.3974e-04, m: 2.5570e-03, u: 2.0695e-03, v: 1.7122e-03, pde_a: 1.9892e-02 geom: 4.3683e-05
Epoch: 4140/5000 - Time: 10.18s - Loss: 9.8882e-02 | a: 3.2504e-02, BC: 7.3619e-04, m: 2.5318e-03, u: 2.2526e-03, v: 2.6319e-03, pde_a: 1.4209e-02 geom: 5.5176e-05
Epoch: 4150/5000 - Time: 9.90s - Loss: 7.5561e-02 | a: 3.0179e-02, BC: 3.9851e-04, m: 2.4575e-03, u: 1.4294e-03, v: 2.0148e-03, pde_a: 8.0376e-03 geom: 4.6942e-05
Epoch: 4160/5000 - Time: 9.94s - Loss: 1.0447e-01 | a: 3.4962e-02, BC: 5.8383e-04, m: 2.7009e-03, u: 2.6333e-03, v: 2.4734e-03, pde_a: 1.5104e-02 geom: 5.4122e-05
Epoch: 4170/5000 - Time: 9.87s - Loss: 6.8616e-02 | a: 2.7195e-02, BC: 7.5571e-04, m: 2.4758e-03, u: 1.2807e-03, v: 1.4166e-03, pde_a: 1.1173e-02 geom: 4.2671e-05
Epoch: 4180/5000 - Time: 9.77s - Loss: 9.6856e-02 | a: 3.5707e-02, BC: 6.4698e-04, m: 2.6685e-03, u: 3.1689e-03, v: 1.6529e-03, pde_a: 9.5610e-03 geom: 5.4061e-05
Epoch: 4190/5000 - Time: 9.71s - Loss: 9.4333e-02 | a: 3.5797e-02, BC: 5.2717e-04, m: 2.6326e-03, u: 2.0765e-03, v: 2.6185e-03, pde_a: 8.3641e-03 geom: 6.1510e-05
Epoch: 4200/5000 - Time: 9.78s - Loss: 7.2267e-01 | a: 2.3773e-01, BC: 1.5995e-02, m: 8.9565e-03, u: 1.5589e-02, v: 1.5893e-02, pde_a: 1.4496e-01 geom: 2.2052e-04
Epoch: 4210/5000 - Time: 10.57s - Loss: 5.1474e-02 | a: 3.3715e-02, BC: 2.3794e-04, m: 2.2080e-03, u: 5.3974e-04, v: 4.8324e-04, pde_a: 5.0386e-03 geom: 4.4823e-05
Epoch: 4220/5000 - Time: 10.62s - Loss: 5.4191e-02 | a: 2.9578e-02, BC: 2.2534e-04, m: 2.3450e-03, u: 8.8812e-04, v: 7.5018e-04, pde_a: 5.6143e-03 geom: 4.4746e-05
Epoch: 4230/5000 - Time: 10.73s - Loss: 5.3414e-02 | a: 2.7747e-02, BC: 2.4738e-04, m: 2.3937e-03, u: 7.2906e-04, v: 8.4393e-04, pde_a: 7.2541e-03 geom: 4.2009e-05
Epoch: 4240/5000 - Time: 10.19s - Loss: 1.0858e-01 | a: 3.0505e-02, BC: 5.0372e-04, m: 2.5836e-03, u: 3.0661e-03, v: 3.3548e-03, pde_a: 1.0735e-02 geom: 4.8821e-05
Epoch: 4250/5000 - Time: 9.82s - Loss: 5.2067e-02 | a: 2.7437e-02, BC: 3.3574e-04, m: 2.3542e-03, u: 8.0703e-04, v: 6.9560e-04, pde_a: 6.8731e-03 geom: 4.0195e-05
Epoch: 4260/5000 - Time: 9.90s - Loss: 8.9810e-02 | a: 3.4211e-02, BC: 6.5613e-04, m: 2.5121e-03, u: 1.8730e-03, v: 2.0051e-03, pde_a: 1.3595e-02 geom: 5.4074e-05
Epoch: 4270/5000 - Time: 9.92s - Loss: 5.1632e-02 | a: 3.0898e-02, BC: 2.5212e-04, m: 2.2870e-03, u: 5.8996e-04, v: 5.9603e-04, pde_a: 6.2878e-03 geom: 4.6679e-05
Epoch: 4280/5000 - Time: 9.90s - Loss: 5.7108e-02 | a: 2.8216e-02, BC: 3.2518e-04, m: 2.4017e-03, u: 8.3874e-04, v: 1.0688e-03, pde_a: 7.0456e-03 geom: 4.4358e-05
Epoch: 4290/5000 - Time: 9.77s - Loss: 1.0977e-01 | a: 4.2299e-02, BC: 1.0554e-03, m: 2.6089e-03, u: 2.1288e-03, v: 2.9126e-03, pde_a: 1.3325e-02 geom: 6.4972e-05
Epoch: 4300/5000 - Time: 10.56s - Loss: 8.0526e-02 | a: 3.1169e-02, BC: 5.5547e-04, m: 2.4866e-03, u: 1.9562e-03, v: 1.9554e-03, pde_a: 7.1454e-03 geom: 5.2904e-05
Epoch: 4310/5000 - Time: 10.89s - Loss: 7.4826e-02 | a: 2.8135e-02, BC: 6.8211e-04, m: 2.4090e-03, u: 1.3090e-03, v: 1.3107e-03, pde_a: 1.7359e-02 geom: 4.3407e-05
Epoch: 4320/5000 - Time: 10.87s - Loss: 1.0865e-01 | a: 4.6369e-02, BC: 1.1661e-03, m: 2.6317e-03, u: 2.6378e-03, v: 2.1078e-03, pde_a: 1.0953e-02 geom: 7.1235e-05
Epoch: 4330/5000 - Time: 10.89s - Loss: 5.5178e-02 | a: 2.6602e-02, BC: 3.5537e-04, m: 2.3626e-03, u: 9.0127e-04, v: 8.8723e-04, pde_a: 7.9318e-03 geom: 4.1503e-05
Epoch: 4340/5000 - Time: 10.73s - Loss: 7.0054e-02 | a: 3.9134e-02, BC: 8.1279e-04, m: 2.3708e-03, u: 9.7949e-04, v: 1.0094e-03, pde_a: 7.7972e-03 geom: 5.1487e-05
Epoch: 4350/5000 - Time: 10.75s - Loss: 4.9543e-02 | a: 2.9313e-02, BC: 2.2992e-04, m: 2.2841e-03, u: 5.6256e-04, v: 5.9132e-04, pde_a: 6.1336e-03 geom: 4.2935e-05
Saving checkpoint at epoch 4350 with loss 4.9543e-02
Epoch: 4360/5000 - Time: 10.74s - Loss: 5.5044e-02 | a: 2.5324e-02, BC: 3.3908e-04, m: 2.4268e-03, u: 1.0815e-03, v: 9.4791e-04, pde_a: 6.6215e-03 geom: 3.8646e-05
Epoch: 4370/5000 - Time: 10.83s - Loss: 5.8029e-02 | a: 2.7518e-02, BC: 3.0997e-04, m: 2.4250e-03, u: 8.7456e-04, v: 1.0163e-03, pde_a: 8.8252e-03 geom: 4.2247e-05
Epoch: 4380/5000 - Time: 10.31s - Loss: 5.9481e-02 | a: 2.6550e-02, BC: 3.4573e-04, m: 2.3778e-03, u: 1.1221e-03, v: 1.1240e-03, pde_a: 7.7079e-03 geom: 3.8704e-05
Epoch: 4390/5000 - Time: 9.82s - Loss: 7.3585e-02 | a: 3.0404e-02, BC: 4.1230e-04, m: 2.4364e-03, u: 1.4819e-03, v: 1.4509e-03, pde_a: 1.0959e-02 geom: 4.4396e-05
Epoch: 4400/5000 - Time: 9.92s - Loss: 3.1063e-01 | a: 8.3356e-02, BC: 5.1554e-03, m: 2.9562e-03, u: 5.7928e-03, v: 5.5234e-03, pde_a: 1.0588e-01 geom: 1.1489e-04
Epoch: 4410/5000 - Time: 10.43s - Loss: 7.1928e-02 | a: 2.8751e-02, BC: 3.0435e-04, m: 2.4315e-03, u: 1.7243e-03, v: 1.6697e-03, pde_a: 6.4553e-03 geom: 4.6051e-05
Epoch: 4420/5000 - Time: 9.89s - Loss: 5.4091e-02 | a: 2.6768e-02, BC: 2.9087e-04, m: 2.3712e-03, u: 8.8001e-04, v: 9.0607e-04, pde_a: 6.7578e-03 geom: 4.2196e-05
Epoch: 4430/5000 - Time: 9.82s - Loss: 5.8598e-02 | a: 2.9150e-02, BC: 4.0733e-04, m: 2.3588e-03, u: 9.9518e-04, v: 1.0510e-03, pde_a: 6.1745e-03 geom: 4.5516e-05
Epoch: 4440/5000 - Time: 10.93s - Loss: 6.2548e-02 | a: 2.7768e-02, BC: 4.0892e-04, m: 2.4320e-03, u: 1.1180e-03, v: 1.3318e-03, pde_a: 7.3971e-03 geom: 4.4006e-05
Epoch: 4450/5000 - Time: 10.96s - Loss: 1.2054e-01 | a: 3.2721e-02, BC: 6.5386e-04, m: 2.7786e-03, u: 3.3642e-03, v: 3.9247e-03, pde_a: 1.1448e-02 geom: 5.2204e-05
Epoch: 4460/5000 - Time: 10.77s - Loss: 8.0701e-02 | a: 3.0789e-02, BC: 4.3706e-04, m: 2.5060e-03, u: 1.7965e-03, v: 1.5578e-03, pde_a: 1.3376e-02 geom: 4.9879e-05
Epoch: 4470/5000 - Time: 10.94s - Loss: 9.5985e-02 | a: 3.1711e-02, BC: 6.8978e-04, m: 2.5190e-03, u: 2.3763e-03, v: 2.4799e-03, pde_a: 1.2456e-02 geom: 4.8382e-05
Epoch: 4480/5000 - Time: 10.91s - Loss: 1.1278e-01 | a: 2.7619e-02, BC: 5.1189e-04, m: 2.5905e-03, u: 2.7895e-03, v: 3.7605e-03, pde_a: 1.6517e-02 geom: 4.3537e-05
Epoch: 4490/5000 - Time: 10.94s - Loss: 5.6904e-02 | a: 2.8511e-02, BC: 3.2453e-04, m: 2.3879e-03, u: 9.4341e-04, v: 9.6237e-04, pde_a: 6.5730e-03 geom: 4.8964e-05
Epoch: 4500/5000 - Time: 10.33s - Loss: 8.8746e-02 | a: 3.0101e-02, BC: 4.6045e-04, m: 2.5920e-03, u: 2.2213e-03, v: 2.5586e-03, pde_a: 7.7452e-03 geom: 4.8446e-05
Epoch: 4510/5000 - Time: 9.87s - Loss: 1.4020e-01 | a: 4.2758e-02, BC: 7.3551e-04, m: 2.6937e-03, u: 2.7791e-03, v: 4.4721e-03, pde_a: 2.1433e-02 geom: 6.4110e-05
Epoch: 4520/5000 - Time: 9.85s - Loss: 6.1351e-02 | a: 2.4991e-02, BC: 2.7070e-04, m: 2.3724e-03, u: 1.1450e-03, v: 1.3509e-03, pde_a: 8.7200e-03 geom: 3.8915e-05
Epoch: 4530/5000 - Time: 9.70s - Loss: 1.6273e-01 | a: 4.1498e-02, BC: 1.9148e-03, m: 3.0312e-03, u: 4.5907e-03, v: 3.8654e-03, pde_a: 3.1651e-02 geom: 7.0335e-05
Epoch: 4540/5000 - Time: 9.86s - Loss: 7.3695e-02 | a: 3.1406e-02, BC: 3.1429e-04, m: 2.4012e-03, u: 1.4999e-03, v: 1.7470e-03, pde_a: 7.0561e-03 geom: 4.8368e-05
Epoch: 4550/5000 - Time: 10.49s - Loss: 1.0098e-01 | a: 3.7136e-02, BC: 5.6865e-04, m: 2.5603e-03, u: 2.4461e-03, v: 2.6327e-03, pde_a: 9.8597e-03 geom: 6.4149e-05
Epoch: 4560/5000 - Time: 10.61s - Loss: 7.5582e-02 | a: 3.1945e-02, BC: 5.8058e-04, m: 2.4282e-03, u: 1.7907e-03, v: 1.5177e-03, pde_a: 7.4957e-03 geom: 4.8521e-05
Epoch: 4570/5000 - Time: 10.66s - Loss: 8.9727e-02 | a: 3.2391e-02, BC: 5.8103e-04, m: 2.5104e-03, u: 2.1830e-03, v: 1.8199e-03, pde_a: 1.4164e-02 geom: 5.1534e-05
Epoch: 4580/5000 - Time: 10.68s - Loss: 8.3142e-02 | a: 2.7801e-02, BC: 3.2473e-04, m: 2.4728e-03, u: 2.3619e-03, v: 2.1700e-03, pde_a: 7.1819e-03 geom: 4.3117e-05
Epoch: 4590/5000 - Time: 10.72s - Loss: 6.5288e-02 | a: 2.7260e-02, BC: 3.3038e-04, m: 2.4147e-03, u: 1.2985e-03, v: 8.9445e-04, pde_a: 1.3312e-02 geom: 4.1979e-05
Epoch: 4600/5000 - Time: 10.57s - Loss: 7.1371e-02 | a: 2.8252e-02, BC: 4.0102e-04, m: 2.4616e-03, u: 1.4151e-03, v: 1.6562e-03, pde_a: 9.4966e-03 geom: 4.7001e-05
Epoch: 4610/5000 - Time: 9.85s - Loss: 6.9853e-02 | a: 3.7191e-02, BC: 8.3461e-04, m: 2.4409e-03, u: 1.1007e-03, v: 1.0902e-03, pde_a: 7.4256e-03 geom: 5.3160e-05
Epoch: 4620/5000 - Time: 9.92s - Loss: 5.5358e-02 | a: 2.8294e-02, BC: 3.6437e-04, m: 2.2830e-03, u: 9.0664e-04, v: 8.8934e-04, pde_a: 6.4149e-03 geom: 4.2396e-05
Epoch: 4630/5000 - Time: 9.81s - Loss: 6.1623e-02 | a: 2.7352e-02, BC: 3.5879e-04, m: 2.3315e-03, u: 1.1960e-03, v: 1.2037e-03, pde_a: 7.5434e-03 geom: 4.1435e-05
Epoch: 4640/5000 - Time: 10.68s - Loss: 7.4584e-02 | a: 2.9929e-02, BC: 3.5820e-04, m: 2.3852e-03, u: 1.8061e-03, v: 1.6895e-03, pde_a: 6.9073e-03 geom: 4.8466e-05
Epoch: 4650/5000 - Time: 10.95s - Loss: 8.6500e-02 | a: 3.7235e-02, BC: 6.2297e-04, m: 2.5122e-03, u: 1.6110e-03, v: 1.8391e-03, pde_a: 1.1569e-02 geom: 5.9485e-05
Epoch: 4660/5000 - Time: 10.88s - Loss: 7.3679e-02 | a: 3.1909e-02, BC: 3.8033e-04, m: 2.3867e-03, u: 1.4032e-03, v: 1.7798e-03, pde_a: 7.1237e-03 geom: 4.8619e-05
Epoch: 4670/5000 - Time: 10.93s - Loss: 7.8447e-02 | a: 3.0580e-02, BC: 4.0617e-04, m: 2.4032e-03, u: 1.4970e-03, v: 1.3666e-03, pde_a: 1.6370e-02 geom: 5.1795e-05
Epoch: 4680/5000 - Time: 10.84s - Loss: 7.7267e-02 | a: 3.4449e-02, BC: 6.1486e-04, m: 2.4040e-03, u: 1.3879e-03, v: 1.5118e-03, pde_a: 1.0747e-02 geom: 5.5093e-05
Epoch: 4690/5000 - Time: 10.55s - Loss: 5.7421e-02 | a: 2.4794e-02, BC: 3.3447e-04, m: 2.3815e-03, u: 8.9785e-04, v: 1.1810e-03, pde_a: 9.0848e-03 geom: 3.7946e-05
Epoch: 4700/5000 - Time: 9.98s - Loss: 6.3181e-02 | a: 2.7108e-02, BC: 3.9377e-04, m: 2.3271e-03, u: 1.4782e-03, v: 1.1552e-03, pde_a: 6.9761e-03 geom: 4.3320e-05
Epoch: 4710/5000 - Time: 9.75s - Loss: 5.9524e-02 | a: 2.9778e-02, BC: 3.0418e-04, m: 2.3278e-03, u: 1.2377e-03, v: 8.2523e-04, pde_a: 6.4397e-03 geom: 4.4901e-05
Epoch: 4720/5000 - Time: 9.96s - Loss: 8.5550e-02 | a: 3.1449e-02, BC: 6.1189e-04, m: 2.5854e-03, u: 1.9703e-03, v: 1.9578e-03, pde_a: 1.1574e-02 geom: 4.8935e-05
Epoch: 4730/5000 - Time: 10.64s - Loss: 7.1291e-02 | a: 2.6644e-02, BC: 3.8034e-04, m: 2.3390e-03, u: 1.3798e-03, v: 1.7231e-03, pde_a: 1.0858e-02 geom: 4.0696e-05
Epoch: 4740/5000 - Time: 9.99s - Loss: 6.4757e-02 | a: 2.9147e-02, BC: 3.6275e-04, m: 2.3196e-03, u: 1.1481e-03, v: 1.3420e-03, pde_a: 7.9819e-03 geom: 4.4740e-05
Epoch: 4750/5000 - Time: 9.96s - Loss: 8.9212e-02 | a: 2.9155e-02, BC: 7.6954e-04, m: 2.4245e-03, u: 1.6227e-03, v: 1.7922e-03, pde_a: 2.2669e-02 geom: 4.5896e-05
Epoch: 4760/5000 - Time: 9.89s - Loss: 8.4144e-02 | a: 3.5225e-02, BC: 4.6310e-04, m: 2.4213e-03, u: 1.7527e-03, v: 1.9352e-03, pde_a: 9.1027e-03 geom: 5.2130e-05
Epoch: 4770/5000 - Time: 10.46s - Loss: 7.0646e-02 | a: 3.2498e-02, BC: 5.3983e-04, m: 2.3374e-03, u: 1.1659e-03, v: 1.1297e-03, pde_a: 1.2263e-02 geom: 5.3860e-05
Epoch: 4780/5000 - Time: 9.95s - Loss: 6.5514e-02 | a: 3.2180e-02, BC: 4.2329e-04, m: 2.3501e-03, u: 1.0642e-03, v: 9.3001e-04, pde_a: 1.0568e-02 geom: 5.0775e-05
Epoch: 4790/5000 - Time: 10.13s - Loss: 7.5224e-02 | a: 3.0540e-02, BC: 4.4773e-04, m: 2.4324e-03, u: 1.8575e-03, v: 1.5754e-03, pde_a: 7.4302e-03 geom: 4.4935e-05
Epoch: 4800/5000 - Time: 10.00s - Loss: 6.2369e-02 | a: 2.5925e-02, BC: 3.0060e-04, m: 2.3559e-03, u: 1.2767e-03, v: 1.3131e-03, pde_a: 7.8486e-03 geom: 4.0625e-05
Epoch: 4810/5000 - Time: 10.62s - Loss: 8.5005e-02 | a: 2.8525e-02, BC: 5.0832e-04, m: 2.4601e-03, u: 1.6124e-03, v: 2.8738e-03, pde_a: 8.6059e-03 geom: 4.4540e-05
Epoch: 4820/5000 - Time: 10.33s - Loss: 1.2497e-01 | a: 3.1277e-02, BC: 1.1167e-03, m: 2.6019e-03, u: 3.3150e-03, v: 3.3333e-03, pde_a: 2.3444e-02 geom: 5.2159e-05
Epoch: 4830/5000 - Time: 10.44s - Loss: 5.7975e-02 | a: 2.6931e-02, BC: 2.9963e-04, m: 2.3377e-03, u: 1.1872e-03, v: 9.1358e-04, pde_a: 7.3551e-03 geom: 4.3100e-05
Epoch: 4840/5000 - Time: 10.77s - Loss: 5.9976e-02 | a: 2.7499e-02, BC: 3.3682e-04, m: 2.3169e-03, u: 1.0096e-03, v: 1.1457e-03, pde_a: 8.2282e-03 geom: 4.2694e-05
Epoch: 4850/5000 - Time: 10.68s - Loss: 1.2039e-01 | a: 3.7512e-02, BC: 6.1112e-04, m: 2.6391e-03, u: 2.5443e-03, v: 3.9191e-03, pde_a: 1.4934e-02 geom: 5.8141e-05
Epoch: 4860/5000 - Time: 10.84s - Loss: 6.0609e-02 | a: 2.6119e-02, BC: 3.6140e-04, m: 2.3236e-03, u: 1.1140e-03, v: 1.1048e-03, pde_a: 9.5741e-03 geom: 4.2566e-05
Epoch: 4870/5000 - Time: 10.39s - Loss: 1.3404e-01 | a: 4.7915e-02, BC: 2.4494e-03, m: 3.7572e-03, u: 3.1737e-03, v: 3.5540e-03, pde_a: 1.2579e-02 geom: 6.5346e-05
Epoch: 4880/5000 - Time: 10.80s - Loss: 5.1544e-02 | a: 3.0151e-02, BC: 2.4257e-04, m: 2.2720e-03, u: 6.3435e-04, v: 6.7561e-04, pde_a: 5.7367e-03 geom: 4.1975e-05
Epoch: 4890/5000 - Time: 10.69s - Loss: 6.2227e-02 | a: 2.8974e-02, BC: 2.9711e-04, m: 2.3776e-03, u: 1.3716e-03, v: 1.0076e-03, pde_a: 6.7453e-03 geom: 4.1533e-05
Epoch: 4900/5000 - Time: 10.87s - Loss: 9.0444e-02 | a: 2.7320e-02, BC: 4.4316e-04, m: 2.5111e-03, u: 1.4546e-03, v: 2.1823e-03, pde_a: 2.3759e-02 geom: 4.2672e-05
Epoch: 4910/5000 - Time: 10.28s - Loss: 5.4533e-02 | a: 2.6621e-02, BC: 3.1349e-04, m: 2.3421e-03, u: 7.3187e-04, v: 7.8785e-04, pde_a: 1.0020e-02 geom: 3.9549e-05
Epoch: 4920/5000 - Time: 9.78s - Loss: 8.8182e-02 | a: 2.7178e-02, BC: 4.2337e-04, m: 2.4912e-03, u: 2.0594e-03, v: 1.7120e-03, pde_a: 2.0330e-02 geom: 4.4803e-05
Epoch: 4930/5000 - Time: 9.80s - Loss: 5.8837e-02 | a: 2.6689e-02, BC: 3.3091e-04, m: 2.3632e-03, u: 9.6158e-04, v: 1.0579e-03, pde_a: 9.2167e-03 geom: 4.2293e-05
Epoch: 4940/5000 - Time: 9.83s - Loss: 5.7706e-02 | a: 2.5641e-02, BC: 3.2233e-04, m: 2.3203e-03, u: 1.1463e-03, v: 1.0440e-03, pde_a: 7.4801e-03 geom: 3.9594e-05
Epoch: 4950/5000 - Time: 9.70s - Loss: 8.4581e-02 | a: 3.1118e-02, BC: 9.2752e-04, m: 2.4923e-03, u: 2.5909e-03, v: 1.7237e-03, pde_a: 6.8483e-03 geom: 4.8823e-05
Epoch: 4960/5000 - Time: 10.25s - Loss: 5.8687e-02 | a: 2.9823e-02, BC: 6.6328e-04, m: 2.2882e-03, u: 9.9817e-04, v: 8.7932e-04, pde_a: 7.0901e-03 geom: 4.7330e-05
Epoch: 4970/5000 - Time: 9.94s - Loss: 7.0192e-02 | a: 2.8494e-02, BC: 4.1076e-04, m: 2.3935e-03, u: 1.5171e-03, v: 1.3303e-03, pde_a: 1.0371e-02 geom: 4.8168e-05
Epoch: 4980/5000 - Time: 10.43s - Loss: 7.1360e-02 | a: 2.9086e-02, BC: 4.4701e-04, m: 2.3068e-03, u: 1.6304e-03, v: 1.4301e-03, pde_a: 8.8680e-03 geom: 4.6390e-05
Epoch: 4990/5000 - Time: 10.88s - Loss: 7.2242e-02 | a: 2.9001e-02, BC: 3.6850e-04, m: 2.3853e-03, u: 1.2529e-03, v: 1.6005e-03, pde_a: 1.1909e-02 geom: 4.3986e-05
Epoch: 5000/5000 - Time: 10.79s - Loss: 5.7596e-02 | a: 2.9802e-02, BC: 3.3396e-04, m: 2.2840e-03, u: 9.0052e-04, v: 8.7068e-04, pde_a: 7.4143e-03 geom: 4.9416e-05

--- Starting Training Phase 3/5 ---
Epochs: 5000, Learning Rate: 1e-05
Total samples: 211630, Desired batch size: 10582
Calculated num_batches: 20, Proportional batch sizes: {'A': 1306, 'PDE': 7911, 'N': 21, 'EW': 21, 'NSEW': 43, 'GEOM': 1285}
Epoch: 10/5000 - Time: 10.88s - Loss: 3.8379e-02 | a: 2.3479e-02, BC: 1.1963e-04, m: 2.2236e-03, u: 4.2319e-04, v: 3.6457e-04, pde_a: 4.6434e-03 geom: 3.6127e-05
Saving checkpoint at epoch 10 with loss 3.8379e-02
Epoch: 20/5000 - Time: 10.01s - Loss: 3.7737e-02 | a: 2.2388e-02, BC: 1.2343e-04, m: 2.2601e-03, u: 4.4201e-04, v: 3.8264e-04, pde_a: 4.6830e-03 geom: 3.5225e-05
Saving checkpoint at epoch 20 with loss 3.7737e-02
Epoch: 30/5000 - Time: 9.90s - Loss: 3.7350e-02 | a: 2.1834e-02, BC: 1.1310e-04, m: 2.2917e-03, u: 4.5323e-04, v: 3.8295e-04, pde_a: 4.7158e-03 geom: 3.4143e-05
Saving checkpoint at epoch 30 with loss 3.7350e-02
Epoch: 40/5000 - Time: 9.88s - Loss: 3.7646e-02 | a: 2.1770e-02, BC: 1.1563e-04, m: 2.3276e-03, u: 4.6325e-04, v: 3.9981e-04, pde_a: 4.7661e-03 geom: 3.5615e-05
Epoch: 50/5000 - Time: 9.83s - Loss: 3.7595e-02 | a: 2.1168e-02, BC: 1.2502e-04, m: 2.3400e-03, u: 4.7551e-04, v: 4.2306e-04, pde_a: 4.9421e-03 geom: 3.4307e-05
Epoch: 60/5000 - Time: 9.95s - Loss: 3.7717e-02 | a: 2.1056e-02, BC: 1.2562e-04, m: 2.3686e-03, u: 4.9861e-04, v: 4.3111e-04, pde_a: 4.8366e-03 geom: 3.3646e-05
Epoch: 70/5000 - Time: 9.78s - Loss: 3.8054e-02 | a: 2.0628e-02, BC: 1.5227e-04, m: 2.3885e-03, u: 5.2779e-04, v: 4.7056e-04, pde_a: 4.8676e-03 geom: 3.3540e-05
Epoch: 80/5000 - Time: 10.43s - Loss: 3.7065e-02 | a: 1.9740e-02, BC: 1.4496e-04, m: 2.3917e-03, u: 5.2743e-04, v: 4.6377e-04, pde_a: 4.8420e-03 geom: 3.4126e-05
Saving checkpoint at epoch 80 with loss 3.7065e-02
Epoch: 90/5000 - Time: 10.93s - Loss: 3.9254e-02 | a: 1.9770e-02, BC: 1.4461e-04, m: 2.4444e-03, u: 6.5176e-04, v: 5.4924e-04, pde_a: 4.8508e-03 geom: 3.4941e-05
Epoch: 100/5000 - Time: 10.58s - Loss: 3.7899e-02 | a: 1.9585e-02, BC: 1.3924e-04, m: 2.4390e-03, u: 5.8574e-04, v: 5.0092e-04, pde_a: 4.8342e-03 geom: 3.4836e-05
Epoch: 110/5000 - Time: 10.78s - Loss: 3.7157e-02 | a: 1.8654e-02, BC: 1.4970e-04, m: 2.4303e-03, u: 5.8957e-04, v: 4.9544e-04, pde_a: 5.0407e-03 geom: 3.2589e-05
Epoch: 120/5000 - Time: 10.32s - Loss: 3.6928e-02 | a: 1.8015e-02, BC: 1.3098e-04, m: 2.4541e-03, u: 5.9692e-04, v: 5.4137e-04, pde_a: 4.9133e-03 geom: 3.1515e-05
Saving checkpoint at epoch 120 with loss 3.6928e-02
Epoch: 130/5000 - Time: 9.76s - Loss: 3.7685e-02 | a: 1.7535e-02, BC: 1.2425e-04, m: 2.4436e-03, u: 6.5676e-04, v: 5.8880e-04, pde_a: 5.0954e-03 geom: 3.0903e-05
Epoch: 140/5000 - Time: 9.84s - Loss: 3.7728e-02 | a: 1.8231e-02, BC: 1.6742e-04, m: 2.4712e-03, u: 6.2542e-04, v: 5.5553e-04, pde_a: 5.0141e-03 geom: 3.3995e-05
Epoch: 150/5000 - Time: 10.87s - Loss: 3.6772e-02 | a: 1.7320e-02, BC: 1.6640e-04, m: 2.4369e-03, u: 6.2351e-04, v: 5.6046e-04, pde_a: 4.9765e-03 geom: 3.1783e-05
Saving checkpoint at epoch 150 with loss 3.6772e-02
Epoch: 160/5000 - Time: 10.68s - Loss: 3.7698e-02 | a: 1.7026e-02, BC: 1.4370e-04, m: 2.4478e-03, u: 6.8615e-04, v: 6.1863e-04, pde_a: 5.0017e-03 geom: 3.1231e-05
Epoch: 170/5000 - Time: 10.79s - Loss: 4.0563e-02 | a: 1.7311e-02, BC: 1.4725e-04, m: 2.4690e-03, u: 8.5428e-04, v: 6.7690e-04, pde_a: 5.2932e-03 geom: 3.1008e-05
Epoch: 180/5000 - Time: 10.31s - Loss: 3.7190e-02 | a: 1.7073e-02, BC: 1.7290e-04, m: 2.4349e-03, u: 6.4100e-04, v: 6.1020e-04, pde_a: 4.9666e-03 geom: 3.0625e-05
Epoch: 190/5000 - Time: 9.70s - Loss: 3.9316e-02 | a: 1.6668e-02, BC: 1.5025e-04, m: 2.4267e-03, u: 7.4017e-04, v: 6.9899e-04, pde_a: 5.6490e-03 geom: 3.0542e-05
Epoch: 200/5000 - Time: 9.77s - Loss: 3.6503e-02 | a: 1.6492e-02, BC: 1.6477e-04, m: 2.4229e-03, u: 6.4142e-04, v: 6.0074e-04, pde_a: 4.9701e-03 geom: 3.1960e-05
Saving checkpoint at epoch 200 with loss 3.6503e-02
Epoch: 210/5000 - Time: 9.74s - Loss: 3.7681e-02 | a: 1.6478e-02, BC: 1.4367e-04, m: 2.4504e-03, u: 6.9146e-04, v: 6.6943e-04, pde_a: 4.9693e-03 geom: 3.0060e-05
Epoch: 220/5000 - Time: 9.90s - Loss: 3.7151e-02 | a: 1.5905e-02, BC: 1.8127e-04, m: 2.4206e-03, u: 6.8470e-04, v: 6.3683e-04, pde_a: 5.3978e-03 geom: 3.0379e-05
Epoch: 230/5000 - Time: 10.70s - Loss: 3.6642e-02 | a: 1.6452e-02, BC: 1.4609e-04, m: 2.4077e-03, u: 6.7030e-04, v: 5.9395e-04, pde_a: 4.9618e-03 geom: 3.2042e-05
Epoch: 240/5000 - Time: 10.51s - Loss: 3.9610e-02 | a: 1.6459e-02, BC: 1.6554e-04, m: 2.4298e-03, u: 7.9387e-04, v: 7.3207e-04, pde_a: 5.2627e-03 geom: 3.3596e-05
Epoch: 250/5000 - Time: 10.75s - Loss: 3.9058e-02 | a: 1.5587e-02, BC: 1.4263e-04, m: 2.4146e-03, u: 8.5459e-04, v: 7.1583e-04, pde_a: 5.1794e-03 geom: 3.0416e-05
Epoch: 260/5000 - Time: 10.80s - Loss: 3.6622e-02 | a: 1.4786e-02, BC: 1.5197e-04, m: 2.3974e-03, u: 7.4394e-04, v: 6.5298e-04, pde_a: 5.2883e-03 geom: 2.8694e-05
Epoch: 270/5000 - Time: 10.65s - Loss: 3.5612e-02 | a: 1.4945e-02, BC: 1.2835e-04, m: 2.3755e-03, u: 6.8959e-04, v: 6.0412e-04, pde_a: 5.1955e-03 geom: 3.0119e-05
Saving checkpoint at epoch 270 with loss 3.5612e-02
Epoch: 280/5000 - Time: 10.89s - Loss: 3.6837e-02 | a: 1.5384e-02, BC: 1.3745e-04, m: 2.3779e-03, u: 7.1431e-04, v: 6.2865e-04, pde_a: 5.4774e-03 geom: 3.0754e-05
Epoch: 290/5000 - Time: 10.85s - Loss: 3.6375e-02 | a: 1.5319e-02, BC: 1.4326e-04, m: 2.3936e-03, u: 7.0974e-04, v: 6.2877e-04, pde_a: 5.1017e-03 geom: 3.1553e-05
Epoch: 300/5000 - Time: 10.20s - Loss: 3.6598e-02 | a: 1.5315e-02, BC: 1.6409e-04, m: 2.3892e-03, u: 7.3292e-04, v: 6.6637e-04, pde_a: 4.7068e-03 geom: 3.0628e-05
Epoch: 310/5000 - Time: 9.89s - Loss: 3.5987e-02 | a: 1.5282e-02, BC: 1.3249e-04, m: 2.3778e-03, u: 7.2862e-04, v: 5.9552e-04, pde_a: 4.9227e-03 geom: 3.1442e-05
Epoch: 320/5000 - Time: 9.95s - Loss: 3.7421e-02 | a: 1.5332e-02, BC: 1.4010e-04, m: 2.3837e-03, u: 7.5993e-04, v: 6.9567e-04, pde_a: 4.9811e-03 geom: 2.8641e-05
Epoch: 330/5000 - Time: 10.16s - Loss: 3.7439e-02 | a: 1.4932e-02, BC: 1.6129e-04, m: 2.3970e-03, u: 8.1290e-04, v: 6.8412e-04, pde_a: 4.9489e-03 geom: 3.0019e-05
Epoch: 340/5000 - Time: 10.69s - Loss: 3.9960e-02 | a: 1.5675e-02, BC: 1.8508e-04, m: 2.3809e-03, u: 8.8366e-04, v: 7.8962e-04, pde_a: 4.9536e-03 geom: 3.2408e-05
Epoch: 350/5000 - Time: 10.55s - Loss: 3.4879e-02 | a: 1.4265e-02, BC: 1.3971e-04, m: 2.3549e-03, u: 7.0942e-04, v: 6.2536e-04, pde_a: 4.7423e-03 geom: 2.9480e-05
Saving checkpoint at epoch 350 with loss 3.4879e-02
Epoch: 360/5000 - Time: 10.89s - Loss: 4.0577e-02 | a: 1.5846e-02, BC: 1.4183e-04, m: 2.3830e-03, u: 8.0796e-04, v: 9.2755e-04, pde_a: 4.8173e-03 geom: 3.4302e-05
Epoch: 370/5000 - Time: 10.48s - Loss: 3.6184e-02 | a: 1.4569e-02, BC: 1.5239e-04, m: 2.3308e-03, u: 7.5431e-04, v: 6.5328e-04, pde_a: 5.0255e-03 geom: 3.0792e-05
Epoch: 380/5000 - Time: 10.90s - Loss: 3.6798e-02 | a: 1.4010e-02, BC: 1.3749e-04, m: 2.3425e-03, u: 7.8217e-04, v: 6.5977e-04, pde_a: 5.8594e-03 geom: 2.8999e-05
Epoch: 390/5000 - Time: 10.62s - Loss: 3.7989e-02 | a: 1.3893e-02, BC: 1.4312e-04, m: 2.3650e-03, u: 8.6842e-04, v: 7.3218e-04, pde_a: 5.5536e-03 geom: 2.8499e-05
Epoch: 400/5000 - Time: 9.81s - Loss: 3.6364e-02 | a: 1.4441e-02, BC: 2.0904e-04, m: 2.3575e-03, u: 8.0454e-04, v: 6.2291e-04, pde_a: 5.0523e-03 geom: 3.0398e-05
Epoch: 410/5000 - Time: 9.82s - Loss: 3.5155e-02 | a: 1.3736e-02, BC: 1.4224e-04, m: 2.3299e-03, u: 7.9342e-04, v: 6.3592e-04, pde_a: 4.6248e-03 geom: 2.8559e-05
Epoch: 420/5000 - Time: 9.82s - Loss: 3.6642e-02 | a: 1.3989e-02, BC: 1.5655e-04, m: 2.3316e-03, u: 8.2020e-04, v: 7.1382e-04, pde_a: 4.7943e-03 geom: 3.0285e-05
Epoch: 430/5000 - Time: 9.89s - Loss: 3.6364e-02 | a: 1.3985e-02, BC: 1.6337e-04, m: 2.3338e-03, u: 7.7024e-04, v: 7.0778e-04, pde_a: 5.0727e-03 geom: 2.9452e-05
Epoch: 440/5000 - Time: 10.88s - Loss: 3.5789e-02 | a: 1.4166e-02, BC: 1.5192e-04, m: 2.3118e-03, u: 7.7825e-04, v: 6.6080e-04, pde_a: 4.7393e-03 geom: 2.9565e-05
Epoch: 450/5000 - Time: 10.62s - Loss: 3.6756e-02 | a: 1.3978e-02, BC: 1.4575e-04, m: 2.3185e-03, u: 8.8070e-04, v: 6.5520e-04, pde_a: 4.9254e-03 geom: 2.9187e-05
Epoch: 460/5000 - Time: 10.56s - Loss: 3.6054e-02 | a: 1.4121e-02, BC: 1.6876e-04, m: 2.3129e-03, u: 7.6151e-04, v: 6.8295e-04, pde_a: 4.9750e-03 geom: 3.1117e-05
Epoch: 470/5000 - Time: 10.81s - Loss: 3.6907e-02 | a: 1.4242e-02, BC: 1.5239e-04, m: 2.3265e-03, u: 7.6908e-04, v: 7.0505e-04, pde_a: 5.4131e-03 geom: 3.2098e-05
Epoch: 480/5000 - Time: 10.90s - Loss: 3.5018e-02 | a: 1.3726e-02, BC: 1.4654e-04, m: 2.2841e-03, u: 7.4176e-04, v: 6.4321e-04, pde_a: 4.9839e-03 geom: 2.7529e-05
Epoch: 490/5000 - Time: 9.89s - Loss: 3.6339e-02 | a: 1.3900e-02, BC: 2.0002e-04, m: 2.2999e-03, u: 8.1973e-04, v: 6.8514e-04, pde_a: 4.8617e-03 geom: 2.9487e-05
Epoch: 500/5000 - Time: 9.96s - Loss: 3.8610e-02 | a: 1.3444e-02, BC: 1.5235e-04, m: 2.3042e-03, u: 8.8815e-04, v: 8.1779e-04, pde_a: 5.6232e-03 geom: 2.6699e-05
Epoch: 510/5000 - Time: 10.09s - Loss: 3.6880e-02 | a: 1.3243e-02, BC: 1.7305e-04, m: 2.2891e-03, u: 9.5136e-04, v: 7.0083e-04, pde_a: 4.6239e-03 geom: 2.8597e-05
Epoch: 520/5000 - Time: 10.85s - Loss: 3.4676e-02 | a: 1.3556e-02, BC: 1.5036e-04, m: 2.2764e-03, u: 7.2919e-04, v: 6.7517e-04, pde_a: 4.6213e-03 geom: 2.8114e-05
Saving checkpoint at epoch 520 with loss 3.4676e-02
Epoch: 530/5000 - Time: 10.88s - Loss: 3.5909e-02 | a: 1.3897e-02, BC: 1.4911e-04, m: 2.2648e-03, u: 7.9361e-04, v: 6.6895e-04, pde_a: 4.9426e-03 geom: 2.9870e-05
Epoch: 540/5000 - Time: 9.85s - Loss: 3.5462e-02 | a: 1.3826e-02, BC: 1.5926e-04, m: 2.2640e-03, u: 7.5641e-04, v: 6.6381e-04, pde_a: 4.9806e-03 geom: 3.0210e-05
Epoch: 550/5000 - Time: 10.24s - Loss: 3.5979e-02 | a: 1.3308e-02, BC: 1.3591e-04, m: 2.2708e-03, u: 8.4635e-04, v: 7.0660e-04, pde_a: 4.7059e-03 geom: 2.8842e-05
Epoch: 560/5000 - Time: 9.95s - Loss: 3.6418e-02 | a: 1.4008e-02, BC: 1.6310e-04, m: 2.2801e-03, u: 8.2500e-04, v: 6.9940e-04, pde_a: 4.6929e-03 geom: 3.0096e-05
Epoch: 570/5000 - Time: 9.96s - Loss: 3.5102e-02 | a: 1.3264e-02, BC: 1.4437e-04, m: 2.2394e-03, u: 7.4473e-04, v: 6.6935e-04, pde_a: 5.2860e-03 geom: 2.7451e-05
Epoch: 580/5000 - Time: 9.95s - Loss: 3.4762e-02 | a: 1.3096e-02, BC: 1.4798e-04, m: 2.2595e-03, u: 7.9370e-04, v: 6.4718e-04, pde_a: 4.8207e-03 geom: 2.9356e-05
Epoch: 590/5000 - Time: 9.78s - Loss: 3.6436e-02 | a: 1.3865e-02, BC: 1.2591e-04, m: 2.2570e-03, u: 7.8671e-04, v: 7.3590e-04, pde_a: 4.9340e-03 geom: 2.8801e-05
Epoch: 600/5000 - Time: 9.76s - Loss: 3.4386e-02 | a: 1.2644e-02, BC: 1.2968e-04, m: 2.2595e-03, u: 7.7902e-04, v: 6.7248e-04, pde_a: 4.8100e-03 geom: 2.7988e-05
Saving checkpoint at epoch 600 with loss 3.4386e-02
Epoch: 610/5000 - Time: 10.09s - Loss: 3.8177e-02 | a: 1.3335e-02, BC: 1.5386e-04, m: 2.2796e-03, u: 9.1683e-04, v: 8.2955e-04, pde_a: 4.9163e-03 geom: 2.8588e-05
Epoch: 620/5000 - Time: 10.63s - Loss: 3.4466e-02 | a: 1.2904e-02, BC: 1.3209e-04, m: 2.2434e-03, u: 7.7358e-04, v: 6.4435e-04, pde_a: 4.9797e-03 geom: 2.7570e-05
Epoch: 630/5000 - Time: 10.64s - Loss: 3.8666e-02 | a: 1.3469e-02, BC: 1.8100e-04, m: 2.2701e-03, u: 9.9189e-04, v: 8.1510e-04, pde_a: 4.6462e-03 geom: 2.9661e-05
Epoch: 640/5000 - Time: 10.68s - Loss: 3.4999e-02 | a: 1.2698e-02, BC: 1.3566e-04, m: 2.2278e-03, u: 8.0778e-04, v: 7.1662e-04, pde_a: 4.6666e-03 geom: 2.7126e-05
Epoch: 650/5000 - Time: 10.75s - Loss: 3.4936e-02 | a: 1.2395e-02, BC: 1.3056e-04, m: 2.2101e-03, u: 8.0995e-04, v: 7.2096e-04, pde_a: 4.8646e-03 geom: 2.7101e-05
Epoch: 660/5000 - Time: 10.70s - Loss: 3.6973e-02 | a: 1.3315e-02, BC: 1.5752e-04, m: 2.2372e-03, u: 8.6199e-04, v: 7.8594e-04, pde_a: 4.7548e-03 geom: 2.9157e-05
Epoch: 670/5000 - Time: 10.73s - Loss: 3.5435e-02 | a: 1.2920e-02, BC: 1.5653e-04, m: 2.2257e-03, u: 8.3165e-04, v: 7.2458e-04, pde_a: 4.5423e-03 geom: 2.8848e-05
Epoch: 680/5000 - Time: 11.04s - Loss: 3.5785e-02 | a: 1.2841e-02, BC: 1.3946e-04, m: 2.2190e-03, u: 8.3117e-04, v: 7.3559e-04, pde_a: 4.8883e-03 geom: 2.9265e-05
Epoch: 690/5000 - Time: 10.10s - Loss: 3.6108e-02 | a: 1.3026e-02, BC: 1.4967e-04, m: 2.2284e-03, u: 8.5153e-04, v: 7.3741e-04, pde_a: 4.7860e-03 geom: 2.8692e-05
Epoch: 700/5000 - Time: 9.85s - Loss: 3.5285e-02 | a: 1.2370e-02, BC: 1.2662e-04, m: 2.2064e-03, u: 8.7486e-04, v: 7.2829e-04, pde_a: 4.5228e-03 geom: 2.6836e-05
Epoch: 710/5000 - Time: 9.95s - Loss: 3.5472e-02 | a: 1.2443e-02, BC: 1.5830e-04, m: 2.2052e-03, u: 8.3900e-04, v: 7.2150e-04, pde_a: 5.0339e-03 geom: 2.7057e-05
Epoch: 720/5000 - Time: 9.85s - Loss: 3.6028e-02 | a: 1.2433e-02, BC: 1.2670e-04, m: 2.2112e-03, u: 7.9588e-04, v: 8.5671e-04, pde_a: 4.7047e-03 geom: 2.6535e-05
Epoch: 730/5000 - Time: 10.79s - Loss: 3.4438e-02 | a: 1.2615e-02, BC: 1.3495e-04, m: 2.1949e-03, u: 7.9389e-04, v: 6.7676e-04, pde_a: 4.7592e-03 geom: 2.7180e-05
Epoch: 740/5000 - Time: 9.81s - Loss: 3.8182e-02 | a: 1.2935e-02, BC: 1.5907e-04, m: 2.1973e-03, u: 9.7775e-04, v: 8.2551e-04, pde_a: 4.8294e-03 geom: 2.8566e-05
Epoch: 750/5000 - Time: 10.00s - Loss: 3.4173e-02 | a: 1.2196e-02, BC: 1.3988e-04, m: 2.1770e-03, u: 8.0469e-04, v: 6.7075e-04, pde_a: 4.8795e-03 geom: 2.6219e-05
Saving checkpoint at epoch 750 with loss 3.4173e-02
Epoch: 760/5000 - Time: 9.92s - Loss: 3.5086e-02 | a: 1.2487e-02, BC: 1.4818e-04, m: 2.1951e-03, u: 8.2334e-04, v: 7.3275e-04, pde_a: 4.6677e-03 geom: 2.7078e-05
Epoch: 770/5000 - Time: 9.90s - Loss: 3.5113e-02 | a: 1.2733e-02, BC: 1.3186e-04, m: 2.1984e-03, u: 8.5607e-04, v: 7.0342e-04, pde_a: 4.4269e-03 geom: 2.7868e-05
Epoch: 780/5000 - Time: 9.93s - Loss: 3.5247e-02 | a: 1.2886e-02, BC: 1.5554e-04, m: 2.2001e-03, u: 8.2022e-04, v: 7.1631e-04, pde_a: 4.6120e-03 geom: 2.8123e-05
Epoch: 790/5000 - Time: 9.88s - Loss: 3.4079e-02 | a: 1.2536e-02, BC: 1.4153e-04, m: 2.1713e-03, u: 7.8326e-04, v: 6.6804e-04, pde_a: 4.6899e-03 geom: 2.6951e-05
Saving checkpoint at epoch 790 with loss 3.4079e-02
Epoch: 800/5000 - Time: 10.27s - Loss: 3.3954e-02 | a: 1.2652e-02, BC: 1.2632e-04, m: 2.1638e-03, u: 7.6765e-04, v: 6.8482e-04, pde_a: 4.4597e-03 geom: 2.7574e-05
Saving checkpoint at epoch 800 with loss 3.3954e-02
Epoch: 810/5000 - Time: 10.87s - Loss: 3.4850e-02 | a: 1.2475e-02, BC: 1.1639e-04, m: 2.1835e-03, u: 8.1212e-04, v: 7.4797e-04, pde_a: 4.4471e-03 geom: 2.7279e-05
Epoch: 820/5000 - Time: 10.92s - Loss: 3.3557e-02 | a: 1.2384e-02, BC: 1.2015e-04, m: 2.1676e-03, u: 7.8186e-04, v: 6.4394e-04, pde_a: 4.6009e-03 geom: 2.6693e-05
Saving checkpoint at epoch 820 with loss 3.3557e-02
Epoch: 830/5000 - Time: 10.66s - Loss: 3.7243e-02 | a: 1.3109e-02, BC: 1.5019e-04, m: 2.1859e-03, u: 9.9942e-04, v: 7.2346e-04, pde_a: 4.5412e-03 geom: 2.7599e-05
Epoch: 840/5000 - Time: 10.96s - Loss: 4.1252e-02 | a: 1.3348e-02, BC: 1.7231e-04, m: 2.1802e-03, u: 1.0881e-03, v: 9.0341e-04, pde_a: 5.6065e-03 geom: 2.9381e-05
Epoch: 850/5000 - Time: 10.96s - Loss: 3.3779e-02 | a: 1.2183e-02, BC: 1.4199e-04, m: 2.1525e-03, u: 7.9827e-04, v: 6.7056e-04, pde_a: 4.5862e-03 geom: 2.6633e-05
Epoch: 860/5000 - Time: 10.18s - Loss: 3.4634e-02 | a: 1.2237e-02, BC: 1.3547e-04, m: 2.1574e-03, u: 8.0729e-04, v: 7.0569e-04, pde_a: 4.9461e-03 geom: 2.7941e-05
Epoch: 870/5000 - Time: 9.73s - Loss: 3.5020e-02 | a: 1.2428e-02, BC: 1.5704e-04, m: 2.1593e-03, u: 8.2860e-04, v: 7.4377e-04, pde_a: 4.5240e-03 geom: 2.8139e-05
Epoch: 880/5000 - Time: 9.96s - Loss: 3.5037e-02 | a: 1.2352e-02, BC: 1.4951e-04, m: 2.1482e-03, u: 8.1386e-04, v: 6.9104e-04, pde_a: 5.3104e-03 geom: 2.8194e-05
Epoch: 890/5000 - Time: 9.94s - Loss: 3.9967e-02 | a: 1.2070e-02, BC: 1.8897e-04, m: 2.1817e-03, u: 1.0260e-03, v: 1.0311e-03, pde_a: 4.9280e-03 geom: 2.7718e-05
Epoch: 900/5000 - Time: 10.78s - Loss: 3.7105e-02 | a: 1.1898e-02, BC: 1.3095e-04, m: 2.1578e-03, u: 9.1485e-04, v: 9.1866e-04, pde_a: 4.5573e-03 geom: 2.6497e-05
Epoch: 910/5000 - Time: 10.63s - Loss: 3.9004e-02 | a: 1.3449e-02, BC: 2.0667e-04, m: 2.1872e-03, u: 9.3380e-04, v: 8.8306e-04, pde_a: 4.9626e-03 geom: 2.9791e-05
Epoch: 920/5000 - Time: 10.73s - Loss: 3.5701e-02 | a: 1.1937e-02, BC: 1.5327e-04, m: 2.1542e-03, u: 8.7968e-04, v: 7.9860e-04, pde_a: 4.6474e-03 geom: 2.5996e-05
Epoch: 930/5000 - Time: 10.71s - Loss: 3.5100e-02 | a: 1.2103e-02, BC: 1.4596e-04, m: 2.1428e-03, u: 8.4334e-04, v: 7.6789e-04, pde_a: 4.5695e-03 geom: 2.6702e-05
Epoch: 940/5000 - Time: 10.78s - Loss: 3.6498e-02 | a: 1.1992e-02, BC: 1.6190e-04, m: 2.1542e-03, u: 1.0067e-03, v: 7.5058e-04, pde_a: 4.5910e-03 geom: 2.6262e-05
Epoch: 950/5000 - Time: 10.84s - Loss: 3.3248e-02 | a: 1.1731e-02, BC: 1.6948e-04, m: 2.1283e-03, u: 8.1077e-04, v: 6.5063e-04, pde_a: 4.5803e-03 geom: 2.5611e-05
Saving checkpoint at epoch 950 with loss 3.3248e-02
Epoch: 960/5000 - Time: 10.78s - Loss: 3.5215e-02 | a: 1.2321e-02, BC: 1.4043e-04, m: 2.1270e-03, u: 8.3412e-04, v: 7.6292e-04, pde_a: 4.6296e-03 geom: 2.6842e-05
Epoch: 970/5000 - Time: 9.88s - Loss: 3.6084e-02 | a: 1.2886e-02, BC: 1.4358e-04, m: 2.1354e-03, u: 8.7228e-04, v: 7.5430e-04, pde_a: 4.6264e-03 geom: 2.6593e-05
Epoch: 980/5000 - Time: 9.75s - Loss: 3.4826e-02 | a: 1.2428e-02, BC: 1.2952e-04, m: 2.1251e-03, u: 8.1623e-04, v: 7.4490e-04, pde_a: 4.5037e-03 geom: 2.8300e-05
Epoch: 990/5000 - Time: 9.82s - Loss: 3.6884e-02 | a: 1.2497e-02, BC: 1.4631e-04, m: 2.1609e-03, u: 9.3897e-04, v: 8.0681e-04, pde_a: 4.5939e-03 geom: 2.8122e-05
Epoch: 1000/5000 - Time: 9.86s - Loss: 3.5532e-02 | a: 1.2578e-02, BC: 1.4659e-04, m: 2.1322e-03, u: 8.8430e-04, v: 7.2519e-04, pde_a: 4.5502e-03 geom: 2.9462e-05
Epoch: 1010/5000 - Time: 9.81s - Loss: 3.3998e-02 | a: 1.1748e-02, BC: 1.3696e-04, m: 2.1196e-03, u: 8.1145e-04, v: 6.8700e-04, pde_a: 4.9831e-03 geom: 2.6557e-05
Epoch: 1020/5000 - Time: 10.72s - Loss: 3.7351e-02 | a: 1.2137e-02, BC: 1.4211e-04, m: 2.1338e-03, u: 9.9822e-04, v: 8.4918e-04, pde_a: 4.4373e-03 geom: 2.7354e-05
Epoch: 1030/5000 - Time: 10.52s - Loss: 3.3954e-02 | a: 1.2528e-02, BC: 1.7986e-04, m: 2.1327e-03, u: 7.8623e-04, v: 6.6700e-04, pde_a: 4.5529e-03 geom: 2.8045e-05
Epoch: 1040/5000 - Time: 10.40s - Loss: 3.4809e-02 | a: 1.2900e-02, BC: 1.3900e-04, m: 2.1326e-03, u: 7.8955e-04, v: 7.2334e-04, pde_a: 4.4802e-03 geom: 2.8776e-05
Epoch: 1050/5000 - Time: 9.77s - Loss: 3.4284e-02 | a: 1.1671e-02, BC: 1.4261e-04, m: 2.1037e-03, u: 8.3627e-04, v: 7.4436e-04, pde_a: 4.5336e-03 geom: 2.6655e-05
Epoch: 1060/5000 - Time: 9.75s - Loss: 3.8585e-02 | a: 1.3172e-02, BC: 1.8272e-04, m: 2.1227e-03, u: 9.4486e-04, v: 8.9249e-04, pde_a: 4.7036e-03 geom: 3.0559e-05
Epoch: 1070/5000 - Time: 10.40s - Loss: 3.9124e-02 | a: 1.1749e-02, BC: 1.3774e-04, m: 2.1076e-03, u: 1.0517e-03, v: 9.2593e-04, pde_a: 5.3255e-03 geom: 2.7780e-05
Epoch: 1080/5000 - Time: 10.79s - Loss: 3.5271e-02 | a: 1.2493e-02, BC: 1.4261e-04, m: 2.1197e-03, u: 8.8766e-04, v: 7.1792e-04, pde_a: 4.4308e-03 geom: 2.9300e-05
Epoch: 1090/5000 - Time: 10.71s - Loss: 3.3558e-02 | a: 1.1948e-02, BC: 1.4510e-04, m: 2.1042e-03, u: 7.8259e-04, v: 6.8910e-04, pde_a: 4.6156e-03 geom: 2.7722e-05
Epoch: 1100/5000 - Time: 10.59s - Loss: 3.3401e-02 | a: 1.1374e-02, BC: 1.3930e-04, m: 2.1033e-03, u: 8.5073e-04, v: 6.7774e-04, pde_a: 4.4739e-03 geom: 2.5282e-05
Epoch: 1110/5000 - Time: 10.61s - Loss: 3.6990e-02 | a: 1.1901e-02, BC: 1.6215e-04, m: 2.1087e-03, u: 9.8140e-04, v: 8.1815e-04, pde_a: 4.7965e-03 geom: 2.6287e-05
Epoch: 1120/5000 - Time: 9.78s - Loss: 3.5266e-02 | a: 1.1697e-02, BC: 1.2559e-04, m: 2.1115e-03, u: 8.6576e-04, v: 7.9944e-04, pde_a: 4.6518e-03 geom: 2.7584e-05
Epoch: 1130/5000 - Time: 9.92s - Loss: 3.5913e-02 | a: 1.1949e-02, BC: 1.4211e-04, m: 2.1110e-03, u: 1.0012e-03, v: 7.1746e-04, pde_a: 4.4972e-03 geom: 2.7471e-05
Epoch: 1140/5000 - Time: 9.74s - Loss: 3.6862e-02 | a: 1.2306e-02, BC: 1.7794e-04, m: 2.1020e-03, u: 9.5723e-04, v: 8.1117e-04, pde_a: 4.5651e-03 geom: 2.7204e-05
Epoch: 1150/5000 - Time: 10.22s - Loss: 3.6090e-02 | a: 1.1954e-02, BC: 1.8750e-04, m: 2.0976e-03, u: 8.6392e-04, v: 8.3986e-04, pde_a: 4.7866e-03 geom: 2.6795e-05
Epoch: 1160/5000 - Time: 10.62s - Loss: 3.5284e-02 | a: 1.1371e-02, BC: 1.4553e-04, m: 2.0732e-03, u: 9.3592e-04, v: 7.9820e-04, pde_a: 4.3269e-03 geom: 2.6401e-05
Epoch: 1170/5000 - Time: 10.59s - Loss: 3.5954e-02 | a: 1.2222e-02, BC: 1.5342e-04, m: 2.1029e-03, u: 9.1096e-04, v: 7.5582e-04, pde_a: 4.7807e-03 geom: 2.6955e-05
Epoch: 1180/5000 - Time: 10.82s - Loss: 3.3835e-02 | a: 1.1641e-02, BC: 1.3243e-04, m: 2.1051e-03, u: 8.7458e-04, v: 6.7704e-04, pde_a: 4.4138e-03 geom: 2.6674e-05
Epoch: 1190/5000 - Time: 10.11s - Loss: 3.3986e-02 | a: 1.1787e-02, BC: 1.3586e-04, m: 2.0764e-03, u: 8.1385e-04, v: 7.4726e-04, pde_a: 4.3501e-03 geom: 2.5870e-05
Epoch: 1200/5000 - Time: 9.88s - Loss: 3.4384e-02 | a: 1.1550e-02, BC: 1.8719e-04, m: 2.0739e-03, u: 8.2769e-04, v: 7.8037e-04, pde_a: 4.4661e-03 geom: 2.6441e-05
Epoch: 1210/5000 - Time: 9.81s - Loss: 3.3538e-02 | a: 1.1511e-02, BC: 1.1694e-04, m: 2.0783e-03, u: 7.7088e-04, v: 7.6727e-04, pde_a: 4.4233e-03 geom: 2.6959e-05
Epoch: 1220/5000 - Time: 10.32s - Loss: 3.3661e-02 | a: 1.1756e-02, BC: 1.4017e-04, m: 2.0513e-03, u: 8.1268e-04, v: 6.9563e-04, pde_a: 4.6032e-03 geom: 2.7847e-05
Epoch: 1230/5000 - Time: 10.53s - Loss: 3.3402e-02 | a: 1.1155e-02, BC: 1.4310e-04, m: 2.0626e-03, u: 8.3612e-04, v: 7.1444e-04, pde_a: 4.5104e-03 geom: 2.5307e-05
Epoch: 1240/5000 - Time: 10.48s - Loss: 3.3593e-02 | a: 1.1166e-02, BC: 1.4312e-04, m: 2.0649e-03, u: 8.5096e-04, v: 7.1362e-04, pde_a: 4.5481e-03 geom: 2.5154e-05
Epoch: 1250/5000 - Time: 9.80s - Loss: 3.4202e-02 | a: 1.2558e-02, BC: 1.2888e-04, m: 2.0658e-03, u: 7.8564e-04, v: 7.2422e-04, pde_a: 4.3201e-03 geom: 2.9913e-05
Epoch: 1260/5000 - Time: 10.22s - Loss: 3.5320e-02 | a: 1.1388e-02, BC: 1.3346e-04, m: 2.0769e-03, u: 9.0450e-04, v: 7.8044e-04, pde_a: 4.8467e-03 geom: 2.5760e-05
Epoch: 1270/5000 - Time: 9.86s - Loss: 3.6138e-02 | a: 1.1511e-02, BC: 1.2969e-04, m: 2.0795e-03, u: 9.8755e-04, v: 8.0904e-04, pde_a: 4.4253e-03 geom: 2.6200e-05
Epoch: 1280/5000 - Time: 9.81s - Loss: 3.6545e-02 | a: 1.1819e-02, BC: 1.3998e-04, m: 2.0728e-03, u: 9.5060e-04, v: 8.5130e-04, pde_a: 4.4670e-03 geom: 2.7433e-05
Epoch: 1290/5000 - Time: 10.57s - Loss: 3.5952e-02 | a: 1.1955e-02, BC: 1.5081e-04, m: 2.0773e-03, u: 9.2744e-04, v: 8.1208e-04, pde_a: 4.3467e-03 geom: 2.6034e-05
Epoch: 1300/5000 - Time: 10.52s - Loss: 3.2917e-02 | a: 1.1092e-02, BC: 1.5501e-04, m: 2.0559e-03, u: 7.9786e-04, v: 7.3073e-04, pde_a: 4.3035e-03 geom: 2.5577e-05
Saving checkpoint at epoch 1300 with loss 3.2917e-02
Epoch: 1310/5000 - Time: 9.83s - Loss: 4.2300e-02 | a: 1.4313e-02, BC: 1.6500e-04, m: 2.0805e-03, u: 1.0299e-03, v: 1.0804e-03, pde_a: 4.6066e-03 geom: 3.2400e-05
Epoch: 1320/5000 - Time: 9.78s - Loss: 3.5960e-02 | a: 1.1141e-02, BC: 1.2887e-04, m: 2.0652e-03, u: 1.0072e-03, v: 7.8556e-04, pde_a: 4.6707e-03 geom: 2.6349e-05
Epoch: 1330/5000 - Time: 10.64s - Loss: 3.9159e-02 | a: 1.2733e-02, BC: 1.3955e-04, m: 2.0846e-03, u: 9.5677e-04, v: 9.6487e-04, pde_a: 4.9575e-03 geom: 2.8013e-05
Epoch: 1340/5000 - Time: 10.80s - Loss: 3.3856e-02 | a: 1.1225e-02, BC: 1.2634e-04, m: 2.0463e-03, u: 8.3123e-04, v: 7.7982e-04, pde_a: 4.3216e-03 geom: 2.5778e-05
Epoch: 1350/5000 - Time: 10.69s - Loss: 3.5522e-02 | a: 1.1588e-02, BC: 1.5431e-04, m: 2.0557e-03, u: 8.8022e-04, v: 8.3000e-04, pde_a: 4.5952e-03 geom: 2.6301e-05
Epoch: 1360/5000 - Time: 10.91s - Loss: 3.6534e-02 | a: 1.2547e-02, BC: 2.0369e-04, m: 2.0623e-03, u: 8.5854e-04, v: 8.6175e-04, pde_a: 4.4880e-03 geom: 2.9326e-05
Epoch: 1370/5000 - Time: 10.58s - Loss: 3.4071e-02 | a: 1.1363e-02, BC: 1.4992e-04, m: 2.0478e-03, u: 8.3096e-04, v: 7.8271e-04, pde_a: 4.3479e-03 geom: 2.5523e-05
Epoch: 1380/5000 - Time: 9.86s - Loss: 3.4491e-02 | a: 1.1246e-02, BC: 1.4134e-04, m: 2.0303e-03, u: 8.5008e-04, v: 8.0330e-04, pde_a: 4.5134e-03 geom: 2.5766e-05
Epoch: 1390/5000 - Time: 9.79s - Loss: 3.6421e-02 | a: 1.1822e-02, BC: 1.8898e-04, m: 2.0452e-03, u: 8.9914e-04, v: 8.6674e-04, pde_a: 4.6776e-03 geom: 2.8043e-05
Epoch: 1400/5000 - Time: 10.11s - Loss: 3.3685e-02 | a: 1.1261e-02, BC: 1.5071e-04, m: 2.0302e-03, u: 8.1261e-04, v: 7.6895e-04, pde_a: 4.4022e-03 geom: 2.5257e-05
Epoch: 1410/5000 - Time: 9.84s - Loss: 3.4478e-02 | a: 1.1126e-02, BC: 1.5326e-04, m: 2.0410e-03, u: 9.0659e-04, v: 7.4303e-04, pde_a: 4.6349e-03 geom: 2.6590e-05
Epoch: 1420/5000 - Time: 10.31s - Loss: 3.4479e-02 | a: 1.2142e-02, BC: 1.4073e-04, m: 2.0214e-03, u: 8.4977e-04, v: 7.3288e-04, pde_a: 4.3174e-03 geom: 3.0415e-05
Epoch: 1430/5000 - Time: 10.79s - Loss: 3.3736e-02 | a: 1.1162e-02, BC: 1.3672e-04, m: 2.0287e-03, u: 8.7894e-04, v: 6.8305e-04, pde_a: 4.7632e-03 geom: 2.5654e-05
Epoch: 1440/5000 - Time: 9.90s - Loss: 3.3914e-02 | a: 1.1355e-02, BC: 1.3632e-04, m: 2.0234e-03, u: 8.6779e-04, v: 7.3920e-04, pde_a: 4.3035e-03 geom: 2.5723e-05
Epoch: 1450/5000 - Time: 9.72s - Loss: 3.7291e-02 | a: 1.2016e-02, BC: 1.2834e-04, m: 2.0338e-03, u: 9.8157e-04, v: 8.2734e-04, pde_a: 4.9967e-03 geom: 2.7540e-05
Epoch: 1460/5000 - Time: 9.83s - Loss: 3.4108e-02 | a: 1.1000e-02, BC: 1.6941e-04, m: 2.0064e-03, u: 9.0462e-04, v: 7.3635e-04, pde_a: 4.4967e-03 geom: 2.5276e-05
Epoch: 1470/5000 - Time: 9.81s - Loss: 3.3174e-02 | a: 1.1349e-02, BC: 1.4177e-04, m: 2.0178e-03, u: 8.2633e-04, v: 6.8562e-04, pde_a: 4.5189e-03 geom: 2.6716e-05
Epoch: 1480/5000 - Time: 9.88s - Loss: 3.2731e-02 | a: 1.1074e-02, BC: 1.3234e-04, m: 2.0163e-03, u: 8.1259e-04, v: 7.0031e-04, pde_a: 4.3540e-03 geom: 2.5862e-05
Saving checkpoint at epoch 1480 with loss 3.2731e-02
Epoch: 1490/5000 - Time: 10.68s - Loss: 3.4474e-02 | a: 1.1112e-02, BC: 1.3059e-04, m: 2.0112e-03, u: 8.8010e-04, v: 7.7454e-04, pde_a: 4.6471e-03 geom: 2.6533e-05
Epoch: 1500/5000 - Time: 10.50s - Loss: 3.4805e-02 | a: 1.1274e-02, BC: 1.4659e-04, m: 2.0186e-03, u: 8.7463e-04, v: 8.2999e-04, pde_a: 4.2921e-03 geom: 2.7045e-05
Epoch: 1510/5000 - Time: 10.82s - Loss: 3.3950e-02 | a: 1.0820e-02, BC: 1.2024e-04, m: 2.0122e-03, u: 8.6895e-04, v: 7.9064e-04, pde_a: 4.3773e-03 geom: 2.4595e-05
Epoch: 1520/5000 - Time: 10.97s - Loss: 3.5204e-02 | a: 1.1202e-02, BC: 1.3773e-04, m: 2.0170e-03, u: 9.3189e-04, v: 7.5461e-04, pde_a: 4.9561e-03 geom: 2.6727e-05
Epoch: 1530/5000 - Time: 10.74s - Loss: 3.7531e-02 | a: 1.1349e-02, BC: 1.3431e-04, m: 2.0143e-03, u: 1.0415e-03, v: 9.1513e-04, pde_a: 4.4400e-03 geom: 2.6316e-05
Epoch: 1540/5000 - Time: 10.89s - Loss: 3.3249e-02 | a: 1.1253e-02, BC: 1.3638e-04, m: 2.0048e-03, u: 8.1342e-04, v: 7.1200e-04, pde_a: 4.5726e-03 geom: 2.7889e-05
Epoch: 1550/5000 - Time: 10.92s - Loss: 3.6191e-02 | a: 1.0913e-02, BC: 1.6149e-04, m: 2.0343e-03, u: 1.0416e-03, v: 7.9009e-04, pde_a: 4.7402e-03 geom: 2.5435e-05
Epoch: 1560/5000 - Time: 10.35s - Loss: 3.5813e-02 | a: 1.1825e-02, BC: 1.5334e-04, m: 2.0269e-03, u: 8.8500e-04, v: 8.2297e-04, pde_a: 4.6991e-03 geom: 2.8151e-05
Epoch: 1570/5000 - Time: 9.80s - Loss: 3.4121e-02 | a: 1.2030e-02, BC: 1.4055e-04, m: 2.0078e-03, u: 8.4862e-04, v: 6.9605e-04, pde_a: 4.4682e-03 geom: 2.7921e-05
Epoch: 1580/5000 - Time: 9.65s - Loss: 3.4707e-02 | a: 1.0958e-02, BC: 1.2064e-04, m: 2.0021e-03, u: 8.3949e-04, v: 8.7214e-04, pde_a: 4.4851e-03 geom: 2.4732e-05
Epoch: 1590/5000 - Time: 10.53s - Loss: 4.4057e-02 | a: 1.3895e-02, BC: 2.4331e-04, m: 2.0570e-03, u: 1.2392e-03, v: 1.0644e-03, pde_a: 4.7891e-03 geom: 3.6276e-05
Epoch: 1600/5000 - Time: 10.84s - Loss: 3.3952e-02 | a: 1.1237e-02, BC: 1.5112e-04, m: 1.9967e-03, u: 8.6212e-04, v: 7.4405e-04, pde_a: 4.4806e-03 geom: 2.5565e-05
Epoch: 1610/5000 - Time: 9.96s - Loss: 3.3687e-02 | a: 1.1042e-02, BC: 1.3067e-04, m: 1.9980e-03, u: 8.6042e-04, v: 7.4936e-04, pde_a: 4.3927e-03 geom: 2.6629e-05
Epoch: 1620/5000 - Time: 9.85s - Loss: 3.6752e-02 | a: 1.2100e-02, BC: 1.4117e-04, m: 2.0103e-03, u: 9.2808e-04, v: 8.2895e-04, pde_a: 4.9031e-03 geom: 2.7621e-05
Epoch: 1630/5000 - Time: 9.91s - Loss: 3.5519e-02 | a: 1.1219e-02, BC: 1.5615e-04, m: 2.0159e-03, u: 9.7899e-04, v: 7.6416e-04, pde_a: 4.6699e-03 geom: 2.7186e-05
Epoch: 1640/5000 - Time: 10.82s - Loss: 3.3577e-02 | a: 1.1904e-02, BC: 1.7955e-04, m: 1.9931e-03, u: 7.9162e-04, v: 7.1594e-04, pde_a: 4.3975e-03 geom: 2.7802e-05
Epoch: 1650/5000 - Time: 10.04s - Loss: 3.5677e-02 | a: 1.1474e-02, BC: 1.4589e-04, m: 2.0013e-03, u: 9.2450e-04, v: 8.2015e-04, pde_a: 4.5806e-03 geom: 2.8174e-05
Epoch: 1660/5000 - Time: 9.95s - Loss: 3.3749e-02 | a: 1.0648e-02, BC: 1.3025e-04, m: 1.9921e-03, u: 8.8227e-04, v: 7.2772e-04, pde_a: 4.8542e-03 geom: 2.5299e-05
Epoch: 1670/5000 - Time: 9.88s - Loss: 3.5014e-02 | a: 1.0778e-02, BC: 1.3266e-04, m: 2.0063e-03, u: 9.6740e-04, v: 7.8085e-04, pde_a: 4.5885e-03 geom: 2.5872e-05
Epoch: 1680/5000 - Time: 10.05s - Loss: 3.3234e-02 | a: 1.1243e-02, BC: 1.2604e-04, m: 1.9735e-03, u: 7.9510e-04, v: 7.3957e-04, pde_a: 4.5173e-03 geom: 2.7043e-05
Epoch: 1690/5000 - Time: 9.68s - Loss: 3.3001e-02 | a: 1.0858e-02, BC: 1.2759e-04, m: 1.9960e-03, u: 8.4277e-04, v: 7.1484e-04, pde_a: 4.4172e-03 geom: 2.5710e-05
Epoch: 1700/5000 - Time: 9.78s - Loss: 3.4563e-02 | a: 1.0802e-02, BC: 1.3822e-04, m: 1.9743e-03, u: 9.0287e-04, v: 8.1443e-04, pde_a: 4.4492e-03 geom: 2.6226e-05
Epoch: 1710/5000 - Time: 10.18s - Loss: 3.4304e-02 | a: 1.1011e-02, BC: 1.3536e-04, m: 1.9771e-03, u: 9.0105e-04, v: 7.5803e-04, pde_a: 4.5626e-03 geom: 2.6805e-05
Epoch: 1720/5000 - Time: 10.74s - Loss: 3.5736e-02 | a: 1.1854e-02, BC: 1.7212e-04, m: 1.9927e-03, u: 9.5817e-04, v: 7.4696e-04, pde_a: 4.6383e-03 geom: 2.7919e-05
Epoch: 1730/5000 - Time: 10.99s - Loss: 3.2951e-02 | a: 1.0753e-02, BC: 1.6938e-04, m: 1.9859e-03, u: 8.0439e-04, v: 7.6499e-04, pde_a: 4.3243e-03 geom: 2.4839e-05
Epoch: 1740/5000 - Time: 10.80s - Loss: 3.3189e-02 | a: 1.0935e-02, BC: 1.2459e-04, m: 1.9852e-03, u: 8.4499e-04, v: 7.2775e-04, pde_a: 4.3895e-03 geom: 2.7081e-05
Epoch: 1750/5000 - Time: 10.81s - Loss: 3.6584e-02 | a: 1.1525e-02, BC: 1.7760e-04, m: 1.9782e-03, u: 9.1762e-04, v: 9.4446e-04, pde_a: 4.2554e-03 geom: 2.7163e-05
Epoch: 1760/5000 - Time: 9.79s - Loss: 3.6559e-02 | a: 1.1227e-02, BC: 1.5324e-04, m: 1.9837e-03, u: 9.3336e-04, v: 8.8473e-04, pde_a: 4.9881e-03 geom: 2.5763e-05
Epoch: 1770/5000 - Time: 9.78s - Loss: 3.4974e-02 | a: 1.0959e-02, BC: 1.5199e-04, m: 1.9689e-03, u: 9.3218e-04, v: 7.6785e-04, pde_a: 4.8662e-03 geom: 2.7837e-05
Epoch: 1780/5000 - Time: 9.90s - Loss: 3.2205e-02 | a: 1.0672e-02, BC: 1.6765e-04, m: 1.9657e-03, u: 8.2993e-04, v: 6.8418e-04, pde_a: 4.2335e-03 geom: 2.4897e-05
Saving checkpoint at epoch 1780 with loss 3.2205e-02
Epoch: 1790/5000 - Time: 9.80s - Loss: 3.9421e-02 | a: 1.1982e-02, BC: 2.2908e-04, m: 2.0078e-03, u: 1.1082e-03, v: 9.4992e-04, pde_a: 4.5938e-03 geom: 2.7321e-05
Epoch: 1800/5000 - Time: 10.05s - Loss: 3.4104e-02 | a: 1.1093e-02, BC: 1.4109e-04, m: 1.9737e-03, u: 8.6543e-04, v: 7.8050e-04, pde_a: 4.4114e-03 geom: 2.5613e-05
Epoch: 1810/5000 - Time: 10.50s - Loss: 3.4515e-02 | a: 1.1591e-02, BC: 1.6044e-04, m: 1.9679e-03, u: 8.4666e-04, v: 7.9455e-04, pde_a: 4.3571e-03 geom: 2.6253e-05
Epoch: 1820/5000 - Time: 10.59s - Loss: 3.5921e-02 | a: 1.1138e-02, BC: 1.3942e-04, m: 1.9619e-03, u: 9.8075e-04, v: 8.1381e-04, pde_a: 4.7095e-03 geom: 2.6455e-05
Epoch: 1830/5000 - Time: 10.60s - Loss: 3.7827e-02 | a: 1.1083e-02, BC: 1.6169e-04, m: 1.9849e-03, u: 1.1291e-03, v: 8.7877e-04, pde_a: 4.4920e-03 geom: 2.5922e-05
Epoch: 1840/5000 - Time: 10.52s - Loss: 3.4563e-02 | a: 1.2394e-02, BC: 1.4143e-04, m: 1.9438e-03, u: 8.5429e-04, v: 6.9133e-04, pde_a: 4.5977e-03 geom: 2.9928e-05
Epoch: 1850/5000 - Time: 10.86s - Loss: 3.5644e-02 | a: 1.2015e-02, BC: 1.5097e-04, m: 1.9464e-03, u: 9.7088e-04, v: 7.2882e-04, pde_a: 4.5036e-03 geom: 3.0946e-05
Epoch: 1860/5000 - Time: 10.83s - Loss: 3.3444e-02 | a: 1.1248e-02, BC: 1.4764e-04, m: 1.9515e-03, u: 7.6825e-04, v: 7.7218e-04, pde_a: 4.6666e-03 geom: 2.6033e-05
Epoch: 1870/5000 - Time: 10.15s - Loss: 3.1774e-02 | a: 1.1000e-02, BC: 1.4898e-04, m: 1.9600e-03, u: 7.7119e-04, v: 6.6934e-04, pde_a: 4.2336e-03 geom: 2.5910e-05
Saving checkpoint at epoch 1870 with loss 3.1774e-02
Epoch: 1880/5000 - Time: 9.80s - Loss: 3.3355e-02 | a: 1.1288e-02, BC: 1.3669e-04, m: 1.9601e-03, u: 8.4023e-04, v: 6.8153e-04, pde_a: 4.7257e-03 geom: 2.6388e-05
Epoch: 1890/5000 - Time: 9.94s - Loss: 3.1726e-02 | a: 1.0233e-02, BC: 1.3003e-04, m: 1.9407e-03, u: 8.3626e-04, v: 6.9335e-04, pde_a: 4.1018e-03 geom: 2.4625e-05
Saving checkpoint at epoch 1890 with loss 3.1726e-02
Epoch: 1900/5000 - Time: 10.92s - Loss: 3.6750e-02 | a: 1.1438e-02, BC: 2.2429e-04, m: 1.9619e-03, u: 9.9293e-04, v: 8.6608e-04, pde_a: 4.5079e-03 geom: 2.8086e-05
Epoch: 1910/5000 - Time: 10.59s - Loss: 3.3953e-02 | a: 1.1291e-02, BC: 1.5977e-04, m: 1.9448e-03, u: 8.6573e-04, v: 7.2173e-04, pde_a: 4.6566e-03 geom: 2.6368e-05
Epoch: 1920/5000 - Time: 10.74s - Loss: 3.3185e-02 | a: 1.0721e-02, BC: 1.3943e-04, m: 1.9286e-03, u: 8.8767e-04, v: 7.3454e-04, pde_a: 4.1463e-03 geom: 2.7190e-05
Epoch: 1930/5000 - Time: 10.77s - Loss: 3.8402e-02 | a: 1.2679e-02, BC: 1.6333e-04, m: 1.9800e-03, u: 1.0239e-03, v: 8.5843e-04, pde_a: 4.7251e-03 geom: 3.0821e-05
Epoch: 1940/5000 - Time: 10.60s - Loss: 3.2731e-02 | a: 1.1105e-02, BC: 1.3031e-04, m: 1.9428e-03, u: 8.1780e-04, v: 6.9284e-04, pde_a: 4.4203e-03 geom: 2.6610e-05
Epoch: 1950/5000 - Time: 9.97s - Loss: 3.3304e-02 | a: 1.1342e-02, BC: 1.5276e-04, m: 1.9332e-03, u: 8.1797e-04, v: 7.2698e-04, pde_a: 4.4008e-03 geom: 2.6212e-05
Epoch: 1960/5000 - Time: 9.91s - Loss: 3.5007e-02 | a: 1.0569e-02, BC: 1.4031e-04, m: 1.9432e-03, u: 9.5501e-04, v: 8.4252e-04, pde_a: 4.3548e-03 geom: 2.4316e-05
Epoch: 1970/5000 - Time: 10.07s - Loss: 3.4864e-02 | a: 1.0335e-02, BC: 1.2075e-04, m: 1.9461e-03, u: 8.9760e-04, v: 8.7371e-04, pde_a: 4.7232e-03 geom: 2.5502e-05
Epoch: 1980/5000 - Time: 10.99s - Loss: 3.3555e-02 | a: 1.0925e-02, BC: 1.3117e-04, m: 1.9289e-03, u: 8.7694e-04, v: 7.5042e-04, pde_a: 4.2709e-03 geom: 2.5668e-05
Epoch: 1990/5000 - Time: 11.12s - Loss: 3.3538e-02 | a: 1.1524e-02, BC: 1.4612e-04, m: 1.9321e-03, u: 8.4489e-04, v: 7.1424e-04, pde_a: 4.3179e-03 geom: 2.6730e-05
Epoch: 2000/5000 - Time: 10.75s - Loss: 3.5461e-02 | a: 1.1445e-02, BC: 1.5635e-04, m: 1.9748e-03, u: 9.3998e-04, v: 8.1959e-04, pde_a: 4.2621e-03 geom: 2.7414e-05
Epoch: 2010/5000 - Time: 10.72s - Loss: 3.4352e-02 | a: 1.0526e-02, BC: 1.4568e-04, m: 1.9286e-03, u: 9.2030e-04, v: 8.2492e-04, pde_a: 4.2755e-03 geom: 2.4707e-05
Epoch: 2020/5000 - Time: 10.23s - Loss: 3.4312e-02 | a: 1.1530e-02, BC: 1.3910e-04, m: 1.9123e-03, u: 8.6256e-04, v: 7.4051e-04, pde_a: 4.6728e-03 geom: 2.7298e-05
Epoch: 2030/5000 - Time: 9.87s - Loss: 3.3032e-02 | a: 1.0994e-02, BC: 1.6274e-04, m: 1.9335e-03, u: 8.2241e-04, v: 7.4447e-04, pde_a: 4.2472e-03 geom: 2.5772e-05
Epoch: 2040/5000 - Time: 9.82s - Loss: 3.2738e-02 | a: 1.0532e-02, BC: 1.2327e-04, m: 1.9264e-03, u: 8.9176e-04, v: 6.9658e-04, pde_a: 4.2482e-03 geom: 2.4771e-05
Epoch: 2050/5000 - Time: 9.75s - Loss: 3.5019e-02 | a: 1.0347e-02, BC: 1.4061e-04, m: 1.9338e-03, u: 9.6912e-04, v: 8.7469e-04, pde_a: 4.1356e-03 geom: 2.4564e-05
Epoch: 2060/5000 - Time: 9.90s - Loss: 3.2812e-02 | a: 1.0240e-02, BC: 1.3993e-04, m: 1.9266e-03, u: 8.5862e-04, v: 7.0359e-04, pde_a: 4.8586e-03 geom: 2.5134e-05
Epoch: 2070/5000 - Time: 9.91s - Loss: 3.6278e-02 | a: 1.1706e-02, BC: 1.5317e-04, m: 1.9372e-03, u: 9.1158e-04, v: 8.2342e-04, pde_a: 5.1015e-03 geom: 3.0636e-05
Epoch: 2080/5000 - Time: 9.95s - Loss: 3.5681e-02 | a: 1.0597e-02, BC: 1.4835e-04, m: 1.9251e-03, u: 1.0080e-03, v: 8.2916e-04, pde_a: 4.6140e-03 geom: 2.5598e-05
Epoch: 2090/5000 - Time: 10.42s - Loss: 3.5569e-02 | a: 1.2691e-02, BC: 1.6797e-04, m: 1.9183e-03, u: 8.8401e-04, v: 7.4728e-04, pde_a: 4.4464e-03 geom: 3.2094e-05
Epoch: 2100/5000 - Time: 10.85s - Loss: 3.3260e-02 | a: 1.1561e-02, BC: 1.3367e-04, m: 1.9065e-03, u: 8.2808e-04, v: 6.8545e-04, pde_a: 4.4979e-03 geom: 2.6598e-05
Epoch: 2110/5000 - Time: 10.98s - Loss: 3.6260e-02 | a: 1.1178e-02, BC: 1.5667e-04, m: 1.9292e-03, u: 1.0212e-03, v: 8.3605e-04, pde_a: 4.3965e-03 geom: 2.6964e-05
Epoch: 2120/5000 - Time: 10.14s - Loss: 3.5595e-02 | a: 1.1079e-02, BC: 1.4362e-04, m: 1.9328e-03, u: 9.7774e-04, v: 8.3982e-04, pde_a: 4.2355e-03 geom: 2.7747e-05
Epoch: 2130/5000 - Time: 10.32s - Loss: 3.5476e-02 | a: 1.1167e-02, BC: 1.3586e-04, m: 1.9211e-03, u: 9.3500e-04, v: 8.1271e-04, pde_a: 4.7489e-03 geom: 2.5403e-05
Epoch: 2140/5000 - Time: 10.43s - Loss: 3.5052e-02 | a: 1.0891e-02, BC: 1.5957e-04, m: 1.9103e-03, u: 9.4722e-04, v: 8.2233e-04, pde_a: 4.3697e-03 geom: 2.6460e-05
Epoch: 2150/5000 - Time: 10.69s - Loss: 3.2201e-02 | a: 1.0465e-02, BC: 1.4361e-04, m: 1.9189e-03, u: 8.1294e-04, v: 6.9016e-04, pde_a: 4.6189e-03 geom: 2.4284e-05
Epoch: 2160/5000 - Time: 10.52s - Loss: 3.2399e-02 | a: 1.0281e-02, BC: 1.2150e-04, m: 1.9021e-03, u: 8.0543e-04, v: 7.7342e-04, pde_a: 4.2810e-03 geom: 2.4427e-05
Epoch: 2170/5000 - Time: 9.94s - Loss: 3.3054e-02 | a: 1.0930e-02, BC: 1.4482e-04, m: 1.9008e-03, u: 8.2923e-04, v: 7.1616e-04, pde_a: 4.5986e-03 geom: 2.5604e-05
Epoch: 2180/5000 - Time: 9.75s - Loss: 3.6907e-02 | a: 1.0952e-02, BC: 1.4132e-04, m: 1.9063e-03, u: 9.0607e-04, v: 1.0073e-03, pde_a: 4.7480e-03 geom: 2.5870e-05
Epoch: 2190/5000 - Time: 9.95s - Loss: 3.6794e-02 | a: 1.0752e-02, BC: 1.4303e-04, m: 1.9172e-03, u: 8.9950e-04, v: 1.0295e-03, pde_a: 4.6664e-03 geom: 2.5925e-05
Epoch: 2200/5000 - Time: 10.90s - Loss: 3.4065e-02 | a: 1.1058e-02, BC: 1.3438e-04, m: 1.8903e-03, u: 8.7523e-04, v: 7.9012e-04, pde_a: 4.3031e-03 geom: 2.5752e-05
Epoch: 2210/5000 - Time: 10.65s - Loss: 3.6590e-02 | a: 1.1493e-02, BC: 1.5702e-04, m: 1.9092e-03, u: 9.7937e-04, v: 8.9492e-04, pde_a: 4.2592e-03 geom: 2.8650e-05
Epoch: 2220/5000 - Time: 10.87s - Loss: 3.3341e-02 | a: 1.0676e-02, BC: 1.2697e-04, m: 1.8982e-03, u: 8.7551e-04, v: 7.7320e-04, pde_a: 4.1283e-03 geom: 2.4761e-05
Epoch: 2230/5000 - Time: 10.94s - Loss: 3.2692e-02 | a: 1.0476e-02, BC: 1.3121e-04, m: 1.8983e-03, u: 8.0558e-04, v: 7.8867e-04, pde_a: 4.2193e-03 geom: 2.4689e-05
Epoch: 2240/5000 - Time: 10.74s - Loss: 3.4087e-02 | a: 1.0545e-02, BC: 1.2394e-04, m: 1.8955e-03, u: 8.9655e-04, v: 7.7420e-04, pde_a: 4.7908e-03 geom: 2.4389e-05
Epoch: 2250/5000 - Time: 10.72s - Loss: 3.5611e-02 | a: 1.0468e-02, BC: 1.3469e-04, m: 1.9138e-03, u: 9.0822e-04, v: 9.4957e-04, pde_a: 4.4906e-03 geom: 2.5956e-05
Epoch: 2260/5000 - Time: 10.63s - Loss: 3.2363e-02 | a: 1.0277e-02, BC: 1.2290e-04, m: 1.9076e-03, u: 8.2972e-04, v: 7.4449e-04, pde_a: 4.2899e-03 geom: 2.4455e-05
Epoch: 2270/5000 - Time: 10.35s - Loss: 3.3820e-02 | a: 1.1040e-02, BC: 1.4139e-04, m: 1.8934e-03, u: 8.2561e-04, v: 8.0375e-04, pde_a: 4.4262e-03 geom: 2.5775e-05
Epoch: 2280/5000 - Time: 9.77s - Loss: 3.2892e-02 | a: 1.0293e-02, BC: 1.4217e-04, m: 1.9043e-03, u: 8.6584e-04, v: 7.5421e-04, pde_a: 4.3264e-03 geom: 2.6087e-05
Epoch: 2290/5000 - Time: 10.08s - Loss: 3.6978e-02 | a: 1.1094e-02, BC: 1.9970e-04, m: 1.9229e-03, u: 1.0481e-03, v: 8.9019e-04, pde_a: 4.3504e-03 geom: 2.8097e-05
Epoch: 2300/5000 - Time: 9.88s - Loss: 3.3651e-02 | a: 1.1478e-02, BC: 1.2289e-04, m: 1.8946e-03, u: 8.3620e-04, v: 7.5528e-04, pde_a: 4.2143e-03 geom: 2.6512e-05
Epoch: 2310/5000 - Time: 10.36s - Loss: 3.4452e-02 | a: 1.0740e-02, BC: 1.3258e-04, m: 1.8983e-03, u: 9.1573e-04, v: 8.1035e-04, pde_a: 4.3940e-03 geom: 2.7026e-05
Epoch: 2320/5000 - Time: 10.87s - Loss: 3.3826e-02 | a: 1.0901e-02, BC: 1.4537e-04, m: 1.8974e-03, u: 8.3724e-04, v: 8.2444e-04, pde_a: 4.2381e-03 geom: 2.6933e-05
Epoch: 2330/5000 - Time: 10.59s - Loss: 3.3484e-02 | a: 1.0672e-02, BC: 1.2618e-04, m: 1.8798e-03, u: 8.5474e-04, v: 8.0599e-04, pde_a: 4.1739e-03 geom: 2.4799e-05
Epoch: 2340/5000 - Time: 10.83s - Loss: 3.3533e-02 | a: 1.0376e-02, BC: 1.4893e-04, m: 1.8839e-03, u: 9.1883e-04, v: 7.7625e-04, pde_a: 4.1494e-03 geom: 2.4782e-05
Epoch: 2350/5000 - Time: 10.90s - Loss: 3.5521e-02 | a: 1.0383e-02, BC: 1.5504e-04, m: 1.8864e-03, u: 1.0614e-03, v: 8.1268e-04, pde_a: 4.3305e-03 geom: 2.4898e-05
Epoch: 2360/5000 - Time: 10.81s - Loss: 3.3383e-02 | a: 1.0617e-02, BC: 1.3725e-04, m: 1.8815e-03, u: 8.6606e-04, v: 7.7105e-04, pde_a: 4.3513e-03 geom: 2.4744e-05
Epoch: 2370/5000 - Time: 10.83s - Loss: 3.9391e-02 | a: 1.0159e-02, BC: 1.4169e-04, m: 1.9201e-03, u: 1.1496e-03, v: 1.1264e-03, pde_a: 4.3853e-03 geom: 2.5104e-05
Epoch: 2380/5000 - Time: 10.61s - Loss: 3.3185e-02 | a: 1.0467e-02, BC: 1.4093e-04, m: 1.8771e-03, u: 8.9731e-04, v: 7.1674e-04, pde_a: 4.5341e-03 geom: 2.5123e-05
Epoch: 2390/5000 - Time: 9.91s - Loss: 3.5295e-02 | a: 1.1250e-02, BC: 1.2985e-04, m: 1.8944e-03, u: 9.6773e-04, v: 8.0104e-04, pde_a: 4.3067e-03 geom: 2.6416e-05
Epoch: 2400/5000 - Time: 9.90s - Loss: 3.4015e-02 | a: 1.0459e-02, BC: 1.2691e-04, m: 1.8980e-03, u: 9.6428e-04, v: 7.3401e-04, pde_a: 4.5215e-03 geom: 2.6028e-05
Epoch: 2410/5000 - Time: 10.14s - Loss: 3.7196e-02 | a: 1.1552e-02, BC: 1.4922e-04, m: 1.9001e-03, u: 9.9306e-04, v: 8.8667e-04, pde_a: 4.7695e-03 geom: 2.8333e-05
Epoch: 2420/5000 - Time: 10.63s - Loss: 3.6068e-02 | a: 1.0507e-02, BC: 1.2573e-04, m: 1.9062e-03, u: 1.0057e-03, v: 9.2515e-04, pde_a: 4.1956e-03 geom: 2.5236e-05
Epoch: 2430/5000 - Time: 10.56s - Loss: 3.4308e-02 | a: 1.0742e-02, BC: 1.3437e-04, m: 1.8934e-03, u: 9.2217e-04, v: 7.8814e-04, pde_a: 4.4092e-03 geom: 2.5980e-05
Epoch: 2440/5000 - Time: 9.90s - Loss: 3.2950e-02 | a: 1.0314e-02, BC: 1.3902e-04, m: 1.8681e-03, u: 8.2522e-04, v: 7.8512e-04, pde_a: 4.5007e-03 geom: 2.4605e-05
Epoch: 2450/5000 - Time: 9.82s - Loss: 3.4271e-02 | a: 1.0707e-02, BC: 1.3861e-04, m: 1.8743e-03, u: 9.0910e-04, v: 8.0224e-04, pde_a: 4.4116e-03 geom: 2.6455e-05
Epoch: 2460/5000 - Time: 9.94s - Loss: 3.2516e-02 | a: 1.0591e-02, BC: 1.1548e-04, m: 1.8624e-03, u: 8.6004e-04, v: 7.1371e-04, pde_a: 4.1841e-03 geom: 2.5696e-05
Epoch: 2470/5000 - Time: 9.91s - Loss: 3.7856e-02 | a: 1.5004e-02, BC: 1.9512e-04, m: 1.8929e-03, u: 8.9427e-04, v: 7.2564e-04, pde_a: 4.5292e-03 geom: 3.5647e-05
Epoch: 2480/5000 - Time: 9.87s - Loss: 3.8982e-02 | a: 1.2773e-02, BC: 1.5812e-04, m: 1.8839e-03, u: 1.0690e-03, v: 9.2970e-04, pde_a: 4.1526e-03 geom: 2.7411e-05
Epoch: 2490/5000 - Time: 9.82s - Loss: 3.4539e-02 | a: 1.1554e-02, BC: 1.4161e-04, m: 1.8788e-03, u: 8.8326e-04, v: 7.7449e-04, pde_a: 4.3589e-03 geom: 2.8065e-05
Epoch: 2500/5000 - Time: 9.81s - Loss: 3.2102e-02 | a: 1.0758e-02, BC: 1.1133e-04, m: 1.8521e-03, u: 8.2591e-04, v: 6.9325e-04, pde_a: 4.1633e-03 geom: 2.5439e-05
Epoch: 2510/5000 - Time: 9.98s - Loss: 3.2919e-02 | a: 1.0332e-02, BC: 1.1643e-04, m: 1.8633e-03, u: 9.0010e-04, v: 7.2246e-04, pde_a: 4.3576e-03 geom: 2.4813e-05
Epoch: 2520/5000 - Time: 9.74s - Loss: 3.3288e-02 | a: 1.0812e-02, BC: 1.2190e-04, m: 1.8557e-03, u: 8.6466e-04, v: 7.6410e-04, pde_a: 4.1838e-03 geom: 2.7436e-05
Epoch: 2530/5000 - Time: 9.88s - Loss: 3.5386e-02 | a: 1.0528e-02, BC: 1.4765e-04, m: 1.8732e-03, u: 8.9966e-04, v: 9.5078e-04, pde_a: 4.3071e-03 geom: 2.4932e-05
Epoch: 2540/5000 - Time: 9.87s - Loss: 3.2573e-02 | a: 1.0778e-02, BC: 1.4621e-04, m: 1.8552e-03, u: 8.3988e-04, v: 7.1318e-04, pde_a: 4.2375e-03 geom: 2.5607e-05
Epoch: 2550/5000 - Time: 10.72s - Loss: 3.5251e-02 | a: 1.1779e-02, BC: 1.3483e-04, m: 1.8725e-03, u: 8.8842e-04, v: 8.3896e-04, pde_a: 4.1619e-03 geom: 2.9076e-05
Epoch: 2560/5000 - Time: 10.35s - Loss: 3.5935e-02 | a: 1.0874e-02, BC: 1.7339e-04, m: 1.8624e-03, u: 9.9832e-04, v: 8.8675e-04, pde_a: 4.1485e-03 geom: 2.5645e-05
Epoch: 2570/5000 - Time: 9.72s - Loss: 3.5778e-02 | a: 1.0615e-02, BC: 1.4474e-04, m: 1.8663e-03, u: 9.9874e-04, v: 8.0717e-04, pde_a: 5.0660e-03 geom: 2.6485e-05
Epoch: 2580/5000 - Time: 10.23s - Loss: 3.3802e-02 | a: 1.0359e-02, BC: 1.2956e-04, m: 1.8675e-03, u: 9.1603e-04, v: 7.7376e-04, pde_a: 4.5225e-03 geom: 2.5637e-05
Epoch: 2590/5000 - Time: 9.93s - Loss: 3.4705e-02 | a: 1.0699e-02, BC: 1.4915e-04, m: 1.8646e-03, u: 9.5361e-04, v: 8.1077e-04, pde_a: 4.3213e-03 geom: 2.6559e-05
Epoch: 2600/5000 - Time: 9.94s - Loss: 3.2153e-02 | a: 1.0146e-02, BC: 1.1953e-04, m: 1.8426e-03, u: 8.4851e-04, v: 7.3107e-04, pde_a: 4.2237e-03 geom: 2.5247e-05
Epoch: 2610/5000 - Time: 9.82s - Loss: 3.3990e-02 | a: 1.0274e-02, BC: 1.3883e-04, m: 1.8530e-03, u: 1.0078e-03, v: 7.4291e-04, pde_a: 4.1902e-03 geom: 2.6283e-05
Epoch: 2620/5000 - Time: 9.67s - Loss: 3.3540e-02 | a: 1.0574e-02, BC: 1.7659e-04, m: 1.8422e-03, u: 8.5119e-04, v: 8.0043e-04, pde_a: 4.4057e-03 geom: 2.4804e-05
Epoch: 2630/5000 - Time: 10.06s - Loss: 3.5199e-02 | a: 1.0289e-02, BC: 1.4535e-04, m: 1.8498e-03, u: 9.3203e-04, v: 8.8081e-04, pde_a: 4.7614e-03 geom: 2.4955e-05
Epoch: 2640/5000 - Time: 10.78s - Loss: 3.3109e-02 | a: 1.0655e-02, BC: 1.3205e-04, m: 1.8268e-03, u: 8.4945e-04, v: 7.4777e-04, pde_a: 4.4979e-03 geom: 2.4830e-05
Epoch: 2650/5000 - Time: 10.60s - Loss: 3.3655e-02 | a: 1.0266e-02, BC: 1.4151e-04, m: 1.8512e-03, u: 8.4651e-04, v: 8.7943e-04, pde_a: 4.1116e-03 geom: 2.5959e-05
Epoch: 2660/5000 - Time: 10.85s - Loss: 3.2809e-02 | a: 1.0937e-02, BC: 1.3440e-04, m: 1.8453e-03, u: 8.6696e-04, v: 6.9729e-04, pde_a: 4.2233e-03 geom: 2.6687e-05
Epoch: 2670/5000 - Time: 10.83s - Loss: 3.2690e-02 | a: 1.0884e-02, BC: 1.3276e-04, m: 1.8320e-03, u: 8.7786e-04, v: 6.8276e-04, pde_a: 4.2088e-03 geom: 2.5915e-05
Epoch: 2680/5000 - Time: 10.06s - Loss: 3.5914e-02 | a: 1.0710e-02, BC: 1.7516e-04, m: 1.8591e-03, u: 9.4749e-04, v: 8.5598e-04, pde_a: 5.1091e-03 geom: 2.5985e-05
Epoch: 2690/5000 - Time: 9.96s - Loss: 3.2129e-02 | a: 1.0760e-02, BC: 1.1875e-04, m: 1.8450e-03, u: 8.2415e-04, v: 6.9889e-04, pde_a: 4.1499e-03 geom: 2.5052e-05
Epoch: 2700/5000 - Time: 9.91s - Loss: 3.4438e-02 | a: 1.0587e-02, BC: 1.3479e-04, m: 1.8356e-03, u: 9.8181e-04, v: 7.6803e-04, pde_a: 4.3563e-03 geom: 2.5208e-05
Epoch: 2710/5000 - Time: 9.94s - Loss: 3.3708e-02 | a: 1.0200e-02, BC: 1.5492e-04, m: 1.8422e-03, u: 9.5100e-04, v: 7.5648e-04, pde_a: 4.4119e-03 geom: 2.4602e-05
Epoch: 2720/5000 - Time: 9.89s - Loss: 3.2635e-02 | a: 1.0405e-02, BC: 1.4374e-04, m: 1.8423e-03, u: 8.8640e-04, v: 7.2021e-04, pde_a: 4.1521e-03 geom: 2.5732e-05
Epoch: 2730/5000 - Time: 9.91s - Loss: 3.5771e-02 | a: 1.0570e-02, BC: 1.3214e-04, m: 1.8544e-03, u: 1.0008e-03, v: 8.6707e-04, pde_a: 4.5105e-03 geom: 2.5523e-05
Epoch: 2740/5000 - Time: 10.36s - Loss: 3.5041e-02 | a: 9.9947e-03, BC: 1.2284e-04, m: 1.8414e-03, u: 1.0174e-03, v: 8.7920e-04, pde_a: 4.0907e-03 geom: 2.4840e-05
Epoch: 2750/5000 - Time: 10.44s - Loss: 3.1675e-02 | a: 9.9045e-03, BC: 1.2680e-04, m: 1.8436e-03, u: 8.1373e-04, v: 7.4023e-04, pde_a: 4.2361e-03 geom: 2.4695e-05
Saving checkpoint at epoch 2750 with loss 3.1675e-02
Epoch: 2760/5000 - Time: 10.51s - Loss: 3.2832e-02 | a: 1.0738e-02, BC: 1.5615e-04, m: 1.8288e-03, u: 8.4531e-04, v: 7.5253e-04, pde_a: 4.1054e-03 geom: 2.5354e-05
Epoch: 2770/5000 - Time: 10.44s - Loss: 3.6685e-02 | a: 1.0182e-02, BC: 1.3158e-04, m: 1.8425e-03, u: 1.1595e-03, v: 8.9174e-04, pde_a: 3.9910e-03 geom: 2.5061e-05
Epoch: 2780/5000 - Time: 10.65s - Loss: 3.6227e-02 | a: 1.0604e-02, BC: 1.6825e-04, m: 1.8522e-03, u: 9.6771e-04, v: 9.6194e-04, pde_a: 4.2804e-03 geom: 2.5259e-05
Epoch: 2790/5000 - Time: 10.77s - Loss: 3.1804e-02 | a: 1.0260e-02, BC: 1.3545e-04, m: 1.8364e-03, u: 8.2439e-04, v: 7.1881e-04, pde_a: 4.1147e-03 geom: 2.5559e-05
Epoch: 2800/5000 - Time: 10.91s - Loss: 3.1928e-02 | a: 1.0136e-02, BC: 1.2971e-04, m: 1.8114e-03, u: 8.4963e-04, v: 6.9341e-04, pde_a: 4.3952e-03 geom: 2.4851e-05
Epoch: 2810/5000 - Time: 10.55s - Loss: 3.3513e-02 | a: 1.0416e-02, BC: 1.3522e-04, m: 1.8376e-03, u: 8.8937e-04, v: 7.7187e-04, pde_a: 4.4863e-03 geom: 2.4803e-05
Epoch: 2820/5000 - Time: 10.81s - Loss: 3.3975e-02 | a: 1.0538e-02, BC: 1.4046e-04, m: 1.8366e-03, u: 8.9075e-04, v: 8.0375e-04, pde_a: 4.4880e-03 geom: 2.6302e-05
Epoch: 2830/5000 - Time: 10.67s - Loss: 3.6535e-02 | a: 1.0163e-02, BC: 1.6154e-04, m: 1.8340e-03, u: 1.0143e-03, v: 9.7990e-04, pde_a: 4.4102e-03 geom: 2.4153e-05
Epoch: 2840/5000 - Time: 10.76s - Loss: 3.2065e-02 | a: 1.0244e-02, BC: 1.8910e-04, m: 1.8252e-03, u: 8.3289e-04, v: 7.2414e-04, pde_a: 4.2100e-03 geom: 2.6580e-05
Epoch: 2850/5000 - Time: 9.97s - Loss: 3.6151e-02 | a: 1.0215e-02, BC: 1.2650e-04, m: 1.8402e-03, u: 9.7699e-04, v: 8.9848e-04, pde_a: 5.1891e-03 geom: 2.5474e-05
Epoch: 2860/5000 - Time: 9.81s - Loss: 3.4051e-02 | a: 1.0913e-02, BC: 1.3749e-04, m: 1.8132e-03, u: 9.1139e-04, v: 7.9944e-04, pde_a: 4.0533e-03 geom: 2.5560e-05
Epoch: 2870/5000 - Time: 9.93s - Loss: 3.4385e-02 | a: 1.0733e-02, BC: 1.3839e-04, m: 1.8239e-03, u: 9.4061e-04, v: 7.6738e-04, pde_a: 4.5830e-03 geom: 2.7249e-05
Epoch: 2880/5000 - Time: 9.85s - Loss: 3.2406e-02 | a: 1.0461e-02, BC: 1.5737e-04, m: 1.8217e-03, u: 8.6116e-04, v: 7.1006e-04, pde_a: 4.2276e-03 geom: 2.6304e-05
Epoch: 2890/5000 - Time: 9.73s - Loss: 3.6613e-02 | a: 1.2582e-02, BC: 1.5232e-04, m: 1.8449e-03, u: 9.3166e-04, v: 8.6413e-04, pde_a: 4.0415e-03 geom: 3.4431e-05
Epoch: 2900/5000 - Time: 9.77s - Loss: 3.3877e-02 | a: 1.1362e-02, BC: 1.3689e-04, m: 1.8348e-03, u: 8.6534e-04, v: 7.3731e-04, pde_a: 4.4881e-03 geom: 2.8188e-05
Epoch: 2910/5000 - Time: 9.73s - Loss: 3.3245e-02 | a: 1.0435e-02, BC: 1.1736e-04, m: 1.8252e-03, u: 8.5534e-04, v: 7.8290e-04, pde_a: 4.4609e-03 geom: 2.4411e-05
Epoch: 2920/5000 - Time: 9.77s - Loss: 3.3853e-02 | a: 1.1008e-02, BC: 1.8814e-04, m: 1.8342e-03, u: 8.8250e-04, v: 7.7100e-04, pde_a: 4.2609e-03 geom: 2.7286e-05
Epoch: 2930/5000 - Time: 10.17s - Loss: 3.2919e-02 | a: 9.7104e-03, BC: 1.2788e-04, m: 1.8246e-03, u: 8.9237e-04, v: 7.5234e-04, pde_a: 4.7852e-03 geom: 2.4199e-05
Epoch: 2940/5000 - Time: 9.62s - Loss: 3.2300e-02 | a: 1.0633e-02, BC: 1.0890e-04, m: 1.8084e-03, u: 8.6114e-04, v: 6.8812e-04, pde_a: 4.2307e-03 geom: 2.5769e-05
Epoch: 2950/5000 - Time: 9.78s - Loss: 3.2069e-02 | a: 9.9968e-03, BC: 1.1226e-04, m: 1.8336e-03, u: 8.4596e-04, v: 7.3088e-04, pde_a: 4.3342e-03 geom: 2.3530e-05
Epoch: 2960/5000 - Time: 10.56s - Loss: 3.2859e-02 | a: 1.0239e-02, BC: 1.2692e-04, m: 1.7988e-03, u: 8.4243e-04, v: 7.9103e-04, pde_a: 4.3341e-03 geom: 2.5625e-05
Epoch: 2970/5000 - Time: 10.86s - Loss: 3.6382e-02 | a: 1.0901e-02, BC: 1.4468e-04, m: 1.8295e-03, u: 1.0407e-03, v: 8.8052e-04, pde_a: 4.2687e-03 geom: 2.6361e-05
Epoch: 2980/5000 - Time: 10.95s - Loss: 3.1929e-02 | a: 9.9301e-03, BC: 1.3445e-04, m: 1.8079e-03, u: 8.4225e-04, v: 7.4074e-04, pde_a: 4.2016e-03 geom: 2.4849e-05
Epoch: 2990/5000 - Time: 9.80s - Loss: 3.9046e-02 | a: 1.0975e-02, BC: 1.5744e-04, m: 1.8571e-03, u: 1.2904e-03, v: 8.3132e-04, pde_a: 4.8123e-03 geom: 2.6817e-05
Epoch: 3000/5000 - Time: 9.74s - Loss: 3.1722e-02 | a: 9.8339e-03, BC: 1.3329e-04, m: 1.8084e-03, u: 8.4154e-04, v: 7.4404e-04, pde_a: 4.0663e-03 geom: 2.4821e-05
Epoch: 3010/5000 - Time: 10.25s - Loss: 3.4512e-02 | a: 1.0877e-02, BC: 1.8390e-04, m: 1.8084e-03, u: 8.8428e-04, v: 8.3981e-04, pde_a: 4.3750e-03 geom: 2.6699e-05
Epoch: 3020/5000 - Time: 10.87s - Loss: 3.5877e-02 | a: 1.0306e-02, BC: 1.5036e-04, m: 1.8092e-03, u: 1.0832e-03, v: 8.6101e-04, pde_a: 4.1441e-03 geom: 2.5082e-05
Epoch: 3030/5000 - Time: 10.60s - Loss: 3.3381e-02 | a: 1.0863e-02, BC: 1.3084e-04, m: 1.8016e-03, u: 8.7888e-04, v: 7.4655e-04, pde_a: 4.3046e-03 geom: 2.6680e-05
Epoch: 3040/5000 - Time: 10.06s - Loss: 3.2646e-02 | a: 1.0049e-02, BC: 1.3754e-04, m: 1.7968e-03, u: 8.5648e-04, v: 7.4172e-04, pde_a: 4.6557e-03 geom: 2.4453e-05
Epoch: 3050/5000 - Time: 9.87s - Loss: 3.3984e-02 | a: 1.0693e-02, BC: 1.6976e-04, m: 1.7906e-03, u: 8.8882e-04, v: 8.2862e-04, pde_a: 4.1303e-03 geom: 2.5849e-05
Epoch: 3060/5000 - Time: 10.25s - Loss: 3.3318e-02 | a: 1.0167e-02, BC: 1.3895e-04, m: 1.8083e-03, u: 8.7293e-04, v: 7.2496e-04, pde_a: 5.1991e-03 geom: 2.5467e-05
Epoch: 3070/5000 - Time: 10.83s - Loss: 3.5172e-02 | a: 1.0679e-02, BC: 1.4787e-04, m: 1.8253e-03, u: 1.0054e-03, v: 8.3733e-04, pde_a: 4.0655e-03 geom: 2.6367e-05
Epoch: 3080/5000 - Time: 9.82s - Loss: 3.3948e-02 | a: 1.0814e-02, BC: 1.3570e-04, m: 1.7975e-03, u: 8.7574e-04, v: 8.2932e-04, pde_a: 4.1248e-03 geom: 2.5800e-05
Epoch: 3090/5000 - Time: 10.47s - Loss: 3.6208e-02 | a: 1.0580e-02, BC: 1.4448e-04, m: 1.8250e-03, u: 1.0894e-03, v: 8.3921e-04, pde_a: 4.3465e-03 geom: 2.5598e-05
Epoch: 3100/5000 - Time: 9.76s - Loss: 3.3416e-02 | a: 1.0532e-02, BC: 1.3702e-04, m: 1.7945e-03, u: 9.1273e-04, v: 7.7740e-04, pde_a: 4.0255e-03 geom: 2.6374e-05
Epoch: 3110/5000 - Time: 9.85s - Loss: 3.1746e-02 | a: 9.7579e-03, BC: 1.3695e-04, m: 1.7865e-03, u: 8.3748e-04, v: 7.4555e-04, pde_a: 4.2105e-03 geom: 2.4113e-05
Epoch: 3120/5000 - Time: 10.38s - Loss: 3.2475e-02 | a: 1.0214e-02, BC: 1.3635e-04, m: 1.8003e-03, u: 8.6249e-04, v: 7.4304e-04, pde_a: 4.2437e-03 geom: 2.4651e-05
Epoch: 3130/5000 - Time: 10.82s - Loss: 3.3112e-02 | a: 1.0392e-02, BC: 1.6210e-04, m: 1.8200e-03, u: 8.7317e-04, v: 7.6517e-04, pde_a: 4.3290e-03 geom: 2.6075e-05
Epoch: 3140/5000 - Time: 10.65s - Loss: 3.2880e-02 | a: 1.0649e-02, BC: 1.6331e-04, m: 1.7810e-03, u: 8.2605e-04, v: 7.2949e-04, pde_a: 4.7056e-03 geom: 2.5881e-05
Epoch: 3150/5000 - Time: 10.76s - Loss: 3.3840e-02 | a: 1.1132e-02, BC: 1.3964e-04, m: 1.8083e-03, u: 8.3409e-04, v: 7.6903e-04, pde_a: 4.7033e-03 geom: 2.6152e-05
Epoch: 3160/5000 - Time: 10.68s - Loss: 3.1993e-02 | a: 9.7979e-03, BC: 1.2120e-04, m: 1.7891e-03, u: 8.5854e-04, v: 7.5868e-04, pde_a: 4.0891e-03 geom: 2.4011e-05
Epoch: 3170/5000 - Time: 10.89s - Loss: 3.3505e-02 | a: 1.0576e-02, BC: 1.3043e-04, m: 1.8160e-03, u: 8.5431e-04, v: 7.8712e-04, pde_a: 4.5419e-03 geom: 2.5795e-05
Epoch: 3180/5000 - Time: 10.22s - Loss: 3.2167e-02 | a: 9.6004e-03, BC: 1.2088e-04, m: 1.7875e-03, u: 8.5012e-04, v: 7.4297e-04, pde_a: 4.7040e-03 geom: 2.3759e-05
Epoch: 3190/5000 - Time: 9.65s - Loss: 3.4743e-02 | a: 1.0532e-02, BC: 1.4911e-04, m: 1.8048e-03, u: 9.1871e-04, v: 8.4758e-04, pde_a: 4.5690e-03 geom: 2.4864e-05
Epoch: 3200/5000 - Time: 9.75s - Loss: 3.2888e-02 | a: 1.0103e-02, BC: 1.3060e-04, m: 1.7866e-03, u: 8.3835e-04, v: 7.9085e-04, pde_a: 4.5494e-03 geom: 2.6684e-05
Epoch: 3210/5000 - Time: 10.48s - Loss: 3.4121e-02 | a: 1.0141e-02, BC: 1.3150e-04, m: 1.8141e-03, u: 9.8214e-04, v: 8.1791e-04, pde_a: 4.0077e-03 geom: 2.5984e-05
Epoch: 3220/5000 - Time: 10.50s - Loss: 3.2413e-02 | a: 1.0372e-02, BC: 1.3671e-04, m: 1.7867e-03, u: 8.4582e-04, v: 7.4902e-04, pde_a: 4.1439e-03 geom: 2.5919e-05
Epoch: 3230/5000 - Time: 9.86s - Loss: 3.2659e-02 | a: 1.0103e-02, BC: 1.4887e-04, m: 1.7750e-03, u: 8.1407e-04, v: 8.2154e-04, pde_a: 4.2521e-03 geom: 2.4283e-05
Epoch: 3240/5000 - Time: 10.09s - Loss: 3.7130e-02 | a: 1.0897e-02, BC: 1.4114e-04, m: 1.8183e-03, u: 1.0785e-03, v: 8.8158e-04, pde_a: 4.6444e-03 geom: 2.8280e-05
Epoch: 3250/5000 - Time: 10.87s - Loss: 3.3284e-02 | a: 1.0455e-02, BC: 1.2232e-04, m: 1.7729e-03, u: 8.9602e-04, v: 7.3648e-04, pde_a: 4.5839e-03 geom: 2.4843e-05
Epoch: 3260/5000 - Time: 10.74s - Loss: 3.2813e-02 | a: 1.0416e-02, BC: 1.5359e-04, m: 1.8011e-03, u: 8.3546e-04, v: 7.7819e-04, pde_a: 4.2799e-03 geom: 2.6155e-05
Epoch: 3270/5000 - Time: 10.71s - Loss: 3.6035e-02 | a: 1.1538e-02, BC: 1.5066e-04, m: 1.7822e-03, u: 9.5187e-04, v: 8.3450e-04, pde_a: 4.6720e-03 geom: 2.8931e-05
Epoch: 3280/5000 - Time: 9.94s - Loss: 3.3830e-02 | a: 1.0598e-02, BC: 1.2902e-04, m: 1.7833e-03, u: 9.0993e-04, v: 7.7780e-04, pde_a: 4.4151e-03 geom: 2.7236e-05
Epoch: 3290/5000 - Time: 9.78s - Loss: 3.5264e-02 | a: 1.1260e-02, BC: 1.5073e-04, m: 1.8061e-03, u: 9.7400e-04, v: 8.2854e-04, pde_a: 3.9927e-03 geom: 2.8969e-05
Epoch: 3300/5000 - Time: 9.74s - Loss: 4.0584e-02 | a: 1.2585e-02, BC: 1.5484e-04, m: 1.8189e-03, u: 1.1462e-03, v: 1.0024e-03, pde_a: 4.5083e-03 geom: 3.1684e-05
Epoch: 3310/5000 - Time: 10.12s - Loss: 3.4649e-02 | a: 1.0222e-02, BC: 1.2704e-04, m: 1.7959e-03, u: 9.3120e-04, v: 9.0152e-04, pde_a: 4.1516e-03 geom: 2.5590e-05
Epoch: 3320/5000 - Time: 9.88s - Loss: 3.4746e-02 | a: 1.0835e-02, BC: 1.6019e-04, m: 1.7918e-03, u: 9.4659e-04, v: 8.0652e-04, pde_a: 4.4009e-03 geom: 2.6440e-05
Epoch: 3330/5000 - Time: 9.88s - Loss: 3.1118e-02 | a: 9.8024e-03, BC: 1.3725e-04, m: 1.7746e-03, u: 7.9148e-04, v: 7.4490e-04, pde_a: 4.0148e-03 geom: 2.4960e-05
Saving checkpoint at epoch 3330 with loss 3.1118e-02
Epoch: 3340/5000 - Time: 10.15s - Loss: 3.1889e-02 | a: 1.0329e-02, BC: 1.3214e-04, m: 1.7743e-03, u: 8.2601e-04, v: 7.3443e-04, pde_a: 4.0239e-03 geom: 2.4622e-05
Epoch: 3350/5000 - Time: 10.55s - Loss: 3.1126e-02 | a: 9.9530e-03, BC: 1.2752e-04, m: 1.7679e-03, u: 7.9637e-04, v: 7.2509e-04, pde_a: 4.0376e-03 geom: 2.5452e-05
Epoch: 3360/5000 - Time: 10.41s - Loss: 3.3869e-02 | a: 1.0413e-02, BC: 1.2994e-04, m: 1.7738e-03, u: 8.8672e-04, v: 8.5014e-04, pde_a: 4.1565e-03 geom: 2.7141e-05
Epoch: 3370/5000 - Time: 10.69s - Loss: 3.5673e-02 | a: 1.1417e-02, BC: 1.3522e-04, m: 1.7872e-03, u: 9.5492e-04, v: 8.1090e-04, pde_a: 4.6458e-03 geom: 2.9775e-05
Epoch: 3380/5000 - Time: 10.92s - Loss: 3.3538e-02 | a: 1.0105e-02, BC: 1.3981e-04, m: 1.7718e-03, u: 8.4735e-04, v: 8.7214e-04, pde_a: 4.3031e-03 geom: 2.3841e-05
Epoch: 3390/5000 - Time: 10.17s - Loss: 3.8013e-02 | a: 1.1118e-02, BC: 1.3336e-04, m: 1.7852e-03, u: 1.0123e-03, v: 1.0509e-03, pde_a: 4.3158e-03 geom: 2.7656e-05
Epoch: 3400/5000 - Time: 9.77s - Loss: 3.4185e-02 | a: 9.9169e-03, BC: 1.2625e-04, m: 1.7892e-03, u: 9.3275e-04, v: 8.7972e-04, pde_a: 4.2038e-03 geom: 2.4011e-05
Epoch: 3410/5000 - Time: 9.83s - Loss: 3.5882e-02 | a: 1.0489e-02, BC: 1.3431e-04, m: 1.7813e-03, u: 9.0958e-04, v: 1.0254e-03, pde_a: 4.1024e-03 geom: 2.5572e-05
Epoch: 3420/5000 - Time: 10.20s - Loss: 3.1332e-02 | a: 1.0040e-02, BC: 1.4827e-04, m: 1.7507e-03, u: 8.2000e-04, v: 6.9189e-04, pde_a: 4.2493e-03 geom: 2.4572e-05
Epoch: 3430/5000 - Time: 10.91s - Loss: 3.3230e-02 | a: 1.0558e-02, BC: 1.3686e-04, m: 1.7529e-03, u: 9.3457e-04, v: 7.3335e-04, pde_a: 4.0777e-03 geom: 2.5641e-05
Epoch: 3440/5000 - Time: 9.85s - Loss: 3.3291e-02 | a: 1.0409e-02, BC: 1.3396e-04, m: 1.7668e-03, u: 8.5556e-04, v: 8.4352e-04, pde_a: 3.9647e-03 geom: 2.6048e-05
Epoch: 3450/5000 - Time: 9.72s - Loss: 3.2229e-02 | a: 1.0288e-02, BC: 1.5485e-04, m: 1.7612e-03, u: 8.0616e-04, v: 7.6681e-04, pde_a: 4.2683e-03 geom: 2.7192e-05
Epoch: 3460/5000 - Time: 10.34s - Loss: 3.4222e-02 | a: 1.0945e-02, BC: 1.3956e-04, m: 1.7658e-03, u: 9.6100e-04, v: 7.6055e-04, pde_a: 4.1284e-03 geom: 2.7807e-05
Epoch: 3470/5000 - Time: 10.62s - Loss: 3.5100e-02 | a: 1.0275e-02, BC: 1.2781e-04, m: 1.7669e-03, u: 9.0518e-04, v: 9.2551e-04, pde_a: 4.5986e-03 geom: 2.4957e-05
Epoch: 3480/5000 - Time: 10.67s - Loss: 3.2178e-02 | a: 9.7691e-03, BC: 1.4860e-04, m: 1.7712e-03, u: 8.6126e-04, v: 7.2063e-04, pde_a: 4.6458e-03 geom: 2.4174e-05
Epoch: 3490/5000 - Time: 10.24s - Loss: 3.2032e-02 | a: 9.9581e-03, BC: 1.1899e-04, m: 1.7555e-03, u: 8.1568e-04, v: 7.2867e-04, pde_a: 4.7309e-03 geom: 2.4925e-05
Epoch: 3500/5000 - Time: 10.17s - Loss: 3.4857e-02 | a: 1.0503e-02, BC: 1.2098e-04, m: 1.7615e-03, u: 1.0005e-03, v: 8.0676e-04, pde_a: 4.3740e-03 geom: 2.5237e-05
Epoch: 3510/5000 - Time: 10.62s - Loss: 3.1652e-02 | a: 9.8578e-03, BC: 1.3078e-04, m: 1.7764e-03, u: 8.1946e-04, v: 7.5846e-04, pde_a: 4.0839e-03 geom: 2.4329e-05
Epoch: 3520/5000 - Time: 10.60s - Loss: 3.3423e-02 | a: 1.0194e-02, BC: 1.4049e-04, m: 1.7660e-03, u: 8.6842e-04, v: 8.3034e-04, pde_a: 4.3072e-03 geom: 2.7130e-05
Epoch: 3530/5000 - Time: 10.67s - Loss: 3.3072e-02 | a: 1.0294e-02, BC: 1.7088e-04, m: 1.7462e-03, u: 8.6180e-04, v: 7.3535e-04, pde_a: 4.8631e-03 geom: 2.5998e-05
Epoch: 3540/5000 - Time: 10.94s - Loss: 3.0620e-02 | a: 9.9114e-03, BC: 1.1232e-04, m: 1.7490e-03, u: 8.0230e-04, v: 6.7617e-04, pde_a: 4.0378e-03 geom: 2.5116e-05
Saving checkpoint at epoch 3540 with loss 3.0620e-02
Epoch: 3550/5000 - Time: 11.02s - Loss: 3.0326e-02 | a: 9.5990e-03, BC: 1.2728e-04, m: 1.7222e-03, u: 8.0635e-04, v: 6.6958e-04, pde_a: 4.0951e-03 geom: 2.3088e-05
Saving checkpoint at epoch 3550 with loss 3.0326e-02
Epoch: 3560/5000 - Time: 11.04s - Loss: 3.1990e-02 | a: 1.0314e-02, BC: 1.1948e-04, m: 1.7647e-03, u: 8.2811e-04, v: 7.3854e-04, pde_a: 4.0991e-03 geom: 2.6597e-05
Epoch: 3570/5000 - Time: 10.89s - Loss: 3.2506e-02 | a: 1.0643e-02, BC: 1.7176e-04, m: 1.7554e-03, u: 8.9439e-04, v: 6.8243e-04, pde_a: 4.1415e-03 geom: 2.5849e-05
Epoch: 3580/5000 - Time: 10.78s - Loss: 3.1320e-02 | a: 1.0309e-02, BC: 1.5334e-04, m: 1.7481e-03, u: 7.8864e-04, v: 7.0674e-04, pde_a: 4.1320e-03 geom: 2.4434e-05
Epoch: 3590/5000 - Time: 10.82s - Loss: 3.5080e-02 | a: 9.9264e-03, BC: 1.3655e-04, m: 1.7721e-03, u: 1.0624e-03, v: 8.3905e-04, pde_a: 4.2075e-03 geom: 2.3519e-05
Epoch: 3600/5000 - Time: 10.80s - Loss: 3.1316e-02 | a: 1.0158e-02, BC: 1.3443e-04, m: 1.7365e-03, u: 8.2367e-04, v: 6.9007e-04, pde_a: 4.1251e-03 geom: 2.4090e-05
Epoch: 3610/5000 - Time: 9.88s - Loss: 3.3277e-02 | a: 1.0035e-02, BC: 1.3356e-04, m: 1.7680e-03, u: 8.5166e-04, v: 8.4008e-04, pde_a: 4.3977e-03 geom: 2.4733e-05
Epoch: 3620/5000 - Time: 9.94s - Loss: 3.3940e-02 | a: 1.0352e-02, BC: 1.5196e-04, m: 1.7669e-03, u: 8.9689e-04, v: 8.4003e-04, pde_a: 4.2752e-03 geom: 2.4900e-05
Epoch: 3630/5000 - Time: 10.79s - Loss: 3.1880e-02 | a: 1.0097e-02, BC: 1.4403e-04, m: 1.7501e-03, u: 8.3304e-04, v: 7.3026e-04, pde_a: 4.2308e-03 geom: 2.4853e-05
Epoch: 3640/5000 - Time: 10.69s - Loss: 3.5572e-02 | a: 1.0563e-02, BC: 1.4960e-04, m: 1.7443e-03, u: 1.1061e-03, v: 8.0701e-04, pde_a: 3.9602e-03 geom: 2.4134e-05
Epoch: 3650/5000 - Time: 10.47s - Loss: 3.1948e-02 | a: 9.9078e-03, BC: 1.1676e-04, m: 1.7283e-03, u: 8.0533e-04, v: 7.2071e-04, pde_a: 4.9101e-03 geom: 2.4696e-05
Epoch: 3660/5000 - Time: 10.02s - Loss: 3.2018e-02 | a: 1.0200e-02, BC: 1.4472e-04, m: 1.7564e-03, u: 8.6445e-04, v: 7.2021e-04, pde_a: 4.0450e-03 geom: 2.5168e-05
Epoch: 3670/5000 - Time: 9.86s - Loss: 3.1774e-02 | a: 9.6463e-03, BC: 1.5561e-04, m: 1.7478e-03, u: 8.9841e-04, v: 7.0793e-04, pde_a: 4.1355e-03 geom: 2.4811e-05
Epoch: 3680/5000 - Time: 9.68s - Loss: 3.4858e-02 | a: 1.0753e-02, BC: 1.8343e-04, m: 1.7581e-03, u: 9.4996e-04, v: 8.5637e-04, pde_a: 4.0730e-03 geom: 2.6853e-05
Epoch: 3690/5000 - Time: 9.91s - Loss: 3.4983e-02 | a: 1.0858e-02, BC: 1.4606e-04, m: 1.7563e-03, u: 9.4848e-04, v: 8.3061e-04, pde_a: 4.4046e-03 geom: 2.6735e-05
Epoch: 3700/5000 - Time: 9.91s - Loss: 3.3482e-02 | a: 1.0369e-02, BC: 1.6541e-04, m: 1.7685e-03, u: 9.6665e-04, v: 7.5069e-04, pde_a: 3.9791e-03 geom: 2.6382e-05
Epoch: 3710/5000 - Time: 9.86s - Loss: 3.2014e-02 | a: 9.6482e-03, BC: 1.3499e-04, m: 1.7206e-03, u: 8.7782e-04, v: 7.5423e-04, pde_a: 4.1654e-03 geom: 2.3883e-05
Epoch: 3720/5000 - Time: 9.99s - Loss: 3.3655e-02 | a: 1.0354e-02, BC: 1.3079e-04, m: 1.7485e-03, u: 9.2588e-04, v: 8.1269e-04, pde_a: 4.0117e-03 geom: 2.5033e-05
Epoch: 3730/5000 - Time: 10.00s - Loss: 3.1665e-02 | a: 9.9092e-03, BC: 1.1102e-04, m: 1.7397e-03, u: 8.3792e-04, v: 7.2652e-04, pde_a: 4.2373e-03 geom: 2.3489e-05
Epoch: 3740/5000 - Time: 10.07s - Loss: 3.1670e-02 | a: 1.0468e-02, BC: 1.2458e-04, m: 1.7456e-03, u: 8.0900e-04, v: 7.1272e-04, pde_a: 4.0882e-03 geom: 2.6408e-05
Epoch: 3750/5000 - Time: 10.49s - Loss: 3.6498e-02 | a: 1.1852e-02, BC: 1.5869e-04, m: 1.7644e-03, u: 9.7005e-04, v: 8.9494e-04, pde_a: 4.0451e-03 geom: 2.8104e-05
Epoch: 3760/5000 - Time: 10.74s - Loss: 3.3253e-02 | a: 1.0459e-02, BC: 1.6977e-04, m: 1.7598e-03, u: 9.2441e-04, v: 7.2408e-04, pde_a: 4.3539e-03 geom: 2.6403e-05
Epoch: 3770/5000 - Time: 10.18s - Loss: 3.2277e-02 | a: 9.7647e-03, BC: 1.1223e-04, m: 1.7209e-03, u: 8.5152e-04, v: 7.7414e-04, pde_a: 4.3971e-03 geom: 2.5502e-05
Epoch: 3780/5000 - Time: 9.74s - Loss: 3.2437e-02 | a: 1.0721e-02, BC: 1.2829e-04, m: 1.7449e-03, u: 8.5013e-04, v: 7.2068e-04, pde_a: 4.1081e-03 geom: 2.6344e-05
Epoch: 3790/5000 - Time: 9.83s - Loss: 3.2433e-02 | a: 1.0327e-02, BC: 1.2669e-04, m: 1.7200e-03, u: 8.5901e-04, v: 7.5296e-04, pde_a: 4.1130e-03 geom: 2.5747e-05
Epoch: 3800/5000 - Time: 9.73s - Loss: 3.4222e-02 | a: 1.0641e-02, BC: 1.4402e-04, m: 1.7296e-03, u: 9.1009e-04, v: 8.4089e-04, pde_a: 4.1717e-03 geom: 2.5887e-05
Epoch: 3810/5000 - Time: 10.16s - Loss: 3.3456e-02 | a: 9.8011e-03, BC: 1.1797e-04, m: 1.7294e-03, u: 9.4922e-04, v: 8.1185e-04, pde_a: 4.1721e-03 geom: 2.4421e-05
Epoch: 3820/5000 - Time: 10.67s - Loss: 3.4690e-02 | a: 1.0490e-02, BC: 1.6884e-04, m: 1.7469e-03, u: 9.7527e-04, v: 8.3833e-04, pde_a: 4.1213e-03 geom: 2.6598e-05
Epoch: 3830/5000 - Time: 10.81s - Loss: 3.4633e-02 | a: 1.0436e-02, BC: 1.3527e-04, m: 1.7418e-03, u: 1.0052e-03, v: 7.8654e-04, pde_a: 4.3762e-03 geom: 2.6253e-05
Epoch: 3840/5000 - Time: 10.25s - Loss: 3.2467e-02 | a: 1.0097e-02, BC: 1.1441e-04, m: 1.7317e-03, u: 8.9128e-04, v: 7.1240e-04, pde_a: 4.4625e-03 geom: 2.5099e-05
Epoch: 3850/5000 - Time: 9.78s - Loss: 3.3349e-02 | a: 1.0411e-02, BC: 1.7333e-04, m: 1.7438e-03, u: 8.7874e-04, v: 8.1460e-04, pde_a: 4.0615e-03 geom: 2.5497e-05
Epoch: 3860/5000 - Time: 9.80s - Loss: 3.3096e-02 | a: 1.0074e-02, BC: 1.4570e-04, m: 1.7404e-03, u: 8.1272e-04, v: 8.9977e-04, pde_a: 3.9842e-03 geom: 2.6249e-05
Epoch: 3870/5000 - Time: 9.98s - Loss: 3.2207e-02 | a: 1.0485e-02, BC: 1.5069e-04, m: 1.7334e-03, u: 8.0927e-04, v: 7.2755e-04, pde_a: 4.4441e-03 geom: 2.6077e-05
Epoch: 3880/5000 - Time: 9.90s - Loss: 3.3174e-02 | a: 1.0867e-02, BC: 1.3950e-04, m: 1.7166e-03, u: 8.2927e-04, v: 8.2154e-04, pde_a: 3.9150e-03 geom: 2.7538e-05
Epoch: 3890/5000 - Time: 9.82s - Loss: 3.3310e-02 | a: 1.0227e-02, BC: 1.3847e-04, m: 1.7319e-03, u: 8.8142e-04, v: 8.1629e-04, pde_a: 4.2098e-03 geom: 2.5531e-05
Epoch: 3900/5000 - Time: 9.73s - Loss: 3.4059e-02 | a: 1.0192e-02, BC: 1.5487e-04, m: 1.7362e-03, u: 9.5278e-04, v: 8.3565e-04, pde_a: 4.0675e-03 geom: 2.4398e-05
Epoch: 3910/5000 - Time: 9.93s - Loss: 3.3403e-02 | a: 1.0079e-02, BC: 1.2000e-04, m: 1.7334e-03, u: 9.0331e-04, v: 8.0758e-04, pde_a: 4.3366e-03 geom: 2.5555e-05
Epoch: 3920/5000 - Time: 10.08s - Loss: 3.2569e-02 | a: 9.8771e-03, BC: 1.1847e-04, m: 1.7269e-03, u: 9.0243e-04, v: 7.6182e-04, pde_a: 4.1803e-03 geom: 2.3559e-05
Epoch: 3930/5000 - Time: 10.22s - Loss: 3.2194e-02 | a: 9.7557e-03, BC: 1.1670e-04, m: 1.7284e-03, u: 9.0968e-04, v: 7.4206e-04, pde_a: 4.0508e-03 geom: 2.5092e-05
Epoch: 3940/5000 - Time: 9.86s - Loss: 3.4413e-02 | a: 9.4533e-03, BC: 1.4369e-04, m: 1.7416e-03, u: 1.0799e-03, v: 8.2053e-04, pde_a: 4.0455e-03 geom: 2.4234e-05
Epoch: 3950/5000 - Time: 9.78s - Loss: 3.5555e-02 | a: 1.0870e-02, BC: 1.3843e-04, m: 1.7329e-03, u: 9.8345e-04, v: 8.9613e-04, pde_a: 3.9908e-03 geom: 2.7385e-05
Epoch: 3960/5000 - Time: 10.31s - Loss: 3.3240e-02 | a: 9.7542e-03, BC: 1.6826e-04, m: 1.7253e-03, u: 8.5849e-04, v: 8.5035e-04, pde_a: 4.4798e-03 geom: 2.3644e-05
Epoch: 3970/5000 - Time: 10.84s - Loss: 3.7886e-02 | a: 1.0686e-02, BC: 1.3372e-04, m: 1.7451e-03, u: 1.1291e-03, v: 9.5985e-04, pde_a: 4.4052e-03 geom: 2.6689e-05
Epoch: 3980/5000 - Time: 10.91s - Loss: 3.2731e-02 | a: 1.0654e-02, BC: 1.4310e-04, m: 1.7286e-03, u: 8.8556e-04, v: 7.2450e-04, pde_a: 4.0794e-03 geom: 2.5973e-05
Epoch: 3990/5000 - Time: 10.83s - Loss: 3.8846e-02 | a: 9.8628e-03, BC: 1.6327e-04, m: 1.7512e-03, u: 1.2044e-03, v: 1.0524e-03, pde_a: 4.4754e-03 geom: 2.5455e-05
Epoch: 4000/5000 - Time: 10.90s - Loss: 3.5065e-02 | a: 9.5534e-03, BC: 1.8572e-04, m: 1.7367e-03, u: 1.0598e-03, v: 8.5032e-04, pde_a: 4.4632e-03 geom: 2.4423e-05
Epoch: 4010/5000 - Time: 10.96s - Loss: 3.5473e-02 | a: 1.1211e-02, BC: 1.6335e-04, m: 1.7241e-03, u: 9.5336e-04, v: 8.5798e-04, pde_a: 4.2335e-03 geom: 2.7832e-05
Epoch: 4020/5000 - Time: 10.87s - Loss: 3.3443e-02 | a: 9.7922e-03, BC: 1.2440e-04, m: 1.7122e-03, u: 9.4704e-04, v: 8.0617e-04, pde_a: 4.2565e-03 geom: 2.5312e-05
Epoch: 4030/5000 - Time: 10.54s - Loss: 3.5133e-02 | a: 9.5620e-03, BC: 1.4010e-04, m: 1.7261e-03, u: 9.9130e-04, v: 9.4491e-04, pde_a: 4.3176e-03 geom: 2.4678e-05
Epoch: 4040/5000 - Time: 9.95s - Loss: 3.2707e-02 | a: 1.0446e-02, BC: 1.1372e-04, m: 1.7093e-03, u: 8.4728e-04, v: 7.8740e-04, pde_a: 4.0657e-03 geom: 2.5637e-05
Epoch: 4050/5000 - Time: 10.10s - Loss: 3.4086e-02 | a: 9.9733e-03, BC: 1.2516e-04, m: 1.7132e-03, u: 1.0761e-03, v: 7.5173e-04, pde_a: 3.9704e-03 geom: 2.5300e-05
Epoch: 4060/5000 - Time: 9.85s - Loss: 3.3370e-02 | a: 1.0110e-02, BC: 1.3171e-04, m: 1.7182e-03, u: 9.6465e-04, v: 7.6039e-04, pde_a: 4.1349e-03 geom: 2.4704e-05
Epoch: 4070/5000 - Time: 9.95s - Loss: 3.4593e-02 | a: 9.7159e-03, BC: 1.2257e-04, m: 1.7323e-03, u: 1.0714e-03, v: 8.1951e-04, pde_a: 4.0892e-03 geom: 2.3989e-05
Epoch: 4080/5000 - Time: 9.78s - Loss: 3.1416e-02 | a: 1.0283e-02, BC: 1.1805e-04, m: 1.7073e-03, u: 7.9995e-04, v: 7.1289e-04, pde_a: 4.1537e-03 geom: 2.5558e-05
Epoch: 4090/5000 - Time: 10.66s - Loss: 3.1533e-02 | a: 1.0169e-02, BC: 1.4362e-04, m: 1.7151e-03, u: 8.5585e-04, v: 6.9204e-04, pde_a: 3.9990e-03 geom: 2.7496e-05
Epoch: 4100/5000 - Time: 10.81s - Loss: 3.2898e-02 | a: 9.6656e-03, BC: 1.3848e-04, m: 1.7047e-03, u: 9.2863e-04, v: 8.1017e-04, pde_a: 3.9767e-03 geom: 2.4545e-05
Epoch: 4110/5000 - Time: 9.98s - Loss: 3.3785e-02 | a: 1.0487e-02, BC: 1.2705e-04, m: 1.7152e-03, u: 9.0636e-04, v: 8.3269e-04, pde_a: 4.0399e-03 geom: 2.5840e-05
Epoch: 4120/5000 - Time: 9.92s - Loss: 3.7445e-02 | a: 9.5922e-03, BC: 1.2654e-04, m: 1.7272e-03, u: 1.0446e-03, v: 1.1012e-03, pde_a: 4.5165e-03 geom: 2.4792e-05
Epoch: 4130/5000 - Time: 9.88s - Loss: 3.4449e-02 | a: 9.9678e-03, BC: 1.5700e-04, m: 1.7267e-03, u: 1.0302e-03, v: 8.0239e-04, pde_a: 4.2447e-03 geom: 2.6863e-05
Epoch: 4140/5000 - Time: 9.79s - Loss: 3.4797e-02 | a: 1.1332e-02, BC: 1.2947e-04, m: 1.7130e-03, u: 8.9947e-04, v: 8.0500e-04, pde_a: 4.5502e-03 geom: 2.7795e-05
Epoch: 4150/5000 - Time: 9.84s - Loss: 3.1802e-02 | a: 1.0118e-02, BC: 1.3417e-04, m: 1.7050e-03, u: 8.1801e-04, v: 7.6571e-04, pde_a: 3.9832e-03 geom: 2.4530e-05
Epoch: 4160/5000 - Time: 9.84s - Loss: 3.4269e-02 | a: 9.8237e-03, BC: 1.2747e-04, m: 1.6953e-03, u: 9.1042e-04, v: 9.2198e-04, pde_a: 4.2741e-03 geom: 2.4373e-05
Epoch: 4170/5000 - Time: 9.89s - Loss: 3.7186e-02 | a: 1.0217e-02, BC: 1.2787e-04, m: 1.7056e-03, u: 1.1279e-03, v: 9.8154e-04, pde_a: 4.0161e-03 geom: 2.6011e-05
Epoch: 4180/5000 - Time: 9.85s - Loss: 3.5796e-02 | a: 1.0381e-02, BC: 1.5338e-04, m: 1.7061e-03, u: 1.0373e-03, v: 9.0448e-04, pde_a: 4.1123e-03 geom: 2.5183e-05
Epoch: 4190/5000 - Time: 9.88s - Loss: 2.9743e-02 | a: 9.7673e-03, BC: 1.2856e-04, m: 1.6712e-03, u: 7.5049e-04, v: 6.5608e-04, pde_a: 4.0858e-03 geom: 2.4347e-05
Saving checkpoint at epoch 4190 with loss 2.9743e-02
Epoch: 4200/5000 - Time: 9.72s - Loss: 3.2241e-02 | a: 1.0065e-02, BC: 1.4986e-04, m: 1.6832e-03, u: 8.2913e-04, v: 7.7608e-04, pde_a: 4.2648e-03 geom: 2.5824e-05
Epoch: 4210/5000 - Time: 10.00s - Loss: 3.0638e-02 | a: 9.6733e-03, BC: 1.3006e-04, m: 1.6953e-03, u: 8.0513e-04, v: 7.0390e-04, pde_a: 4.0239e-03 geom: 2.5281e-05
Epoch: 4220/5000 - Time: 9.72s - Loss: 3.4108e-02 | a: 9.7024e-03, BC: 1.5310e-04, m: 1.6799e-03, u: 9.4887e-04, v: 8.9358e-04, pde_a: 4.1237e-03 geom: 2.4031e-05
Epoch: 4230/5000 - Time: 10.16s - Loss: 3.2802e-02 | a: 1.0041e-02, BC: 1.5164e-04, m: 1.6829e-03, u: 9.3690e-04, v: 7.3708e-04, pde_a: 4.1623e-03 geom: 2.4446e-05
Epoch: 4240/5000 - Time: 9.91s - Loss: 3.0876e-02 | a: 9.6674e-03, BC: 1.2299e-04, m: 1.6889e-03, u: 7.9941e-04, v: 7.2007e-04, pde_a: 4.1787e-03 geom: 2.3602e-05
Epoch: 4250/5000 - Time: 9.77s - Loss: 3.1948e-02 | a: 1.0061e-02, BC: 1.2758e-04, m: 1.6744e-03, u: 8.4194e-04, v: 7.5800e-04, pde_a: 4.0612e-03 geom: 2.4788e-05
Epoch: 4260/5000 - Time: 10.24s - Loss: 3.9304e-02 | a: 1.0504e-02, BC: 1.4274e-04, m: 1.7276e-03, u: 9.8479e-04, v: 1.2700e-03, pde_a: 4.3549e-03 geom: 2.6834e-05
Epoch: 4270/5000 - Time: 10.81s - Loss: 3.2119e-02 | a: 1.0155e-02, BC: 1.4107e-04, m: 1.6829e-03, u: 8.4098e-04, v: 7.4138e-04, pde_a: 4.2907e-03 geom: 2.6608e-05
Epoch: 4280/5000 - Time: 10.75s - Loss: 3.0726e-02 | a: 1.0268e-02, BC: 1.3046e-04, m: 1.6904e-03, u: 7.9089e-04, v: 6.7758e-04, pde_a: 3.9274e-03 geom: 2.5618e-05
Epoch: 4290/5000 - Time: 10.50s - Loss: 3.4197e-02 | a: 1.1206e-02, BC: 1.2030e-04, m: 1.6972e-03, u: 9.3837e-04, v: 7.7761e-04, pde_a: 3.9857e-03 geom: 2.7736e-05
Epoch: 4300/5000 - Time: 10.39s - Loss: 3.5687e-02 | a: 1.0419e-02, BC: 1.6280e-04, m: 1.6982e-03, u: 1.0573e-03, v: 8.5243e-04, pde_a: 4.2830e-03 geom: 2.6134e-05
Epoch: 4310/5000 - Time: 9.78s - Loss: 3.1586e-02 | a: 9.5333e-03, BC: 1.3245e-04, m: 1.6931e-03, u: 8.4150e-04, v: 7.6843e-04, pde_a: 4.1026e-03 geom: 2.4801e-05
Epoch: 4320/5000 - Time: 9.76s - Loss: 3.0714e-02 | a: 9.4644e-03, BC: 1.1339e-04, m: 1.6865e-03, u: 7.9793e-04, v: 7.3804e-04, pde_a: 4.0670e-03 geom: 2.2968e-05
Epoch: 4330/5000 - Time: 10.54s - Loss: 3.8735e-02 | a: 1.0303e-02, BC: 1.7387e-04, m: 1.7097e-03, u: 1.3086e-03, v: 9.0700e-04, pde_a: 4.3680e-03 geom: 2.5018e-05
Epoch: 4340/5000 - Time: 10.31s - Loss: 3.2454e-02 | a: 1.0431e-02, BC: 1.6336e-04, m: 1.6938e-03, u: 8.6368e-04, v: 7.2137e-04, pde_a: 4.2897e-03 geom: 2.5481e-05
Epoch: 4350/5000 - Time: 10.38s - Loss: 3.1441e-02 | a: 9.7437e-03, BC: 1.2589e-04, m: 1.6801e-03, u: 8.4567e-04, v: 6.9332e-04, pde_a: 4.4764e-03 geom: 2.5336e-05
Epoch: 4360/5000 - Time: 10.72s - Loss: 3.6860e-02 | a: 1.0500e-02, BC: 1.5350e-04, m: 1.7097e-03, u: 9.6152e-04, v: 1.0386e-03, pde_a: 4.4698e-03 geom: 2.5778e-05
Epoch: 4370/5000 - Time: 10.75s - Loss: 3.0877e-02 | a: 9.6911e-03, BC: 1.1760e-04, m: 1.6911e-03, u: 7.9699e-04, v: 7.3579e-04, pde_a: 4.0252e-03 geom: 2.4417e-05
Epoch: 4380/5000 - Time: 10.50s - Loss: 3.3038e-02 | a: 9.8717e-03, BC: 1.2140e-04, m: 1.6972e-03, u: 8.8312e-04, v: 8.1052e-04, pde_a: 4.3866e-03 geom: 2.5102e-05
Epoch: 4390/5000 - Time: 10.85s - Loss: 3.2502e-02 | a: 1.0863e-02, BC: 1.4358e-04, m: 1.6822e-03, u: 8.3013e-04, v: 7.5370e-04, pde_a: 3.9466e-03 geom: 2.8181e-05
Epoch: 4400/5000 - Time: 10.83s - Loss: 3.6371e-02 | a: 9.5290e-03, BC: 1.2686e-04, m: 1.6917e-03, u: 1.1780e-03, v: 9.0990e-04, pde_a: 4.1196e-03 geom: 2.4753e-05
Epoch: 4410/5000 - Time: 10.82s - Loss: 3.6430e-02 | a: 1.0455e-02, BC: 1.5469e-04, m: 1.7080e-03, u: 1.0737e-03, v: 9.3160e-04, pde_a: 4.0333e-03 geom: 2.5463e-05
Epoch: 4420/5000 - Time: 10.01s - Loss: 3.4605e-02 | a: 9.5821e-03, BC: 1.2695e-04, m: 1.6810e-03, u: 1.0152e-03, v: 9.0807e-04, pde_a: 3.9585e-03 geom: 2.4211e-05
Epoch: 4430/5000 - Time: 9.69s - Loss: 3.6027e-02 | a: 1.0033e-02, BC: 1.7259e-04, m: 1.7112e-03, u: 1.1866e-03, v: 7.9076e-04, pde_a: 4.3111e-03 geom: 2.4795e-05
Epoch: 4440/5000 - Time: 9.82s - Loss: 3.2107e-02 | a: 9.8994e-03, BC: 1.4236e-04, m: 1.6747e-03, u: 8.6843e-04, v: 7.2954e-04, pde_a: 4.3858e-03 geom: 2.5431e-05
Epoch: 4450/5000 - Time: 9.88s - Loss: 3.3068e-02 | a: 9.7971e-03, BC: 1.3334e-04, m: 1.6801e-03, u: 9.2218e-04, v: 7.9751e-04, pde_a: 4.2354e-03 geom: 2.4841e-05
Epoch: 4460/5000 - Time: 9.82s - Loss: 3.2105e-02 | a: 1.0064e-02, BC: 1.1066e-04, m: 1.6738e-03, u: 8.9387e-04, v: 7.1743e-04, pde_a: 4.1195e-03 geom: 2.4611e-05
Epoch: 4470/5000 - Time: 10.18s - Loss: 3.5117e-02 | a: 1.0238e-02, BC: 1.4739e-04, m: 1.6846e-03, u: 1.1065e-03, v: 7.6140e-04, pde_a: 4.3430e-03 geom: 2.5360e-05
Epoch: 4480/5000 - Time: 10.76s - Loss: 3.2140e-02 | a: 9.4891e-03, BC: 1.2129e-04, m: 1.6640e-03, u: 9.0897e-04, v: 7.1423e-04, pde_a: 4.6099e-03 geom: 2.3726e-05
Epoch: 4490/5000 - Time: 10.71s - Loss: 3.4199e-02 | a: 1.0244e-02, BC: 1.4646e-04, m: 1.6809e-03, u: 9.8606e-04, v: 8.2125e-04, pde_a: 4.0285e-03 geom: 2.6754e-05
Epoch: 4500/5000 - Time: 10.03s - Loss: 3.4245e-02 | a: 9.5619e-03, BC: 1.3655e-04, m: 1.6740e-03, u: 9.9913e-04, v: 8.7127e-04, pde_a: 4.1442e-03 geom: 2.3827e-05
Epoch: 4510/5000 - Time: 10.60s - Loss: 3.2088e-02 | a: 1.0113e-02, BC: 1.2963e-04, m: 1.7039e-03, u: 8.0087e-04, v: 8.1133e-04, pde_a: 3.9951e-03 geom: 2.4783e-05
Epoch: 4520/5000 - Time: 10.27s - Loss: 3.7318e-02 | a: 1.2404e-02, BC: 2.0746e-04, m: 1.6884e-03, u: 9.5176e-04, v: 9.6500e-04, pde_a: 3.8188e-03 geom: 3.1109e-05
Epoch: 4530/5000 - Time: 9.93s - Loss: 3.1964e-02 | a: 9.7760e-03, BC: 1.6027e-04, m: 1.6780e-03, u: 8.1131e-04, v: 8.3527e-04, pde_a: 3.8590e-03 geom: 2.5029e-05
Epoch: 4540/5000 - Time: 10.60s - Loss: 3.2582e-02 | a: 1.0505e-02, BC: 1.2522e-04, m: 1.6723e-03, u: 8.2485e-04, v: 7.8583e-04, pde_a: 4.1471e-03 geom: 2.4840e-05
Epoch: 4550/5000 - Time: 10.91s - Loss: 3.3404e-02 | a: 1.0228e-02, BC: 1.3754e-04, m: 1.6899e-03, u: 8.8215e-04, v: 8.5715e-04, pde_a: 3.9291e-03 geom: 2.6383e-05
Epoch: 4560/5000 - Time: 10.94s - Loss: 3.4550e-02 | a: 1.0473e-02, BC: 1.4990e-04, m: 1.6780e-03, u: 8.9364e-04, v: 8.5401e-04, pde_a: 4.7471e-03 geom: 2.5523e-05
Epoch: 4570/5000 - Time: 10.90s - Loss: 3.3514e-02 | a: 1.0481e-02, BC: 1.2958e-04, m: 1.6697e-03, u: 8.7286e-04, v: 8.3774e-04, pde_a: 4.1015e-03 geom: 2.5546e-05
Epoch: 4580/5000 - Time: 10.89s - Loss: 3.4844e-02 | a: 1.0096e-02, BC: 1.1857e-04, m: 1.6763e-03, u: 9.3271e-04, v: 9.4156e-04, pde_a: 4.1843e-03 geom: 2.5669e-05
Epoch: 4590/5000 - Time: 10.90s - Loss: 3.1296e-02 | a: 1.0342e-02, BC: 1.1346e-04, m: 1.6546e-03, u: 8.0925e-04, v: 6.9437e-04, pde_a: 4.1239e-03 geom: 2.6395e-05
Epoch: 4600/5000 - Time: 10.91s - Loss: 3.1405e-02 | a: 9.8985e-03, BC: 1.6708e-04, m: 1.6605e-03, u: 8.1255e-04, v: 7.1220e-04, pde_a: 4.4059e-03 geom: 2.5631e-05
Epoch: 4610/5000 - Time: 10.77s - Loss: 3.1674e-02 | a: 1.0479e-02, BC: 1.2650e-04, m: 1.6799e-03, u: 8.2259e-04, v: 7.1647e-04, pde_a: 3.9728e-03 geom: 2.5480e-05
Epoch: 4620/5000 - Time: 10.88s - Loss: 4.1620e-02 | a: 9.5523e-03, BC: 1.2725e-04, m: 1.7260e-03, u: 1.6451e-03, v: 9.5042e-04, pde_a: 4.2359e-03 geom: 2.3934e-05
Epoch: 4630/5000 - Time: 10.89s - Loss: 3.3771e-02 | a: 9.4775e-03, BC: 1.4648e-04, m: 1.6413e-03, u: 1.0013e-03, v: 8.3677e-04, pde_a: 4.1012e-03 geom: 2.3826e-05
Epoch: 4640/5000 - Time: 10.98s - Loss: 3.4019e-02 | a: 1.0393e-02, BC: 1.4635e-04, m: 1.6457e-03, u: 9.2440e-04, v: 8.5484e-04, pde_a: 4.0146e-03 geom: 2.7089e-05
Epoch: 4650/5000 - Time: 10.69s - Loss: 3.2893e-02 | a: 1.0046e-02, BC: 1.2522e-04, m: 1.6752e-03, u: 8.6908e-04, v: 7.7836e-04, pde_a: 4.5471e-03 geom: 2.5466e-05
Epoch: 4660/5000 - Time: 10.01s - Loss: 3.2467e-02 | a: 9.7244e-03, BC: 1.4704e-04, m: 1.6577e-03, u: 8.5980e-04, v: 8.2547e-04, pde_a: 4.0608e-03 geom: 2.4543e-05
Epoch: 4670/5000 - Time: 9.71s - Loss: 3.1010e-02 | a: 9.3789e-03, BC: 1.2884e-04, m: 1.6711e-03, u: 8.4623e-04, v: 7.2599e-04, pde_a: 4.0848e-03 geom: 2.4174e-05
Epoch: 4680/5000 - Time: 10.64s - Loss: 3.4014e-02 | a: 9.4673e-03, BC: 1.6637e-04, m: 1.6721e-03, u: 1.0316e-03, v: 8.2485e-04, pde_a: 4.1192e-03 geom: 2.4807e-05
Epoch: 4690/5000 - Time: 10.86s - Loss: 3.2508e-02 | a: 1.0023e-02, BC: 1.4361e-04, m: 1.6776e-03, u: 8.3450e-04, v: 8.2790e-04, pde_a: 4.0149e-03 geom: 2.5395e-05
Epoch: 4700/5000 - Time: 9.84s - Loss: 3.8864e-02 | a: 1.1492e-02, BC: 1.5119e-04, m: 1.7024e-03, u: 1.1918e-03, v: 9.2929e-04, pde_a: 4.2768e-03 geom: 2.9526e-05
Epoch: 4710/5000 - Time: 9.80s - Loss: 3.7858e-02 | a: 1.0288e-02, BC: 1.4084e-04, m: 1.6778e-03, u: 1.1896e-03, v: 9.3138e-04, pde_a: 4.5171e-03 geom: 2.4599e-05
Epoch: 4720/5000 - Time: 9.69s - Loss: 3.3424e-02 | a: 1.2138e-02, BC: 1.2961e-04, m: 1.6566e-03, u: 8.4135e-04, v: 7.1116e-04, pde_a: 3.9448e-03 geom: 3.0228e-05
Epoch: 4730/5000 - Time: 9.75s - Loss: 3.6125e-02 | a: 1.0288e-02, BC: 1.2142e-04, m: 1.6780e-03, u: 1.0333e-03, v: 9.3925e-04, pde_a: 4.2861e-03 geom: 2.5136e-05
Epoch: 4740/5000 - Time: 9.96s - Loss: 3.7040e-02 | a: 9.7410e-03, BC: 1.3035e-04, m: 1.6982e-03, u: 1.0713e-03, v: 1.0314e-03, pde_a: 4.4196e-03 geom: 2.3936e-05
Epoch: 4750/5000 - Time: 10.00s - Loss: 3.2638e-02 | a: 9.9562e-03, BC: 1.1821e-04, m: 1.6549e-03, u: 8.9079e-04, v: 7.6714e-04, pde_a: 4.3050e-03 geom: 2.4022e-05
Epoch: 4760/5000 - Time: 9.90s - Loss: 3.3805e-02 | a: 9.9776e-03, BC: 1.0059e-04, m: 1.6883e-03, u: 9.5362e-04, v: 8.3772e-04, pde_a: 4.1011e-03 geom: 2.3744e-05
Epoch: 4770/5000 - Time: 10.51s - Loss: 4.1586e-02 | a: 9.8424e-03, BC: 1.6130e-04, m: 1.7120e-03, u: 1.3463e-03, v: 1.1773e-03, pde_a: 4.6097e-03 geom: 2.4094e-05
Epoch: 4780/5000 - Time: 9.83s - Loss: 3.2279e-02 | a: 1.0180e-02, BC: 1.4558e-04, m: 1.6583e-03, u: 8.9173e-04, v: 7.0110e-04, pde_a: 4.3402e-03 geom: 2.5885e-05
Epoch: 4790/5000 - Time: 9.72s - Loss: 3.0685e-02 | a: 9.3220e-03, BC: 1.3042e-04, m: 1.6547e-03, u: 8.1312e-04, v: 7.2727e-04, pde_a: 4.1507e-03 geom: 2.3202e-05
Epoch: 4800/5000 - Time: 9.85s - Loss: 3.4214e-02 | a: 9.9198e-03, BC: 1.3224e-04, m: 1.6525e-03, u: 1.0033e-03, v: 8.0498e-04, pde_a: 4.4018e-03 geom: 2.5622e-05
Epoch: 4810/5000 - Time: 9.91s - Loss: 3.1873e-02 | a: 9.6867e-03, BC: 1.4002e-04, m: 1.6433e-03, u: 8.3398e-04, v: 8.0317e-04, pde_a: 4.0068e-03 geom: 2.4670e-05
Epoch: 4820/5000 - Time: 9.96s - Loss: 3.2011e-02 | a: 9.9060e-03, BC: 1.6772e-04, m: 1.6722e-03, u: 9.0348e-04, v: 7.3586e-04, pde_a: 3.8457e-03 geom: 2.5891e-05
Epoch: 4830/5000 - Time: 10.09s - Loss: 3.3430e-02 | a: 1.0051e-02, BC: 1.3525e-04, m: 1.6444e-03, u: 9.4567e-04, v: 8.0345e-04, pde_a: 4.0832e-03 geom: 2.4943e-05
Epoch: 4840/5000 - Time: 10.75s - Loss: 3.3447e-02 | a: 9.8146e-03, BC: 1.3041e-04, m: 1.6664e-03, u: 9.4881e-04, v: 8.2267e-04, pde_a: 4.0965e-03 geom: 2.4622e-05
Epoch: 4850/5000 - Time: 10.58s - Loss: 3.5707e-02 | a: 1.0572e-02, BC: 1.3564e-04, m: 1.6784e-03, u: 1.1027e-03, v: 8.1799e-04, pde_a: 4.0875e-03 geom: 2.6654e-05
Epoch: 4860/5000 - Time: 9.87s - Loss: 3.6011e-02 | a: 9.8536e-03, BC: 1.3780e-04, m: 1.6719e-03, u: 1.0114e-03, v: 1.0162e-03, pde_a: 4.0461e-03 geom: 2.5094e-05
Epoch: 4870/5000 - Time: 9.97s - Loss: 3.5131e-02 | a: 1.1350e-02, BC: 1.5474e-04, m: 1.6594e-03, u: 8.9628e-04, v: 8.7603e-04, pde_a: 4.2161e-03 geom: 2.7590e-05
Epoch: 4880/5000 - Time: 10.38s - Loss: 3.0880e-02 | a: 9.4474e-03, BC: 1.2089e-04, m: 1.6369e-03, u: 8.6150e-04, v: 7.1951e-04, pde_a: 3.8410e-03 geom: 2.3363e-05
Epoch: 4890/5000 - Time: 10.99s - Loss: 3.1220e-02 | a: 9.7965e-03, BC: 1.3194e-04, m: 1.6470e-03, u: 8.0915e-04, v: 7.0637e-04, pde_a: 4.4637e-03 geom: 2.5111e-05
Epoch: 4900/5000 - Time: 10.56s - Loss: 3.5443e-02 | a: 1.0253e-02, BC: 1.4522e-04, m: 1.6544e-03, u: 1.0159e-03, v: 8.9014e-04, pde_a: 4.3053e-03 geom: 2.4620e-05
Epoch: 4910/5000 - Time: 9.97s - Loss: 3.2219e-02 | a: 9.8199e-03, BC: 1.3998e-04, m: 1.6424e-03, u: 8.1957e-04, v: 8.4376e-04, pde_a: 3.9571e-03 geom: 2.6298e-05
Epoch: 4920/5000 - Time: 9.94s - Loss: 3.2104e-02 | a: 9.4231e-03, BC: 1.1862e-04, m: 1.6568e-03, u: 9.0184e-04, v: 7.8915e-04, pde_a: 3.9714e-03 geom: 2.4274e-05
Epoch: 4930/5000 - Time: 9.94s - Loss: 3.0606e-02 | a: 9.7696e-03, BC: 1.3859e-04, m: 1.6505e-03, u: 8.0089e-04, v: 7.1312e-04, pde_a: 3.8820e-03 geom: 2.5005e-05
Epoch: 4940/5000 - Time: 9.89s - Loss: 3.1844e-02 | a: 9.5119e-03, BC: 1.4749e-04, m: 1.6390e-03, u: 8.5559e-04, v: 7.7988e-04, pde_a: 4.1665e-03 geom: 2.4350e-05
Epoch: 4950/5000 - Time: 10.50s - Loss: 3.9954e-02 | a: 1.2336e-02, BC: 1.8247e-04, m: 1.6475e-03, u: 1.2283e-03, v: 9.2596e-04, pde_a: 4.2158e-03 geom: 2.9773e-05
Epoch: 4960/5000 - Time: 10.55s - Loss: 3.5700e-02 | a: 1.0322e-02, BC: 1.3688e-04, m: 1.6689e-03, u: 9.8516e-04, v: 9.4348e-04, pde_a: 4.2590e-03 geom: 2.7470e-05
Epoch: 4970/5000 - Time: 10.48s - Loss: 3.1275e-02 | a: 9.5593e-03, BC: 1.1068e-04, m: 1.6426e-03, u: 8.0791e-04, v: 7.7865e-04, pde_a: 4.0720e-03 geom: 2.4629e-05
Epoch: 4980/5000 - Time: 10.79s - Loss: 3.3863e-02 | a: 9.7703e-03, BC: 1.2413e-04, m: 1.6397e-03, u: 1.0033e-03, v: 7.9940e-04, pde_a: 4.2771e-03 geom: 2.4696e-05
Epoch: 4990/5000 - Time: 10.62s - Loss: 3.4176e-02 | a: 9.1747e-03, BC: 1.1117e-04, m: 1.6590e-03, u: 9.5057e-04, v: 9.6310e-04, pde_a: 4.0712e-03 geom: 2.3210e-05
Epoch: 5000/5000 - Time: 10.28s - Loss: 3.2269e-02 | a: 9.4575e-03, BC: 1.2558e-04, m: 1.6508e-03, u: 8.9121e-04, v: 7.3134e-04, pde_a: 4.7863e-03 geom: 2.3584e-05

--- Starting Training Phase 4/5 ---
Epochs: 5000, Learning Rate: 5e-06
Total samples: 211630, Desired batch size: 10582
Calculated num_batches: 20, Proportional batch sizes: {'A': 1306, 'PDE': 7911, 'N': 21, 'EW': 21, 'NSEW': 43, 'GEOM': 1285}
Epoch: 10/5000 - Time: 9.78s - Loss: 2.7823e-02 | a: 9.1611e-03, BC: 9.4101e-05, m: 1.6196e-03, u: 7.1464e-04, v: 6.0766e-04, pde_a: 3.7026e-03 geom: 2.2713e-05
Saving checkpoint at epoch 10 with loss 2.7823e-02
Epoch: 20/5000 - Time: 10.72s - Loss: 2.7446e-02 | a: 8.9038e-03, BC: 1.0322e-04, m: 1.6217e-03, u: 7.3163e-04, v: 5.7765e-04, pde_a: 3.7017e-03 geom: 2.2965e-05
Saving checkpoint at epoch 20 with loss 2.7446e-02
Epoch: 30/5000 - Time: 9.88s - Loss: 2.7661e-02 | a: 9.0964e-03, BC: 1.1540e-04, m: 1.6167e-03, u: 6.9701e-04, v: 5.8684e-04, pde_a: 3.9709e-03 geom: 2.2768e-05
Epoch: 40/5000 - Time: 9.72s - Loss: 2.8412e-02 | a: 8.8859e-03, BC: 9.0763e-05, m: 1.6299e-03, u: 7.6009e-04, v: 6.2882e-04, pde_a: 3.8940e-03 geom: 2.2687e-05
Epoch: 50/5000 - Time: 10.27s - Loss: 2.8222e-02 | a: 8.8631e-03, BC: 8.9523e-05, m: 1.6261e-03, u: 7.2798e-04, v: 6.5175e-04, pde_a: 3.8241e-03 geom: 2.2278e-05
Epoch: 60/5000 - Time: 9.70s - Loss: 2.8492e-02 | a: 8.9562e-03, BC: 1.1377e-04, m: 1.6179e-03, u: 7.6248e-04, v: 6.3599e-04, pde_a: 3.7966e-03 geom: 2.2936e-05
Epoch: 70/5000 - Time: 9.95s - Loss: 2.9205e-02 | a: 9.4986e-03, BC: 1.0682e-04, m: 1.6391e-03, u: 7.6615e-04, v: 6.5251e-04, pde_a: 3.7497e-03 geom: 2.4282e-05
Epoch: 80/5000 - Time: 9.96s - Loss: 2.9734e-02 | a: 9.6737e-03, BC: 1.0557e-04, m: 1.6320e-03, u: 7.8455e-04, v: 6.6519e-04, pde_a: 3.8020e-03 geom: 2.3203e-05
Epoch: 90/5000 - Time: 9.94s - Loss: 2.8954e-02 | a: 9.3393e-03, BC: 1.2494e-04, m: 1.6335e-03, u: 7.6253e-04, v: 6.5020e-04, pde_a: 3.7049e-03 geom: 2.3756e-05
Epoch: 100/5000 - Time: 9.71s - Loss: 2.9021e-02 | a: 9.4866e-03, BC: 1.0727e-04, m: 1.6361e-03, u: 7.7872e-04, v: 6.1958e-04, pde_a: 3.7853e-03 geom: 2.2758e-05
Epoch: 110/5000 - Time: 10.51s - Loss: 3.1530e-02 | a: 9.5446e-03, BC: 1.2272e-04, m: 1.6499e-03, u: 9.6378e-04, v: 6.7112e-04, pde_a: 3.8396e-03 geom: 2.4088e-05
Epoch: 120/5000 - Time: 10.87s - Loss: 2.8572e-02 | a: 8.8692e-03, BC: 9.8515e-05, m: 1.6420e-03, u: 7.6978e-04, v: 6.4578e-04, pde_a: 3.7832e-03 geom: 2.3301e-05
Epoch: 130/5000 - Time: 10.75s - Loss: 2.8584e-02 | a: 9.4358e-03, BC: 1.2038e-04, m: 1.6305e-03, u: 7.3434e-04, v: 6.2244e-04, pde_a: 3.8064e-03 geom: 2.3366e-05
Epoch: 140/5000 - Time: 9.85s - Loss: 2.8880e-02 | a: 9.1510e-03, BC: 1.0213e-04, m: 1.6228e-03, u: 7.5921e-04, v: 6.6274e-04, pde_a: 3.7611e-03 geom: 2.3245e-05
Epoch: 150/5000 - Time: 9.85s - Loss: 2.8376e-02 | a: 8.9122e-03, BC: 9.6327e-05, m: 1.6230e-03, u: 7.4964e-04, v: 6.4267e-04, pde_a: 3.7977e-03 geom: 2.3108e-05
Epoch: 160/5000 - Time: 10.44s - Loss: 2.9192e-02 | a: 8.9861e-03, BC: 1.0254e-04, m: 1.6335e-03, u: 7.5259e-04, v: 7.0905e-04, pde_a: 3.8303e-03 geom: 2.3595e-05
Epoch: 170/5000 - Time: 10.89s - Loss: 2.9036e-02 | a: 8.9490e-03, BC: 9.9490e-05, m: 1.6343e-03, u: 7.7257e-04, v: 6.5888e-04, pde_a: 4.0153e-03 geom: 2.3753e-05
Epoch: 180/5000 - Time: 10.66s - Loss: 3.1274e-02 | a: 9.6419e-03, BC: 1.2143e-04, m: 1.6429e-03, u: 8.8202e-04, v: 7.1024e-04, pde_a: 3.9180e-03 geom: 2.7090e-05
Epoch: 190/5000 - Time: 10.39s - Loss: 2.9116e-02 | a: 9.1205e-03, BC: 1.0862e-04, m: 1.6313e-03, u: 7.6610e-04, v: 6.8402e-04, pde_a: 3.7313e-03 geom: 2.2863e-05
Epoch: 200/5000 - Time: 9.80s - Loss: 2.9833e-02 | a: 9.7503e-03, BC: 1.1335e-04, m: 1.6344e-03, u: 7.8777e-04, v: 6.5565e-04, pde_a: 3.8768e-03 geom: 2.4333e-05
Epoch: 210/5000 - Time: 9.80s - Loss: 2.8330e-02 | a: 8.9414e-03, BC: 1.0761e-04, m: 1.6203e-03, u: 7.5386e-04, v: 6.3310e-04, pde_a: 3.7687e-03 geom: 2.2626e-05
Epoch: 220/5000 - Time: 10.29s - Loss: 2.8827e-02 | a: 9.1017e-03, BC: 9.9494e-05, m: 1.6310e-03, u: 7.7456e-04, v: 6.4256e-04, pde_a: 3.7990e-03 geom: 2.4607e-05
Epoch: 230/5000 - Time: 10.87s - Loss: 2.8338e-02 | a: 8.9942e-03, BC: 9.8143e-05, m: 1.6194e-03, u: 7.5719e-04, v: 6.2376e-04, pde_a: 3.7938e-03 geom: 2.3517e-05
Epoch: 240/5000 - Time: 10.12s - Loss: 2.8838e-02 | a: 9.7362e-03, BC: 1.1215e-04, m: 1.6190e-03, u: 7.5014e-04, v: 6.1723e-04, pde_a: 3.6728e-03 geom: 2.4491e-05
Epoch: 250/5000 - Time: 9.84s - Loss: 2.9682e-02 | a: 8.8589e-03, BC: 9.7947e-05, m: 1.6393e-03, u: 8.7021e-04, v: 6.6045e-04, pde_a: 3.7560e-03 geom: 2.2890e-05
Epoch: 260/5000 - Time: 9.84s - Loss: 2.9062e-02 | a: 9.4051e-03, BC: 1.1229e-04, m: 1.6373e-03, u: 7.4978e-04, v: 6.6152e-04, pde_a: 3.7709e-03 geom: 2.3015e-05
Epoch: 270/5000 - Time: 10.77s - Loss: 2.8459e-02 | a: 8.7936e-03, BC: 1.0886e-04, m: 1.6356e-03, u: 7.7018e-04, v: 6.3792e-04, pde_a: 3.8159e-03 geom: 2.3699e-05
Epoch: 280/5000 - Time: 10.26s - Loss: 2.8134e-02 | a: 8.5940e-03, BC: 1.0347e-04, m: 1.6294e-03, u: 7.7272e-04, v: 6.3324e-04, pde_a: 3.7244e-03 geom: 2.3120e-05
Epoch: 290/5000 - Time: 9.94s - Loss: 3.0028e-02 | a: 9.2947e-03, BC: 1.0429e-04, m: 1.6337e-03, u: 8.4470e-04, v: 6.5442e-04, pde_a: 3.9809e-03 geom: 2.3661e-05
Epoch: 300/5000 - Time: 9.96s - Loss: 2.9191e-02 | a: 8.8103e-03, BC: 1.0471e-04, m: 1.6315e-03, u: 7.8234e-04, v: 7.0055e-04, pde_a: 3.7923e-03 geom: 2.3308e-05
Epoch: 310/5000 - Time: 9.88s - Loss: 2.9326e-02 | a: 8.7458e-03, BC: 9.4656e-05, m: 1.6474e-03, u: 8.3008e-04, v: 6.8040e-04, pde_a: 3.7095e-03 geom: 2.3566e-05
Epoch: 320/5000 - Time: 9.89s - Loss: 2.8176e-02 | a: 8.8313e-03, BC: 1.0616e-04, m: 1.6364e-03, u: 7.5670e-04, v: 6.2332e-04, pde_a: 3.7790e-03 geom: 2.2719e-05
Epoch: 330/5000 - Time: 10.51s - Loss: 2.9148e-02 | a: 8.9370e-03, BC: 1.0274e-04, m: 1.6352e-03, u: 7.8381e-04, v: 6.5331e-04, pde_a: 4.0785e-03 geom: 2.3375e-05
Epoch: 340/5000 - Time: 10.44s - Loss: 3.0438e-02 | a: 9.0641e-03, BC: 1.0552e-04, m: 1.6272e-03, u: 8.7925e-04, v: 6.9828e-04, pde_a: 3.8420e-03 geom: 2.3905e-05
Epoch: 350/5000 - Time: 10.77s - Loss: 2.8093e-02 | a: 8.5981e-03, BC: 9.4402e-05, m: 1.6339e-03, u: 7.6635e-04, v: 6.3259e-04, pde_a: 3.7549e-03 geom: 2.2337e-05
Epoch: 360/5000 - Time: 10.50s - Loss: 2.8902e-02 | a: 8.7326e-03, BC: 1.0988e-04, m: 1.6244e-03, u: 8.2079e-04, v: 6.4523e-04, pde_a: 3.7523e-03 geom: 2.2141e-05
Epoch: 370/5000 - Time: 10.14s - Loss: 3.1576e-02 | a: 1.0064e-02, BC: 1.4783e-04, m: 1.6444e-03, u: 8.6735e-04, v: 7.2244e-04, pde_a: 3.7933e-03 geom: 2.8410e-05
Epoch: 380/5000 - Time: 10.51s - Loss: 2.8916e-02 | a: 8.8273e-03, BC: 1.0577e-04, m: 1.6364e-03, u: 8.0407e-04, v: 6.6218e-04, pde_a: 3.6607e-03 geom: 2.3026e-05
Epoch: 390/5000 - Time: 10.28s - Loss: 3.0242e-02 | a: 8.8494e-03, BC: 1.1020e-04, m: 1.6263e-03, u: 8.2509e-04, v: 7.6943e-04, pde_a: 3.6875e-03 geom: 2.3174e-05
Epoch: 400/5000 - Time: 10.16s - Loss: 2.9642e-02 | a: 8.8307e-03, BC: 1.0200e-04, m: 1.6227e-03, u: 8.5477e-04, v: 6.6052e-04, pde_a: 3.9105e-03 geom: 2.2796e-05
Epoch: 410/5000 - Time: 10.57s - Loss: 2.8705e-02 | a: 8.7113e-03, BC: 1.0360e-04, m: 1.6326e-03, u: 7.9678e-04, v: 6.5680e-04, pde_a: 3.6994e-03 geom: 2.2213e-05
Epoch: 420/5000 - Time: 10.63s - Loss: 2.8479e-02 | a: 8.6796e-03, BC: 1.0285e-04, m: 1.6349e-03, u: 7.9947e-04, v: 6.3373e-04, pde_a: 3.7065e-03 geom: 2.3283e-05
Epoch: 430/5000 - Time: 10.53s - Loss: 2.7782e-02 | a: 8.5805e-03, BC: 9.5401e-05, m: 1.6318e-03, u: 7.1491e-04, v: 6.5623e-04, pde_a: 3.7411e-03 geom: 2.2013e-05
Epoch: 440/5000 - Time: 9.78s - Loss: 2.9157e-02 | a: 9.0632e-03, BC: 1.0589e-04, m: 1.6212e-03, u: 7.8771e-04, v: 6.7562e-04, pde_a: 3.7094e-03 geom: 2.4008e-05
Epoch: 450/5000 - Time: 9.76s - Loss: 2.9303e-02 | a: 9.0889e-03, BC: 1.0821e-04, m: 1.6265e-03, u: 7.7058e-04, v: 6.8651e-04, pde_a: 3.8845e-03 geom: 2.3558e-05
Epoch: 460/5000 - Time: 10.23s - Loss: 2.9332e-02 | a: 9.6158e-03, BC: 1.1633e-04, m: 1.6296e-03, u: 7.5694e-04, v: 6.6542e-04, pde_a: 3.7227e-03 geom: 2.4377e-05
Epoch: 470/5000 - Time: 10.78s - Loss: 2.9851e-02 | a: 9.0803e-03, BC: 1.0851e-04, m: 1.6271e-03, u: 8.0657e-04, v: 7.1087e-04, pde_a: 3.8369e-03 geom: 2.3826e-05
Epoch: 480/5000 - Time: 10.12s - Loss: 2.9735e-02 | a: 8.8136e-03, BC: 1.0450e-04, m: 1.6323e-03, u: 7.8882e-04, v: 7.5238e-04, pde_a: 3.7486e-03 geom: 2.3586e-05
Epoch: 490/5000 - Time: 9.95s - Loss: 2.9520e-02 | a: 8.5644e-03, BC: 1.0269e-04, m: 1.6366e-03, u: 8.1943e-04, v: 7.3195e-04, pde_a: 3.6792e-03 geom: 2.3423e-05
Epoch: 500/5000 - Time: 10.00s - Loss: 2.8026e-02 | a: 8.3840e-03, BC: 9.5250e-05, m: 1.6217e-03, u: 7.3387e-04, v: 6.8387e-04, pde_a: 3.7253e-03 geom: 2.2363e-05
Epoch: 510/5000 - Time: 9.94s - Loss: 2.8947e-02 | a: 8.6731e-03, BC: 1.0340e-04, m: 1.6313e-03, u: 7.7945e-04, v: 6.9715e-04, pde_a: 3.7507e-03 geom: 2.2008e-05
Epoch: 520/5000 - Time: 10.00s - Loss: 2.9093e-02 | a: 8.6778e-03, BC: 1.0443e-04, m: 1.6319e-03, u: 7.7874e-04, v: 7.0823e-04, pde_a: 3.7853e-03 geom: 2.3536e-05
Epoch: 530/5000 - Time: 9.85s - Loss: 2.9176e-02 | a: 9.0076e-03, BC: 9.4862e-05, m: 1.6353e-03, u: 8.1162e-04, v: 6.5258e-04, pde_a: 3.7725e-03 geom: 2.3676e-05
Epoch: 540/5000 - Time: 10.39s - Loss: 2.8311e-02 | a: 8.4663e-03, BC: 1.0056e-04, m: 1.6327e-03, u: 8.0415e-04, v: 6.3890e-04, pde_a: 3.6587e-03 geom: 2.2287e-05
Epoch: 550/5000 - Time: 10.20s - Loss: 2.8753e-02 | a: 8.4801e-03, BC: 9.6859e-05, m: 1.6218e-03, u: 7.7561e-04, v: 7.0322e-04, pde_a: 3.7435e-03 geom: 2.2261e-05
Epoch: 560/5000 - Time: 9.99s - Loss: 2.8556e-02 | a: 8.5010e-03, BC: 9.7504e-05, m: 1.6242e-03, u: 7.6283e-04, v: 6.9401e-04, pde_a: 3.7417e-03 geom: 2.2687e-05
Epoch: 570/5000 - Time: 10.12s - Loss: 2.9659e-02 | a: 8.3550e-03, BC: 1.1520e-04, m: 1.6194e-03, u: 8.6720e-04, v: 7.0383e-04, pde_a: 3.8364e-03 geom: 2.2192e-05
Epoch: 580/5000 - Time: 10.71s - Loss: 3.0733e-02 | a: 8.8758e-03, BC: 1.0989e-04, m: 1.6231e-03, u: 9.3834e-04, v: 7.0134e-04, pde_a: 3.7040e-03 geom: 2.3100e-05
Epoch: 590/5000 - Time: 9.88s - Loss: 2.9089e-02 | a: 8.7910e-03, BC: 1.1302e-04, m: 1.6261e-03, u: 7.5488e-04, v: 7.1351e-04, pde_a: 3.8522e-03 geom: 2.2867e-05
Epoch: 600/5000 - Time: 9.81s - Loss: 2.8813e-02 | a: 8.5098e-03, BC: 9.6422e-05, m: 1.6206e-03, u: 7.7527e-04, v: 6.7739e-04, pde_a: 4.0368e-03 geom: 2.2652e-05
Epoch: 610/5000 - Time: 10.11s - Loss: 2.8901e-02 | a: 8.6032e-03, BC: 9.6338e-05, m: 1.6121e-03, u: 8.1894e-04, v: 6.7332e-04, pde_a: 3.6439e-03 geom: 2.2861e-05
Epoch: 620/5000 - Time: 10.91s - Loss: 2.8251e-02 | a: 8.3685e-03, BC: 1.1081e-04, m: 1.6134e-03, u: 7.8077e-04, v: 6.5383e-04, pde_a: 3.7900e-03 geom: 2.2442e-05
Epoch: 630/5000 - Time: 10.67s - Loss: 3.0024e-02 | a: 8.3199e-03, BC: 1.0025e-04, m: 1.6211e-03, u: 8.9645e-04, v: 7.1711e-04, pde_a: 3.8249e-03 geom: 2.1967e-05
Epoch: 640/5000 - Time: 10.20s - Loss: 2.9906e-02 | a: 8.6832e-03, BC: 1.1105e-04, m: 1.6243e-03, u: 7.8960e-04, v: 7.7525e-04, pde_a: 3.8142e-03 geom: 2.4271e-05
Epoch: 650/5000 - Time: 9.85s - Loss: 2.9168e-02 | a: 8.5398e-03, BC: 9.4415e-05, m: 1.6098e-03, u: 7.8819e-04, v: 7.2134e-04, pde_a: 3.8059e-03 geom: 2.2767e-05
Epoch: 660/5000 - Time: 9.77s - Loss: 2.9576e-02 | a: 9.3688e-03, BC: 1.1470e-04, m: 1.6147e-03, u: 7.9795e-04, v: 6.7407e-04, pde_a: 3.7322e-03 geom: 2.5708e-05
Epoch: 670/5000 - Time: 9.90s - Loss: 2.8995e-02 | a: 8.2781e-03, BC: 9.8006e-05, m: 1.6193e-03, u: 7.9075e-04, v: 7.3394e-04, pde_a: 3.7303e-03 geom: 2.2390e-05
Epoch: 680/5000 - Time: 9.87s - Loss: 2.9018e-02 | a: 8.3705e-03, BC: 1.0684e-04, m: 1.6258e-03, u: 8.3244e-04, v: 6.7560e-04, pde_a: 3.8125e-03 geom: 2.2034e-05
Epoch: 690/5000 - Time: 9.95s - Loss: 2.8664e-02 | a: 8.6506e-03, BC: 1.1184e-04, m: 1.6203e-03, u: 7.9456e-04, v: 6.4939e-04, pde_a: 3.8201e-03 geom: 2.1819e-05
Epoch: 700/5000 - Time: 9.98s - Loss: 2.8312e-02 | a: 9.1075e-03, BC: 1.1317e-04, m: 1.6077e-03, u: 7.4505e-04, v: 6.2820e-04, pde_a: 3.7260e-03 geom: 2.4818e-05
Epoch: 710/5000 - Time: 9.84s - Loss: 2.9551e-02 | a: 8.4924e-03, BC: 9.5745e-05, m: 1.5979e-03, u: 8.3891e-04, v: 7.2510e-04, pde_a: 3.7016e-03 geom: 2.2841e-05
Epoch: 720/5000 - Time: 10.41s - Loss: 2.8402e-02 | a: 8.1554e-03, BC: 1.0778e-04, m: 1.6100e-03, u: 7.8241e-04, v: 6.9506e-04, pde_a: 3.7327e-03 geom: 2.1597e-05
Epoch: 730/5000 - Time: 10.90s - Loss: 2.9580e-02 | a: 8.9226e-03, BC: 1.0744e-04, m: 1.6201e-03, u: 8.1864e-04, v: 6.9326e-04, pde_a: 3.7873e-03 geom: 2.3339e-05
Epoch: 740/5000 - Time: 10.70s - Loss: 3.0170e-02 | a: 8.4559e-03, BC: 9.4798e-05, m: 1.6165e-03, u: 8.5395e-04, v: 7.6197e-04, pde_a: 3.8208e-03 geom: 2.2318e-05
Epoch: 750/5000 - Time: 10.71s - Loss: 2.8073e-02 | a: 8.3018e-03, BC: 1.0805e-04, m: 1.6094e-03, u: 8.0676e-04, v: 6.2271e-04, pde_a: 3.7367e-03 geom: 2.2177e-05
Epoch: 760/5000 - Time: 10.29s - Loss: 2.8408e-02 | a: 8.2949e-03, BC: 1.0667e-04, m: 1.6098e-03, u: 8.0170e-04, v: 6.6367e-04, pde_a: 3.7205e-03 geom: 2.2121e-05
Epoch: 770/5000 - Time: 9.98s - Loss: 2.7944e-02 | a: 8.4631e-03, BC: 1.1321e-04, m: 1.6051e-03, u: 7.5131e-04, v: 6.5154e-04, pde_a: 3.7125e-03 geom: 2.1729e-05
Epoch: 780/5000 - Time: 10.84s - Loss: 2.9071e-02 | a: 8.5371e-03, BC: 9.6430e-05, m: 1.6003e-03, u: 8.1996e-04, v: 6.8842e-04, pde_a: 3.7292e-03 geom: 2.3863e-05
Epoch: 790/5000 - Time: 10.66s - Loss: 2.8536e-02 | a: 8.2803e-03, BC: 9.7386e-05, m: 1.5883e-03, u: 7.7881e-04, v: 6.9638e-04, pde_a: 3.7962e-03 geom: 2.1526e-05
Epoch: 800/5000 - Time: 10.46s - Loss: 2.9227e-02 | a: 9.0927e-03, BC: 1.0144e-04, m: 1.6001e-03, u: 7.7493e-04, v: 6.5115e-04, pde_a: 4.1489e-03 geom: 2.2867e-05
Epoch: 810/5000 - Time: 10.05s - Loss: 3.0707e-02 | a: 8.4033e-03, BC: 9.9154e-05, m: 1.6199e-03, u: 9.6562e-04, v: 7.0030e-04, pde_a: 3.9035e-03 geom: 2.1824e-05
Epoch: 820/5000 - Time: 9.95s - Loss: 2.9205e-02 | a: 8.7184e-03, BC: 1.1662e-04, m: 1.6180e-03, u: 7.9306e-04, v: 7.0426e-04, pde_a: 3.7544e-03 geom: 2.3998e-05
Epoch: 830/5000 - Time: 10.02s - Loss: 2.9186e-02 | a: 8.4161e-03, BC: 9.7388e-05, m: 1.6055e-03, u: 8.0241e-04, v: 7.2961e-04, pde_a: 3.7250e-03 geom: 2.1791e-05
Epoch: 840/5000 - Time: 10.00s - Loss: 3.0652e-02 | a: 8.3841e-03, BC: 1.1233e-04, m: 1.6120e-03, u: 9.0418e-04, v: 7.5983e-04, pde_a: 3.8809e-03 geom: 2.2783e-05
Epoch: 850/5000 - Time: 10.04s - Loss: 2.8631e-02 | a: 8.6051e-03, BC: 1.0905e-04, m: 1.6089e-03, u: 7.6487e-04, v: 6.9523e-04, pde_a: 3.6838e-03 geom: 2.3111e-05
Epoch: 860/5000 - Time: 10.02s - Loss: 2.9245e-02 | a: 8.8253e-03, BC: 9.7187e-05, m: 1.6125e-03, u: 8.3356e-04, v: 6.6830e-04, pde_a: 3.6678e-03 geom: 2.3806e-05
Epoch: 870/5000 - Time: 10.00s - Loss: 2.8808e-02 | a: 8.2584e-03, BC: 1.0608e-04, m: 1.5956e-03, u: 7.7605e-04, v: 7.3580e-04, pde_a: 3.7068e-03 geom: 2.2746e-05
Epoch: 880/5000 - Time: 9.95s - Loss: 3.2962e-02 | a: 8.3684e-03, BC: 1.0417e-04, m: 1.6213e-03, u: 1.0701e-03, v: 8.3429e-04, pde_a: 3.8026e-03 geom: 2.2166e-05
Epoch: 890/5000 - Time: 10.00s - Loss: 2.9425e-02 | a: 8.5229e-03, BC: 9.8254e-05, m: 1.6069e-03, u: 8.2324e-04, v: 7.2195e-04, pde_a: 3.7228e-03 geom: 2.2576e-05
Epoch: 900/5000 - Time: 9.95s - Loss: 2.8754e-02 | a: 8.5423e-03, BC: 1.0512e-04, m: 1.5980e-03, u: 7.9401e-04, v: 6.8410e-04, pde_a: 3.7040e-03 geom: 2.3145e-05
Epoch: 910/5000 - Time: 10.19s - Loss: 2.9562e-02 | a: 8.2087e-03, BC: 1.0734e-04, m: 1.6017e-03, u: 9.1443e-04, v: 6.8030e-04, pde_a: 3.6749e-03 geom: 2.2109e-05
Epoch: 920/5000 - Time: 10.94s - Loss: 2.8507e-02 | a: 8.5032e-03, BC: 1.1933e-04, m: 1.6088e-03, u: 7.8154e-04, v: 6.7852e-04, pde_a: 3.6531e-03 geom: 2.2505e-05
Epoch: 930/5000 - Time: 10.83s - Loss: 2.9173e-02 | a: 8.7984e-03, BC: 1.1655e-04, m: 1.6043e-03, u: 8.0809e-04, v: 6.8042e-04, pde_a: 3.7454e-03 geom: 2.3185e-05
Epoch: 940/5000 - Time: 9.92s - Loss: 2.9160e-02 | a: 8.7178e-03, BC: 1.1238e-04, m: 1.5837e-03, u: 7.8069e-04, v: 7.0749e-04, pde_a: 3.8419e-03 geom: 2.2929e-05
Epoch: 950/5000 - Time: 10.00s - Loss: 2.9665e-02 | a: 8.9270e-03, BC: 1.0269e-04, m: 1.6109e-03, u: 7.8006e-04, v: 7.3406e-04, pde_a: 3.8584e-03 geom: 2.4977e-05
Epoch: 960/5000 - Time: 10.17s - Loss: 2.8955e-02 | a: 8.2560e-03, BC: 9.7067e-05, m: 1.6015e-03, u: 8.2554e-04, v: 6.9261e-04, pde_a: 3.7964e-03 geom: 2.2296e-05
Epoch: 970/5000 - Time: 9.84s - Loss: 2.8901e-02 | a: 8.4541e-03, BC: 9.9988e-05, m: 1.5910e-03, u: 8.4147e-04, v: 6.5945e-04, pde_a: 3.7224e-03 geom: 2.3908e-05
Epoch: 980/5000 - Time: 9.84s - Loss: 2.9356e-02 | a: 8.4588e-03, BC: 1.0365e-04, m: 1.6169e-03, u: 7.8150e-04, v: 7.6403e-04, pde_a: 3.6981e-03 geom: 2.3204e-05
Epoch: 990/5000 - Time: 9.97s - Loss: 2.9612e-02 | a: 8.5478e-03, BC: 1.1084e-04, m: 1.5948e-03, u: 7.9158e-04, v: 7.6782e-04, pde_a: 3.7424e-03 geom: 2.2510e-05
Epoch: 1000/5000 - Time: 10.19s - Loss: 2.8770e-02 | a: 8.4939e-03, BC: 1.0418e-04, m: 1.5990e-03, u: 7.7306e-04, v: 7.0775e-04, pde_a: 3.7425e-03 geom: 2.2741e-05
Epoch: 1010/5000 - Time: 10.57s - Loss: 2.8881e-02 | a: 8.2839e-03, BC: 1.0136e-04, m: 1.6079e-03, u: 7.8469e-04, v: 7.1950e-04, pde_a: 3.8229e-03 geom: 2.2825e-05
Epoch: 1020/5000 - Time: 10.62s - Loss: 3.0422e-02 | a: 8.2824e-03, BC: 1.0127e-04, m: 1.6086e-03, u: 8.8630e-04, v: 7.8540e-04, pde_a: 3.6900e-03 geom: 2.2368e-05
Epoch: 1030/5000 - Time: 10.67s - Loss: 3.0075e-02 | a: 9.2181e-03, BC: 1.3141e-04, m: 1.6119e-03, u: 8.3608e-04, v: 6.9389e-04, pde_a: 3.7883e-03 geom: 2.5185e-05
Epoch: 1040/5000 - Time: 10.72s - Loss: 2.9609e-02 | a: 8.5982e-03, BC: 1.1294e-04, m: 1.5975e-03, u: 8.4539e-04, v: 7.1104e-04, pde_a: 3.7121e-03 geom: 2.3577e-05
Epoch: 1050/5000 - Time: 10.28s - Loss: 2.9024e-02 | a: 8.7512e-03, BC: 9.7102e-05, m: 1.5920e-03, u: 7.9850e-04, v: 6.6739e-04, pde_a: 3.9022e-03 geom: 2.2436e-05
Epoch: 1060/5000 - Time: 9.89s - Loss: 2.7939e-02 | a: 8.1229e-03, BC: 1.1493e-04, m: 1.5853e-03, u: 7.6417e-04, v: 6.7032e-04, pde_a: 3.7485e-03 geom: 2.2624e-05
Epoch: 1070/5000 - Time: 9.88s - Loss: 2.9357e-02 | a: 8.6178e-03, BC: 1.0819e-04, m: 1.5973e-03, u: 8.2790e-04, v: 6.9590e-04, pde_a: 3.7730e-03 geom: 2.2864e-05
Epoch: 1080/5000 - Time: 9.81s - Loss: 2.8416e-02 | a: 8.5990e-03, BC: 1.1118e-04, m: 1.5972e-03, u: 7.7455e-04, v: 6.5496e-04, pde_a: 3.7911e-03 geom: 2.2472e-05
Epoch: 1090/5000 - Time: 10.02s - Loss: 2.8398e-02 | a: 8.2566e-03, BC: 9.8158e-05, m: 1.5912e-03, u: 7.7030e-04, v: 6.7860e-04, pde_a: 3.9395e-03 geom: 2.3657e-05
Epoch: 1100/5000 - Time: 9.82s - Loss: 2.9184e-02 | a: 8.7456e-03, BC: 9.8459e-05, m: 1.5907e-03, u: 7.9713e-04, v: 6.9099e-04, pde_a: 3.8448e-03 geom: 2.3292e-05
Epoch: 1110/5000 - Time: 9.71s - Loss: 2.9908e-02 | a: 9.1914e-03, BC: 1.1885e-04, m: 1.5897e-03, u: 8.4216e-04, v: 6.9228e-04, pde_a: 3.6389e-03 geom: 2.4324e-05
Epoch: 1120/5000 - Time: 10.43s - Loss: 2.8321e-02 | a: 8.4890e-03, BC: 1.0160e-04, m: 1.5960e-03, u: 7.5536e-04, v: 6.6913e-04, pde_a: 3.8660e-03 geom: 2.3944e-05
Epoch: 1130/5000 - Time: 10.36s - Loss: 2.9047e-02 | a: 8.2908e-03, BC: 1.0462e-04, m: 1.5995e-03, u: 8.1150e-04, v: 6.9977e-04, pde_a: 3.9163e-03 geom: 2.3298e-05
Epoch: 1140/5000 - Time: 9.85s - Loss: 2.8546e-02 | a: 8.2637e-03, BC: 1.0402e-04, m: 1.5949e-03, u: 8.2122e-04, v: 6.7173e-04, pde_a: 3.6321e-03 geom: 2.2194e-05
Epoch: 1150/5000 - Time: 9.91s - Loss: 2.8923e-02 | a: 8.8077e-03, BC: 1.0886e-04, m: 1.5818e-03, u: 7.9913e-04, v: 6.7486e-04, pde_a: 3.6611e-03 geom: 2.3786e-05
Epoch: 1160/5000 - Time: 10.51s - Loss: 2.9073e-02 | a: 8.5188e-03, BC: 1.0684e-04, m: 1.5922e-03, u: 8.0220e-04, v: 7.2005e-04, pde_a: 3.6088e-03 geom: 2.3637e-05
Epoch: 1170/5000 - Time: 10.40s - Loss: 2.7892e-02 | a: 8.2433e-03, BC: 9.8018e-05, m: 1.5876e-03, u: 7.8650e-04, v: 6.4414e-04, pde_a: 3.6339e-03 geom: 2.2498e-05
Epoch: 1180/5000 - Time: 9.68s - Loss: 2.9092e-02 | a: 8.4029e-03, BC: 9.5637e-05, m: 1.5909e-03, u: 8.3540e-04, v: 6.7475e-04, pde_a: 3.8785e-03 geom: 2.2569e-05
Epoch: 1190/5000 - Time: 10.02s - Loss: 2.9112e-02 | a: 8.2706e-03, BC: 1.0162e-04, m: 1.5815e-03, u: 8.2852e-04, v: 7.0718e-04, pde_a: 3.7786e-03 geom: 2.2242e-05
Epoch: 1200/5000 - Time: 9.94s - Loss: 2.9091e-02 | a: 8.3397e-03, BC: 9.9336e-05, m: 1.5826e-03, u: 8.2893e-04, v: 6.9532e-04, pde_a: 3.8042e-03 geom: 2.2826e-05
Epoch: 1210/5000 - Time: 9.92s - Loss: 2.9793e-02 | a: 8.3400e-03, BC: 9.6095e-05, m: 1.5980e-03, u: 9.2986e-04, v: 6.8051e-04, pde_a: 3.6324e-03 geom: 2.2634e-05
Epoch: 1220/5000 - Time: 10.08s - Loss: 2.8906e-02 | a: 8.1077e-03, BC: 1.0478e-04, m: 1.5795e-03, u: 8.0341e-04, v: 7.3020e-04, pde_a: 3.7561e-03 geom: 2.1842e-05
Epoch: 1230/5000 - Time: 9.76s - Loss: 2.8842e-02 | a: 8.1650e-03, BC: 9.9958e-05, m: 1.5977e-03, u: 8.0752e-04, v: 7.2248e-04, pde_a: 3.6567e-03 geom: 2.2221e-05
Epoch: 1240/5000 - Time: 9.96s - Loss: 3.0101e-02 | a: 8.4515e-03, BC: 1.0868e-04, m: 1.5923e-03, u: 8.1379e-04, v: 8.0761e-04, pde_a: 3.7125e-03 geom: 2.2409e-05
Epoch: 1250/5000 - Time: 10.55s - Loss: 2.9533e-02 | a: 8.2013e-03, BC: 1.0697e-04, m: 1.6056e-03, u: 8.1280e-04, v: 7.6547e-04, pde_a: 3.8132e-03 geom: 2.3418e-05
Epoch: 1260/5000 - Time: 10.83s - Loss: 2.8381e-02 | a: 8.2774e-03, BC: 1.0054e-04, m: 1.5843e-03, u: 7.8049e-04, v: 6.9541e-04, pde_a: 3.6378e-03 geom: 2.2222e-05
Epoch: 1270/5000 - Time: 10.80s - Loss: 2.7633e-02 | a: 8.2318e-03, BC: 1.0057e-04, m: 1.5740e-03, u: 7.7941e-04, v: 6.3263e-04, pde_a: 3.5835e-03 geom: 2.2719e-05
Epoch: 1280/5000 - Time: 10.75s - Loss: 2.8949e-02 | a: 8.4860e-03, BC: 1.3064e-04, m: 1.5671e-03, u: 7.7467e-04, v: 7.3140e-04, pde_a: 3.6809e-03 geom: 2.3798e-05
Epoch: 1290/5000 - Time: 10.46s - Loss: 2.8944e-02 | a: 8.9435e-03, BC: 1.2456e-04, m: 1.5792e-03, u: 7.6843e-04, v: 6.6865e-04, pde_a: 3.9028e-03 geom: 2.3530e-05
Epoch: 1300/5000 - Time: 10.86s - Loss: 3.0741e-02 | a: 8.9029e-03, BC: 1.1534e-04, m: 1.5820e-03, u: 8.6606e-04, v: 7.7180e-04, pde_a: 3.7376e-03 geom: 2.4249e-05
Epoch: 1310/5000 - Time: 10.92s - Loss: 2.8137e-02 | a: 8.3981e-03, BC: 9.3969e-05, m: 1.5752e-03, u: 7.5797e-04, v: 6.8309e-04, pde_a: 3.6367e-03 geom: 2.2493e-05
Epoch: 1320/5000 - Time: 10.60s - Loss: 2.8379e-02 | a: 8.5751e-03, BC: 1.1089e-04, m: 1.5836e-03, u: 7.5028e-04, v: 6.8527e-04, pde_a: 3.7307e-03 geom: 2.2966e-05
Epoch: 1330/5000 - Time: 9.99s - Loss: 2.8892e-02 | a: 8.4200e-03, BC: 9.4374e-05, m: 1.5843e-03, u: 8.1314e-04, v: 6.8816e-04, pde_a: 3.7587e-03 geom: 2.2190e-05
Epoch: 1340/5000 - Time: 9.86s - Loss: 3.1046e-02 | a: 8.2919e-03, BC: 9.7666e-05, m: 1.5841e-03, u: 8.8705e-04, v: 8.5662e-04, pde_a: 3.6134e-03 geom: 2.2038e-05
Epoch: 1350/5000 - Time: 10.13s - Loss: 2.7987e-02 | a: 8.3534e-03, BC: 9.2784e-05, m: 1.5803e-03, u: 7.5274e-04, v: 6.7632e-04, pde_a: 3.6475e-03 geom: 2.2954e-05
Epoch: 1360/5000 - Time: 10.28s - Loss: 2.7566e-02 | a: 8.2348e-03, BC: 9.4254e-05, m: 1.5924e-03, u: 7.4373e-04, v: 6.4059e-04, pde_a: 3.7790e-03 geom: 2.2554e-05
Epoch: 1370/5000 - Time: 9.97s - Loss: 2.8806e-02 | a: 9.1287e-03, BC: 1.0457e-04, m: 1.5846e-03, u: 7.5602e-04, v: 6.6369e-04, pde_a: 3.7663e-03 geom: 2.4639e-05
Epoch: 1380/5000 - Time: 9.87s - Loss: 2.8604e-02 | a: 8.2537e-03, BC: 9.8632e-05, m: 1.5774e-03, u: 8.1340e-04, v: 6.8255e-04, pde_a: 3.6932e-03 geom: 2.1818e-05
Epoch: 1390/5000 - Time: 10.16s - Loss: 2.8394e-02 | a: 8.3966e-03, BC: 1.0058e-04, m: 1.5838e-03, u: 7.8307e-04, v: 6.6675e-04, pde_a: 3.7920e-03 geom: 2.2921e-05
Epoch: 1400/5000 - Time: 10.30s - Loss: 2.8977e-02 | a: 8.8266e-03, BC: 1.1146e-04, m: 1.5782e-03, u: 7.9392e-04, v: 6.8842e-04, pde_a: 3.6142e-03 geom: 2.3366e-05
Epoch: 1410/5000 - Time: 10.07s - Loss: 2.7430e-02 | a: 8.0476e-03, BC: 1.0204e-04, m: 1.5765e-03, u: 7.6321e-04, v: 6.3204e-04, pde_a: 3.7298e-03 geom: 2.2150e-05
Saving checkpoint at epoch 1410 with loss 2.7430e-02
Epoch: 1420/5000 - Time: 9.95s - Loss: 2.9123e-02 | a: 8.4747e-03, BC: 1.3041e-04, m: 1.5750e-03, u: 8.4028e-04, v: 6.8559e-04, pde_a: 3.6600e-03 geom: 2.4196e-05
Epoch: 1430/5000 - Time: 9.80s - Loss: 2.7953e-02 | a: 8.0774e-03, BC: 9.8853e-05, m: 1.5747e-03, u: 7.6935e-04, v: 6.7768e-04, pde_a: 3.7100e-03 geom: 2.1823e-05
Epoch: 1440/5000 - Time: 9.82s - Loss: 3.0215e-02 | a: 8.5574e-03, BC: 9.7736e-05, m: 1.5956e-03, u: 9.4862e-04, v: 6.8225e-04, pde_a: 3.6320e-03 geom: 2.3712e-05
Epoch: 1450/5000 - Time: 9.88s - Loss: 2.8968e-02 | a: 8.7290e-03, BC: 1.0782e-04, m: 1.5806e-03, u: 8.0816e-04, v: 6.8216e-04, pde_a: 3.6235e-03 geom: 2.3530e-05
Epoch: 1460/5000 - Time: 10.59s - Loss: 2.8782e-02 | a: 8.8180e-03, BC: 1.0736e-04, m: 1.5758e-03, u: 7.6203e-04, v: 6.9500e-04, pde_a: 3.6860e-03 geom: 2.4390e-05
Epoch: 1470/5000 - Time: 10.82s - Loss: 2.8717e-02 | a: 7.9960e-03, BC: 9.4976e-05, m: 1.5666e-03, u: 7.8692e-04, v: 7.2382e-04, pde_a: 3.9303e-03 geom: 2.1842e-05
Epoch: 1480/5000 - Time: 10.78s - Loss: 2.8670e-02 | a: 8.3756e-03, BC: 1.0934e-04, m: 1.5782e-03, u: 8.1512e-04, v: 6.7966e-04, pde_a: 3.6353e-03 geom: 2.3389e-05
Epoch: 1490/5000 - Time: 10.79s - Loss: 2.8692e-02 | a: 8.2885e-03, BC: 1.0336e-04, m: 1.5701e-03, u: 8.1386e-04, v: 6.7931e-04, pde_a: 3.7756e-03 geom: 2.2803e-05
Epoch: 1500/5000 - Time: 10.68s - Loss: 2.8582e-02 | a: 8.2656e-03, BC: 1.0871e-04, m: 1.5937e-03, u: 8.1481e-04, v: 6.7479e-04, pde_a: 3.6960e-03 geom: 2.2359e-05
Epoch: 1510/5000 - Time: 10.04s - Loss: 2.8602e-02 | a: 8.3004e-03, BC: 1.0495e-04, m: 1.5728e-03, u: 8.0738e-04, v: 6.7780e-04, pde_a: 3.7484e-03 geom: 2.3917e-05
Epoch: 1520/5000 - Time: 9.80s - Loss: 2.8815e-02 | a: 8.4401e-03, BC: 1.0058e-04, m: 1.5688e-03, u: 8.0014e-04, v: 7.0698e-04, pde_a: 3.6114e-03 geom: 2.2662e-05
Epoch: 1530/5000 - Time: 10.24s - Loss: 2.8585e-02 | a: 8.8133e-03, BC: 1.0600e-04, m: 1.5655e-03, u: 7.9124e-04, v: 6.5147e-04, pde_a: 3.6487e-03 geom: 2.4107e-05
Epoch: 1540/5000 - Time: 10.88s - Loss: 2.8504e-02 | a: 8.0218e-03, BC: 1.0724e-04, m: 1.5695e-03, u: 8.3028e-04, v: 6.8728e-04, pde_a: 3.6077e-03 geom: 2.1713e-05
Epoch: 1550/5000 - Time: 9.83s - Loss: 2.9028e-02 | a: 8.1148e-03, BC: 1.0320e-04, m: 1.5590e-03, u: 8.3959e-04, v: 7.0701e-04, pde_a: 3.7617e-03 geom: 2.3328e-05
Epoch: 1560/5000 - Time: 9.72s - Loss: 2.9397e-02 | a: 8.7354e-03, BC: 1.1796e-04, m: 1.5764e-03, u: 7.8609e-04, v: 7.0588e-04, pde_a: 4.0231e-03 geom: 2.4430e-05
Epoch: 1570/5000 - Time: 9.97s - Loss: 2.9696e-02 | a: 8.3676e-03, BC: 1.0747e-04, m: 1.5727e-03, u: 8.3279e-04, v: 7.5014e-04, pde_a: 3.7970e-03 geom: 2.2133e-05
Epoch: 1580/5000 - Time: 9.90s - Loss: 3.0049e-02 | a: 8.5932e-03, BC: 1.1958e-04, m: 1.5732e-03, u: 8.6031e-04, v: 7.3632e-04, pde_a: 3.7733e-03 geom: 2.2951e-05
Epoch: 1590/5000 - Time: 9.76s - Loss: 2.8185e-02 | a: 8.2300e-03, BC: 1.0029e-04, m: 1.5637e-03, u: 8.0188e-04, v: 6.5989e-04, pde_a: 3.6512e-03 geom: 2.2264e-05
Epoch: 1600/5000 - Time: 10.00s - Loss: 2.8782e-02 | a: 8.1928e-03, BC: 1.2304e-04, m: 1.5791e-03, u: 7.8491e-04, v: 7.4382e-04, pde_a: 3.5770e-03 geom: 2.2467e-05
Epoch: 1610/5000 - Time: 9.84s - Loss: 2.9698e-02 | a: 8.2650e-03, BC: 9.9176e-05, m: 1.5706e-03, u: 7.9986e-04, v: 8.0817e-04, pde_a: 3.6595e-03 geom: 2.3433e-05
Epoch: 1620/5000 - Time: 9.75s - Loss: 2.9173e-02 | a: 8.5101e-03, BC: 1.0046e-04, m: 1.5798e-03, u: 7.7692e-04, v: 7.4208e-04, pde_a: 3.7687e-03 geom: 2.4006e-05
Epoch: 1630/5000 - Time: 10.70s - Loss: 3.0176e-02 | a: 8.2370e-03, BC: 9.9722e-05, m: 1.5720e-03, u: 8.9358e-04, v: 7.6134e-04, pde_a: 3.6952e-03 geom: 2.3336e-05
Epoch: 1640/5000 - Time: 10.95s - Loss: 2.8983e-02 | a: 8.0548e-03, BC: 1.0970e-04, m: 1.5662e-03, u: 8.4495e-04, v: 7.0970e-04, pde_a: 3.6842e-03 geom: 2.1961e-05
Epoch: 1650/5000 - Time: 10.85s - Loss: 2.8954e-02 | a: 8.2012e-03, BC: 1.0238e-04, m: 1.5661e-03, u: 8.0974e-04, v: 7.1593e-04, pde_a: 3.8062e-03 geom: 2.1951e-05
Epoch: 1660/5000 - Time: 10.92s - Loss: 2.8585e-02 | a: 8.2067e-03, BC: 9.8886e-05, m: 1.5668e-03, u: 7.9309e-04, v: 7.1501e-04, pde_a: 3.6098e-03 geom: 2.2201e-05
Epoch: 1670/5000 - Time: 10.44s - Loss: 2.8984e-02 | a: 8.1598e-03, BC: 9.7081e-05, m: 1.5710e-03, u: 8.5024e-04, v: 6.9451e-04, pde_a: 3.6860e-03 geom: 2.2524e-05
Epoch: 1680/5000 - Time: 9.86s - Loss: 2.8859e-02 | a: 8.4820e-03, BC: 1.0165e-04, m: 1.5736e-03, u: 7.8407e-04, v: 7.1790e-04, pde_a: 3.6593e-03 geom: 2.3120e-05
Epoch: 1690/5000 - Time: 10.20s - Loss: 2.9895e-02 | a: 8.6314e-03, BC: 1.0164e-04, m: 1.5738e-03, u: 8.5559e-04, v: 7.3047e-04, pde_a: 3.7040e-03 geom: 2.3780e-05
Epoch: 1700/5000 - Time: 10.84s - Loss: 3.0141e-02 | a: 8.4976e-03, BC: 1.0107e-04, m: 1.5595e-03, u: 8.9124e-04, v: 7.2076e-04, pde_a: 3.8390e-03 geom: 2.4055e-05
Epoch: 1710/5000 - Time: 10.93s - Loss: 2.9405e-02 | a: 8.0579e-03, BC: 1.0301e-04, m: 1.5856e-03, u: 9.1490e-04, v: 6.7826e-04, pde_a: 3.7052e-03 geom: 2.1797e-05
Epoch: 1720/5000 - Time: 10.93s - Loss: 2.8794e-02 | a: 8.1308e-03, BC: 9.7279e-05, m: 1.5646e-03, u: 8.1517e-04, v: 7.1565e-04, pde_a: 3.6704e-03 geom: 2.2919e-05
Epoch: 1730/5000 - Time: 10.44s - Loss: 2.8385e-02 | a: 8.6115e-03, BC: 1.1600e-04, m: 1.5667e-03, u: 7.7116e-04, v: 6.7911e-04, pde_a: 3.5626e-03 geom: 2.5463e-05
Epoch: 1740/5000 - Time: 10.22s - Loss: 2.8349e-02 | a: 8.0614e-03, BC: 9.5556e-05, m: 1.5610e-03, u: 7.6547e-04, v: 7.2670e-04, pde_a: 3.6874e-03 geom: 2.2236e-05
Epoch: 1750/5000 - Time: 10.49s - Loss: 2.9933e-02 | a: 8.5045e-03, BC: 1.0517e-04, m: 1.5605e-03, u: 8.7476e-04, v: 7.2042e-04, pde_a: 3.7881e-03 geom: 2.2681e-05
Epoch: 1760/5000 - Time: 10.00s - Loss: 2.7258e-02 | a: 7.9022e-03, BC: 9.5778e-05, m: 1.5497e-03, u: 7.4166e-04, v: 6.4896e-04, pde_a: 3.7825e-03 geom: 2.2076e-05
Saving checkpoint at epoch 1760 with loss 2.7258e-02
Epoch: 1770/5000 - Time: 9.91s - Loss: 2.9161e-02 | a: 8.4642e-03, BC: 1.4111e-04, m: 1.5666e-03, u: 8.0133e-04, v: 7.3160e-04, pde_a: 3.6370e-03 geom: 2.2947e-05
Epoch: 1780/5000 - Time: 10.22s - Loss: 2.8625e-02 | a: 7.8666e-03, BC: 9.2358e-05, m: 1.5650e-03, u: 8.6336e-04, v: 6.6511e-04, pde_a: 3.7945e-03 geom: 2.2132e-05
Epoch: 1790/5000 - Time: 10.87s - Loss: 3.0721e-02 | a: 8.3219e-03, BC: 1.0247e-04, m: 1.5620e-03, u: 8.7685e-04, v: 7.9242e-04, pde_a: 4.0203e-03 geom: 2.1457e-05
Epoch: 1800/5000 - Time: 10.79s - Loss: 2.8639e-02 | a: 8.1133e-03, BC: 1.0237e-04, m: 1.5709e-03, u: 8.2687e-04, v: 6.7655e-04, pde_a: 3.7953e-03 geom: 2.3031e-05
Epoch: 1810/5000 - Time: 10.72s - Loss: 2.9082e-02 | a: 8.1368e-03, BC: 1.0649e-04, m: 1.5733e-03, u: 8.1315e-04, v: 7.3088e-04, pde_a: 3.8032e-03 geom: 2.2011e-05
Epoch: 1820/5000 - Time: 10.87s - Loss: 2.8151e-02 | a: 8.0689e-03, BC: 9.1881e-05, m: 1.5437e-03, u: 7.8462e-04, v: 6.8596e-04, pde_a: 3.7179e-03 geom: 2.2591e-05
Epoch: 1830/5000 - Time: 10.81s - Loss: 2.8879e-02 | a: 8.4912e-03, BC: 9.3062e-05, m: 1.5605e-03, u: 7.4534e-04, v: 7.5179e-04, pde_a: 3.7401e-03 geom: 2.3151e-05
Epoch: 1840/5000 - Time: 10.89s - Loss: 2.9572e-02 | a: 8.5603e-03, BC: 1.0308e-04, m: 1.5661e-03, u: 8.2993e-04, v: 7.4614e-04, pde_a: 3.5572e-03 geom: 2.4433e-05
Epoch: 1850/5000 - Time: 10.82s - Loss: 2.9363e-02 | a: 7.9248e-03, BC: 1.0045e-04, m: 1.5629e-03, u: 8.1696e-04, v: 7.8632e-04, pde_a: 3.7204e-03 geom: 2.2026e-05
Epoch: 1860/5000 - Time: 10.74s - Loss: 2.8700e-02 | a: 8.3082e-03, BC: 1.0127e-04, m: 1.5482e-03, u: 8.0737e-04, v: 6.9427e-04, pde_a: 3.7038e-03 geom: 2.2050e-05
Epoch: 1870/5000 - Time: 10.78s - Loss: 2.8168e-02 | a: 7.8406e-03, BC: 9.9299e-05, m: 1.5545e-03, u: 8.0804e-04, v: 6.8670e-04, pde_a: 3.7048e-03 geom: 2.1692e-05
Epoch: 1880/5000 - Time: 10.27s - Loss: 2.9642e-02 | a: 8.3605e-03, BC: 1.0985e-04, m: 1.5666e-03, u: 8.6413e-04, v: 7.1508e-04, pde_a: 3.7896e-03 geom: 2.3047e-05
Epoch: 1890/5000 - Time: 9.88s - Loss: 2.9329e-02 | a: 7.9516e-03, BC: 1.0344e-04, m: 1.5512e-03, u: 8.4173e-04, v: 7.5796e-04, pde_a: 3.7029e-03 geom: 2.2813e-05
Epoch: 1900/5000 - Time: 10.27s - Loss: 2.9727e-02 | a: 8.8001e-03, BC: 9.3349e-05, m: 1.5542e-03, u: 8.3670e-04, v: 6.9943e-04, pde_a: 3.8947e-03 geom: 2.3771e-05
Epoch: 1910/5000 - Time: 10.75s - Loss: 2.9196e-02 | a: 7.9937e-03, BC: 9.7039e-05, m: 1.5527e-03, u: 8.5599e-04, v: 7.3498e-04, pde_a: 3.6208e-03 geom: 2.1717e-05
Epoch: 1920/5000 - Time: 10.46s - Loss: 2.8418e-02 | a: 8.1274e-03, BC: 1.3239e-04, m: 1.5512e-03, u: 8.0220e-04, v: 6.9186e-04, pde_a: 3.6442e-03 geom: 2.1771e-05
Epoch: 1930/5000 - Time: 10.03s - Loss: 2.9334e-02 | a: 8.6132e-03, BC: 1.1052e-04, m: 1.5488e-03, u: 8.1882e-04, v: 7.0979e-04, pde_a: 3.7514e-03 geom: 2.4119e-05
Epoch: 1940/5000 - Time: 10.39s - Loss: 2.8303e-02 | a: 8.0042e-03, BC: 9.7012e-05, m: 1.5446e-03, u: 8.3236e-04, v: 6.6309e-04, pde_a: 3.6812e-03 geom: 2.1764e-05
Epoch: 1950/5000 - Time: 10.82s - Loss: 2.8025e-02 | a: 7.9981e-03, BC: 1.0335e-04, m: 1.5429e-03, u: 7.9375e-04, v: 6.7111e-04, pde_a: 3.7110e-03 geom: 2.0958e-05
Epoch: 1960/5000 - Time: 10.83s - Loss: 2.8058e-02 | a: 7.8552e-03, BC: 1.0237e-04, m: 1.5440e-03, u: 7.9491e-04, v: 6.8184e-04, pde_a: 3.7670e-03 geom: 2.2390e-05
Epoch: 1970/5000 - Time: 9.94s - Loss: 2.8074e-02 | a: 8.0821e-03, BC: 9.8410e-05, m: 1.5340e-03, u: 8.0428e-04, v: 6.5887e-04, pde_a: 3.7057e-03 geom: 2.2333e-05
Epoch: 1980/5000 - Time: 9.87s - Loss: 2.8159e-02 | a: 7.7733e-03, BC: 1.0202e-04, m: 1.5515e-03, u: 8.2908e-04, v: 6.7542e-04, pde_a: 3.6660e-03 geom: 2.1539e-05
Epoch: 1990/5000 - Time: 9.85s - Loss: 3.0276e-02 | a: 8.6321e-03, BC: 1.0682e-04, m: 1.5552e-03, u: 8.7983e-04, v: 7.4417e-04, pde_a: 3.7188e-03 geom: 2.3037e-05
Epoch: 2000/5000 - Time: 9.74s - Loss: 2.9155e-02 | a: 8.1254e-03, BC: 1.0817e-04, m: 1.5474e-03, u: 8.5357e-04, v: 7.1709e-04, pde_a: 3.6454e-03 geom: 2.1930e-05
Epoch: 2010/5000 - Time: 9.80s - Loss: 2.7743e-02 | a: 8.0693e-03, BC: 1.0596e-04, m: 1.5457e-03, u: 7.7481e-04, v: 6.6056e-04, pde_a: 3.6456e-03 geom: 2.2897e-05
Epoch: 2020/5000 - Time: 9.89s - Loss: 2.9131e-02 | a: 8.3327e-03, BC: 1.1277e-04, m: 1.5637e-03, u: 8.0761e-04, v: 7.2628e-04, pde_a: 3.7594e-03 geom: 2.3775e-05
Epoch: 2030/5000 - Time: 10.49s - Loss: 2.8588e-02 | a: 7.7713e-03, BC: 1.0509e-04, m: 1.5424e-03, u: 8.2061e-04, v: 7.2679e-04, pde_a: 3.6725e-03 geom: 2.2573e-05
Epoch: 2040/5000 - Time: 10.69s - Loss: 2.8587e-02 | a: 8.1796e-03, BC: 1.0556e-04, m: 1.5446e-03, u: 8.1566e-04, v: 6.7441e-04, pde_a: 3.8344e-03 geom: 2.2171e-05
Epoch: 2050/5000 - Time: 10.33s - Loss: 2.7746e-02 | a: 7.8650e-03, BC: 1.0591e-04, m: 1.5427e-03, u: 7.8618e-04, v: 6.7092e-04, pde_a: 3.6391e-03 geom: 2.1948e-05
Epoch: 2060/5000 - Time: 9.94s - Loss: 2.8365e-02 | a: 8.1239e-03, BC: 1.0850e-04, m: 1.5542e-03, u: 7.9159e-04, v: 6.9518e-04, pde_a: 3.6882e-03 geom: 2.2284e-05
Epoch: 2070/5000 - Time: 9.89s - Loss: 2.8005e-02 | a: 8.1796e-03, BC: 1.0172e-04, m: 1.5474e-03, u: 7.7001e-04, v: 6.7748e-04, pde_a: 3.6788e-03 geom: 2.2540e-05
Epoch: 2080/5000 - Time: 9.76s - Loss: 2.8149e-02 | a: 8.2481e-03, BC: 1.0236e-04, m: 1.5535e-03, u: 7.8706e-04, v: 6.7231e-04, pde_a: 3.6287e-03 geom: 2.2468e-05
Epoch: 2090/5000 - Time: 10.39s - Loss: 2.9855e-02 | a: 8.6455e-03, BC: 1.1693e-04, m: 1.5509e-03, u: 8.8550e-04, v: 6.9890e-04, pde_a: 3.6725e-03 geom: 2.4997e-05
Epoch: 2100/5000 - Time: 9.90s - Loss: 2.8323e-02 | a: 8.2210e-03, BC: 9.5442e-05, m: 1.5454e-03, u: 7.9168e-04, v: 6.8652e-04, pde_a: 3.6558e-03 geom: 2.2964e-05
Epoch: 2110/5000 - Time: 9.69s - Loss: 2.7724e-02 | a: 8.1164e-03, BC: 1.0524e-04, m: 1.5361e-03, u: 7.6799e-04, v: 6.6236e-04, pde_a: 3.6406e-03 geom: 2.1933e-05
Epoch: 2120/5000 - Time: 9.92s - Loss: 2.8573e-02 | a: 8.4824e-03, BC: 1.1506e-04, m: 1.5529e-03, u: 8.1080e-04, v: 6.6576e-04, pde_a: 3.6335e-03 geom: 2.3869e-05
Epoch: 2130/5000 - Time: 9.96s - Loss: 3.0407e-02 | a: 9.1027e-03, BC: 1.1015e-04, m: 1.5507e-03, u: 8.4018e-04, v: 7.4084e-04, pde_a: 3.8086e-03 geom: 2.4669e-05
Epoch: 2140/5000 - Time: 9.94s - Loss: 2.9187e-02 | a: 8.0971e-03, BC: 1.0609e-04, m: 1.5435e-03, u: 8.5127e-04, v: 7.1584e-04, pde_a: 3.7464e-03 geom: 2.2811e-05
Epoch: 2150/5000 - Time: 9.96s - Loss: 2.9164e-02 | a: 7.9484e-03, BC: 9.1127e-05, m: 1.5444e-03, u: 8.1502e-04, v: 7.8077e-04, pde_a: 3.6004e-03 geom: 2.1937e-05
Epoch: 2160/5000 - Time: 9.86s - Loss: 2.8231e-02 | a: 7.8790e-03, BC: 1.1203e-04, m: 1.5393e-03, u: 7.9817e-04, v: 7.0558e-04, pde_a: 3.6419e-03 geom: 2.1653e-05
Epoch: 2170/5000 - Time: 9.85s - Loss: 2.9117e-02 | a: 8.2524e-03, BC: 1.1842e-04, m: 1.5365e-03, u: 8.4901e-04, v: 6.9974e-04, pde_a: 3.7009e-03 geom: 2.1548e-05
Epoch: 2180/5000 - Time: 10.70s - Loss: 2.9050e-02 | a: 8.1440e-03, BC: 1.0590e-04, m: 1.5439e-03, u: 8.1381e-04, v: 7.3882e-04, pde_a: 3.7080e-03 geom: 2.1965e-05
Epoch: 2190/5000 - Time: 10.75s - Loss: 2.9286e-02 | a: 8.3656e-03, BC: 1.0377e-04, m: 1.5397e-03, u: 8.5827e-04, v: 7.0883e-04, pde_a: 3.5836e-03 geom: 2.2377e-05
Epoch: 2200/5000 - Time: 10.92s - Loss: 2.9100e-02 | a: 8.3815e-03, BC: 1.0153e-04, m: 1.5428e-03, u: 8.5302e-04, v: 6.8609e-04, pde_a: 3.6605e-03 geom: 2.2883e-05
Epoch: 2210/5000 - Time: 10.83s - Loss: 3.0228e-02 | a: 8.6589e-03, BC: 1.2119e-04, m: 1.5527e-03, u: 8.7140e-04, v: 7.4534e-04, pde_a: 3.7051e-03 geom: 2.2856e-05
Epoch: 2220/5000 - Time: 10.94s - Loss: 2.8991e-02 | a: 8.3280e-03, BC: 1.0799e-04, m: 1.5642e-03, u: 8.5227e-04, v: 6.8360e-04, pde_a: 3.6097e-03 geom: 2.2861e-05
Epoch: 2230/5000 - Time: 10.64s - Loss: 2.8110e-02 | a: 8.0043e-03, BC: 1.0745e-04, m: 1.5455e-03, u: 7.8352e-04, v: 6.8814e-04, pde_a: 3.7144e-03 geom: 2.1934e-05
Epoch: 2240/5000 - Time: 9.90s - Loss: 2.7824e-02 | a: 7.9500e-03, BC: 1.0307e-04, m: 1.5375e-03, u: 7.9563e-04, v: 6.6761e-04, pde_a: 3.5786e-03 geom: 2.2202e-05
Epoch: 2250/5000 - Time: 9.87s - Loss: 3.0624e-02 | a: 8.6469e-03, BC: 1.1460e-04, m: 1.5409e-03, u: 8.8038e-04, v: 7.8192e-04, pde_a: 3.6738e-03 geom: 2.4518e-05
Epoch: 2260/5000 - Time: 9.90s - Loss: 2.8808e-02 | a: 8.5321e-03, BC: 9.7148e-05, m: 1.5265e-03, u: 8.0710e-04, v: 6.9272e-04, pde_a: 3.6303e-03 geom: 2.3340e-05
Epoch: 2270/5000 - Time: 9.89s - Loss: 2.8970e-02 | a: 8.1692e-03, BC: 1.1079e-04, m: 1.5318e-03, u: 8.2694e-04, v: 7.2216e-04, pde_a: 3.6449e-03 geom: 2.2502e-05
Epoch: 2280/5000 - Time: 10.08s - Loss: 2.8488e-02 | a: 8.0691e-03, BC: 1.0223e-04, m: 1.5343e-03, u: 8.2948e-04, v: 6.7529e-04, pde_a: 3.7120e-03 geom: 2.2150e-05
Epoch: 2290/5000 - Time: 10.42s - Loss: 3.1966e-02 | a: 9.1947e-03, BC: 1.3449e-04, m: 1.5503e-03, u: 9.7100e-04, v: 7.6337e-04, pde_a: 3.7191e-03 geom: 2.3974e-05
Epoch: 2300/5000 - Time: 10.55s - Loss: 2.8572e-02 | a: 8.2647e-03, BC: 9.6195e-05, m: 1.5339e-03, u: 8.0606e-04, v: 6.8677e-04, pde_a: 3.7262e-03 geom: 2.2956e-05
Epoch: 2310/5000 - Time: 9.85s - Loss: 3.0102e-02 | a: 8.0636e-03, BC: 9.9117e-05, m: 1.5424e-03, u: 9.4966e-04, v: 7.1568e-04, pde_a: 3.7204e-03 geom: 2.3151e-05
Epoch: 2320/5000 - Time: 9.82s - Loss: 2.9464e-02 | a: 8.5718e-03, BC: 1.0421e-04, m: 1.5461e-03, u: 8.1975e-04, v: 7.3734e-04, pde_a: 3.6470e-03 geom: 2.3925e-05
Epoch: 2330/5000 - Time: 9.88s - Loss: 2.8672e-02 | a: 7.8501e-03, BC: 9.2581e-05, m: 1.5420e-03, u: 8.7032e-04, v: 6.9016e-04, pde_a: 3.5603e-03 geom: 2.1698e-05
Epoch: 2340/5000 - Time: 9.75s - Loss: 2.9266e-02 | a: 8.0983e-03, BC: 1.0629e-04, m: 1.5306e-03, u: 8.3900e-04, v: 7.4655e-04, pde_a: 3.6530e-03 geom: 2.2612e-05
Epoch: 2350/5000 - Time: 10.04s - Loss: 2.7780e-02 | a: 8.3232e-03, BC: 1.0498e-04, m: 1.5208e-03, u: 7.6264e-04, v: 6.4594e-04, pde_a: 3.7224e-03 geom: 2.2566e-05
Epoch: 2360/5000 - Time: 10.64s - Loss: 2.8739e-02 | a: 8.4492e-03, BC: 9.5255e-05, m: 1.5302e-03, u: 8.1461e-04, v: 6.6989e-04, pde_a: 3.7958e-03 geom: 2.3491e-05
Epoch: 2370/5000 - Time: 9.99s - Loss: 2.8927e-02 | a: 7.9844e-03, BC: 9.8533e-05, m: 1.5346e-03, u: 8.4260e-04, v: 7.1910e-04, pde_a: 3.6705e-03 geom: 2.2157e-05
Epoch: 2380/5000 - Time: 9.79s - Loss: 3.1819e-02 | a: 8.8203e-03, BC: 1.2000e-04, m: 1.5493e-03, u: 8.9625e-04, v: 8.6685e-04, pde_a: 3.6746e-03 geom: 2.4291e-05
Epoch: 2390/5000 - Time: 10.10s - Loss: 2.8256e-02 | a: 8.0336e-03, BC: 1.1031e-04, m: 1.5244e-03, u: 8.1844e-04, v: 6.8184e-04, pde_a: 3.5630e-03 geom: 2.2005e-05
Epoch: 2400/5000 - Time: 10.80s - Loss: 2.8741e-02 | a: 8.4013e-03, BC: 1.0192e-04, m: 1.5369e-03, u: 8.0141e-04, v: 6.9920e-04, pde_a: 3.6721e-03 geom: 2.2249e-05
Epoch: 2410/5000 - Time: 10.17s - Loss: 2.8128e-02 | a: 8.3517e-03, BC: 1.0675e-04, m: 1.5274e-03, u: 7.7553e-04, v: 6.7571e-04, pde_a: 3.6076e-03 geom: 2.2135e-05
Epoch: 2420/5000 - Time: 9.77s - Loss: 2.8502e-02 | a: 7.9725e-03, BC: 1.1449e-04, m: 1.5220e-03, u: 8.3084e-04, v: 6.9240e-04, pde_a: 3.6382e-03 geom: 2.2576e-05
Epoch: 2430/5000 - Time: 10.35s - Loss: 3.0238e-02 | a: 7.9317e-03, BC: 1.0678e-04, m: 1.5265e-03, u: 8.8366e-04, v: 8.0681e-04, pde_a: 3.7442e-03 geom: 2.3765e-05
Epoch: 2440/5000 - Time: 10.63s - Loss: 2.7128e-02 | a: 7.9829e-03, BC: 1.0049e-04, m: 1.5163e-03, u: 7.5434e-04, v: 6.3601e-04, pde_a: 3.6029e-03 geom: 2.2286e-05
Saving checkpoint at epoch 2440 with loss 2.7128e-02
Epoch: 2450/5000 - Time: 10.89s - Loss: 2.8741e-02 | a: 7.9367e-03, BC: 1.1380e-04, m: 1.5206e-03, u: 8.7160e-04, v: 6.6809e-04, pde_a: 3.7509e-03 geom: 2.2087e-05
Epoch: 2460/5000 - Time: 10.91s - Loss: 2.8703e-02 | a: 8.0988e-03, BC: 1.0157e-04, m: 1.5332e-03, u: 8.1567e-04, v: 7.1310e-04, pde_a: 3.6595e-03 geom: 2.2119e-05
Epoch: 2470/5000 - Time: 10.84s - Loss: 2.8051e-02 | a: 7.9280e-03, BC: 1.0048e-04, m: 1.5372e-03, u: 8.2021e-04, v: 6.6944e-04, pde_a: 3.5664e-03 geom: 2.2614e-05
Epoch: 2480/5000 - Time: 10.84s - Loss: 2.7410e-02 | a: 7.8811e-03, BC: 9.6311e-05, m: 1.5252e-03, u: 7.8153e-04, v: 6.4375e-04, pde_a: 3.6322e-03 geom: 2.2324e-05
Epoch: 2490/5000 - Time: 10.74s - Loss: 2.8365e-02 | a: 8.5296e-03, BC: 9.4710e-05, m: 1.5344e-03, u: 7.7162e-04, v: 6.9049e-04, pde_a: 3.5615e-03 geom: 2.3547e-05
Epoch: 2500/5000 - Time: 9.67s - Loss: 3.0261e-02 | a: 7.8971e-03, BC: 1.2254e-04, m: 1.5376e-03, u: 9.3776e-04, v: 7.5833e-04, pde_a: 3.7215e-03 geom: 2.1690e-05
Epoch: 2510/5000 - Time: 9.66s - Loss: 3.0125e-02 | a: 8.1565e-03, BC: 1.0665e-04, m: 1.5273e-03, u: 9.0281e-04, v: 7.6663e-04, pde_a: 3.6181e-03 geom: 2.2374e-05
Epoch: 2520/5000 - Time: 9.93s - Loss: 2.8131e-02 | a: 7.9961e-03, BC: 9.7331e-05, m: 1.5344e-03, u: 8.1343e-04, v: 6.6461e-04, pde_a: 3.7012e-03 geom: 2.1853e-05
Epoch: 2530/5000 - Time: 9.74s - Loss: 2.8679e-02 | a: 8.0992e-03, BC: 1.0851e-04, m: 1.5279e-03, u: 8.1753e-04, v: 7.0710e-04, pde_a: 3.6744e-03 geom: 2.2406e-05
Epoch: 2540/5000 - Time: 9.75s - Loss: 2.8326e-02 | a: 7.9210e-03, BC: 8.9657e-05, m: 1.5269e-03, u: 8.1980e-04, v: 6.8406e-04, pde_a: 3.7279e-03 geom: 2.1643e-05
Epoch: 2550/5000 - Time: 10.05s - Loss: 2.8533e-02 | a: 7.9730e-03, BC: 9.3815e-05, m: 1.5354e-03, u: 8.1254e-04, v: 7.0814e-04, pde_a: 3.7021e-03 geom: 2.1455e-05
Epoch: 2560/5000 - Time: 10.00s - Loss: 2.8633e-02 | a: 7.9145e-03, BC: 1.0006e-04, m: 1.5298e-03, u: 8.0835e-04, v: 7.3154e-04, pde_a: 3.6670e-03 geom: 2.2365e-05
Epoch: 2570/5000 - Time: 9.79s - Loss: 2.8084e-02 | a: 7.8892e-03, BC: 9.8952e-05, m: 1.5210e-03, u: 8.0715e-04, v: 6.7963e-04, pde_a: 3.6842e-03 geom: 2.2405e-05
Epoch: 2580/5000 - Time: 10.65s - Loss: 2.7940e-02 | a: 8.1389e-03, BC: 1.1450e-04, m: 1.5115e-03, u: 7.8864e-04, v: 6.6538e-04, pde_a: 3.6126e-03 geom: 2.1673e-05
Epoch: 2590/5000 - Time: 10.84s - Loss: 3.1116e-02 | a: 8.6010e-03, BC: 1.0973e-04, m: 1.5331e-03, u: 9.4829e-04, v: 7.3962e-04, pde_a: 3.9698e-03 geom: 2.3545e-05
Epoch: 2600/5000 - Time: 9.85s - Loss: 2.8204e-02 | a: 8.2844e-03, BC: 1.0869e-04, m: 1.5298e-03, u: 7.5361e-04, v: 6.8597e-04, pde_a: 3.8619e-03 geom: 2.3606e-05
Epoch: 2610/5000 - Time: 9.74s - Loss: 3.0165e-02 | a: 8.0441e-03, BC: 1.0184e-04, m: 1.5336e-03, u: 8.9435e-04, v: 7.7996e-04, pde_a: 3.7205e-03 geom: 2.2271e-05
Epoch: 2620/5000 - Time: 9.87s - Loss: 2.8687e-02 | a: 8.1100e-03, BC: 1.1093e-04, m: 1.5385e-03, u: 8.1939e-04, v: 6.9649e-04, pde_a: 3.7461e-03 geom: 2.2975e-05
Epoch: 2630/5000 - Time: 9.81s - Loss: 2.9215e-02 | a: 8.4263e-03, BC: 1.0019e-04, m: 1.5207e-03, u: 7.9512e-04, v: 7.5422e-04, pde_a: 3.6512e-03 geom: 2.3654e-05
Epoch: 2640/5000 - Time: 9.94s - Loss: 2.8639e-02 | a: 7.6783e-03, BC: 1.0078e-04, m: 1.5204e-03, u: 8.0859e-04, v: 7.5670e-04, pde_a: 3.6649e-03 geom: 2.2234e-05
Epoch: 2650/5000 - Time: 9.83s - Loss: 2.8773e-02 | a: 7.8891e-03, BC: 9.7932e-05, m: 1.5242e-03, u: 8.5555e-04, v: 7.0635e-04, pde_a: 3.6208e-03 geom: 2.2159e-05
Epoch: 2660/5000 - Time: 10.04s - Loss: 2.7650e-02 | a: 8.3168e-03, BC: 1.0233e-04, m: 1.5130e-03, u: 7.5988e-04, v: 6.4396e-04, pde_a: 3.6576e-03 geom: 2.1775e-05
Epoch: 2670/5000 - Time: 10.58s - Loss: 2.7911e-02 | a: 7.9444e-03, BC: 1.0399e-04, m: 1.5110e-03, u: 7.9632e-04, v: 6.7679e-04, pde_a: 3.5989e-03 geom: 2.1772e-05
Epoch: 2680/5000 - Time: 10.64s - Loss: 2.7762e-02 | a: 7.9462e-03, BC: 1.0775e-04, m: 1.5109e-03, u: 7.7312e-04, v: 6.7130e-04, pde_a: 3.7314e-03 geom: 2.1881e-05
Epoch: 2690/5000 - Time: 10.71s - Loss: 2.8697e-02 | a: 8.2359e-03, BC: 1.1612e-04, m: 1.5171e-03, u: 8.1497e-04, v: 6.9693e-04, pde_a: 3.6868e-03 geom: 2.1969e-05
Epoch: 2700/5000 - Time: 10.04s - Loss: 2.8406e-02 | a: 7.9521e-03, BC: 9.8251e-05, m: 1.5233e-03, u: 8.3836e-04, v: 6.8759e-04, pde_a: 3.5510e-03 geom: 2.1747e-05
Epoch: 2710/5000 - Time: 10.49s - Loss: 2.9895e-02 | a: 7.8428e-03, BC: 1.0569e-04, m: 1.5109e-03, u: 8.9900e-04, v: 7.6799e-04, pde_a: 3.7438e-03 geom: 2.1530e-05
Epoch: 2720/5000 - Time: 10.50s - Loss: 2.7812e-02 | a: 7.7710e-03, BC: 9.8420e-05, m: 1.5153e-03, u: 7.7964e-04, v: 6.9974e-04, pde_a: 3.6124e-03 geom: 2.1504e-05
Epoch: 2730/5000 - Time: 10.55s - Loss: 2.7947e-02 | a: 8.3914e-03, BC: 1.1834e-04, m: 1.5319e-03, u: 7.7061e-04, v: 6.6970e-04, pde_a: 3.4793e-03 geom: 2.3336e-05
Epoch: 2740/5000 - Time: 10.57s - Loss: 2.7940e-02 | a: 7.8550e-03, BC: 9.6415e-05, m: 1.5055e-03, u: 8.2731e-04, v: 6.6348e-04, pde_a: 3.5534e-03 geom: 2.1449e-05
Epoch: 2750/5000 - Time: 10.87s - Loss: 2.7969e-02 | a: 7.8922e-03, BC: 9.5340e-05, m: 1.5102e-03, u: 8.0671e-04, v: 6.8173e-04, pde_a: 3.5643e-03 geom: 2.2179e-05
Epoch: 2760/5000 - Time: 10.01s - Loss: 2.9345e-02 | a: 8.1261e-03, BC: 1.0268e-04, m: 1.5074e-03, u: 8.2288e-04, v: 7.6802e-04, pde_a: 3.6787e-03 geom: 2.1545e-05
Epoch: 2770/5000 - Time: 9.76s - Loss: 2.8487e-02 | a: 8.1799e-03, BC: 9.8375e-05, m: 1.5235e-03, u: 8.3060e-04, v: 6.7451e-04, pde_a: 3.6112e-03 geom: 2.2679e-05
Epoch: 2780/5000 - Time: 9.86s - Loss: 2.9551e-02 | a: 8.6346e-03, BC: 9.8516e-05, m: 1.5235e-03, u: 8.3143e-04, v: 7.3281e-04, pde_a: 3.6287e-03 geom: 2.3212e-05
Epoch: 2790/5000 - Time: 9.77s - Loss: 2.8587e-02 | a: 8.4986e-03, BC: 1.1138e-04, m: 1.5135e-03, u: 8.2123e-04, v: 6.5437e-04, pde_a: 3.6841e-03 geom: 2.3641e-05
Epoch: 2800/5000 - Time: 9.65s - Loss: 2.8578e-02 | a: 7.7172e-03, BC: 9.7481e-05, m: 1.5161e-03, u: 8.4868e-04, v: 7.1300e-04, pde_a: 3.6090e-03 geom: 2.1046e-05
Epoch: 2810/5000 - Time: 9.80s - Loss: 2.8814e-02 | a: 8.7024e-03, BC: 1.0293e-04, m: 1.5249e-03, u: 7.9089e-04, v: 6.9537e-04, pde_a: 3.5979e-03 geom: 2.3032e-05
Epoch: 2820/5000 - Time: 10.59s - Loss: 2.7968e-02 | a: 7.7696e-03, BC: 9.7354e-05, m: 1.5115e-03, u: 8.1070e-04, v: 6.8270e-04, pde_a: 3.6328e-03 geom: 2.2427e-05
Epoch: 2830/5000 - Time: 10.84s - Loss: 2.7198e-02 | a: 8.1198e-03, BC: 1.0054e-04, m: 1.5072e-03, u: 7.3635e-04, v: 6.5368e-04, pde_a: 3.5474e-03 geom: 2.2616e-05
Epoch: 2840/5000 - Time: 10.58s - Loss: 2.7274e-02 | a: 7.7622e-03, BC: 9.9814e-05, m: 1.5043e-03, u: 7.6005e-04, v: 6.6771e-04, pde_a: 3.6080e-03 geom: 2.1778e-05
Epoch: 2850/5000 - Time: 10.54s - Loss: 2.9142e-02 | a: 8.0240e-03, BC: 9.6214e-05, m: 1.5071e-03, u: 8.4436e-04, v: 7.4810e-04, pde_a: 3.5683e-03 geom: 2.1493e-05
Epoch: 2860/5000 - Time: 10.03s - Loss: 2.7137e-02 | a: 7.6537e-03, BC: 9.8043e-05, m: 1.5074e-03, u: 7.8197e-04, v: 6.4502e-04, pde_a: 3.5861e-03 geom: 2.1743e-05
Epoch: 2870/5000 - Time: 9.84s - Loss: 2.7815e-02 | a: 8.1609e-03, BC: 1.0504e-04, m: 1.5110e-03, u: 7.8443e-04, v: 6.6123e-04, pde_a: 3.5593e-03 geom: 2.2615e-05
Epoch: 2880/5000 - Time: 10.45s - Loss: 2.9185e-02 | a: 8.6846e-03, BC: 1.0583e-04, m: 1.5079e-03, u: 8.4224e-04, v: 6.7965e-04, pde_a: 3.6427e-03 geom: 2.4798e-05
Epoch: 2890/5000 - Time: 10.89s - Loss: 2.9144e-02 | a: 7.9666e-03, BC: 1.0216e-04, m: 1.5094e-03, u: 8.7945e-04, v: 7.1004e-04, pde_a: 3.6499e-03 geom: 2.1550e-05
Epoch: 2900/5000 - Time: 10.55s - Loss: 2.8536e-02 | a: 7.8505e-03, BC: 1.0286e-04, m: 1.5027e-03, u: 8.1726e-04, v: 7.3484e-04, pde_a: 3.5378e-03 geom: 2.1539e-05
Epoch: 2910/5000 - Time: 9.80s - Loss: 2.7804e-02 | a: 7.9307e-03, BC: 1.0286e-04, m: 1.5020e-03, u: 7.7934e-04, v: 6.8232e-04, pde_a: 3.6296e-03 geom: 2.1928e-05
Epoch: 2920/5000 - Time: 10.24s - Loss: 2.8402e-02 | a: 7.9291e-03, BC: 1.0069e-04, m: 1.5007e-03, u: 8.0166e-04, v: 7.1000e-04, pde_a: 3.7325e-03 geom: 2.2549e-05
Epoch: 2930/5000 - Time: 10.87s - Loss: 2.7945e-02 | a: 7.7330e-03, BC: 1.0037e-04, m: 1.5022e-03, u: 8.2318e-04, v: 6.7638e-04, pde_a: 3.5918e-03 geom: 2.1956e-05
Epoch: 2940/5000 - Time: 10.64s - Loss: 2.8220e-02 | a: 7.6317e-03, BC: 1.0283e-04, m: 1.5151e-03, u: 8.4075e-04, v: 6.9886e-04, pde_a: 3.5529e-03 geom: 2.1931e-05
Epoch: 2950/5000 - Time: 10.21s - Loss: 2.8180e-02 | a: 7.7370e-03, BC: 9.6754e-05, m: 1.5130e-03, u: 8.1539e-04, v: 7.1734e-04, pde_a: 3.4853e-03 geom: 2.0914e-05
Epoch: 2960/5000 - Time: 10.65s - Loss: 2.7887e-02 | a: 8.0227e-03, BC: 9.4221e-05, m: 1.4996e-03, u: 7.9187e-04, v: 6.7971e-04, pde_a: 3.5330e-03 geom: 2.1902e-05
Epoch: 2970/5000 - Time: 10.66s - Loss: 3.0774e-02 | a: 7.6877e-03, BC: 1.0590e-04, m: 1.5033e-03, u: 1.0016e-03, v: 7.8789e-04, pde_a: 3.5607e-03 geom: 2.1474e-05
Epoch: 2980/5000 - Time: 10.58s - Loss: 2.9418e-02 | a: 7.8967e-03, BC: 1.0657e-04, m: 1.5070e-03, u: 8.9027e-04, v: 7.2606e-04, pde_a: 3.7216e-03 geom: 2.2740e-05
Epoch: 2990/5000 - Time: 10.90s - Loss: 2.7763e-02 | a: 7.9419e-03, BC: 1.1563e-04, m: 1.5126e-03, u: 7.8028e-04, v: 6.7132e-04, pde_a: 3.6543e-03 geom: 2.2840e-05
Epoch: 3000/5000 - Time: 10.91s - Loss: 2.9813e-02 | a: 7.8957e-03, BC: 9.8698e-05, m: 1.5195e-03, u: 8.7213e-04, v: 7.7293e-04, pde_a: 3.8266e-03 geom: 2.1733e-05
Epoch: 3010/5000 - Time: 10.76s - Loss: 2.8060e-02 | a: 7.7881e-03, BC: 1.0246e-04, m: 1.5046e-03, u: 8.1598e-04, v: 6.9659e-04, pde_a: 3.5175e-03 geom: 2.1497e-05
Epoch: 3020/5000 - Time: 10.84s - Loss: 2.9010e-02 | a: 7.8061e-03, BC: 9.7481e-05, m: 1.5053e-03, u: 8.2514e-04, v: 7.5917e-04, pde_a: 3.7361e-03 geom: 2.1912e-05
Epoch: 3030/5000 - Time: 10.41s - Loss: 2.7990e-02 | a: 7.6650e-03, BC: 9.4714e-05, m: 1.4986e-03, u: 8.1202e-04, v: 6.8044e-04, pde_a: 3.7858e-03 geom: 2.1722e-05
Epoch: 3040/5000 - Time: 9.92s - Loss: 2.7920e-02 | a: 7.6146e-03, BC: 9.9789e-05, m: 1.5188e-03, u: 7.9887e-04, v: 7.0078e-04, pde_a: 3.6696e-03 geom: 2.1019e-05
Epoch: 3050/5000 - Time: 10.12s - Loss: 2.7732e-02 | a: 7.9631e-03, BC: 1.0441e-04, m: 1.4999e-03, u: 8.1024e-04, v: 6.3821e-04, pde_a: 3.6581e-03 geom: 2.1854e-05
Epoch: 3060/5000 - Time: 10.68s - Loss: 2.7750e-02 | a: 7.5992e-03, BC: 9.2644e-05, m: 1.4926e-03, u: 8.1671e-04, v: 6.6964e-04, pde_a: 3.6805e-03 geom: 2.1472e-05
Epoch: 3070/5000 - Time: 10.49s - Loss: 2.8746e-02 | a: 7.8849e-03, BC: 1.1482e-04, m: 1.5051e-03, u: 8.4182e-04, v: 7.0755e-04, pde_a: 3.7252e-03 geom: 2.2380e-05
Epoch: 3080/5000 - Time: 9.89s - Loss: 2.7583e-02 | a: 7.7981e-03, BC: 1.0662e-04, m: 1.5001e-03, u: 7.7570e-04, v: 6.7443e-04, pde_a: 3.6544e-03 geom: 2.2138e-05
Epoch: 3090/5000 - Time: 9.86s - Loss: 2.7388e-02 | a: 7.8321e-03, BC: 9.3851e-05, m: 1.4947e-03, u: 7.7124e-04, v: 6.7041e-04, pde_a: 3.5291e-03 geom: 2.1269e-05
Epoch: 3100/5000 - Time: 9.87s - Loss: 2.7825e-02 | a: 8.0304e-03, BC: 1.2240e-04, m: 1.5056e-03, u: 7.8963e-04, v: 6.6032e-04, pde_a: 3.6458e-03 geom: 2.1736e-05
Epoch: 3110/5000 - Time: 9.91s - Loss: 2.8880e-02 | a: 8.0297e-03, BC: 9.8798e-05, m: 1.5012e-03, u: 8.4134e-04, v: 7.1559e-04, pde_a: 3.6583e-03 geom: 2.2980e-05
Epoch: 3120/5000 - Time: 9.69s - Loss: 2.8927e-02 | a: 7.9577e-03, BC: 1.1692e-04, m: 1.5140e-03, u: 8.4505e-04, v: 7.1809e-04, pde_a: 3.6831e-03 geom: 2.3545e-05
Epoch: 3130/5000 - Time: 9.78s - Loss: 3.1452e-02 | a: 8.1377e-03, BC: 1.0419e-04, m: 1.5021e-03, u: 1.0305e-03, v: 7.7618e-04, pde_a: 3.6178e-03 geom: 2.3074e-05
Epoch: 3140/5000 - Time: 9.97s - Loss: 2.8033e-02 | a: 7.8935e-03, BC: 9.7128e-05, m: 1.4884e-03, u: 7.9724e-04, v: 6.9910e-04, pde_a: 3.5680e-03 geom: 2.2084e-05
Epoch: 3150/5000 - Time: 10.70s - Loss: 2.8503e-02 | a: 8.3089e-03, BC: 1.0512e-04, m: 1.5041e-03, u: 8.0835e-04, v: 6.7890e-04, pde_a: 3.6899e-03 geom: 2.2203e-05
Epoch: 3160/5000 - Time: 10.90s - Loss: 2.7873e-02 | a: 7.8751e-03, BC: 1.0113e-04, m: 1.4959e-03, u: 7.8754e-04, v: 6.9855e-04, pde_a: 3.5178e-03 geom: 2.1732e-05
Epoch: 3170/5000 - Time: 10.66s - Loss: 2.9913e-02 | a: 8.2287e-03, BC: 1.0749e-04, m: 1.5035e-03, u: 8.5250e-04, v: 7.7478e-04, pde_a: 3.7772e-03 geom: 2.3398e-05
Epoch: 3180/5000 - Time: 10.86s - Loss: 2.7419e-02 | a: 7.7728e-03, BC: 9.8861e-05, m: 1.4795e-03, u: 7.7301e-04, v: 6.7035e-04, pde_a: 3.6128e-03 geom: 2.1340e-05
Epoch: 3190/5000 - Time: 10.80s - Loss: 2.8621e-02 | a: 8.0362e-03, BC: 1.0445e-04, m: 1.4973e-03, u: 8.0534e-04, v: 7.3519e-04, pde_a: 3.5559e-03 geom: 2.2229e-05
Epoch: 3200/5000 - Time: 10.59s - Loss: 2.8107e-02 | a: 7.6334e-03, BC: 9.7427e-05, m: 1.5000e-03, u: 8.0232e-04, v: 7.2984e-04, pde_a: 3.5324e-03 geom: 2.2160e-05
Epoch: 3210/5000 - Time: 9.84s - Loss: 2.8477e-02 | a: 7.7739e-03, BC: 1.0125e-04, m: 1.4977e-03, u: 7.9052e-04, v: 7.2455e-04, pde_a: 3.9313e-03 geom: 2.2457e-05
Epoch: 3220/5000 - Time: 9.96s - Loss: 2.9806e-02 | a: 8.2967e-03, BC: 1.0960e-04, m: 1.5067e-03, u: 8.5624e-04, v: 7.7457e-04, pde_a: 3.5618e-03 geom: 2.2949e-05
Epoch: 3230/5000 - Time: 10.47s - Loss: 2.7315e-02 | a: 7.9791e-03, BC: 9.1287e-05, m: 1.4882e-03, u: 7.4627e-04, v: 6.5728e-04, pde_a: 3.6984e-03 geom: 2.2142e-05
Epoch: 3240/5000 - Time: 10.84s - Loss: 2.8552e-02 | a: 7.7751e-03, BC: 9.8720e-05, m: 1.5002e-03, u: 8.2955e-04, v: 7.2374e-04, pde_a: 3.6219e-03 geom: 2.2802e-05
Epoch: 3250/5000 - Time: 10.78s - Loss: 2.8967e-02 | a: 7.9108e-03, BC: 9.6125e-05, m: 1.4987e-03, u: 8.4065e-04, v: 7.4080e-04, pde_a: 3.6239e-03 geom: 2.3042e-05
Epoch: 3260/5000 - Time: 10.21s - Loss: 2.7562e-02 | a: 7.6896e-03, BC: 9.7117e-05, m: 1.4897e-03, u: 7.8197e-04, v: 6.8705e-04, pde_a: 3.5728e-03 geom: 2.2839e-05
Epoch: 3270/5000 - Time: 9.83s - Loss: 2.8156e-02 | a: 8.0812e-03, BC: 1.0739e-04, m: 1.4926e-03, u: 8.1042e-04, v: 6.7531e-04, pde_a: 3.5955e-03 geom: 2.2326e-05
Epoch: 3280/5000 - Time: 10.76s - Loss: 2.8277e-02 | a: 7.9594e-03, BC: 1.0503e-04, m: 1.4919e-03, u: 8.0242e-04, v: 6.7669e-04, pde_a: 3.9077e-03 geom: 2.1960e-05
Epoch: 3290/5000 - Time: 10.75s - Loss: 2.7956e-02 | a: 7.6300e-03, BC: 9.4832e-05, m: 1.4947e-03, u: 7.9576e-04, v: 6.9548e-04, pde_a: 3.8027e-03 geom: 2.1864e-05
Epoch: 3300/5000 - Time: 9.83s - Loss: 2.8688e-02 | a: 8.4565e-03, BC: 9.6874e-05, m: 1.5014e-03, u: 7.9839e-04, v: 7.0280e-04, pde_a: 3.5982e-03 geom: 2.3568e-05
Epoch: 3310/5000 - Time: 9.84s - Loss: 2.8516e-02 | a: 7.7722e-03, BC: 1.0437e-04, m: 1.5155e-03, u: 8.0456e-04, v: 7.4696e-04, pde_a: 3.5873e-03 geom: 2.1369e-05
Epoch: 3320/5000 - Time: 10.67s - Loss: 2.9714e-02 | a: 7.7167e-03, BC: 1.0727e-04, m: 1.4918e-03, u: 8.1317e-04, v: 8.5785e-04, pde_a: 3.6660e-03 geom: 2.1923e-05
Epoch: 3330/5000 - Time: 10.28s - Loss: 2.9823e-02 | a: 7.7930e-03, BC: 1.0294e-04, m: 1.5106e-03, u: 9.5875e-04, v: 7.1704e-04, pde_a: 3.6370e-03 geom: 2.1953e-05
Epoch: 3340/5000 - Time: 9.84s - Loss: 2.7982e-02 | a: 8.1260e-03, BC: 1.1649e-04, m: 1.4802e-03, u: 7.8261e-04, v: 6.8315e-04, pde_a: 3.5795e-03 geom: 2.2096e-05
Epoch: 3350/5000 - Time: 9.70s - Loss: 2.7784e-02 | a: 7.7914e-03, BC: 1.1389e-04, m: 1.4969e-03, u: 7.7403e-04, v: 7.0913e-04, pde_a: 3.5279e-03 geom: 2.1852e-05
Epoch: 3360/5000 - Time: 10.58s - Loss: 2.7893e-02 | a: 7.8327e-03, BC: 9.7157e-05, m: 1.4995e-03, u: 8.2153e-04, v: 6.5248e-04, pde_a: 3.7018e-03 geom: 2.1599e-05
Epoch: 3370/5000 - Time: 10.94s - Loss: 2.7656e-02 | a: 7.7342e-03, BC: 1.0470e-04, m: 1.4910e-03, u: 7.7293e-04, v: 6.8133e-04, pde_a: 3.7620e-03 geom: 2.1645e-05
Epoch: 3380/5000 - Time: 10.83s - Loss: 2.8932e-02 | a: 8.0660e-03, BC: 1.0739e-04, m: 1.5016e-03, u: 7.6960e-04, v: 7.9314e-04, pde_a: 3.6075e-03 geom: 2.2399e-05
Epoch: 3390/5000 - Time: 10.58s - Loss: 3.0352e-02 | a: 7.7648e-03, BC: 9.7444e-05, m: 1.4919e-03, u: 9.3364e-04, v: 8.0373e-04, pde_a: 3.6020e-03 geom: 2.2283e-05
Epoch: 3400/5000 - Time: 10.77s - Loss: 2.7885e-02 | a: 8.3808e-03, BC: 1.0530e-04, m: 1.5013e-03, u: 7.7595e-04, v: 6.5099e-04, pde_a: 3.6043e-03 geom: 2.3855e-05
Epoch: 3410/5000 - Time: 10.48s - Loss: 2.9340e-02 | a: 8.0427e-03, BC: 1.0485e-04, m: 1.4779e-03, u: 8.7718e-04, v: 7.2246e-04, pde_a: 3.6945e-03 geom: 2.3399e-05
Epoch: 3420/5000 - Time: 10.63s - Loss: 2.6911e-02 | a: 7.6900e-03, BC: 9.8907e-05, m: 1.4806e-03, u: 7.4341e-04, v: 6.3841e-04, pde_a: 3.8018e-03 geom: 2.1359e-05
Saving checkpoint at epoch 3420 with loss 2.6911e-02
Epoch: 3430/5000 - Time: 10.16s - Loss: 2.6758e-02 | a: 7.6310e-03, BC: 9.3913e-05, m: 1.4897e-03, u: 7.7470e-04, v: 6.2319e-04, pde_a: 3.5428e-03 geom: 2.2007e-05
Saving checkpoint at epoch 3430 with loss 2.6758e-02
Epoch: 3440/5000 - Time: 9.91s - Loss: 2.8525e-02 | a: 8.1074e-03, BC: 1.2064e-04, m: 1.4774e-03, u: 8.2251e-04, v: 6.9885e-04, pde_a: 3.5824e-03 geom: 2.3312e-05
Epoch: 3450/5000 - Time: 9.98s - Loss: 2.8213e-02 | a: 8.0390e-03, BC: 1.0596e-04, m: 1.4835e-03, u: 7.7625e-04, v: 7.1881e-04, pde_a: 3.6116e-03 geom: 2.2152e-05
Epoch: 3460/5000 - Time: 9.79s - Loss: 3.0179e-02 | a: 8.2442e-03, BC: 1.1016e-04, m: 1.4974e-03, u: 8.7768e-04, v: 7.9455e-04, pde_a: 3.5813e-03 geom: 2.3398e-05
Epoch: 3470/5000 - Time: 9.65s - Loss: 2.8145e-02 | a: 7.9556e-03, BC: 9.9056e-05, m: 1.4831e-03, u: 7.9337e-04, v: 7.0012e-04, pde_a: 3.6496e-03 geom: 2.2390e-05
Epoch: 3480/5000 - Time: 10.33s - Loss: 2.8491e-02 | a: 7.5753e-03, BC: 9.1141e-05, m: 1.4698e-03, u: 8.7289e-04, v: 6.8892e-04, pde_a: 3.7153e-03 geom: 2.1251e-05
Epoch: 3490/5000 - Time: 9.76s - Loss: 2.7914e-02 | a: 7.6141e-03, BC: 9.1747e-05, m: 1.4838e-03, u: 8.3142e-04, v: 6.7812e-04, pde_a: 3.6078e-03 geom: 2.1118e-05
Epoch: 3500/5000 - Time: 9.81s - Loss: 2.9892e-02 | a: 8.0875e-03, BC: 1.0488e-04, m: 1.4922e-03, u: 8.9454e-04, v: 7.6061e-04, pde_a: 3.6338e-03 geom: 2.2404e-05
Epoch: 3510/5000 - Time: 10.19s - Loss: 2.6705e-02 | a: 7.7019e-03, BC: 1.0795e-04, m: 1.4698e-03, u: 7.4495e-04, v: 6.3419e-04, pde_a: 3.6126e-03 geom: 2.1345e-05
Saving checkpoint at epoch 3510 with loss 2.6705e-02
Epoch: 3520/5000 - Time: 10.40s - Loss: 2.7805e-02 | a: 7.6470e-03, BC: 9.2672e-05, m: 1.4729e-03, u: 7.6096e-04, v: 7.4152e-04, pde_a: 3.5468e-03 geom: 2.1065e-05
Epoch: 3530/5000 - Time: 9.74s - Loss: 2.7877e-02 | a: 8.1499e-03, BC: 1.0200e-04, m: 1.4841e-03, u: 7.4664e-04, v: 7.0075e-04, pde_a: 3.6439e-03 geom: 2.3354e-05
Epoch: 3540/5000 - Time: 9.77s - Loss: 2.7811e-02 | a: 7.8076e-03, BC: 1.0272e-04, m: 1.4919e-03, u: 7.9295e-04, v: 6.7000e-04, pde_a: 3.7576e-03 geom: 2.2185e-05
Epoch: 3550/5000 - Time: 10.18s - Loss: 2.9093e-02 | a: 8.1095e-03, BC: 1.0802e-04, m: 1.4907e-03, u: 9.0741e-04, v: 6.8260e-04, pde_a: 3.4625e-03 geom: 2.2768e-05
Epoch: 3560/5000 - Time: 10.73s - Loss: 2.8598e-02 | a: 8.0836e-03, BC: 1.1647e-04, m: 1.4848e-03, u: 8.2240e-04, v: 7.0244e-04, pde_a: 3.6436e-03 geom: 2.1271e-05
Epoch: 3570/5000 - Time: 10.12s - Loss: 2.7353e-02 | a: 7.8969e-03, BC: 9.3371e-05, m: 1.4897e-03, u: 7.7560e-04, v: 6.5837e-04, pde_a: 3.5111e-03 geom: 2.2175e-05
Epoch: 3580/5000 - Time: 9.70s - Loss: 2.7637e-02 | a: 8.0280e-03, BC: 9.7158e-05, m: 1.4813e-03, u: 7.8253e-04, v: 6.6696e-04, pde_a: 3.5138e-03 geom: 2.2162e-05
Epoch: 3590/5000 - Time: 9.83s - Loss: 2.6902e-02 | a: 7.4948e-03, BC: 9.5076e-05, m: 1.4714e-03, u: 7.7747e-04, v: 6.3895e-04, pde_a: 3.6564e-03 geom: 2.0587e-05
Epoch: 3600/5000 - Time: 10.93s - Loss: 2.7531e-02 | a: 7.7207e-03, BC: 1.0308e-04, m: 1.4783e-03, u: 7.5662e-04, v: 7.1033e-04, pde_a: 3.5378e-03 geom: 2.1913e-05
Epoch: 3610/5000 - Time: 10.70s - Loss: 2.8891e-02 | a: 7.6345e-03, BC: 1.0955e-04, m: 1.4724e-03, u: 8.7109e-04, v: 7.3134e-04, pde_a: 3.6288e-03 geom: 2.1096e-05
Epoch: 3620/5000 - Time: 10.85s - Loss: 2.8895e-02 | a: 8.9636e-03, BC: 9.7570e-05, m: 1.4904e-03, u: 8.1307e-04, v: 6.6675e-04, pde_a: 3.5217e-03 geom: 2.3158e-05
Epoch: 3630/5000 - Time: 9.79s - Loss: 2.9510e-02 | a: 8.8095e-03, BC: 1.0870e-04, m: 1.4791e-03, u: 7.8067e-04, v: 7.5525e-04, pde_a: 3.7302e-03 geom: 2.3009e-05
Epoch: 3640/5000 - Time: 9.86s - Loss: 2.9243e-02 | a: 8.1232e-03, BC: 9.4239e-05, m: 1.4917e-03, u: 8.8953e-04, v: 6.8717e-04, pde_a: 3.7436e-03 geom: 2.3195e-05
Epoch: 3650/5000 - Time: 10.02s - Loss: 2.8200e-02 | a: 7.7833e-03, BC: 8.9292e-05, m: 1.4743e-03, u: 8.3306e-04, v: 6.7451e-04, pde_a: 3.7558e-03 geom: 2.2096e-05
Epoch: 3660/5000 - Time: 9.87s - Loss: 2.7266e-02 | a: 7.7306e-03, BC: 1.0447e-04, m: 1.4693e-03, u: 7.6037e-04, v: 6.5388e-04, pde_a: 3.7971e-03 geom: 2.2197e-05
Epoch: 3670/5000 - Time: 9.67s - Loss: 2.7038e-02 | a: 7.9795e-03, BC: 1.0467e-04, m: 1.4751e-03, u: 7.4781e-04, v: 6.4794e-04, pde_a: 3.4986e-03 geom: 2.2633e-05
Epoch: 3680/5000 - Time: 10.57s - Loss: 2.9015e-02 | a: 8.0397e-03, BC: 1.0087e-04, m: 1.4917e-03, u: 8.0925e-04, v: 7.6342e-04, pde_a: 3.6332e-03 geom: 2.2552e-05
Epoch: 3690/5000 - Time: 9.73s - Loss: 2.8557e-02 | a: 8.5369e-03, BC: 9.7157e-05, m: 1.4809e-03, u: 8.0621e-04, v: 6.7851e-04, pde_a: 3.5713e-03 geom: 2.3348e-05
Epoch: 3700/5000 - Time: 10.67s - Loss: 2.7603e-02 | a: 7.5445e-03, BC: 8.7231e-05, m: 1.4781e-03, u: 8.0490e-04, v: 6.7289e-04, pde_a: 3.6942e-03 geom: 2.1428e-05
Epoch: 3710/5000 - Time: 10.90s - Loss: 3.0075e-02 | a: 8.4824e-03, BC: 1.1652e-04, m: 1.4856e-03, u: 9.1398e-04, v: 7.2509e-04, pde_a: 3.5771e-03 geom: 2.2574e-05
Epoch: 3720/5000 - Time: 10.91s - Loss: 2.9230e-02 | a: 8.2458e-03, BC: 1.0713e-04, m: 1.4795e-03, u: 8.5591e-04, v: 7.1966e-04, pde_a: 3.6196e-03 geom: 2.2553e-05
Epoch: 3730/5000 - Time: 10.40s - Loss: 2.8650e-02 | a: 8.0792e-03, BC: 9.4011e-05, m: 1.4901e-03, u: 8.1088e-04, v: 7.1390e-04, pde_a: 3.7168e-03 geom: 2.2333e-05
Epoch: 3740/5000 - Time: 10.17s - Loss: 2.7805e-02 | a: 7.7066e-03, BC: 9.2010e-05, m: 1.4665e-03, u: 8.0820e-04, v: 6.8236e-04, pde_a: 3.6126e-03 geom: 2.1229e-05
Epoch: 3750/5000 - Time: 9.99s - Loss: 2.9181e-02 | a: 7.8542e-03, BC: 9.5861e-05, m: 1.4790e-03, u: 8.6741e-04, v: 7.4835e-04, pde_a: 3.5730e-03 geom: 2.1649e-05
Epoch: 3760/5000 - Time: 9.79s - Loss: 2.9357e-02 | a: 7.8008e-03, BC: 9.4492e-05, m: 1.4752e-03, u: 8.9047e-04, v: 7.4463e-04, pde_a: 3.6143e-03 geom: 2.1147e-05
Epoch: 3770/5000 - Time: 9.78s - Loss: 2.8113e-02 | a: 8.1389e-03, BC: 1.0467e-04, m: 1.4745e-03, u: 8.0572e-04, v: 6.8303e-04, pde_a: 3.4855e-03 geom: 2.1719e-05
Epoch: 3780/5000 - Time: 9.99s - Loss: 2.6634e-02 | a: 7.4094e-03, BC: 9.6273e-05, m: 1.4676e-03, u: 7.7302e-04, v: 6.3432e-04, pde_a: 3.5653e-03 geom: 2.1661e-05
Saving checkpoint at epoch 3780 with loss 2.6634e-02
Epoch: 3790/5000 - Time: 9.75s - Loss: 2.8713e-02 | a: 8.1054e-03, BC: 9.2444e-05, m: 1.4666e-03, u: 8.0298e-04, v: 7.1852e-04, pde_a: 3.8109e-03 geom: 2.2661e-05
Epoch: 3800/5000 - Time: 9.70s - Loss: 2.8495e-02 | a: 7.7399e-03, BC: 1.1486e-04, m: 1.4633e-03, u: 8.2319e-04, v: 7.2414e-04, pde_a: 3.6826e-03 geom: 2.1183e-05
Epoch: 3810/5000 - Time: 10.28s - Loss: 2.8597e-02 | a: 8.1777e-03, BC: 1.0636e-04, m: 1.4651e-03, u: 8.6801e-04, v: 6.6097e-04, pde_a: 3.5366e-03 geom: 2.1944e-05
Epoch: 3820/5000 - Time: 10.71s - Loss: 2.8143e-02 | a: 7.9154e-03, BC: 1.1128e-04, m: 1.4784e-03, u: 8.4786e-04, v: 6.5813e-04, pde_a: 3.5563e-03 geom: 2.1392e-05
Epoch: 3830/5000 - Time: 10.71s - Loss: 2.8393e-02 | a: 7.7830e-03, BC: 1.1007e-04, m: 1.4740e-03, u: 8.5660e-04, v: 6.8820e-04, pde_a: 3.5560e-03 geom: 2.1868e-05
Epoch: 3840/5000 - Time: 10.70s - Loss: 2.7565e-02 | a: 7.8851e-03, BC: 9.2562e-05, m: 1.4709e-03, u: 7.7135e-04, v: 6.8118e-04, pde_a: 3.5691e-03 geom: 2.1660e-05
Epoch: 3850/5000 - Time: 10.67s - Loss: 2.7724e-02 | a: 7.8178e-03, BC: 9.6761e-05, m: 1.4735e-03, u: 8.0408e-04, v: 6.6643e-04, pde_a: 3.6089e-03 geom: 2.1758e-05
Epoch: 3860/5000 - Time: 10.79s - Loss: 2.8262e-02 | a: 7.6229e-03, BC: 9.9312e-05, m: 1.4703e-03, u: 8.2491e-04, v: 7.2127e-04, pde_a: 3.5860e-03 geom: 2.1229e-05
Epoch: 3870/5000 - Time: 10.51s - Loss: 2.7785e-02 | a: 8.0340e-03, BC: 9.1003e-05, m: 1.4904e-03, u: 8.0260e-04, v: 6.5813e-04, pde_a: 3.5404e-03 geom: 2.2045e-05
Epoch: 3880/5000 - Time: 10.27s - Loss: 2.8213e-02 | a: 7.9690e-03, BC: 1.3544e-04, m: 1.4753e-03, u: 8.2097e-04, v: 6.7624e-04, pde_a: 3.6404e-03 geom: 2.1158e-05
Epoch: 3890/5000 - Time: 9.92s - Loss: 2.9512e-02 | a: 7.9479e-03, BC: 1.2026e-04, m: 1.4711e-03, u: 8.8382e-04, v: 7.4440e-04, pde_a: 3.6673e-03 geom: 2.3250e-05
Epoch: 3900/5000 - Time: 9.97s - Loss: 2.7645e-02 | a: 7.7856e-03, BC: 9.2013e-05, m: 1.4700e-03, u: 7.8295e-04, v: 6.9209e-04, pde_a: 3.5259e-03 geom: 2.0994e-05
Epoch: 3910/5000 - Time: 9.88s - Loss: 2.8718e-02 | a: 7.5827e-03, BC: 1.1062e-04, m: 1.4658e-03, u: 8.6146e-04, v: 7.3476e-04, pde_a: 3.5761e-03 geom: 2.0871e-05
Epoch: 3920/5000 - Time: 9.79s - Loss: 2.7026e-02 | a: 8.0047e-03, BC: 1.1192e-04, m: 1.4630e-03, u: 7.4251e-04, v: 6.3904e-04, pde_a: 3.6087e-03 geom: 2.2552e-05
Epoch: 3930/5000 - Time: 9.75s - Loss: 2.7564e-02 | a: 7.9548e-03, BC: 9.4757e-05, m: 1.4549e-03, u: 7.8186e-04, v: 6.6194e-04, pde_a: 3.5978e-03 geom: 2.3223e-05
Epoch: 3940/5000 - Time: 9.76s - Loss: 2.8304e-02 | a: 8.1133e-03, BC: 1.0466e-04, m: 1.4767e-03, u: 8.0053e-04, v: 7.0856e-04, pde_a: 3.4962e-03 geom: 2.2549e-05
Epoch: 3950/5000 - Time: 10.14s - Loss: 2.8748e-02 | a: 8.1128e-03, BC: 8.8756e-05, m: 1.4807e-03, u: 8.5470e-04, v: 6.9800e-04, pde_a: 3.5167e-03 geom: 2.1846e-05
Epoch: 3960/5000 - Time: 10.00s - Loss: 3.0127e-02 | a: 8.0125e-03, BC: 1.2121e-04, m: 1.4668e-03, u: 9.2520e-04, v: 7.6023e-04, pde_a: 3.6496e-03 geom: 2.2543e-05
Epoch: 3970/5000 - Time: 9.94s - Loss: 2.7538e-02 | a: 7.7536e-03, BC: 1.3179e-04, m: 1.4581e-03, u: 8.0295e-04, v: 6.6505e-04, pde_a: 3.4924e-03 geom: 2.1925e-05
Epoch: 3980/5000 - Time: 10.29s - Loss: 2.7416e-02 | a: 7.4617e-03, BC: 9.6414e-05, m: 1.4714e-03, u: 8.2274e-04, v: 6.5180e-04, pde_a: 3.6194e-03 geom: 2.1518e-05
Epoch: 3990/5000 - Time: 10.90s - Loss: 2.7277e-02 | a: 7.7885e-03, BC: 9.9611e-05, m: 1.4845e-03, u: 7.7387e-04, v: 6.5848e-04, pde_a: 3.5586e-03 geom: 2.2197e-05
Epoch: 4000/5000 - Time: 10.68s - Loss: 2.7367e-02 | a: 7.5710e-03, BC: 9.1994e-05, m: 1.4685e-03, u: 7.8885e-04, v: 6.7795e-04, pde_a: 3.5459e-03 geom: 2.1875e-05
Epoch: 4010/5000 - Time: 10.87s - Loss: 2.9004e-02 | a: 7.8774e-03, BC: 1.0895e-04, m: 1.4804e-03, u: 8.3448e-04, v: 7.4348e-04, pde_a: 3.7362e-03 geom: 2.1745e-05
Epoch: 4020/5000 - Time: 10.84s - Loss: 2.7743e-02 | a: 7.8366e-03, BC: 1.0126e-04, m: 1.4673e-03, u: 8.1440e-04, v: 6.5999e-04, pde_a: 3.5711e-03 geom: 2.3057e-05
Epoch: 4030/5000 - Time: 10.53s - Loss: 2.7747e-02 | a: 8.2651e-03, BC: 1.0641e-04, m: 1.4633e-03, u: 7.8086e-04, v: 6.4660e-04, pde_a: 3.6140e-03 geom: 2.3594e-05
Epoch: 4040/5000 - Time: 9.86s - Loss: 2.9690e-02 | a: 8.0609e-03, BC: 1.0478e-04, m: 1.4686e-03, u: 9.0422e-04, v: 7.2280e-04, pde_a: 3.7636e-03 geom: 2.2418e-05
Epoch: 4050/5000 - Time: 9.81s - Loss: 2.8752e-02 | a: 8.0948e-03, BC: 1.1795e-04, m: 1.4680e-03, u: 8.3246e-04, v: 7.0782e-04, pde_a: 3.6469e-03 geom: 2.1656e-05
Epoch: 4060/5000 - Time: 10.57s - Loss: 2.9721e-02 | a: 8.2112e-03, BC: 9.6329e-05, m: 1.4672e-03, u: 8.9235e-04, v: 7.3626e-04, pde_a: 3.6364e-03 geom: 2.3575e-05
Epoch: 4070/5000 - Time: 10.31s - Loss: 2.7265e-02 | a: 7.5606e-03, BC: 1.0876e-04, m: 1.4578e-03, u: 7.4428e-04, v: 7.0317e-04, pde_a: 3.6423e-03 geom: 2.1189e-05
Epoch: 4080/5000 - Time: 9.92s - Loss: 2.9766e-02 | a: 7.6743e-03, BC: 1.0038e-04, m: 1.4752e-03, u: 8.5800e-04, v: 8.3450e-04, pde_a: 3.5703e-03 geom: 2.0944e-05
Epoch: 4090/5000 - Time: 10.20s - Loss: 3.0195e-02 | a: 9.2442e-03, BC: 9.8684e-05, m: 1.4707e-03, u: 8.7936e-04, v: 7.0156e-04, pde_a: 3.5471e-03 geom: 2.4858e-05
Epoch: 4100/5000 - Time: 9.96s - Loss: 2.8113e-02 | a: 7.7919e-03, BC: 1.0245e-04, m: 1.4671e-03, u: 8.7415e-04, v: 6.4683e-04, pde_a: 3.5201e-03 geom: 2.1868e-05
Epoch: 4110/5000 - Time: 10.13s - Loss: 2.8518e-02 | a: 7.9513e-03, BC: 1.0328e-04, m: 1.4491e-03, u: 8.1713e-04, v: 7.1078e-04, pde_a: 3.7125e-03 geom: 2.2316e-05
Epoch: 4120/5000 - Time: 10.97s - Loss: 2.9753e-02 | a: 8.5948e-03, BC: 1.0331e-04, m: 1.4610e-03, u: 9.0223e-04, v: 7.0458e-04, pde_a: 3.5018e-03 geom: 2.3779e-05
Epoch: 4130/5000 - Time: 10.71s - Loss: 2.7270e-02 | a: 7.9728e-03, BC: 1.0404e-04, m: 1.4561e-03, u: 7.7069e-04, v: 6.4911e-04, pde_a: 3.5173e-03 geom: 2.2281e-05
Epoch: 4140/5000 - Time: 10.88s - Loss: 2.8059e-02 | a: 7.6745e-03, BC: 1.0798e-04, m: 1.4571e-03, u: 8.0255e-04, v: 7.0135e-04, pde_a: 3.7588e-03 geom: 2.1695e-05
Epoch: 4150/5000 - Time: 10.87s - Loss: 2.7755e-02 | a: 8.1439e-03, BC: 9.9847e-05, m: 1.4653e-03, u: 7.6454e-04, v: 6.7873e-04, pde_a: 3.5915e-03 geom: 2.1743e-05
Epoch: 4160/5000 - Time: 10.85s - Loss: 2.8896e-02 | a: 7.8719e-03, BC: 9.9014e-05, m: 1.4510e-03, u: 8.4987e-04, v: 7.3460e-04, pde_a: 3.6074e-03 geom: 2.1909e-05
Epoch: 4170/5000 - Time: 10.98s - Loss: 2.6864e-02 | a: 7.7542e-03, BC: 1.0005e-04, m: 1.4521e-03, u: 7.5642e-04, v: 6.4487e-04, pde_a: 3.5229e-03 geom: 2.1916e-05
Epoch: 4180/5000 - Time: 10.93s - Loss: 2.8825e-02 | a: 7.9870e-03, BC: 9.4474e-05, m: 1.4583e-03, u: 8.5805e-04, v: 7.0630e-04, pde_a: 3.6193e-03 geom: 2.2030e-05
Epoch: 4190/5000 - Time: 10.71s - Loss: 2.8500e-02 | a: 8.5494e-03, BC: 1.1472e-04, m: 1.4643e-03, u: 8.0254e-04, v: 6.7601e-04, pde_a: 3.5629e-03 geom: 2.3611e-05
Epoch: 4200/5000 - Time: 10.63s - Loss: 2.7193e-02 | a: 7.9251e-03, BC: 9.9157e-05, m: 1.4463e-03, u: 7.6625e-04, v: 6.5624e-04, pde_a: 3.4760e-03 geom: 2.1677e-05
Epoch: 4210/5000 - Time: 10.51s - Loss: 2.7627e-02 | a: 7.4348e-03, BC: 9.7950e-05, m: 1.4481e-03, u: 8.1119e-04, v: 6.7929e-04, pde_a: 3.7205e-03 geom: 2.0991e-05
Epoch: 4220/5000 - Time: 10.36s - Loss: 2.7727e-02 | a: 7.5394e-03, BC: 9.5201e-05, m: 1.4617e-03, u: 8.1496e-04, v: 6.8597e-04, pde_a: 3.6009e-03 geom: 2.0931e-05
Epoch: 4230/5000 - Time: 9.92s - Loss: 2.8273e-02 | a: 7.6335e-03, BC: 1.0220e-04, m: 1.4791e-03, u: 8.1663e-04, v: 7.1273e-04, pde_a: 3.7431e-03 geom: 2.2043e-05
Epoch: 4240/5000 - Time: 10.30s - Loss: 2.8547e-02 | a: 8.2933e-03, BC: 1.0313e-04, m: 1.4595e-03, u: 8.4745e-04, v: 6.6396e-04, pde_a: 3.5529e-03 geom: 2.3790e-05
Epoch: 4250/5000 - Time: 10.90s - Loss: 2.8686e-02 | a: 7.6324e-03, BC: 1.1740e-04, m: 1.4545e-03, u: 8.4939e-04, v: 7.3893e-04, pde_a: 3.5763e-03 geom: 2.2352e-05
Epoch: 4260/5000 - Time: 10.98s - Loss: 2.7457e-02 | a: 7.7559e-03, BC: 9.3991e-05, m: 1.4592e-03, u: 7.9271e-04, v: 6.6833e-04, pde_a: 3.5146e-03 geom: 2.2672e-05
Epoch: 4270/5000 - Time: 10.86s - Loss: 2.9201e-02 | a: 7.7309e-03, BC: 1.0376e-04, m: 1.4574e-03, u: 8.2110e-04, v: 8.1161e-04, pde_a: 3.5602e-03 geom: 2.1857e-05
Epoch: 4280/5000 - Time: 10.93s - Loss: 2.8087e-02 | a: 7.7948e-03, BC: 9.2337e-05, m: 1.4521e-03, u: 8.0361e-04, v: 7.0765e-04, pde_a: 3.6127e-03 geom: 2.2786e-05
Epoch: 4290/5000 - Time: 10.92s - Loss: 2.8979e-02 | a: 7.8482e-03, BC: 9.6690e-05, m: 1.4578e-03, u: 8.2034e-04, v: 7.7224e-04, pde_a: 3.6266e-03 geom: 2.3751e-05
Epoch: 4300/5000 - Time: 10.93s - Loss: 2.8000e-02 | a: 7.8347e-03, BC: 9.6632e-05, m: 1.4479e-03, u: 7.9965e-04, v: 7.0036e-04, pde_a: 3.5981e-03 geom: 2.2905e-05
Epoch: 4310/5000 - Time: 10.93s - Loss: 2.8604e-02 | a: 8.2789e-03, BC: 1.0183e-04, m: 1.4547e-03, u: 8.2089e-04, v: 6.8753e-04, pde_a: 3.6619e-03 geom: 2.2215e-05
Epoch: 4320/5000 - Time: 10.19s - Loss: 2.9673e-02 | a: 8.1734e-03, BC: 1.1595e-04, m: 1.4542e-03, u: 9.0127e-04, v: 7.3383e-04, pde_a: 3.5555e-03 geom: 2.2653e-05
Epoch: 4330/5000 - Time: 10.13s - Loss: 2.8420e-02 | a: 8.5561e-03, BC: 9.4419e-05, m: 1.4480e-03, u: 7.8908e-04, v: 6.9034e-04, pde_a: 3.5036e-03 geom: 2.4278e-05
Epoch: 4340/5000 - Time: 10.34s - Loss: 2.8962e-02 | a: 7.9590e-03, BC: 1.1509e-04, m: 1.4624e-03, u: 8.6141e-04, v: 7.2596e-04, pde_a: 3.5291e-03 geom: 2.3082e-05
Epoch: 4350/5000 - Time: 9.90s - Loss: 2.8251e-02 | a: 8.1437e-03, BC: 1.1996e-04, m: 1.4615e-03, u: 7.9604e-04, v: 6.8373e-04, pde_a: 3.7048e-03 geom: 2.3218e-05
Epoch: 4360/5000 - Time: 9.83s - Loss: 2.8096e-02 | a: 7.5315e-03, BC: 9.4097e-05, m: 1.4576e-03, u: 7.9176e-04, v: 7.1823e-04, pde_a: 3.8916e-03 geom: 2.0980e-05
Epoch: 4370/5000 - Time: 9.92s - Loss: 3.1458e-02 | a: 7.9887e-03, BC: 9.1682e-05, m: 1.4758e-03, u: 9.2150e-04, v: 9.0693e-04, pde_a: 3.5951e-03 geom: 2.2828e-05
Epoch: 4380/5000 - Time: 10.22s - Loss: 2.7610e-02 | a: 7.5958e-03, BC: 9.5328e-05, m: 1.4663e-03, u: 7.8925e-04, v: 7.0265e-04, pde_a: 3.5127e-03 geom: 2.1134e-05
Epoch: 4390/5000 - Time: 10.08s - Loss: 2.7099e-02 | a: 7.6572e-03, BC: 1.0748e-04, m: 1.4521e-03, u: 7.8752e-04, v: 6.3726e-04, pde_a: 3.6140e-03 geom: 2.0760e-05
Epoch: 4400/5000 - Time: 9.76s - Loss: 2.9244e-02 | a: 7.8231e-03, BC: 9.3721e-05, m: 1.4643e-03, u: 9.0748e-04, v: 7.2141e-04, pde_a: 3.5527e-03 geom: 2.1396e-05
Epoch: 4410/5000 - Time: 9.84s - Loss: 2.7091e-02 | a: 7.8927e-03, BC: 9.5662e-05, m: 1.4589e-03, u: 7.3994e-04, v: 6.6727e-04, pde_a: 3.5493e-03 geom: 2.2026e-05
Epoch: 4420/5000 - Time: 10.40s - Loss: 2.8691e-02 | a: 7.7097e-03, BC: 1.0460e-04, m: 1.4441e-03, u: 7.7390e-04, v: 8.1806e-04, pde_a: 3.4911e-03 geom: 2.2215e-05
Epoch: 4430/5000 - Time: 10.49s - Loss: 2.9474e-02 | a: 7.4868e-03, BC: 1.0024e-04, m: 1.4562e-03, u: 9.1275e-04, v: 7.6932e-04, pde_a: 3.5877e-03 geom: 2.1975e-05
Epoch: 4440/5000 - Time: 10.85s - Loss: 2.7449e-02 | a: 8.0506e-03, BC: 1.0150e-04, m: 1.4548e-03, u: 7.6688e-04, v: 6.5075e-04, pde_a: 3.6427e-03 geom: 2.2798e-05
Epoch: 4450/5000 - Time: 10.91s - Loss: 2.7377e-02 | a: 7.4968e-03, BC: 8.8358e-05, m: 1.4498e-03, u: 7.8527e-04, v: 6.9349e-04, pde_a: 3.5332e-03 geom: 2.1559e-05
Epoch: 4460/5000 - Time: 10.82s - Loss: 2.8558e-02 | a: 7.9994e-03, BC: 9.7035e-05, m: 1.4492e-03, u: 8.2170e-04, v: 7.3238e-04, pde_a: 3.4489e-03 geom: 2.3046e-05
Epoch: 4470/5000 - Time: 10.36s - Loss: 2.6873e-02 | a: 7.8842e-03, BC: 9.3316e-05, m: 1.4476e-03, u: 7.7577e-04, v: 6.2388e-04, pde_a: 3.4298e-03 geom: 2.1523e-05
Epoch: 4480/5000 - Time: 9.84s - Loss: 2.9922e-02 | a: 7.6462e-03, BC: 9.3228e-05, m: 1.4619e-03, u: 8.9721e-04, v: 7.7424e-04, pde_a: 3.9839e-03 geom: 2.2216e-05
Epoch: 4490/5000 - Time: 9.75s - Loss: 2.7033e-02 | a: 7.6645e-03, BC: 8.8159e-05, m: 1.4408e-03, u: 7.4851e-04, v: 6.8364e-04, pde_a: 3.4958e-03 geom: 2.1693e-05
Epoch: 4500/5000 - Time: 9.93s - Loss: 2.7162e-02 | a: 7.8505e-03, BC: 1.0048e-04, m: 1.4597e-03, u: 7.6137e-04, v: 6.6274e-04, pde_a: 3.4886e-03 geom: 2.1624e-05
Epoch: 4510/5000 - Time: 10.63s - Loss: 2.7488e-02 | a: 7.5506e-03, BC: 9.3052e-05, m: 1.4455e-03, u: 7.9767e-04, v: 6.9525e-04, pde_a: 3.4492e-03 geom: 2.0837e-05
Epoch: 4520/5000 - Time: 9.70s - Loss: 2.9057e-02 | a: 7.6150e-03, BC: 1.0236e-04, m: 1.4659e-03, u: 9.3918e-04, v: 6.7582e-04, pde_a: 3.7015e-03 geom: 2.2341e-05
Epoch: 4530/5000 - Time: 9.76s - Loss: 2.8296e-02 | a: 7.8705e-03, BC: 9.7480e-05, m: 1.4389e-03, u: 8.3094e-04, v: 7.0387e-04, pde_a: 3.5179e-03 geom: 2.2872e-05
Epoch: 4540/5000 - Time: 10.18s - Loss: 2.8421e-02 | a: 7.6937e-03, BC: 9.4633e-05, m: 1.4576e-03, u: 7.9100e-04, v: 7.6085e-04, pde_a: 3.6350e-03 geom: 2.1244e-05
Epoch: 4550/5000 - Time: 9.75s - Loss: 2.9071e-02 | a: 7.8673e-03, BC: 9.3304e-05, m: 1.4489e-03, u: 8.2015e-04, v: 7.7816e-04, pde_a: 3.6566e-03 geom: 2.1630e-05
Epoch: 4560/5000 - Time: 9.83s - Loss: 2.7360e-02 | a: 7.4589e-03, BC: 9.2142e-05, m: 1.4551e-03, u: 7.9795e-04, v: 6.8182e-04, pde_a: 3.5344e-03 geom: 2.1246e-05
Epoch: 4570/5000 - Time: 9.60s - Loss: 2.8516e-02 | a: 7.6843e-03, BC: 9.9835e-05, m: 1.4509e-03, u: 8.6781e-04, v: 7.0248e-04, pde_a: 3.5565e-03 geom: 2.1549e-05
Epoch: 4580/5000 - Time: 9.84s - Loss: 2.8241e-02 | a: 7.7479e-03, BC: 1.0381e-04, m: 1.4486e-03, u: 8.3124e-04, v: 7.0050e-04, pde_a: 3.6014e-03 geom: 2.2134e-05
Epoch: 4590/5000 - Time: 10.68s - Loss: 3.0711e-02 | a: 8.6626e-03, BC: 9.9971e-05, m: 1.4420e-03, u: 9.6445e-04, v: 7.3117e-04, pde_a: 3.5276e-03 geom: 2.2571e-05
Epoch: 4600/5000 - Time: 10.65s - Loss: 2.8071e-02 | a: 7.5798e-03, BC: 8.9924e-05, m: 1.4412e-03, u: 7.9144e-04, v: 7.5408e-04, pde_a: 3.4833e-03 geom: 2.1925e-05
Epoch: 4610/5000 - Time: 10.67s - Loss: 2.9485e-02 | a: 7.9154e-03, BC: 9.5283e-05, m: 1.4529e-03, u: 9.4472e-04, v: 6.9752e-04, pde_a: 3.5757e-03 geom: 2.2648e-05
Epoch: 4620/5000 - Time: 10.49s - Loss: 2.7339e-02 | a: 7.6698e-03, BC: 9.1898e-05, m: 1.4514e-03, u: 7.9340e-04, v: 6.6301e-04, pde_a: 3.5402e-03 geom: 2.2011e-05
Epoch: 4630/5000 - Time: 10.71s - Loss: 2.8241e-02 | a: 7.9396e-03, BC: 1.0616e-04, m: 1.4489e-03, u: 8.2105e-04, v: 6.7695e-04, pde_a: 3.7440e-03 geom: 2.2436e-05
Epoch: 4640/5000 - Time: 9.88s - Loss: 2.8380e-02 | a: 7.9145e-03, BC: 1.1597e-04, m: 1.4650e-03, u: 8.5467e-04, v: 6.8395e-04, pde_a: 3.4760e-03 geom: 2.2449e-05
Epoch: 4650/5000 - Time: 10.12s - Loss: 2.8641e-02 | a: 7.4189e-03, BC: 9.9519e-05, m: 1.4545e-03, u: 9.1076e-04, v: 7.0177e-04, pde_a: 3.5210e-03 geom: 2.2363e-05
Epoch: 4660/5000 - Time: 9.84s - Loss: 2.8203e-02 | a: 7.7473e-03, BC: 9.4149e-05, m: 1.4424e-03, u: 8.3509e-04, v: 6.9721e-04, pde_a: 3.5741e-03 geom: 2.1544e-05
Epoch: 4670/5000 - Time: 9.70s - Loss: 2.7289e-02 | a: 7.5205e-03, BC: 9.9051e-05, m: 1.4324e-03, u: 8.1192e-04, v: 6.5510e-04, pde_a: 3.5449e-03 geom: 2.1455e-05
Epoch: 4680/5000 - Time: 10.72s - Loss: 2.7676e-02 | a: 7.6267e-03, BC: 9.8844e-05, m: 1.4437e-03, u: 8.2763e-04, v: 6.4632e-04, pde_a: 3.7451e-03 geom: 2.1983e-05
Epoch: 4690/5000 - Time: 10.03s - Loss: 2.9046e-02 | a: 7.7217e-03, BC: 1.0138e-04, m: 1.4466e-03, u: 8.7095e-04, v: 7.5287e-04, pde_a: 3.5167e-03 geom: 2.1565e-05
Epoch: 4700/5000 - Time: 9.72s - Loss: 2.7550e-02 | a: 7.5351e-03, BC: 8.6010e-05, m: 1.4413e-03, u: 8.3464e-04, v: 6.6546e-04, pde_a: 3.4659e-03 geom: 2.1019e-05
Epoch: 4710/5000 - Time: 9.88s - Loss: 2.7687e-02 | a: 7.6216e-03, BC: 9.4626e-05, m: 1.4327e-03, u: 8.0101e-04, v: 6.9467e-04, pde_a: 3.5594e-03 geom: 2.2067e-05
Epoch: 4720/5000 - Time: 9.77s - Loss: 2.7568e-02 | a: 7.8223e-03, BC: 9.8279e-05, m: 1.4350e-03, u: 7.7585e-04, v: 6.9435e-04, pde_a: 3.4883e-03 geom: 2.2546e-05
Epoch: 4730/5000 - Time: 9.72s - Loss: 2.7621e-02 | a: 7.8947e-03, BC: 1.2358e-04, m: 1.4401e-03, u: 7.9457e-04, v: 6.4093e-04, pde_a: 3.7854e-03 geom: 2.1903e-05
Epoch: 4740/5000 - Time: 10.48s - Loss: 2.8512e-02 | a: 8.0726e-03, BC: 9.5405e-05, m: 1.4478e-03, u: 8.1011e-04, v: 7.0402e-04, pde_a: 3.7323e-03 geom: 2.2379e-05
Epoch: 4750/5000 - Time: 10.82s - Loss: 2.8167e-02 | a: 7.9053e-03, BC: 9.1774e-05, m: 1.4358e-03, u: 8.1273e-04, v: 7.0440e-04, pde_a: 3.5399e-03 geom: 2.2464e-05
Epoch: 4760/5000 - Time: 10.80s - Loss: 2.7317e-02 | a: 7.3186e-03, BC: 8.7364e-05, m: 1.4281e-03, u: 8.1595e-04, v: 6.5944e-04, pde_a: 3.7082e-03 geom: 2.0998e-05
Epoch: 4770/5000 - Time: 9.76s - Loss: 2.7518e-02 | a: 7.6637e-03, BC: 9.4232e-05, m: 1.4403e-03, u: 8.0685e-04, v: 6.6505e-04, pde_a: 3.5788e-03 geom: 2.2398e-05
Epoch: 4780/5000 - Time: 9.73s - Loss: 2.8056e-02 | a: 7.4480e-03, BC: 9.0757e-05, m: 1.4434e-03, u: 8.1159e-04, v: 7.3697e-04, pde_a: 3.5673e-03 geom: 2.1244e-05
Epoch: 4790/5000 - Time: 10.15s - Loss: 2.7029e-02 | a: 7.7678e-03, BC: 1.0757e-04, m: 1.4451e-03, u: 7.5476e-04, v: 6.6379e-04, pde_a: 3.4999e-03 geom: 2.2585e-05
Epoch: 4800/5000 - Time: 10.92s - Loss: 2.9417e-02 | a: 8.2968e-03, BC: 1.0298e-04, m: 1.4525e-03, u: 8.7852e-04, v: 7.2678e-04, pde_a: 3.4866e-03 geom: 2.4668e-05
Epoch: 4810/5000 - Time: 10.69s - Loss: 2.7921e-02 | a: 8.4389e-03, BC: 1.0263e-04, m: 1.4388e-03, u: 7.6026e-04, v: 6.8091e-04, pde_a: 3.5064e-03 geom: 2.2325e-05
Epoch: 4820/5000 - Time: 9.70s - Loss: 2.7797e-02 | a: 7.9492e-03, BC: 1.0209e-04, m: 1.4453e-03, u: 7.7131e-04, v: 6.9093e-04, pde_a: 3.6544e-03 geom: 2.3261e-05
Epoch: 4830/5000 - Time: 10.45s - Loss: 2.6832e-02 | a: 7.5209e-03, BC: 9.5210e-05, m: 1.4451e-03, u: 7.6064e-04, v: 6.5973e-04, pde_a: 3.5458e-03 geom: 2.1682e-05
Epoch: 4840/5000 - Time: 10.22s - Loss: 2.8222e-02 | a: 7.7625e-03, BC: 8.8831e-05, m: 1.4352e-03, u: 8.3104e-04, v: 7.1082e-04, pde_a: 3.4947e-03 geom: 2.2225e-05
Epoch: 4850/5000 - Time: 10.28s - Loss: 2.7950e-02 | a: 7.7597e-03, BC: 9.1172e-05, m: 1.4272e-03, u: 8.4858e-04, v: 6.6729e-04, pde_a: 3.4915e-03 geom: 2.1969e-05
Epoch: 4860/5000 - Time: 10.52s - Loss: 2.7701e-02 | a: 7.5642e-03, BC: 1.0543e-04, m: 1.4406e-03, u: 8.3172e-04, v: 6.6804e-04, pde_a: 3.5715e-03 geom: 2.1659e-05
Epoch: 4870/5000 - Time: 10.75s - Loss: 2.7033e-02 | a: 7.3908e-03, BC: 9.9831e-05, m: 1.4361e-03, u: 7.8648e-04, v: 6.5133e-04, pde_a: 3.7072e-03 geom: 2.1305e-05
Epoch: 4880/5000 - Time: 10.95s - Loss: 2.7940e-02 | a: 7.5433e-03, BC: 9.1788e-05, m: 1.4347e-03, u: 8.1496e-04, v: 7.2263e-04, pde_a: 3.4720e-03 geom: 2.2594e-05
Epoch: 4890/5000 - Time: 9.76s - Loss: 3.0197e-02 | a: 7.8143e-03, BC: 9.8649e-05, m: 1.4471e-03, u: 9.2528e-04, v: 7.8385e-04, pde_a: 3.7242e-03 geom: 2.1837e-05
Epoch: 4900/5000 - Time: 9.72s - Loss: 2.8932e-02 | a: 8.2609e-03, BC: 1.0318e-04, m: 1.4318e-03, u: 8.1701e-04, v: 7.4265e-04, pde_a: 3.5161e-03 geom: 2.2963e-05
Epoch: 4910/5000 - Time: 10.28s - Loss: 2.9191e-02 | a: 8.4569e-03, BC: 1.3017e-04, m: 1.4484e-03, u: 8.6854e-04, v: 6.8021e-04, pde_a: 3.6433e-03 geom: 2.4773e-05
Epoch: 4920/5000 - Time: 11.06s - Loss: 2.8207e-02 | a: 7.7568e-03, BC: 1.1320e-04, m: 1.4250e-03, u: 8.2708e-04, v: 7.1248e-04, pde_a: 3.4936e-03 geom: 2.2445e-05
Epoch: 4930/5000 - Time: 10.88s - Loss: 2.8335e-02 | a: 7.4208e-03, BC: 1.0524e-04, m: 1.4370e-03, u: 8.8655e-04, v: 6.9429e-04, pde_a: 3.5426e-03 geom: 2.1148e-05
Epoch: 4940/5000 - Time: 10.45s - Loss: 2.7593e-02 | a: 7.9042e-03, BC: 1.0049e-04, m: 1.4335e-03, u: 7.5311e-04, v: 7.1111e-04, pde_a: 3.4903e-03 geom: 2.2562e-05
Epoch: 4950/5000 - Time: 10.88s - Loss: 2.8937e-02 | a: 7.9398e-03, BC: 1.0386e-04, m: 1.4360e-03, u: 8.5079e-04, v: 7.2518e-04, pde_a: 3.6749e-03 geom: 2.2356e-05
Epoch: 4960/5000 - Time: 10.75s - Loss: 2.7581e-02 | a: 7.4240e-03, BC: 9.9938e-05, m: 1.4376e-03, u: 8.2610e-04, v: 6.8683e-04, pde_a: 3.4684e-03 geom: 2.1486e-05
Epoch: 4970/5000 - Time: 10.67s - Loss: 2.8168e-02 | a: 7.8087e-03, BC: 1.0353e-04, m: 1.4346e-03, u: 8.0398e-04, v: 7.3199e-04, pde_a: 3.4399e-03 geom: 2.1662e-05
Epoch: 4980/5000 - Time: 10.65s - Loss: 2.8424e-02 | a: 7.4763e-03, BC: 9.8716e-05, m: 1.4511e-03, u: 8.3280e-04, v: 7.3902e-04, pde_a: 3.6577e-03 geom: 2.1895e-05
Epoch: 4990/5000 - Time: 10.64s - Loss: 2.7531e-02 | a: 7.5599e-03, BC: 9.9791e-05, m: 1.4324e-03, u: 8.0048e-04, v: 6.8817e-04, pde_a: 3.5302e-03 geom: 2.2404e-05
Epoch: 5000/5000 - Time: 9.98s - Loss: 2.7501e-02 | a: 7.5224e-03, BC: 1.0008e-04, m: 1.4246e-03, u: 7.6998e-04, v: 7.2125e-04, pde_a: 3.5205e-03 geom: 2.1460e-05

--- Starting Training Phase 5/5 ---
Epochs: 5000, Learning Rate: 1e-06
Total samples: 211630, Desired batch size: 10582
Calculated num_batches: 20, Proportional batch sizes: {'A': 1306, 'PDE': 7911, 'N': 21, 'EW': 21, 'NSEW': 43, 'GEOM': 1285}
Epoch: 10/5000 - Time: 9.85s - Loss: 2.4214e-02 | a: 7.1586e-03, BC: 7.9106e-05, m: 1.4142e-03, u: 6.6452e-04, v: 5.5754e-04, pde_a: 3.3212e-03 geom: 2.0703e-05
Saving checkpoint at epoch 10 with loss 2.4214e-02
Epoch: 20/5000 - Time: 9.97s - Loss: 2.4953e-02 | a: 7.2011e-03, BC: 7.6144e-05, m: 1.4207e-03, u: 7.0844e-04, v: 5.7893e-04, pde_a: 3.3609e-03 geom: 2.0697e-05
Epoch: 30/5000 - Time: 10.90s - Loss: 2.4223e-02 | a: 7.1807e-03, BC: 8.0930e-05, m: 1.4194e-03, u: 6.5316e-04, v: 5.6533e-04, pde_a: 3.3363e-03 geom: 2.0902e-05
Epoch: 40/5000 - Time: 10.92s - Loss: 2.4377e-02 | a: 7.2098e-03, BC: 7.7136e-05, m: 1.4208e-03, u: 6.6368e-04, v: 5.6869e-04, pde_a: 3.3252e-03 geom: 2.0725e-05
Epoch: 50/5000 - Time: 10.61s - Loss: 2.4530e-02 | a: 7.1668e-03, BC: 7.7379e-05, m: 1.4209e-03, u: 6.6660e-04, v: 5.8326e-04, pde_a: 3.3456e-03 geom: 2.0826e-05
Epoch: 60/5000 - Time: 10.52s - Loss: 2.4671e-02 | a: 7.1706e-03, BC: 8.2730e-05, m: 1.4169e-03, u: 6.8415e-04, v: 5.7718e-04, pde_a: 3.3670e-03 geom: 2.0311e-05
Epoch: 70/5000 - Time: 10.67s - Loss: 2.4610e-02 | a: 7.1752e-03, BC: 8.3496e-05, m: 1.4199e-03, u: 6.8125e-04, v: 5.7282e-04, pde_a: 3.3695e-03 geom: 2.0755e-05
Epoch: 80/5000 - Time: 10.08s - Loss: 2.4707e-02 | a: 7.1378e-03, BC: 8.0839e-05, m: 1.4174e-03, u: 6.9904e-04, v: 5.7014e-04, pde_a: 3.3588e-03 geom: 2.0607e-05
Epoch: 90/5000 - Time: 9.75s - Loss: 2.5204e-02 | a: 7.1765e-03, BC: 7.9750e-05, m: 1.4205e-03, u: 7.2423e-04, v: 5.9125e-04, pde_a: 3.3515e-03 geom: 2.0933e-05
Epoch: 100/5000 - Time: 9.73s - Loss: 2.4620e-02 | a: 7.2207e-03, BC: 7.6795e-05, m: 1.4206e-03, u: 6.7418e-04, v: 5.7950e-04, pde_a: 3.3445e-03 geom: 2.0788e-05
Epoch: 110/5000 - Time: 9.84s - Loss: 2.4618e-02 | a: 7.1531e-03, BC: 7.7417e-05, m: 1.4147e-03, u: 6.8380e-04, v: 5.7485e-04, pde_a: 3.3663e-03 geom: 2.0263e-05
Epoch: 120/5000 - Time: 10.54s - Loss: 2.4710e-02 | a: 7.1623e-03, BC: 8.0247e-05, m: 1.4118e-03, u: 6.8358e-04, v: 5.8553e-04, pde_a: 3.3441e-03 geom: 2.0585e-05
Epoch: 130/5000 - Time: 10.58s - Loss: 2.4587e-02 | a: 7.1392e-03, BC: 7.9878e-05, m: 1.4210e-03, u: 6.6742e-04, v: 5.8904e-04, pde_a: 3.3611e-03 geom: 2.0781e-05
Epoch: 140/5000 - Time: 9.74s - Loss: 2.4886e-02 | a: 7.2805e-03, BC: 8.1739e-05, m: 1.4216e-03, u: 6.9075e-04, v: 5.8202e-04, pde_a: 3.3532e-03 geom: 2.0887e-05
Epoch: 150/5000 - Time: 9.76s - Loss: 2.4463e-02 | a: 7.1949e-03, BC: 8.4957e-05, m: 1.4166e-03, u: 6.7175e-04, v: 5.6457e-04, pde_a: 3.3824e-03 geom: 2.0896e-05
Epoch: 160/5000 - Time: 10.06s - Loss: 2.4845e-02 | a: 7.1703e-03, BC: 8.8198e-05, m: 1.4189e-03, u: 6.8735e-04, v: 5.9164e-04, pde_a: 3.3570e-03 geom: 2.0864e-05
Epoch: 170/5000 - Time: 10.67s - Loss: 2.4802e-02 | a: 7.1206e-03, BC: 7.8186e-05, m: 1.4275e-03, u: 6.8422e-04, v: 5.9532e-04, pde_a: 3.3601e-03 geom: 2.0561e-05
Epoch: 180/5000 - Time: 10.67s - Loss: 2.5002e-02 | a: 7.0895e-03, BC: 8.0673e-05, m: 1.4115e-03, u: 6.9966e-04, v: 6.0246e-04, pde_a: 3.3789e-03 geom: 2.0520e-05
Epoch: 190/5000 - Time: 9.94s - Loss: 2.4785e-02 | a: 7.2094e-03, BC: 7.5980e-05, m: 1.4222e-03, u: 6.9976e-04, v: 5.7151e-04, pde_a: 3.3440e-03 geom: 2.0944e-05
Epoch: 200/5000 - Time: 9.75s - Loss: 2.4994e-02 | a: 7.3050e-03, BC: 7.8625e-05, m: 1.4264e-03, u: 7.0122e-04, v: 5.7992e-04, pde_a: 3.3520e-03 geom: 2.0575e-05
Epoch: 210/5000 - Time: 10.06s - Loss: 2.4992e-02 | a: 7.1437e-03, BC: 7.8663e-05, m: 1.4175e-03, u: 7.0516e-04, v: 5.9109e-04, pde_a: 3.3689e-03 geom: 2.0433e-05
Epoch: 220/5000 - Time: 10.14s - Loss: 2.4586e-02 | a: 7.1095e-03, BC: 8.0942e-05, m: 1.4222e-03, u: 6.9310e-04, v: 5.6254e-04, pde_a: 3.3968e-03 geom: 2.0437e-05
Epoch: 230/5000 - Time: 10.91s - Loss: 2.4504e-02 | a: 7.0564e-03, BC: 7.8422e-05, m: 1.4173e-03, u: 6.8620e-04, v: 5.6950e-04, pde_a: 3.3744e-03 geom: 2.0276e-05
Epoch: 240/5000 - Time: 10.93s - Loss: 2.4934e-02 | a: 7.1407e-03, BC: 8.0779e-05, m: 1.4162e-03, u: 6.9790e-04, v: 5.9591e-04, pde_a: 3.3375e-03 geom: 2.0872e-05
Epoch: 250/5000 - Time: 10.83s - Loss: 2.4959e-02 | a: 7.1139e-03, BC: 7.8154e-05, m: 1.4203e-03, u: 6.9436e-04, v: 5.9915e-04, pde_a: 3.3907e-03 geom: 2.1051e-05
Epoch: 260/5000 - Time: 10.60s - Loss: 2.5343e-02 | a: 7.1491e-03, BC: 8.5665e-05, m: 1.4192e-03, u: 7.2948e-04, v: 6.0123e-04, pde_a: 3.3614e-03 geom: 2.0419e-05
Epoch: 270/5000 - Time: 10.81s - Loss: 2.4695e-02 | a: 7.0865e-03, BC: 8.1226e-05, m: 1.4227e-03, u: 6.8022e-04, v: 5.9007e-04, pde_a: 3.3811e-03 geom: 2.0555e-05
Epoch: 280/5000 - Time: 10.73s - Loss: 2.4978e-02 | a: 7.1000e-03, BC: 8.1037e-05, m: 1.4259e-03, u: 7.1562e-04, v: 5.8782e-04, pde_a: 3.3165e-03 geom: 2.0501e-05
Epoch: 290/5000 - Time: 10.78s - Loss: 2.4882e-02 | a: 7.1858e-03, BC: 8.0136e-05, m: 1.4176e-03, u: 6.9582e-04, v: 5.8777e-04, pde_a: 3.3414e-03 geom: 2.0705e-05
Epoch: 300/5000 - Time: 10.67s - Loss: 2.4977e-02 | a: 7.3692e-03, BC: 8.1360e-05, m: 1.4238e-03, u: 6.8594e-04, v: 5.8373e-04, pde_a: 3.3847e-03 geom: 2.1089e-05
Epoch: 310/5000 - Time: 10.72s - Loss: 2.5193e-02 | a: 7.0913e-03, BC: 8.0074e-05, m: 1.4281e-03, u: 7.1644e-04, v: 6.0440e-04, pde_a: 3.3644e-03 geom: 2.0257e-05
Epoch: 320/5000 - Time: 9.72s - Loss: 2.5180e-02 | a: 7.0920e-03, BC: 7.9958e-05, m: 1.4112e-03, u: 7.1781e-04, v: 6.0106e-04, pde_a: 3.3880e-03 geom: 2.0541e-05
Epoch: 330/5000 - Time: 9.70s - Loss: 2.4816e-02 | a: 7.2902e-03, BC: 8.3915e-05, m: 1.4140e-03, u: 6.7336e-04, v: 5.9273e-04, pde_a: 3.3464e-03 geom: 2.1095e-05
Epoch: 340/5000 - Time: 10.04s - Loss: 2.4989e-02 | a: 7.1027e-03, BC: 7.7643e-05, m: 1.4183e-03, u: 7.1160e-04, v: 5.8967e-04, pde_a: 3.3562e-03 geom: 2.1027e-05
Epoch: 350/5000 - Time: 10.57s - Loss: 2.4422e-02 | a: 7.1225e-03, BC: 8.3489e-05, m: 1.4201e-03, u: 6.6737e-04, v: 5.7454e-04, pde_a: 3.3564e-03 geom: 2.0246e-05
Epoch: 360/5000 - Time: 10.56s - Loss: 2.4820e-02 | a: 7.0108e-03, BC: 7.9067e-05, m: 1.4209e-03, u: 6.9998e-04, v: 5.9356e-04, pde_a: 3.3533e-03 geom: 2.0541e-05
Epoch: 370/5000 - Time: 10.13s - Loss: 2.4635e-02 | a: 7.0776e-03, BC: 7.7071e-05, m: 1.4226e-03, u: 6.9089e-04, v: 5.8007e-04, pde_a: 3.3278e-03 geom: 2.0802e-05
Epoch: 380/5000 - Time: 9.98s - Loss: 2.4420e-02 | a: 7.0587e-03, BC: 7.8856e-05, m: 1.4146e-03, u: 6.6987e-04, v: 5.7944e-04, pde_a: 3.3547e-03 geom: 2.0414e-05
Epoch: 390/5000 - Time: 10.34s - Loss: 2.5088e-02 | a: 7.1594e-03, BC: 7.7727e-05, m: 1.4157e-03, u: 7.0376e-04, v: 6.0046e-04, pde_a: 3.3725e-03 geom: 2.0575e-05
Epoch: 400/5000 - Time: 10.76s - Loss: 2.4876e-02 | a: 7.1332e-03, BC: 8.0053e-05, m: 1.4314e-03, u: 6.9763e-04, v: 5.8889e-04, pde_a: 3.3456e-03 geom: 2.0834e-05
Epoch: 410/5000 - Time: 10.80s - Loss: 2.4818e-02 | a: 7.0444e-03, BC: 7.8131e-05, m: 1.4251e-03, u: 7.0739e-04, v: 5.8215e-04, pde_a: 3.3547e-03 geom: 2.0157e-05
Epoch: 420/5000 - Time: 10.50s - Loss: 2.4953e-02 | a: 7.1174e-03, BC: 8.1313e-05, m: 1.4287e-03, u: 7.1080e-04, v: 5.8359e-04, pde_a: 3.3605e-03 geom: 2.0775e-05
Epoch: 430/5000 - Time: 9.76s - Loss: 2.5120e-02 | a: 7.2311e-03, BC: 8.0764e-05, m: 1.4201e-03, u: 7.0255e-04, v: 5.9687e-04, pde_a: 3.3738e-03 geom: 2.0354e-05
Epoch: 440/5000 - Time: 9.85s - Loss: 2.4853e-02 | a: 7.0911e-03, BC: 7.5956e-05, m: 1.4218e-03, u: 6.8936e-04, v: 5.9069e-04, pde_a: 3.4428e-03 geom: 2.0596e-05
Epoch: 450/5000 - Time: 10.02s - Loss: 2.5265e-02 | a: 7.0622e-03, BC: 7.9941e-05, m: 1.4194e-03, u: 7.1354e-04, v: 6.2074e-04, pde_a: 3.3404e-03 geom: 2.0526e-05
Epoch: 460/5000 - Time: 9.81s - Loss: 2.4454e-02 | a: 7.0408e-03, BC: 7.7678e-05, m: 1.4305e-03, u: 6.6429e-04, v: 5.8624e-04, pde_a: 3.3787e-03 geom: 2.0407e-05
Epoch: 470/5000 - Time: 9.91s - Loss: 2.4906e-02 | a: 7.0886e-03, BC: 7.9147e-05, m: 1.4206e-03, u: 6.9213e-04, v: 6.0070e-04, pde_a: 3.3682e-03 geom: 2.0630e-05
Epoch: 480/5000 - Time: 9.76s - Loss: 2.4922e-02 | a: 7.1945e-03, BC: 8.0039e-05, m: 1.4309e-03, u: 7.0036e-04, v: 5.8571e-04, pde_a: 3.3347e-03 geom: 2.0748e-05
Epoch: 490/5000 - Time: 10.67s - Loss: 2.4556e-02 | a: 7.0431e-03, BC: 8.0022e-05, m: 1.4267e-03, u: 6.7755e-04, v: 5.8703e-04, pde_a: 3.3395e-03 geom: 2.0634e-05
Epoch: 500/5000 - Time: 10.75s - Loss: 2.4610e-02 | a: 7.0347e-03, BC: 8.2257e-05, m: 1.4237e-03, u: 6.7741e-04, v: 5.8731e-04, pde_a: 3.4012e-03 geom: 2.0549e-05
Epoch: 510/5000 - Time: 10.62s - Loss: 2.4471e-02 | a: 7.0486e-03, BC: 8.0788e-05, m: 1.4193e-03, u: 6.7311e-04, v: 5.8199e-04, pde_a: 3.3507e-03 geom: 2.0254e-05
Epoch: 520/5000 - Time: 10.62s - Loss: 2.4871e-02 | a: 7.0645e-03, BC: 8.0611e-05, m: 1.4230e-03, u: 6.9310e-04, v: 5.9818e-04, pde_a: 3.3696e-03 geom: 2.0439e-05
Epoch: 530/5000 - Time: 10.85s - Loss: 2.4817e-02 | a: 6.9849e-03, BC: 7.9406e-05, m: 1.4240e-03, u: 7.1612e-04, v: 5.8155e-04, pde_a: 3.3313e-03 geom: 2.0405e-05
Epoch: 540/5000 - Time: 10.39s - Loss: 2.4555e-02 | a: 7.0174e-03, BC: 8.1381e-05, m: 1.4176e-03, u: 6.8358e-04, v: 5.8470e-04, pde_a: 3.3358e-03 geom: 2.0161e-05
Epoch: 550/5000 - Time: 9.72s - Loss: 2.4776e-02 | a: 6.9872e-03, BC: 7.8561e-05, m: 1.4246e-03, u: 7.0120e-04, v: 5.9058e-04, pde_a: 3.3479e-03 geom: 2.0436e-05
Epoch: 560/5000 - Time: 9.75s - Loss: 2.4620e-02 | a: 7.0292e-03, BC: 7.8490e-05, m: 1.4205e-03, u: 6.8283e-04, v: 5.8551e-04, pde_a: 3.3886e-03 geom: 2.0265e-05
Epoch: 570/5000 - Time: 10.15s - Loss: 2.4976e-02 | a: 7.0909e-03, BC: 7.7050e-05, m: 1.4228e-03, u: 6.9912e-04, v: 6.0279e-04, pde_a: 3.3456e-03 geom: 2.0943e-05
Epoch: 580/5000 - Time: 9.78s - Loss: 2.4978e-02 | a: 7.0117e-03, BC: 7.9930e-05, m: 1.4218e-03, u: 7.0393e-04, v: 6.0610e-04, pde_a: 3.3434e-03 geom: 2.0314e-05
Epoch: 590/5000 - Time: 10.41s - Loss: 2.5119e-02 | a: 7.1152e-03, BC: 8.2411e-05, m: 1.4136e-03, u: 7.1627e-04, v: 5.9709e-04, pde_a: 3.3529e-03 geom: 2.0969e-05
Epoch: 600/5000 - Time: 10.63s - Loss: 2.4535e-02 | a: 7.2057e-03, BC: 8.4069e-05, m: 1.4265e-03, u: 6.7885e-04, v: 5.6716e-04, pde_a: 3.3369e-03 geom: 2.1282e-05
Epoch: 610/5000 - Time: 10.72s - Loss: 2.4968e-02 | a: 7.0760e-03, BC: 7.9068e-05, m: 1.4191e-03, u: 6.9743e-04, v: 6.0739e-04, pde_a: 3.3250e-03 geom: 2.0382e-05
Epoch: 620/5000 - Time: 10.81s - Loss: 2.4779e-02 | a: 7.0336e-03, BC: 8.0703e-05, m: 1.4214e-03, u: 7.1000e-04, v: 5.7448e-04, pde_a: 3.3778e-03 geom: 2.0850e-05
Epoch: 630/5000 - Time: 10.95s - Loss: 2.4927e-02 | a: 7.1298e-03, BC: 7.8261e-05, m: 1.4226e-03, u: 6.9616e-04, v: 6.0014e-04, pde_a: 3.3129e-03 geom: 2.0973e-05
Epoch: 640/5000 - Time: 10.81s - Loss: 2.4657e-02 | a: 7.0491e-03, BC: 7.9924e-05, m: 1.4231e-03, u: 7.0375e-04, v: 5.6974e-04, pde_a: 3.3498e-03 geom: 2.0143e-05
Epoch: 650/5000 - Time: 10.78s - Loss: 2.4586e-02 | a: 6.9423e-03, BC: 8.1527e-05, m: 1.4182e-03, u: 6.9240e-04, v: 5.8474e-04, pde_a: 3.3525e-03 geom: 2.0291e-05
Epoch: 660/5000 - Time: 10.56s - Loss: 2.5257e-02 | a: 6.9596e-03, BC: 7.6670e-05, m: 1.4153e-03, u: 7.2388e-04, v: 6.1980e-04, pde_a: 3.3480e-03 geom: 2.0287e-05
Epoch: 670/5000 - Time: 10.83s - Loss: 2.4673e-02 | a: 6.9094e-03, BC: 9.3305e-05, m: 1.4202e-03, u: 7.0083e-04, v: 5.8231e-04, pde_a: 3.3983e-03 geom: 2.0320e-05
Epoch: 680/5000 - Time: 9.69s - Loss: 2.4967e-02 | a: 6.9598e-03, BC: 8.0957e-05, m: 1.4185e-03, u: 7.1787e-04, v: 5.9607e-04, pde_a: 3.3474e-03 geom: 2.0440e-05
Epoch: 690/5000 - Time: 9.66s - Loss: 2.5347e-02 | a: 7.0228e-03, BC: 8.2407e-05, m: 1.4165e-03, u: 7.1957e-04, v: 6.2644e-04, pde_a: 3.3448e-03 geom: 2.0348e-05
Epoch: 700/5000 - Time: 9.75s - Loss: 2.5180e-02 | a: 6.9602e-03, BC: 7.8718e-05, m: 1.4181e-03, u: 7.2692e-04, v: 6.0726e-04, pde_a: 3.3605e-03 geom: 2.0499e-05
Epoch: 710/5000 - Time: 9.76s - Loss: 2.5220e-02 | a: 7.0179e-03, BC: 8.0107e-05, m: 1.4218e-03, u: 7.1271e-04, v: 6.1911e-04, pde_a: 3.3610e-03 geom: 2.0684e-05
Epoch: 720/5000 - Time: 9.90s - Loss: 2.5112e-02 | a: 6.9920e-03, BC: 8.0201e-05, m: 1.4242e-03, u: 7.1839e-04, v: 6.0450e-04, pde_a: 3.3657e-03 geom: 2.0945e-05
Epoch: 730/5000 - Time: 10.98s - Loss: 2.5048e-02 | a: 7.0464e-03, BC: 8.0613e-05, m: 1.4171e-03, u: 7.1439e-04, v: 5.9786e-04, pde_a: 3.3609e-03 geom: 2.0974e-05
Epoch: 740/5000 - Time: 10.90s - Loss: 2.5014e-02 | a: 6.9286e-03, BC: 7.8744e-05, m: 1.4206e-03, u: 7.2155e-04, v: 5.9792e-04, pde_a: 3.3708e-03 geom: 2.0539e-05
Epoch: 750/5000 - Time: 10.17s - Loss: 2.5039e-02 | a: 7.0378e-03, BC: 7.8907e-05, m: 1.4181e-03, u: 7.0594e-04, v: 6.0768e-04, pde_a: 3.3475e-03 geom: 2.0300e-05
Epoch: 760/5000 - Time: 9.75s - Loss: 2.4474e-02 | a: 6.9681e-03, BC: 7.7713e-05, m: 1.4203e-03, u: 6.8104e-04, v: 5.8519e-04, pde_a: 3.3252e-03 geom: 2.0448e-05
Epoch: 770/5000 - Time: 10.38s - Loss: 2.4920e-02 | a: 7.0094e-03, BC: 7.8240e-05, m: 1.4200e-03, u: 7.1017e-04, v: 5.9443e-04, pde_a: 3.3465e-03 geom: 2.0258e-05
Epoch: 780/5000 - Time: 10.79s - Loss: 2.5150e-02 | a: 6.9324e-03, BC: 8.2970e-05, m: 1.4160e-03, u: 7.3293e-04, v: 5.9864e-04, pde_a: 3.3823e-03 geom: 2.0895e-05
Epoch: 790/5000 - Time: 10.71s - Loss: 2.5508e-02 | a: 7.0502e-03, BC: 1.0237e-04, m: 1.4244e-03, u: 7.4737e-04, v: 6.0804e-04, pde_a: 3.3561e-03 geom: 2.0859e-05
Epoch: 800/5000 - Time: 10.80s - Loss: 2.4615e-02 | a: 6.9116e-03, BC: 7.9612e-05, m: 1.4235e-03, u: 6.9856e-04, v: 5.8447e-04, pde_a: 3.3499e-03 geom: 2.0434e-05
Epoch: 810/5000 - Time: 10.37s - Loss: 2.4736e-02 | a: 6.9623e-03, BC: 7.9914e-05, m: 1.4150e-03, u: 7.0630e-04, v: 5.8405e-04, pde_a: 3.3543e-03 geom: 2.0957e-05
Epoch: 820/5000 - Time: 10.25s - Loss: 2.5152e-02 | a: 6.9068e-03, BC: 8.1029e-05, m: 1.4209e-03, u: 7.3391e-04, v: 6.0269e-04, pde_a: 3.3565e-03 geom: 2.0285e-05
Epoch: 830/5000 - Time: 10.42s - Loss: 2.4745e-02 | a: 6.9504e-03, BC: 7.8850e-05, m: 1.4180e-03, u: 6.9891e-04, v: 5.9703e-04, pde_a: 3.3188e-03 geom: 2.0031e-05
Epoch: 840/5000 - Time: 10.30s - Loss: 2.4419e-02 | a: 6.9501e-03, BC: 7.5708e-05, m: 1.4240e-03, u: 6.9155e-04, v: 5.6944e-04, pde_a: 3.3385e-03 geom: 2.0567e-05
Epoch: 850/5000 - Time: 9.96s - Loss: 2.4754e-02 | a: 6.9280e-03, BC: 8.0756e-05, m: 1.4159e-03, u: 7.0750e-04, v: 5.9084e-04, pde_a: 3.3253e-03 geom: 2.0426e-05
Epoch: 860/5000 - Time: 9.85s - Loss: 2.4844e-02 | a: 6.8901e-03, BC: 8.6335e-05, m: 1.4208e-03, u: 7.0631e-04, v: 6.0451e-04, pde_a: 3.3180e-03 geom: 2.0343e-05
Epoch: 870/5000 - Time: 10.97s - Loss: 2.5095e-02 | a: 6.8972e-03, BC: 8.1680e-05, m: 1.4181e-03, u: 7.2177e-04, v: 6.1356e-04, pde_a: 3.3240e-03 geom: 2.0256e-05
Epoch: 880/5000 - Time: 10.72s - Loss: 2.4976e-02 | a: 6.8694e-03, BC: 7.7479e-05, m: 1.4134e-03, u: 7.1747e-04, v: 6.0740e-04, pde_a: 3.3463e-03 geom: 2.0535e-05
Epoch: 890/5000 - Time: 10.87s - Loss: 2.4559e-02 | a: 6.9557e-03, BC: 7.6071e-05, m: 1.4175e-03, u: 6.9812e-04, v: 5.7719e-04, pde_a: 3.3364e-03 geom: 2.0589e-05
Epoch: 900/5000 - Time: 11.10s - Loss: 2.4321e-02 | a: 7.0154e-03, BC: 7.8436e-05, m: 1.4223e-03, u: 6.7392e-04, v: 5.7270e-04, pde_a: 3.3177e-03 geom: 2.1092e-05
Epoch: 910/5000 - Time: 11.03s - Loss: 2.4595e-02 | a: 6.9717e-03, BC: 8.1272e-05, m: 1.4216e-03, u: 6.9575e-04, v: 5.8306e-04, pde_a: 3.3118e-03 geom: 2.0259e-05
Epoch: 920/5000 - Time: 11.00s - Loss: 2.4669e-02 | a: 6.9910e-03, BC: 7.6608e-05, m: 1.4175e-03, u: 6.8891e-04, v: 5.9411e-04, pde_a: 3.3329e-03 geom: 2.0678e-05
Epoch: 930/5000 - Time: 11.13s - Loss: 2.4938e-02 | a: 7.0576e-03, BC: 7.8213e-05, m: 1.4190e-03, u: 7.0040e-04, v: 6.0255e-04, pde_a: 3.3326e-03 geom: 2.1366e-05
Epoch: 940/5000 - Time: 10.85s - Loss: 2.4848e-02 | a: 6.9337e-03, BC: 7.8091e-05, m: 1.4209e-03, u: 7.0925e-04, v: 5.9859e-04, pde_a: 3.3173e-03 geom: 2.0117e-05
Epoch: 950/5000 - Time: 10.62s - Loss: 2.4736e-02 | a: 6.9019e-03, BC: 8.1012e-05, m: 1.4152e-03, u: 6.8615e-04, v: 6.1087e-04, pde_a: 3.3469e-03 geom: 2.0529e-05
Epoch: 960/5000 - Time: 9.76s - Loss: 2.5056e-02 | a: 6.9244e-03, BC: 7.7926e-05, m: 1.4159e-03, u: 7.1453e-04, v: 6.1324e-04, pde_a: 3.3398e-03 geom: 2.0713e-05
Epoch: 970/5000 - Time: 9.96s - Loss: 2.4684e-02 | a: 6.8736e-03, BC: 7.9921e-05, m: 1.4215e-03, u: 7.0321e-04, v: 5.9298e-04, pde_a: 3.3269e-03 geom: 2.0386e-05
Epoch: 980/5000 - Time: 9.98s - Loss: 2.4682e-02 | a: 6.8982e-03, BC: 7.8774e-05, m: 1.4221e-03, u: 7.0459e-04, v: 5.8541e-04, pde_a: 3.3623e-03 geom: 2.0422e-05
Epoch: 990/5000 - Time: 10.84s - Loss: 2.4947e-02 | a: 6.9004e-03, BC: 7.9597e-05, m: 1.4181e-03, u: 7.1213e-04, v: 6.0707e-04, pde_a: 3.3371e-03 geom: 2.0176e-05
Epoch: 1000/5000 - Time: 10.98s - Loss: 2.4692e-02 | a: 6.9115e-03, BC: 7.8526e-05, m: 1.4162e-03, u: 6.9894e-04, v: 5.9474e-04, pde_a: 3.3287e-03 geom: 2.0458e-05
Epoch: 1010/5000 - Time: 10.85s - Loss: 2.5222e-02 | a: 6.9536e-03, BC: 7.9656e-05, m: 1.4155e-03, u: 7.3027e-04, v: 6.0922e-04, pde_a: 3.3574e-03 geom: 2.0604e-05
Epoch: 1020/5000 - Time: 10.81s - Loss: 2.5192e-02 | a: 6.9829e-03, BC: 7.8384e-05, m: 1.4114e-03, u: 7.0600e-04, v: 6.3021e-04, pde_a: 3.3361e-03 geom: 2.0796e-05
Epoch: 1030/5000 - Time: 10.67s - Loss: 2.4953e-02 | a: 6.9398e-03, BC: 7.7652e-05, m: 1.4233e-03, u: 7.1740e-04, v: 5.9490e-04, pde_a: 3.3683e-03 geom: 2.0640e-05
Epoch: 1040/5000 - Time: 10.84s - Loss: 2.4805e-02 | a: 6.8724e-03, BC: 8.1012e-05, m: 1.4136e-03, u: 7.1607e-04, v: 5.9031e-04, pde_a: 3.3539e-03 geom: 2.0409e-05
Epoch: 1050/5000 - Time: 10.67s - Loss: 2.4449e-02 | a: 6.9301e-03, BC: 7.7148e-05, m: 1.4134e-03, u: 6.8994e-04, v: 5.7360e-04, pde_a: 3.3719e-03 geom: 2.0772e-05
Epoch: 1060/5000 - Time: 10.68s - Loss: 2.4390e-02 | a: 6.9065e-03, BC: 7.9807e-05, m: 1.4220e-03, u: 6.8192e-04, v: 5.8414e-04, pde_a: 3.3010e-03 geom: 2.0505e-05
Epoch: 1070/5000 - Time: 10.85s - Loss: 2.4877e-02 | a: 6.9034e-03, BC: 7.9309e-05, m: 1.4189e-03, u: 7.0738e-04, v: 6.0408e-04, pde_a: 3.3408e-03 geom: 2.0334e-05
Epoch: 1080/5000 - Time: 10.79s - Loss: 2.4587e-02 | a: 6.9366e-03, BC: 7.6870e-05, m: 1.4222e-03, u: 6.8700e-04, v: 5.8852e-04, pde_a: 3.3755e-03 geom: 2.0517e-05
Epoch: 1090/5000 - Time: 10.21s - Loss: 2.4839e-02 | a: 6.9131e-03, BC: 7.8673e-05, m: 1.4236e-03, u: 7.0928e-04, v: 5.9764e-04, pde_a: 3.3335e-03 geom: 2.0573e-05
Epoch: 1100/5000 - Time: 9.92s - Loss: 2.5260e-02 | a: 6.8659e-03, BC: 8.3184e-05, m: 1.4141e-03, u: 7.4816e-04, v: 6.0761e-04, pde_a: 3.3191e-03 geom: 2.0196e-05
Epoch: 1110/5000 - Time: 9.88s - Loss: 2.4474e-02 | a: 6.8160e-03, BC: 7.9640e-05, m: 1.4199e-03, u: 6.9364e-04, v: 5.8631e-04, pde_a: 3.3382e-03 geom: 2.0459e-05
Epoch: 1120/5000 - Time: 10.49s - Loss: 2.4252e-02 | a: 6.8825e-03, BC: 7.9845e-05, m: 1.4144e-03, u: 6.7629e-04, v: 5.7534e-04, pde_a: 3.3387e-03 geom: 2.0381e-05
Epoch: 1130/5000 - Time: 9.75s - Loss: 2.4624e-02 | a: 6.9375e-03, BC: 7.9562e-05, m: 1.4177e-03, u: 6.9580e-04, v: 5.8564e-04, pde_a: 3.3546e-03 geom: 2.0595e-05
Epoch: 1140/5000 - Time: 9.89s - Loss: 2.5233e-02 | a: 6.9300e-03, BC: 8.4526e-05, m: 1.4133e-03, u: 7.3754e-04, v: 6.0784e-04, pde_a: 3.3298e-03 geom: 2.1124e-05
Epoch: 1150/5000 - Time: 9.89s - Loss: 2.5262e-02 | a: 7.0707e-03, BC: 8.1071e-05, m: 1.4145e-03, u: 7.3627e-04, v: 5.9804e-04, pde_a: 3.3311e-03 geom: 2.1099e-05
Epoch: 1160/5000 - Time: 9.92s - Loss: 2.4514e-02 | a: 6.9037e-03, BC: 7.6788e-05, m: 1.4135e-03, u: 6.8467e-04, v: 5.8993e-04, pde_a: 3.3532e-03 geom: 2.0633e-05
Epoch: 1170/5000 - Time: 9.68s - Loss: 2.5099e-02 | a: 6.9166e-03, BC: 8.0776e-05, m: 1.4155e-03, u: 7.2341e-04, v: 6.0808e-04, pde_a: 3.3504e-03 geom: 2.0622e-05
Epoch: 1180/5000 - Time: 9.89s - Loss: 2.4794e-02 | a: 6.8628e-03, BC: 8.2269e-05, m: 1.4237e-03, u: 7.0387e-04, v: 6.0389e-04, pde_a: 3.3269e-03 geom: 2.0340e-05
Epoch: 1190/5000 - Time: 9.80s - Loss: 2.5040e-02 | a: 6.8573e-03, BC: 7.9122e-05, m: 1.4245e-03, u: 7.2460e-04, v: 6.1152e-04, pde_a: 3.2973e-03 geom: 2.0351e-05
Epoch: 1200/5000 - Time: 10.12s - Loss: 2.5337e-02 | a: 7.1593e-03, BC: 7.8337e-05, m: 1.4146e-03, u: 7.1364e-04, v: 6.1872e-04, pde_a: 3.3404e-03 geom: 2.0425e-05
Epoch: 1210/5000 - Time: 10.92s - Loss: 2.5001e-02 | a: 6.8748e-03, BC: 7.8922e-05, m: 1.4115e-03, u: 7.1849e-04, v: 6.0808e-04, pde_a: 3.3498e-03 geom: 2.0494e-05
Epoch: 1220/5000 - Time: 10.48s - Loss: 2.5033e-02 | a: 7.0659e-03, BC: 7.7392e-05, m: 1.4164e-03, u: 7.0082e-04, v: 6.1318e-04, pde_a: 3.3132e-03 geom: 2.0509e-05
Epoch: 1230/5000 - Time: 10.89s - Loss: 2.4643e-02 | a: 6.9075e-03, BC: 8.6435e-05, m: 1.4130e-03, u: 6.9664e-04, v: 5.9316e-04, pde_a: 3.3168e-03 geom: 2.0847e-05
Epoch: 1240/5000 - Time: 10.88s - Loss: 2.5050e-02 | a: 6.8947e-03, BC: 8.6082e-05, m: 1.4134e-03, u: 7.1557e-04, v: 6.1228e-04, pde_a: 3.3570e-03 geom: 2.0538e-05
Epoch: 1250/5000 - Time: 11.09s - Loss: 2.4998e-02 | a: 6.9862e-03, BC: 8.8502e-05, m: 1.4192e-03, u: 7.1327e-04, v: 6.0269e-04, pde_a: 3.3230e-03 geom: 2.1101e-05
Epoch: 1260/5000 - Time: 9.85s - Loss: 2.4573e-02 | a: 6.8655e-03, BC: 8.0172e-05, m: 1.4109e-03, u: 6.9106e-04, v: 5.9420e-04, pde_a: 3.3433e-03 geom: 2.0682e-05
Epoch: 1270/5000 - Time: 9.78s - Loss: 2.4202e-02 | a: 6.8038e-03, BC: 7.8219e-05, m: 1.4158e-03, u: 6.8565e-04, v: 5.7149e-04, pde_a: 3.3127e-03 geom: 2.0421e-05
Saving checkpoint at epoch 1270 with loss 2.4202e-02
Epoch: 1280/5000 - Time: 9.93s - Loss: 2.4497e-02 | a: 6.7533e-03, BC: 7.9679e-05, m: 1.4137e-03, u: 7.0760e-04, v: 5.8385e-04, pde_a: 3.3154e-03 geom: 2.0241e-05
Epoch: 1290/5000 - Time: 9.76s - Loss: 2.5261e-02 | a: 6.8948e-03, BC: 7.9176e-05, m: 1.4247e-03, u: 7.3598e-04, v: 6.1644e-04, pde_a: 3.3177e-03 geom: 2.0494e-05
Epoch: 1300/5000 - Time: 10.81s - Loss: 2.5172e-02 | a: 6.9055e-03, BC: 7.7982e-05, m: 1.4193e-03, u: 7.1636e-04, v: 6.2558e-04, pde_a: 3.3299e-03 geom: 2.0373e-05
Epoch: 1310/5000 - Time: 10.46s - Loss: 2.4719e-02 | a: 6.8805e-03, BC: 7.9743e-05, m: 1.4181e-03, u: 6.9655e-04, v: 6.0103e-04, pde_a: 3.3444e-03 geom: 2.0581e-05
Epoch: 1320/5000 - Time: 10.50s - Loss: 2.4821e-02 | a: 6.9597e-03, BC: 8.1203e-05, m: 1.4081e-03, u: 6.9571e-04, v: 6.0684e-04, pde_a: 3.3256e-03 geom: 2.0444e-05
Epoch: 1330/5000 - Time: 10.39s - Loss: 2.4887e-02 | a: 6.8634e-03, BC: 8.0769e-05, m: 1.4176e-03, u: 7.2678e-04, v: 5.8898e-04, pde_a: 3.3479e-03 geom: 2.0108e-05
Epoch: 1340/5000 - Time: 9.73s - Loss: 2.4699e-02 | a: 6.8499e-03, BC: 7.8728e-05, m: 1.4092e-03, u: 7.2158e-04, v: 5.8200e-04, pde_a: 3.3049e-03 geom: 2.0236e-05
Epoch: 1350/5000 - Time: 9.77s - Loss: 2.5149e-02 | a: 6.9991e-03, BC: 7.8179e-05, m: 1.4100e-03, u: 7.3004e-04, v: 6.0355e-04, pde_a: 3.3045e-03 geom: 2.0931e-05
Epoch: 1360/5000 - Time: 10.20s - Loss: 2.4865e-02 | a: 6.8812e-03, BC: 8.2707e-05, m: 1.4013e-03, u: 7.1024e-04, v: 6.0265e-04, pde_a: 3.3506e-03 geom: 2.0430e-05
Epoch: 1370/5000 - Time: 10.54s - Loss: 2.4962e-02 | a: 6.8147e-03, BC: 8.2955e-05, m: 1.4109e-03, u: 7.2590e-04, v: 6.0632e-04, pde_a: 3.3110e-03 geom: 2.0350e-05
Epoch: 1380/5000 - Time: 10.67s - Loss: 2.4841e-02 | a: 6.7863e-03, BC: 7.7695e-05, m: 1.4094e-03, u: 7.2736e-04, v: 5.9603e-04, pde_a: 3.3134e-03 geom: 2.0467e-05
Epoch: 1390/5000 - Time: 9.83s - Loss: 2.4607e-02 | a: 6.7880e-03, BC: 7.9155e-05, m: 1.4031e-03, u: 6.9739e-04, v: 6.0094e-04, pde_a: 3.3328e-03 geom: 2.0530e-05
Epoch: 1400/5000 - Time: 9.90s - Loss: 2.5134e-02 | a: 6.8400e-03, BC: 7.7715e-05, m: 1.4158e-03, u: 7.2624e-04, v: 6.1760e-04, pde_a: 3.3416e-03 geom: 2.0507e-05
Epoch: 1410/5000 - Time: 9.93s - Loss: 2.4582e-02 | a: 6.7805e-03, BC: 7.8089e-05, m: 1.4216e-03, u: 7.0262e-04, v: 5.9208e-04, pde_a: 3.3347e-03 geom: 2.0040e-05
Epoch: 1420/5000 - Time: 9.77s - Loss: 2.4933e-02 | a: 6.9295e-03, BC: 8.4422e-05, m: 1.4166e-03, u: 7.1512e-04, v: 5.9998e-04, pde_a: 3.3310e-03 geom: 2.0587e-05
Epoch: 1430/5000 - Time: 10.47s - Loss: 2.5282e-02 | a: 6.9960e-03, BC: 8.0351e-05, m: 1.4157e-03, u: 7.2875e-04, v: 6.1436e-04, pde_a: 3.3381e-03 geom: 2.1006e-05
Epoch: 1440/5000 - Time: 10.14s - Loss: 2.4698e-02 | a: 6.8834e-03, BC: 8.2871e-05, m: 1.4148e-03, u: 6.9859e-04, v: 6.0262e-04, pde_a: 3.2842e-03 geom: 2.0318e-05
Epoch: 1450/5000 - Time: 9.83s - Loss: 2.5057e-02 | a: 6.8009e-03, BC: 7.7134e-05, m: 1.4089e-03, u: 7.3893e-04, v: 6.0443e-04, pde_a: 3.3167e-03 geom: 2.0295e-05
Epoch: 1460/5000 - Time: 10.71s - Loss: 2.4699e-02 | a: 6.8099e-03, BC: 8.0523e-05, m: 1.4120e-03, u: 7.0885e-04, v: 5.9442e-04, pde_a: 3.3433e-03 geom: 2.0913e-05
Epoch: 1470/5000 - Time: 10.55s - Loss: 2.4609e-02 | a: 6.7845e-03, BC: 7.8957e-05, m: 1.4161e-03, u: 7.0832e-04, v: 5.8840e-04, pde_a: 3.3420e-03 geom: 2.0290e-05
Epoch: 1480/5000 - Time: 10.33s - Loss: 2.4847e-02 | a: 6.8471e-03, BC: 7.8296e-05, m: 1.4059e-03, u: 7.1170e-04, v: 6.0492e-04, pde_a: 3.3293e-03 geom: 2.0205e-05
Epoch: 1490/5000 - Time: 10.35s - Loss: 2.4540e-02 | a: 6.7926e-03, BC: 7.6036e-05, m: 1.4067e-03, u: 6.9453e-04, v: 5.9667e-04, pde_a: 3.3316e-03 geom: 2.0532e-05
Epoch: 1500/5000 - Time: 10.41s - Loss: 2.4667e-02 | a: 6.7389e-03, BC: 7.9803e-05, m: 1.4184e-03, u: 7.0517e-04, v: 6.0416e-04, pde_a: 3.3169e-03 geom: 2.0084e-05
Epoch: 1510/5000 - Time: 10.57s - Loss: 2.5036e-02 | a: 6.7618e-03, BC: 8.1264e-05, m: 1.4166e-03, u: 7.2820e-04, v: 6.1102e-04, pde_a: 3.3641e-03 geom: 1.9932e-05
Epoch: 1520/5000 - Time: 10.36s - Loss: 2.5077e-02 | a: 6.7876e-03, BC: 8.0085e-05, m: 1.4127e-03, u: 7.2916e-04, v: 6.1853e-04, pde_a: 3.2988e-03 geom: 2.0618e-05
Epoch: 1530/5000 - Time: 9.67s - Loss: 2.4852e-02 | a: 6.8460e-03, BC: 7.8855e-05, m: 1.4044e-03, u: 7.1557e-04, v: 6.0424e-04, pde_a: 3.3051e-03 geom: 1.9864e-05
Epoch: 1540/5000 - Time: 9.67s - Loss: 2.5369e-02 | a: 6.8599e-03, BC: 7.9691e-05, m: 1.4172e-03, u: 7.4503e-04, v: 6.2173e-04, pde_a: 3.3244e-03 geom: 2.0057e-05
Epoch: 1550/5000 - Time: 10.68s - Loss: 2.4781e-02 | a: 6.9944e-03, BC: 8.1895e-05, m: 1.4070e-03, u: 6.8798e-04, v: 5.9872e-04, pde_a: 3.4104e-03 geom: 2.0639e-05
Epoch: 1560/5000 - Time: 10.59s - Loss: 2.5672e-02 | a: 6.9125e-03, BC: 7.9291e-05, m: 1.4244e-03, u: 7.3191e-04, v: 6.5844e-04, pde_a: 3.3319e-03 geom: 2.0859e-05
Epoch: 1570/5000 - Time: 10.82s - Loss: 2.4842e-02 | a: 6.7905e-03, BC: 7.6621e-05, m: 1.4134e-03, u: 7.2051e-04, v: 5.9933e-04, pde_a: 3.3430e-03 geom: 2.0055e-05
Epoch: 1580/5000 - Time: 10.74s - Loss: 2.4324e-02 | a: 6.7791e-03, BC: 8.2726e-05, m: 1.4028e-03, u: 6.9047e-04, v: 5.8030e-04, pde_a: 3.3316e-03 geom: 2.0036e-05
Epoch: 1590/5000 - Time: 10.45s - Loss: 2.5005e-02 | a: 6.8260e-03, BC: 7.7374e-05, m: 1.4191e-03, u: 7.1239e-04, v: 6.2264e-04, pde_a: 3.3111e-03 geom: 2.0707e-05
Epoch: 1600/5000 - Time: 9.82s - Loss: 2.4768e-02 | a: 6.7909e-03, BC: 7.8131e-05, m: 1.4130e-03, u: 7.1881e-04, v: 5.9750e-04, pde_a: 3.3022e-03 geom: 2.0259e-05
Epoch: 1610/5000 - Time: 9.81s - Loss: 2.4483e-02 | a: 6.7649e-03, BC: 7.8150e-05, m: 1.4124e-03, u: 6.9308e-04, v: 5.9218e-04, pde_a: 3.3544e-03 geom: 2.0308e-05
Epoch: 1620/5000 - Time: 10.46s - Loss: 2.5076e-02 | a: 6.8886e-03, BC: 7.7927e-05, m: 1.4085e-03, u: 7.2344e-04, v: 6.0906e-04, pde_a: 3.3552e-03 geom: 2.0251e-05
Epoch: 1630/5000 - Time: 10.03s - Loss: 2.4714e-02 | a: 6.7485e-03, BC: 7.8758e-05, m: 1.4220e-03, u: 7.2100e-04, v: 5.9295e-04, pde_a: 3.3049e-03 geom: 1.9907e-05
Epoch: 1640/5000 - Time: 10.09s - Loss: 2.4895e-02 | a: 6.8972e-03, BC: 8.0728e-05, m: 1.4091e-03, u: 7.1501e-04, v: 5.9672e-04, pde_a: 3.3703e-03 geom: 2.0827e-05
Epoch: 1650/5000 - Time: 10.85s - Loss: 2.4847e-02 | a: 6.7393e-03, BC: 7.6773e-05, m: 1.4094e-03, u: 7.0981e-04, v: 6.1945e-04, pde_a: 3.3086e-03 geom: 2.0283e-05
Epoch: 1660/5000 - Time: 10.78s - Loss: 2.4501e-02 | a: 6.7499e-03, BC: 8.0131e-05, m: 1.4061e-03, u: 7.0918e-04, v: 5.8290e-04, pde_a: 3.3237e-03 geom: 2.0079e-05
Epoch: 1670/5000 - Time: 10.75s - Loss: 2.4835e-02 | a: 6.9166e-03, BC: 7.8742e-05, m: 1.4085e-03, u: 7.0426e-04, v: 6.0332e-04, pde_a: 3.3345e-03 geom: 2.0568e-05
Epoch: 1680/5000 - Time: 9.95s - Loss: 2.4737e-02 | a: 6.8091e-03, BC: 7.7622e-05, m: 1.4114e-03, u: 7.1045e-04, v: 5.9829e-04, pde_a: 3.3317e-03 geom: 2.0169e-05
Epoch: 1690/5000 - Time: 9.86s - Loss: 2.5178e-02 | a: 6.7481e-03, BC: 7.8099e-05, m: 1.4173e-03, u: 7.3663e-04, v: 6.2076e-04, pde_a: 3.3404e-03 geom: 2.0302e-05
Epoch: 1700/5000 - Time: 9.95s - Loss: 2.5042e-02 | a: 6.8137e-03, BC: 8.1764e-05, m: 1.4082e-03, u: 7.2525e-04, v: 6.1461e-04, pde_a: 3.3188e-03 geom: 2.0735e-05
Epoch: 1710/5000 - Time: 10.00s - Loss: 2.4555e-02 | a: 6.8508e-03, BC: 7.8463e-05, m: 1.4097e-03, u: 6.9847e-04, v: 5.8950e-04, pde_a: 3.3164e-03 geom: 2.0322e-05
Epoch: 1720/5000 - Time: 10.62s - Loss: 2.4687e-02 | a: 6.8066e-03, BC: 7.8662e-05, m: 1.4063e-03, u: 7.0641e-04, v: 6.0150e-04, pde_a: 3.2962e-03 geom: 2.0232e-05
Epoch: 1730/5000 - Time: 9.99s - Loss: 2.4787e-02 | a: 6.7501e-03, BC: 7.7611e-05, m: 1.4107e-03, u: 7.2718e-04, v: 5.9536e-04, pde_a: 3.3023e-03 geom: 2.0391e-05
Epoch: 1740/5000 - Time: 9.72s - Loss: 2.4829e-02 | a: 6.7035e-03, BC: 8.0748e-05, m: 1.4121e-03, u: 7.1887e-04, v: 6.1174e-04, pde_a: 3.3062e-03 geom: 2.0215e-05
Epoch: 1750/5000 - Time: 9.87s - Loss: 2.4761e-02 | a: 6.7336e-03, BC: 7.7282e-05, m: 1.4069e-03, u: 7.2326e-04, v: 5.9788e-04, pde_a: 3.3119e-03 geom: 1.9948e-05
Epoch: 1760/5000 - Time: 10.54s - Loss: 2.4417e-02 | a: 6.8380e-03, BC: 8.0927e-05, m: 1.4094e-03, u: 6.9211e-04, v: 5.8392e-04, pde_a: 3.3084e-03 geom: 2.0062e-05
Epoch: 1770/5000 - Time: 10.80s - Loss: 2.4326e-02 | a: 6.7302e-03, BC: 8.1511e-05, m: 1.4118e-03, u: 6.9748e-04, v: 5.7696e-04, pde_a: 3.3385e-03 geom: 2.0009e-05
Epoch: 1780/5000 - Time: 9.84s - Loss: 2.4493e-02 | a: 6.7291e-03, BC: 7.8219e-05, m: 1.4098e-03, u: 7.0158e-04, v: 5.9392e-04, pde_a: 3.3008e-03 geom: 2.0130e-05
Epoch: 1790/5000 - Time: 9.85s - Loss: 2.4927e-02 | a: 6.8086e-03, BC: 8.1059e-05, m: 1.4110e-03, u: 7.2608e-04, v: 6.0243e-04, pde_a: 3.3206e-03 geom: 2.0178e-05
Epoch: 1800/5000 - Time: 10.06s - Loss: 2.5396e-02 | a: 6.7922e-03, BC: 7.9649e-05, m: 1.4090e-03, u: 7.3863e-04, v: 6.3656e-04, pde_a: 3.3424e-03 geom: 2.0536e-05
Epoch: 1810/5000 - Time: 9.73s - Loss: 2.5006e-02 | a: 6.7370e-03, BC: 7.9494e-05, m: 1.4078e-03, u: 7.2353e-04, v: 6.1833e-04, pde_a: 3.3432e-03 geom: 2.0218e-05
Epoch: 1820/5000 - Time: 9.82s - Loss: 2.4410e-02 | a: 6.7150e-03, BC: 7.6118e-05, m: 1.4154e-03, u: 7.0609e-04, v: 5.8085e-04, pde_a: 3.3135e-03 geom: 2.0173e-05
Epoch: 1830/5000 - Time: 9.95s - Loss: 2.4879e-02 | a: 6.7977e-03, BC: 7.6728e-05, m: 1.4045e-03, u: 7.2668e-04, v: 5.9694e-04, pde_a: 3.3436e-03 geom: 2.0531e-05
Epoch: 1840/5000 - Time: 9.94s - Loss: 2.4965e-02 | a: 6.7442e-03, BC: 8.0603e-05, m: 1.4035e-03, u: 7.2667e-04, v: 6.1407e-04, pde_a: 3.3088e-03 geom: 2.0095e-05
Epoch: 1850/5000 - Time: 9.93s - Loss: 2.4752e-02 | a: 6.7398e-03, BC: 8.0155e-05, m: 1.4129e-03, u: 7.2243e-04, v: 5.9779e-04, pde_a: 3.2964e-03 geom: 2.0476e-05
Epoch: 1860/5000 - Time: 9.83s - Loss: 2.4469e-02 | a: 6.9103e-03, BC: 8.0964e-05, m: 1.4133e-03, u: 6.8840e-04, v: 5.8297e-04, pde_a: 3.3308e-03 geom: 2.0340e-05
Epoch: 1870/5000 - Time: 10.36s - Loss: 2.4821e-02 | a: 6.8301e-03, BC: 7.8891e-05, m: 1.4178e-03, u: 7.1050e-04, v: 6.0631e-04, pde_a: 3.3055e-03 geom: 2.0358e-05
Epoch: 1880/5000 - Time: 9.91s - Loss: 2.5123e-02 | a: 6.7518e-03, BC: 7.6771e-05, m: 1.4133e-03, u: 7.4261e-04, v: 6.1297e-04, pde_a: 3.3050e-03 geom: 2.0420e-05
Epoch: 1890/5000 - Time: 10.25s - Loss: 2.4736e-02 | a: 6.7823e-03, BC: 8.1600e-05, m: 1.4036e-03, u: 7.1618e-04, v: 5.9546e-04, pde_a: 3.3323e-03 geom: 2.0174e-05
Epoch: 1900/5000 - Time: 10.42s - Loss: 2.4415e-02 | a: 6.7103e-03, BC: 8.0321e-05, m: 1.4138e-03, u: 6.8858e-04, v: 5.9720e-04, pde_a: 3.3328e-03 geom: 2.0088e-05
Epoch: 1910/5000 - Time: 10.43s - Loss: 2.5133e-02 | a: 6.8823e-03, BC: 7.9034e-05, m: 1.4026e-03, u: 7.2721e-04, v: 6.1610e-04, pde_a: 3.3153e-03 geom: 2.0228e-05
Epoch: 1920/5000 - Time: 10.80s - Loss: 2.5003e-02 | a: 6.6856e-03, BC: 8.0253e-05, m: 1.4073e-03, u: 7.3105e-04, v: 6.1657e-04, pde_a: 3.3329e-03 geom: 2.0326e-05
Epoch: 1930/5000 - Time: 10.26s - Loss: 2.4898e-02 | a: 6.8469e-03, BC: 8.0622e-05, m: 1.4051e-03, u: 7.1992e-04, v: 6.0011e-04, pde_a: 3.3451e-03 geom: 2.0477e-05
Epoch: 1940/5000 - Time: 9.97s - Loss: 2.4694e-02 | a: 6.8593e-03, BC: 8.1470e-05, m: 1.4074e-03, u: 7.0962e-04, v: 5.9201e-04, pde_a: 3.3097e-03 geom: 2.0223e-05
Epoch: 1950/5000 - Time: 10.24s - Loss: 2.4803e-02 | a: 6.8537e-03, BC: 8.0182e-05, m: 1.4097e-03, u: 7.1133e-04, v: 5.9891e-04, pde_a: 3.3361e-03 geom: 2.0517e-05
Epoch: 1960/5000 - Time: 10.70s - Loss: 2.4577e-02 | a: 6.7814e-03, BC: 7.9572e-05, m: 1.4130e-03, u: 7.0707e-04, v: 5.9216e-04, pde_a: 3.2909e-03 geom: 2.0095e-05
Epoch: 1970/5000 - Time: 9.70s - Loss: 2.5007e-02 | a: 6.7007e-03, BC: 7.6965e-05, m: 1.4080e-03, u: 7.4518e-04, v: 6.0496e-04, pde_a: 3.2994e-03 geom: 2.0354e-05
Epoch: 1980/5000 - Time: 10.01s - Loss: 2.4796e-02 | a: 6.7427e-03, BC: 8.2595e-05, m: 1.4071e-03, u: 7.3143e-04, v: 5.9399e-04, pde_a: 3.2887e-03 geom: 2.0225e-05
Epoch: 1990/5000 - Time: 9.95s - Loss: 2.5155e-02 | a: 7.0374e-03, BC: 7.7394e-05, m: 1.4101e-03, u: 7.2838e-04, v: 6.0270e-04, pde_a: 3.2981e-03 geom: 2.1315e-05
Epoch: 2000/5000 - Time: 9.76s - Loss: 2.5430e-02 | a: 6.8058e-03, BC: 7.6767e-05, m: 1.4170e-03, u: 7.6544e-04, v: 6.1769e-04, pde_a: 3.2791e-03 geom: 2.0295e-05
Epoch: 2010/5000 - Time: 9.86s - Loss: 2.4822e-02 | a: 6.7327e-03, BC: 1.0134e-04, m: 1.4067e-03, u: 7.0996e-04, v: 6.1358e-04, pde_a: 3.3258e-03 geom: 1.9756e-05
Epoch: 2020/5000 - Time: 10.13s - Loss: 2.4782e-02 | a: 6.6915e-03, BC: 7.8136e-05, m: 1.4033e-03, u: 7.2082e-04, v: 6.0677e-04, pde_a: 3.3126e-03 geom: 2.0279e-05
Epoch: 2030/5000 - Time: 9.77s - Loss: 2.4623e-02 | a: 6.6796e-03, BC: 7.8019e-05, m: 1.4144e-03, u: 7.1078e-04, v: 6.0028e-04, pde_a: 3.3199e-03 geom: 2.0042e-05
Epoch: 2040/5000 - Time: 10.15s - Loss: 2.4910e-02 | a: 6.8020e-03, BC: 7.9886e-05, m: 1.3994e-03, u: 7.1427e-04, v: 6.0887e-04, pde_a: 3.3770e-03 geom: 1.9966e-05
Epoch: 2050/5000 - Time: 10.81s - Loss: 2.5202e-02 | a: 6.8361e-03, BC: 7.9316e-05, m: 1.4054e-03, u: 7.2837e-04, v: 6.2796e-04, pde_a: 3.2980e-03 geom: 2.0276e-05
Epoch: 2060/5000 - Time: 10.83s - Loss: 2.5349e-02 | a: 6.7468e-03, BC: 8.1835e-05, m: 1.4003e-03, u: 7.6330e-04, v: 6.1259e-04, pde_a: 3.3414e-03 geom: 2.0188e-05
Epoch: 2070/5000 - Time: 10.76s - Loss: 2.4765e-02 | a: 6.7607e-03, BC: 7.9149e-05, m: 1.4102e-03, u: 7.1754e-04, v: 6.0191e-04, pde_a: 3.3004e-03 geom: 2.0174e-05
Epoch: 2080/5000 - Time: 10.36s - Loss: 2.4115e-02 | a: 6.7108e-03, BC: 7.8234e-05, m: 1.4085e-03, u: 6.8217e-04, v: 5.7478e-04, pde_a: 3.3280e-03 geom: 1.9821e-05
Saving checkpoint at epoch 2080 with loss 2.4115e-02
Epoch: 2090/5000 - Time: 9.87s - Loss: 2.4506e-02 | a: 6.7495e-03, BC: 7.8116e-05, m: 1.4033e-03, u: 7.0392e-04, v: 5.8977e-04, pde_a: 3.3176e-03 geom: 2.0265e-05
Epoch: 2100/5000 - Time: 10.00s - Loss: 2.4798e-02 | a: 6.7500e-03, BC: 7.8557e-05, m: 1.4046e-03, u: 7.1059e-04, v: 6.0876e-04, pde_a: 3.3515e-03 geom: 2.0061e-05
Epoch: 2110/5000 - Time: 9.95s - Loss: 2.4828e-02 | a: 6.8551e-03, BC: 8.0202e-05, m: 1.4147e-03, u: 7.1505e-04, v: 5.9701e-04, pde_a: 3.3368e-03 geom: 2.0609e-05
Epoch: 2120/5000 - Time: 10.18s - Loss: 2.4810e-02 | a: 6.7223e-03, BC: 7.8540e-05, m: 1.4013e-03, u: 7.2680e-04, v: 6.0394e-04, pde_a: 3.2808e-03 geom: 2.0067e-05
Epoch: 2130/5000 - Time: 10.03s - Loss: 2.5075e-02 | a: 6.7409e-03, BC: 7.6342e-05, m: 1.4082e-03, u: 7.3776e-04, v: 6.1571e-04, pde_a: 3.2954e-03 geom: 1.9913e-05
Epoch: 2140/5000 - Time: 10.09s - Loss: 2.5083e-02 | a: 6.7835e-03, BC: 8.0513e-05, m: 1.4193e-03, u: 7.4161e-04, v: 6.0610e-04, pde_a: 3.3025e-03 geom: 2.0287e-05
Epoch: 2150/5000 - Time: 10.47s - Loss: 2.5090e-02 | a: 6.7438e-03, BC: 1.0156e-04, m: 1.4039e-03, u: 7.2403e-04, v: 6.2597e-04, pde_a: 3.3205e-03 geom: 2.0257e-05
Epoch: 2160/5000 - Time: 10.59s - Loss: 2.4989e-02 | a: 6.7414e-03, BC: 8.1904e-05, m: 1.3991e-03, u: 7.3059e-04, v: 6.1053e-04, pde_a: 3.3346e-03 geom: 2.0382e-05
Epoch: 2170/5000 - Time: 10.70s - Loss: 2.4816e-02 | a: 6.8083e-03, BC: 7.6829e-05, m: 1.4040e-03, u: 7.0951e-04, v: 6.0778e-04, pde_a: 3.3335e-03 geom: 2.0317e-05
Epoch: 2180/5000 - Time: 10.88s - Loss: 2.4806e-02 | a: 6.7391e-03, BC: 8.0683e-05, m: 1.3995e-03, u: 7.1413e-04, v: 6.1152e-04, pde_a: 3.3095e-03 geom: 2.0411e-05
Epoch: 2190/5000 - Time: 10.83s - Loss: 2.5292e-02 | a: 6.8322e-03, BC: 7.8615e-05, m: 1.4079e-03, u: 7.3810e-04, v: 6.2751e-04, pde_a: 3.2969e-03 geom: 2.0194e-05
Epoch: 2200/5000 - Time: 10.87s - Loss: 2.4799e-02 | a: 6.7252e-03, BC: 8.1552e-05, m: 1.4095e-03, u: 7.2102e-04, v: 6.0186e-04, pde_a: 3.3338e-03 geom: 2.0244e-05
Epoch: 2210/5000 - Time: 10.41s - Loss: 2.4887e-02 | a: 6.6458e-03, BC: 7.8680e-05, m: 1.4088e-03, u: 7.2744e-04, v: 6.1739e-04, pde_a: 3.2854e-03 geom: 1.9988e-05
Epoch: 2220/5000 - Time: 9.90s - Loss: 2.4433e-02 | a: 6.7675e-03, BC: 7.5487e-05, m: 1.4071e-03, u: 6.9294e-04, v: 5.9372e-04, pde_a: 3.2957e-03 geom: 2.0714e-05
Epoch: 2230/5000 - Time: 9.71s - Loss: 2.4727e-02 | a: 6.7309e-03, BC: 8.1176e-05, m: 1.4105e-03, u: 7.2076e-04, v: 5.9728e-04, pde_a: 3.3041e-03 geom: 2.0329e-05
Epoch: 2240/5000 - Time: 10.75s - Loss: 2.4498e-02 | a: 6.6811e-03, BC: 8.1974e-05, m: 1.4050e-03, u: 7.0781e-04, v: 5.9275e-04, pde_a: 3.3047e-03 geom: 2.0071e-05
Epoch: 2250/5000 - Time: 10.84s - Loss: 2.5084e-02 | a: 6.8068e-03, BC: 7.7401e-05, m: 1.4025e-03, u: 7.3388e-04, v: 6.1121e-04, pde_a: 3.3261e-03 geom: 2.0603e-05
Epoch: 2260/5000 - Time: 10.59s - Loss: 2.4900e-02 | a: 6.8174e-03, BC: 8.2085e-05, m: 1.4044e-03, u: 7.1871e-04, v: 6.0669e-04, pde_a: 3.3220e-03 geom: 2.0326e-05
Epoch: 2270/5000 - Time: 10.62s - Loss: 2.4772e-02 | a: 6.7755e-03, BC: 8.5106e-05, m: 1.4050e-03, u: 7.2282e-04, v: 5.9325e-04, pde_a: 3.3254e-03 geom: 2.0180e-05
Epoch: 2280/5000 - Time: 10.44s - Loss: 2.4608e-02 | a: 6.7894e-03, BC: 7.9511e-05, m: 1.4034e-03, u: 6.7769e-04, v: 6.2442e-04, pde_a: 3.2944e-03 geom: 2.0266e-05
Epoch: 2290/5000 - Time: 10.39s - Loss: 2.4880e-02 | a: 6.8253e-03, BC: 7.8452e-05, m: 1.4068e-03, u: 7.2382e-04, v: 5.9977e-04, pde_a: 3.3140e-03 geom: 1.9878e-05
Epoch: 2300/5000 - Time: 10.05s - Loss: 2.4854e-02 | a: 6.7756e-03, BC: 8.3420e-05, m: 1.3989e-03, u: 7.2055e-04, v: 6.0001e-04, pde_a: 3.3694e-03 geom: 2.0599e-05
Epoch: 2310/5000 - Time: 9.90s - Loss: 2.5016e-02 | a: 6.8086e-03, BC: 7.9585e-05, m: 1.4127e-03, u: 7.2288e-04, v: 6.1436e-04, pde_a: 3.3224e-03 geom: 1.9885e-05
Epoch: 2320/5000 - Time: 9.92s - Loss: 2.4790e-02 | a: 6.6350e-03, BC: 7.6487e-05, m: 1.4052e-03, u: 7.2983e-04, v: 6.0341e-04, pde_a: 3.3211e-03 geom: 1.9821e-05
Epoch: 2330/5000 - Time: 9.84s - Loss: 2.4552e-02 | a: 6.7043e-03, BC: 7.6316e-05, m: 1.4044e-03, u: 7.0978e-04, v: 5.9497e-04, pde_a: 3.2987e-03 geom: 2.0266e-05
Epoch: 2340/5000 - Time: 10.86s - Loss: 2.5071e-02 | a: 6.7831e-03, BC: 7.9944e-05, m: 1.4002e-03, u: 7.4609e-04, v: 6.0411e-04, pde_a: 3.2857e-03 geom: 2.0012e-05
Epoch: 2350/5000 - Time: 10.88s - Loss: 2.5122e-02 | a: 6.7549e-03, BC: 7.9400e-05, m: 1.4063e-03, u: 7.4325e-04, v: 6.1351e-04, pde_a: 3.2933e-03 geom: 2.0084e-05
Epoch: 2360/5000 - Time: 10.86s - Loss: 2.4634e-02 | a: 6.6793e-03, BC: 7.6845e-05, m: 1.4109e-03, u: 7.1101e-04, v: 6.0375e-04, pde_a: 3.2988e-03 geom: 2.0384e-05
Epoch: 2370/5000 - Time: 10.18s - Loss: 2.4857e-02 | a: 6.7267e-03, BC: 7.6769e-05, m: 1.4075e-03, u: 7.2949e-04, v: 6.0502e-04, pde_a: 3.2804e-03 geom: 2.0262e-05
Epoch: 2380/5000 - Time: 10.23s - Loss: 2.4960e-02 | a: 6.7851e-03, BC: 7.9100e-05, m: 1.3973e-03, u: 7.0870e-04, v: 6.2131e-04, pde_a: 3.3791e-03 geom: 1.9759e-05
Epoch: 2390/5000 - Time: 10.39s - Loss: 2.5040e-02 | a: 6.6852e-03, BC: 7.8719e-05, m: 1.3984e-03, u: 7.5275e-04, v: 6.0403e-04, pde_a: 3.2896e-03 geom: 2.0367e-05
Epoch: 2400/5000 - Time: 10.53s - Loss: 2.4898e-02 | a: 6.6759e-03, BC: 7.7033e-05, m: 1.3977e-03, u: 7.2416e-04, v: 6.1508e-04, pde_a: 3.3350e-03 geom: 2.0295e-05
Epoch: 2410/5000 - Time: 10.73s - Loss: 2.4824e-02 | a: 6.7388e-03, BC: 7.6841e-05, m: 1.3986e-03, u: 7.3499e-04, v: 5.9290e-04, pde_a: 3.3110e-03 geom: 1.9903e-05
Epoch: 2420/5000 - Time: 10.94s - Loss: 2.4241e-02 | a: 6.6904e-03, BC: 7.8336e-05, m: 1.4004e-03, u: 6.9188e-04, v: 5.8295e-04, pde_a: 3.3029e-03 geom: 2.0281e-05
Epoch: 2430/5000 - Time: 10.92s - Loss: 2.4782e-02 | a: 6.7100e-03, BC: 7.9836e-05, m: 1.4098e-03, u: 7.1244e-04, v: 6.1313e-04, pde_a: 3.3063e-03 geom: 2.0255e-05
Epoch: 2440/5000 - Time: 10.91s - Loss: 2.4910e-02 | a: 6.6719e-03, BC: 7.9112e-05, m: 1.3978e-03, u: 7.2627e-04, v: 6.1708e-04, pde_a: 3.3076e-03 geom: 1.9802e-05
Epoch: 2450/5000 - Time: 10.80s - Loss: 2.4806e-02 | a: 6.8390e-03, BC: 7.9388e-05, m: 1.4052e-03, u: 7.0554e-04, v: 6.0948e-04, pde_a: 3.3113e-03 geom: 2.0548e-05
Epoch: 2460/5000 - Time: 10.71s - Loss: 2.5332e-02 | a: 6.6990e-03, BC: 7.8208e-05, m: 1.4082e-03, u: 7.5989e-04, v: 6.2340e-04, pde_a: 3.2937e-03 geom: 2.0089e-05
Epoch: 2470/5000 - Time: 10.80s - Loss: 2.5280e-02 | a: 6.7366e-03, BC: 7.9693e-05, m: 1.3922e-03, u: 7.5032e-04, v: 6.2482e-04, pde_a: 3.2999e-03 geom: 1.9849e-05
Epoch: 2480/5000 - Time: 10.00s - Loss: 2.5426e-02 | a: 6.7033e-03, BC: 7.8814e-05, m: 1.4089e-03, u: 7.5937e-04, v: 6.2650e-04, pde_a: 3.3566e-03 geom: 2.0013e-05
Epoch: 2490/5000 - Time: 10.08s - Loss: 2.4796e-02 | a: 6.6407e-03, BC: 7.8648e-05, m: 1.3998e-03, u: 7.1838e-04, v: 6.1495e-04, pde_a: 3.3238e-03 geom: 2.0043e-05
Epoch: 2500/5000 - Time: 11.02s - Loss: 2.4579e-02 | a: 6.7126e-03, BC: 8.0083e-05, m: 1.4041e-03, u: 7.1991e-04, v: 5.8557e-04, pde_a: 3.3070e-03 geom: 2.0035e-05
Epoch: 2510/5000 - Time: 10.46s - Loss: 2.4962e-02 | a: 6.6323e-03, BC: 7.9947e-05, m: 1.3947e-03, u: 7.3908e-04, v: 6.1386e-04, pde_a: 3.3053e-03 geom: 2.0209e-05
Epoch: 2520/5000 - Time: 9.79s - Loss: 2.5422e-02 | a: 6.7709e-03, BC: 7.9276e-05, m: 1.4000e-03, u: 7.4578e-04, v: 6.3971e-04, pde_a: 3.2972e-03 geom: 1.9873e-05
Epoch: 2530/5000 - Time: 9.93s - Loss: 2.5133e-02 | a: 6.6964e-03, BC: 8.2094e-05, m: 1.3917e-03, u: 7.3871e-04, v: 6.2364e-04, pde_a: 3.3189e-03 geom: 2.0410e-05
Epoch: 2540/5000 - Time: 10.04s - Loss: 2.4673e-02 | a: 6.6043e-03, BC: 8.0616e-05, m: 1.4061e-03, u: 7.2112e-04, v: 6.0568e-04, pde_a: 3.2945e-03 geom: 1.9884e-05
Epoch: 2550/5000 - Time: 9.94s - Loss: 2.5248e-02 | a: 6.7212e-03, BC: 7.9009e-05, m: 1.4057e-03, u: 7.5154e-04, v: 6.2473e-04, pde_a: 3.2591e-03 geom: 1.9759e-05
Epoch: 2560/5000 - Time: 9.81s - Loss: 2.4936e-02 | a: 6.7089e-03, BC: 7.4977e-05, m: 1.4038e-03, u: 7.3183e-04, v: 6.1273e-04, pde_a: 3.2826e-03 geom: 2.0370e-05
Epoch: 2570/5000 - Time: 10.67s - Loss: 2.4603e-02 | a: 6.7820e-03, BC: 7.9411e-05, m: 1.4026e-03, u: 7.0583e-04, v: 5.9701e-04, pde_a: 3.2901e-03 geom: 2.0161e-05
Epoch: 2580/5000 - Time: 10.76s - Loss: 2.4850e-02 | a: 6.6746e-03, BC: 8.1746e-05, m: 1.3979e-03, u: 7.3559e-04, v: 6.0077e-04, pde_a: 3.3116e-03 geom: 2.0185e-05
Epoch: 2590/5000 - Time: 10.80s - Loss: 2.4808e-02 | a: 6.7463e-03, BC: 7.7922e-05, m: 1.3975e-03, u: 7.3018e-04, v: 5.9847e-04, pde_a: 3.2802e-03 geom: 1.9893e-05
Epoch: 2600/5000 - Time: 10.57s - Loss: 2.4705e-02 | a: 6.6802e-03, BC: 8.0723e-05, m: 1.3899e-03, u: 7.1451e-04, v: 6.0829e-04, pde_a: 3.3057e-03 geom: 2.0240e-05
Epoch: 2610/5000 - Time: 10.87s - Loss: 2.4206e-02 | a: 6.6433e-03, BC: 8.0950e-05, m: 1.3973e-03, u: 6.9127e-04, v: 5.8505e-04, pde_a: 3.3007e-03 geom: 2.0006e-05
Epoch: 2620/5000 - Time: 10.83s - Loss: 2.4831e-02 | a: 6.6396e-03, BC: 7.7252e-05, m: 1.4025e-03, u: 7.1538e-04, v: 6.2481e-04, pde_a: 3.2897e-03 geom: 2.0023e-05
Epoch: 2630/5000 - Time: 10.89s - Loss: 2.4834e-02 | a: 6.6270e-03, BC: 7.6532e-05, m: 1.4012e-03, u: 7.1259e-04, v: 6.2725e-04, pde_a: 3.3110e-03 geom: 2.0171e-05
Epoch: 2640/5000 - Time: 10.80s - Loss: 2.4635e-02 | a: 6.7060e-03, BC: 7.7849e-05, m: 1.4031e-03, u: 7.0450e-04, v: 6.0727e-04, pde_a: 3.3091e-03 geom: 2.0856e-05
Epoch: 2650/5000 - Time: 9.79s - Loss: 2.4521e-02 | a: 6.7126e-03, BC: 8.2096e-05, m: 1.3997e-03, u: 7.1286e-04, v: 5.8830e-04, pde_a: 3.2944e-03 geom: 2.0311e-05
Epoch: 2660/5000 - Time: 9.80s - Loss: 2.4916e-02 | a: 6.7366e-03, BC: 7.9996e-05, m: 1.4005e-03, u: 7.2073e-04, v: 6.1371e-04, pde_a: 3.3337e-03 geom: 2.0397e-05
Epoch: 2670/5000 - Time: 10.18s - Loss: 2.5196e-02 | a: 6.7713e-03, BC: 7.7832e-05, m: 1.3944e-03, u: 7.5182e-04, v: 6.0890e-04, pde_a: 3.3247e-03 geom: 2.0248e-05
Epoch: 2680/5000 - Time: 10.77s - Loss: 2.4588e-02 | a: 6.6255e-03, BC: 7.5835e-05, m: 1.4022e-03, u: 7.0886e-04, v: 5.9969e-04, pde_a: 3.3790e-03 geom: 2.0078e-05
Epoch: 2690/5000 - Time: 10.37s - Loss: 2.4765e-02 | a: 6.7219e-03, BC: 7.8455e-05, m: 1.4043e-03, u: 7.2446e-04, v: 6.0217e-04, pde_a: 3.2735e-03 geom: 2.0306e-05
Epoch: 2700/5000 - Time: 9.90s - Loss: 2.4632e-02 | a: 6.7326e-03, BC: 7.6733e-05, m: 1.3963e-03, u: 7.0496e-04, v: 6.0523e-04, pde_a: 3.3040e-03 geom: 2.0084e-05
Epoch: 2710/5000 - Time: 10.19s - Loss: 2.5325e-02 | a: 6.7983e-03, BC: 8.2057e-05, m: 1.3977e-03, u: 7.5695e-04, v: 6.1852e-04, pde_a: 3.2721e-03 geom: 2.0408e-05
Epoch: 2720/5000 - Time: 10.83s - Loss: 2.5098e-02 | a: 6.5862e-03, BC: 7.6942e-05, m: 1.4029e-03, u: 7.4899e-04, v: 6.2256e-04, pde_a: 3.2964e-03 geom: 1.9704e-05
Epoch: 2730/5000 - Time: 10.90s - Loss: 2.4743e-02 | a: 6.7161e-03, BC: 7.8890e-05, m: 1.3979e-03, u: 7.2009e-04, v: 6.0123e-04, pde_a: 3.3163e-03 geom: 2.0182e-05
Epoch: 2740/5000 - Time: 9.90s - Loss: 2.4774e-02 | a: 6.6526e-03, BC: 7.4778e-05, m: 1.3992e-03, u: 7.2103e-04, v: 6.1388e-04, pde_a: 3.2785e-03 geom: 2.0024e-05
Epoch: 2750/5000 - Time: 9.87s - Loss: 2.4588e-02 | a: 6.6885e-03, BC: 8.0036e-05, m: 1.3967e-03, u: 7.1478e-04, v: 5.9236e-04, pde_a: 3.3308e-03 geom: 2.0336e-05
Epoch: 2760/5000 - Time: 10.00s - Loss: 2.4896e-02 | a: 6.7067e-03, BC: 7.7430e-05, m: 1.4125e-03, u: 7.2480e-04, v: 6.1174e-04, pde_a: 3.3134e-03 geom: 2.0415e-05
Epoch: 2770/5000 - Time: 10.00s - Loss: 2.5317e-02 | a: 6.7499e-03, BC: 8.0785e-05, m: 1.3989e-03, u: 7.4276e-04, v: 6.3230e-04, pde_a: 3.3171e-03 geom: 1.9956e-05
Epoch: 2780/5000 - Time: 10.32s - Loss: 2.5230e-02 | a: 6.7546e-03, BC: 7.8680e-05, m: 1.4054e-03, u: 7.4958e-04, v: 6.1714e-04, pde_a: 3.3032e-03 geom: 2.0489e-05
Epoch: 2790/5000 - Time: 9.92s - Loss: 2.4875e-02 | a: 6.7175e-03, BC: 7.9505e-05, m: 1.3972e-03, u: 7.2324e-04, v: 6.1167e-04, pde_a: 3.3109e-03 geom: 2.0492e-05
Epoch: 2800/5000 - Time: 9.89s - Loss: 2.4420e-02 | a: 6.7088e-03, BC: 8.0697e-05, m: 1.3941e-03, u: 6.9802e-04, v: 5.9502e-04, pde_a: 3.2855e-03 geom: 2.0050e-05
Epoch: 2810/5000 - Time: 9.95s - Loss: 2.4999e-02 | a: 6.6656e-03, BC: 7.9962e-05, m: 1.4029e-03, u: 7.4248e-04, v: 6.1146e-04, pde_a: 3.2912e-03 geom: 2.0115e-05
Epoch: 2820/5000 - Time: 9.90s - Loss: 2.4933e-02 | a: 6.6886e-03, BC: 7.9526e-05, m: 1.4030e-03, u: 7.2688e-04, v: 6.1664e-04, pde_a: 3.3066e-03 geom: 2.0461e-05
Epoch: 2830/5000 - Time: 10.61s - Loss: 2.4863e-02 | a: 6.6227e-03, BC: 7.9187e-05, m: 1.3954e-03, u: 7.2846e-04, v: 6.1640e-04, pde_a: 3.2964e-03 geom: 2.0108e-05
Epoch: 2840/5000 - Time: 10.64s - Loss: 2.4905e-02 | a: 6.7319e-03, BC: 7.9013e-05, m: 1.4013e-03, u: 7.2391e-04, v: 6.1074e-04, pde_a: 3.3267e-03 geom: 2.0150e-05
Epoch: 2850/5000 - Time: 10.92s - Loss: 2.5031e-02 | a: 6.7781e-03, BC: 8.1441e-05, m: 1.3956e-03, u: 7.3271e-04, v: 6.1066e-04, pde_a: 3.3226e-03 geom: 1.9950e-05
Epoch: 2860/5000 - Time: 10.56s - Loss: 2.4552e-02 | a: 6.6932e-03, BC: 7.9523e-05, m: 1.3909e-03, u: 7.1197e-04, v: 5.9348e-04, pde_a: 3.3141e-03 geom: 1.9939e-05
Epoch: 2870/5000 - Time: 9.82s - Loss: 2.4580e-02 | a: 6.6017e-03, BC: 7.8425e-05, m: 1.4021e-03, u: 7.1490e-04, v: 6.0448e-04, pde_a: 3.2837e-03 geom: 1.9948e-05
Epoch: 2880/5000 - Time: 9.86s - Loss: 2.4886e-02 | a: 6.6520e-03, BC: 7.9844e-05, m: 1.4007e-03, u: 7.2859e-04, v: 6.1570e-04, pde_a: 3.2908e-03 geom: 2.0293e-05
Epoch: 2890/5000 - Time: 9.80s - Loss: 2.4411e-02 | a: 6.6960e-03, BC: 7.9697e-05, m: 1.3978e-03, u: 6.9299e-04, v: 5.9979e-04, pde_a: 3.2895e-03 geom: 2.0174e-05
Epoch: 2900/5000 - Time: 10.50s - Loss: 2.4675e-02 | a: 6.5879e-03, BC: 8.0545e-05, m: 1.4032e-03, u: 7.2320e-04, v: 6.0534e-04, pde_a: 3.2982e-03 geom: 1.9844e-05
Epoch: 2910/5000 - Time: 10.71s - Loss: 2.4794e-02 | a: 6.6170e-03, BC: 8.1943e-05, m: 1.3951e-03, u: 7.3065e-04, v: 6.0698e-04, pde_a: 3.3040e-03 geom: 1.9868e-05
Epoch: 2920/5000 - Time: 10.58s - Loss: 2.4603e-02 | a: 6.7006e-03, BC: 7.6088e-05, m: 1.3947e-03, u: 7.0959e-04, v: 6.0035e-04, pde_a: 3.3122e-03 geom: 1.9963e-05
Epoch: 2930/5000 - Time: 9.72s - Loss: 2.4894e-02 | a: 6.6448e-03, BC: 8.8956e-05, m: 1.3964e-03, u: 7.2332e-04, v: 6.2064e-04, pde_a: 3.3043e-03 geom: 2.0073e-05
Epoch: 2940/5000 - Time: 9.79s - Loss: 2.5105e-02 | a: 6.7335e-03, BC: 7.9581e-05, m: 1.3978e-03, u: 7.4276e-04, v: 6.1691e-04, pde_a: 3.2771e-03 geom: 2.0280e-05
Epoch: 2950/5000 - Time: 10.11s - Loss: 2.4967e-02 | a: 6.6765e-03, BC: 7.9120e-05, m: 1.4043e-03, u: 7.3074e-04, v: 6.1917e-04, pde_a: 3.2883e-03 geom: 2.0095e-05
Epoch: 2960/5000 - Time: 10.59s - Loss: 2.5425e-02 | a: 6.6094e-03, BC: 7.7855e-05, m: 1.3947e-03, u: 7.7383e-04, v: 6.2934e-04, pde_a: 3.2911e-03 geom: 1.9906e-05
Epoch: 2970/5000 - Time: 10.40s - Loss: 2.4797e-02 | a: 6.6426e-03, BC: 7.5963e-05, m: 1.4022e-03, u: 7.2775e-04, v: 6.0597e-04, pde_a: 3.3187e-03 geom: 1.9933e-05
Epoch: 2980/5000 - Time: 10.57s - Loss: 2.4606e-02 | a: 6.6252e-03, BC: 7.6436e-05, m: 1.3981e-03, u: 7.0713e-04, v: 6.0933e-04, pde_a: 3.3223e-03 geom: 1.9827e-05
Epoch: 2990/5000 - Time: 10.63s - Loss: 2.5023e-02 | a: 6.7940e-03, BC: 7.7265e-05, m: 1.4047e-03, u: 7.3821e-04, v: 6.0376e-04, pde_a: 3.3066e-03 geom: 2.0366e-05
Epoch: 3000/5000 - Time: 10.78s - Loss: 2.4790e-02 | a: 6.6176e-03, BC: 7.7881e-05, m: 1.3973e-03, u: 7.3314e-04, v: 6.0284e-04, pde_a: 3.3174e-03 geom: 2.0062e-05
Epoch: 3010/5000 - Time: 10.54s - Loss: 2.4946e-02 | a: 6.6903e-03, BC: 7.9364e-05, m: 1.3914e-03, u: 7.3702e-04, v: 6.0951e-04, pde_a: 3.2996e-03 geom: 2.0364e-05
Epoch: 3020/5000 - Time: 10.70s - Loss: 2.4549e-02 | a: 6.5754e-03, BC: 7.7318e-05, m: 1.3973e-03, u: 7.1203e-04, v: 6.0341e-04, pde_a: 3.3251e-03 geom: 1.9931e-05
Epoch: 3030/5000 - Time: 10.21s - Loss: 2.4822e-02 | a: 6.6288e-03, BC: 7.8544e-05, m: 1.3954e-03, u: 7.4599e-04, v: 5.9365e-04, pde_a: 3.3027e-03 geom: 1.9902e-05
Epoch: 3040/5000 - Time: 9.75s - Loss: 2.4627e-02 | a: 6.5505e-03, BC: 7.8951e-05, m: 1.4009e-03, u: 7.1277e-04, v: 6.1733e-04, pde_a: 3.2754e-03 geom: 1.9902e-05
Epoch: 3050/5000 - Time: 9.86s - Loss: 2.4977e-02 | a: 6.6332e-03, BC: 7.6439e-05, m: 1.3965e-03, u: 7.2822e-04, v: 6.2574e-04, pde_a: 3.3109e-03 geom: 2.0216e-05
Epoch: 3060/5000 - Time: 9.97s - Loss: 2.4557e-02 | a: 6.7347e-03, BC: 7.7300e-05, m: 1.3957e-03, u: 7.1050e-04, v: 5.9462e-04, pde_a: 3.2774e-03 geom: 2.0273e-05
Epoch: 3070/5000 - Time: 9.86s - Loss: 2.5450e-02 | a: 6.6223e-03, BC: 7.8367e-05, m: 1.3955e-03, u: 7.7051e-04, v: 6.3432e-04, pde_a: 3.2860e-03 geom: 1.9925e-05
Epoch: 3080/5000 - Time: 9.69s - Loss: 2.5008e-02 | a: 6.6781e-03, BC: 7.8899e-05, m: 1.3987e-03, u: 7.3152e-04, v: 6.1888e-04, pde_a: 3.3270e-03 geom: 2.0911e-05
Epoch: 3090/5000 - Time: 9.78s - Loss: 2.5247e-02 | a: 6.6037e-03, BC: 8.6819e-05, m: 1.3923e-03, u: 7.4793e-04, v: 6.3572e-04, pde_a: 3.3073e-03 geom: 1.9999e-05
Epoch: 3100/5000 - Time: 9.86s - Loss: 2.4957e-02 | a: 6.6015e-03, BC: 7.9527e-05, m: 1.3957e-03, u: 7.2903e-04, v: 6.2563e-04, pde_a: 3.3138e-03 geom: 1.9755e-05
Epoch: 3110/5000 - Time: 9.70s - Loss: 2.4768e-02 | a: 6.6294e-03, BC: 7.8210e-05, m: 1.4020e-03, u: 7.3336e-04, v: 5.9663e-04, pde_a: 3.3380e-03 geom: 2.0087e-05
Epoch: 3120/5000 - Time: 9.85s - Loss: 2.4880e-02 | a: 6.7931e-03, BC: 8.2372e-05, m: 1.3941e-03, u: 7.2496e-04, v: 6.0699e-04, pde_a: 3.2707e-03 geom: 1.9879e-05
Epoch: 3130/5000 - Time: 10.86s - Loss: 2.4994e-02 | a: 6.6705e-03, BC: 7.7442e-05, m: 1.3965e-03, u: 7.3256e-04, v: 6.1941e-04, pde_a: 3.3095e-03 geom: 2.0164e-05
Epoch: 3140/5000 - Time: 10.99s - Loss: 2.4730e-02 | a: 6.5785e-03, BC: 7.9184e-05, m: 1.3945e-03, u: 7.1949e-04, v: 6.1778e-04, pde_a: 3.2855e-03 geom: 2.0101e-05
Epoch: 3150/5000 - Time: 10.65s - Loss: 2.4370e-02 | a: 6.6157e-03, BC: 7.7740e-05, m: 1.3931e-03, u: 7.0141e-04, v: 5.9589e-04, pde_a: 3.2909e-03 geom: 1.9986e-05
Epoch: 3160/5000 - Time: 10.09s - Loss: 2.4664e-02 | a: 6.6212e-03, BC: 7.7361e-05, m: 1.3898e-03, u: 7.2696e-04, v: 6.0069e-04, pde_a: 3.2787e-03 geom: 2.0396e-05
Epoch: 3170/5000 - Time: 9.78s - Loss: 2.4848e-02 | a: 6.6401e-03, BC: 8.3266e-05, m: 1.3875e-03, u: 7.3145e-04, v: 6.1085e-04, pde_a: 3.2936e-03 geom: 2.0061e-05
Epoch: 3180/5000 - Time: 9.91s - Loss: 2.5042e-02 | a: 6.5856e-03, BC: 7.8793e-05, m: 1.3983e-03, u: 7.3105e-04, v: 6.3436e-04, pde_a: 3.3055e-03 geom: 1.9864e-05
Epoch: 3190/5000 - Time: 10.10s - Loss: 2.4906e-02 | a: 6.5832e-03, BC: 7.7822e-05, m: 1.3917e-03, u: 7.3966e-04, v: 6.1652e-04, pde_a: 3.2720e-03 geom: 1.9851e-05
Epoch: 3200/5000 - Time: 9.90s - Loss: 2.4781e-02 | a: 6.6133e-03, BC: 7.8527e-05, m: 1.3943e-03, u: 7.2479e-04, v: 6.1304e-04, pde_a: 3.2963e-03 geom: 2.0142e-05
Epoch: 3210/5000 - Time: 9.83s - Loss: 2.4463e-02 | a: 6.6197e-03, BC: 7.9515e-05, m: 1.3857e-03, u: 7.1807e-04, v: 5.8669e-04, pde_a: 3.3109e-03 geom: 1.9951e-05
Epoch: 3220/5000 - Time: 10.73s - Loss: 2.4441e-02 | a: 6.7407e-03, BC: 7.8427e-05, m: 1.3962e-03, u: 6.9574e-04, v: 5.9497e-04, pde_a: 3.2987e-03 geom: 2.0353e-05
Epoch: 3230/5000 - Time: 10.69s - Loss: 2.4932e-02 | a: 6.7083e-03, BC: 7.8819e-05, m: 1.3978e-03, u: 7.3347e-04, v: 6.1038e-04, pde_a: 3.2882e-03 geom: 2.0126e-05
Epoch: 3240/5000 - Time: 10.87s - Loss: 2.4785e-02 | a: 6.5948e-03, BC: 7.7105e-05, m: 1.3999e-03, u: 7.3495e-04, v: 6.0582e-04, pde_a: 3.2850e-03 geom: 2.0310e-05
Epoch: 3250/5000 - Time: 10.84s - Loss: 2.4991e-02 | a: 6.6434e-03, BC: 7.9007e-05, m: 1.3992e-03, u: 7.4516e-04, v: 6.1058e-04, pde_a: 3.2916e-03 geom: 2.0422e-05
Epoch: 3260/5000 - Time: 10.00s - Loss: 2.4706e-02 | a: 6.5754e-03, BC: 7.7483e-05, m: 1.3933e-03, u: 7.2849e-04, v: 6.0299e-04, pde_a: 3.3247e-03 geom: 2.0034e-05
Epoch: 3270/5000 - Time: 9.91s - Loss: 2.4357e-02 | a: 6.6341e-03, BC: 7.6608e-05, m: 1.4028e-03, u: 6.9683e-04, v: 5.9248e-04, pde_a: 3.3301e-03 geom: 2.0066e-05
Epoch: 3280/5000 - Time: 9.97s - Loss: 2.4995e-02 | a: 6.7490e-03, BC: 7.9340e-05, m: 1.3896e-03, u: 7.3218e-04, v: 6.1675e-04, pde_a: 3.2673e-03 geom: 2.0228e-05
Epoch: 3290/5000 - Time: 10.86s - Loss: 2.4619e-02 | a: 6.6449e-03, BC: 8.2347e-05, m: 1.3953e-03, u: 7.1655e-04, v: 6.0279e-04, pde_a: 3.2826e-03 geom: 2.0406e-05
Epoch: 3300/5000 - Time: 10.68s - Loss: 2.4734e-02 | a: 6.6759e-03, BC: 7.5466e-05, m: 1.3938e-03, u: 7.3092e-04, v: 5.9730e-04, pde_a: 3.2869e-03 geom: 1.9704e-05
Epoch: 3310/5000 - Time: 10.82s - Loss: 2.5224e-02 | a: 6.5746e-03, BC: 7.7750e-05, m: 1.3926e-03, u: 7.4377e-04, v: 6.4236e-04, pde_a: 3.2976e-03 geom: 2.0399e-05
Epoch: 3320/5000 - Time: 10.77s - Loss: 2.4479e-02 | a: 6.6521e-03, BC: 7.7825e-05, m: 1.3868e-03, u: 7.0264e-04, v: 6.0204e-04, pde_a: 3.2955e-03 geom: 2.0171e-05
Epoch: 3330/5000 - Time: 10.62s - Loss: 2.5047e-02 | a: 6.6821e-03, BC: 8.0392e-05, m: 1.3965e-03, u: 7.4490e-04, v: 6.1396e-04, pde_a: 3.2790e-03 geom: 2.0512e-05
Epoch: 3340/5000 - Time: 9.80s - Loss: 2.5332e-02 | a: 6.7145e-03, BC: 7.7160e-05, m: 1.3929e-03, u: 7.5324e-04, v: 6.3031e-04, pde_a: 3.2911e-03 geom: 2.0521e-05
Epoch: 3350/5000 - Time: 9.76s - Loss: 2.4971e-02 | a: 6.5365e-03, BC: 7.6197e-05, m: 1.3965e-03, u: 7.2348e-04, v: 6.4294e-04, pde_a: 3.2769e-03 geom: 2.0265e-05
Epoch: 3360/5000 - Time: 10.53s - Loss: 2.4604e-02 | a: 6.6235e-03, BC: 8.0396e-05, m: 1.3833e-03, u: 7.1570e-04, v: 6.0076e-04, pde_a: 3.3324e-03 geom: 2.0079e-05
Epoch: 3370/5000 - Time: 10.74s - Loss: 2.4576e-02 | a: 6.6290e-03, BC: 7.7410e-05, m: 1.4022e-03, u: 7.1887e-04, v: 5.9721e-04, pde_a: 3.2867e-03 geom: 2.0259e-05
Epoch: 3380/5000 - Time: 9.86s - Loss: 2.4577e-02 | a: 6.5978e-03, BC: 8.2651e-05, m: 1.3903e-03, u: 7.1728e-04, v: 6.0482e-04, pde_a: 3.2654e-03 geom: 2.0007e-05
Epoch: 3390/5000 - Time: 9.70s - Loss: 2.4845e-02 | a: 6.5888e-03, BC: 7.6860e-05, m: 1.3956e-03, u: 7.3714e-04, v: 6.1205e-04, pde_a: 3.2716e-03 geom: 2.0319e-05
Epoch: 3400/5000 - Time: 9.88s - Loss: 2.4883e-02 | a: 6.6264e-03, BC: 8.2775e-05, m: 1.3909e-03, u: 7.3045e-04, v: 6.1626e-04, pde_a: 3.2959e-03 geom: 1.9749e-05
Epoch: 3410/5000 - Time: 10.78s - Loss: 2.4477e-02 | a: 6.4935e-03, BC: 8.0634e-05, m: 1.3966e-03, u: 7.1383e-04, v: 6.0184e-04, pde_a: 3.3301e-03 geom: 1.9607e-05
Epoch: 3420/5000 - Time: 10.69s - Loss: 2.4278e-02 | a: 6.5574e-03, BC: 7.7788e-05, m: 1.3845e-03, u: 7.0236e-04, v: 5.9256e-04, pde_a: 3.2887e-03 geom: 2.0036e-05
Epoch: 3430/5000 - Time: 10.72s - Loss: 2.5094e-02 | a: 6.6503e-03, BC: 7.8340e-05, m: 1.3905e-03, u: 7.5243e-04, v: 6.1532e-04, pde_a: 3.2771e-03 geom: 1.9909e-05
Epoch: 3440/5000 - Time: 10.03s - Loss: 2.4476e-02 | a: 6.5397e-03, BC: 8.2083e-05, m: 1.3970e-03, u: 7.2053e-04, v: 5.9158e-04, pde_a: 3.3158e-03 geom: 2.0016e-05
Epoch: 3450/5000 - Time: 9.91s - Loss: 2.4292e-02 | a: 6.5871e-03, BC: 7.7176e-05, m: 1.3879e-03, u: 7.1369e-04, v: 5.7875e-04, pde_a: 3.2960e-03 geom: 1.9912e-05
Epoch: 3460/5000 - Time: 10.07s - Loss: 2.4862e-02 | a: 6.6062e-03, BC: 8.1090e-05, m: 1.3875e-03, u: 7.2587e-04, v: 6.2076e-04, pde_a: 3.3006e-03 geom: 2.0284e-05
Epoch: 3470/5000 - Time: 10.81s - Loss: 2.4933e-02 | a: 6.7249e-03, BC: 7.7512e-05, m: 1.3996e-03, u: 7.2979e-04, v: 6.0928e-04, pde_a: 3.3202e-03 geom: 2.0219e-05
Epoch: 3480/5000 - Time: 9.87s - Loss: 2.4709e-02 | a: 6.6212e-03, BC: 7.9396e-05, m: 1.3920e-03, u: 7.2261e-04, v: 6.0842e-04, pde_a: 3.2855e-03 geom: 2.0165e-05
Epoch: 3490/5000 - Time: 10.56s - Loss: 2.4237e-02 | a: 6.6322e-03, BC: 8.0644e-05, m: 1.3873e-03, u: 6.9868e-04, v: 5.8390e-04, pde_a: 3.2908e-03 geom: 2.0548e-05
Epoch: 3500/5000 - Time: 10.36s - Loss: 2.4337e-02 | a: 6.5764e-03, BC: 7.7272e-05, m: 1.3928e-03, u: 6.9811e-04, v: 5.9676e-04, pde_a: 3.3217e-03 geom: 1.9995e-05
Epoch: 3510/5000 - Time: 9.90s - Loss: 2.4673e-02 | a: 6.5236e-03, BC: 8.1686e-05, m: 1.3965e-03, u: 7.2930e-04, v: 6.0737e-04, pde_a: 3.2840e-03 geom: 2.0128e-05
Epoch: 3520/5000 - Time: 9.72s - Loss: 2.4414e-02 | a: 6.5293e-03, BC: 7.6789e-05, m: 1.3860e-03, u: 7.1335e-04, v: 5.9951e-04, pde_a: 3.2739e-03 geom: 1.9781e-05
Epoch: 3530/5000 - Time: 10.29s - Loss: 2.5507e-02 | a: 6.7405e-03, BC: 7.7782e-05, m: 1.3942e-03, u: 7.7632e-04, v: 6.2353e-04, pde_a: 3.2748e-03 geom: 2.0685e-05
Epoch: 3540/5000 - Time: 10.86s - Loss: 2.4650e-02 | a: 6.6058e-03, BC: 8.4884e-05, m: 1.3863e-03, u: 7.2016e-04, v: 6.0566e-04, pde_a: 3.2951e-03 geom: 2.0208e-05
Epoch: 3550/5000 - Time: 10.60s - Loss: 2.4519e-02 | a: 6.5564e-03, BC: 7.8243e-05, m: 1.3936e-03, u: 7.1550e-04, v: 6.0101e-04, pde_a: 3.3055e-03 geom: 2.0045e-05
Epoch: 3560/5000 - Time: 10.66s - Loss: 2.4821e-02 | a: 6.5614e-03, BC: 7.9582e-05, m: 1.3934e-03, u: 7.3604e-04, v: 6.1247e-04, pde_a: 3.2816e-03 geom: 1.9987e-05
Epoch: 3570/5000 - Time: 10.68s - Loss: 2.5523e-02 | a: 6.7093e-03, BC: 7.9255e-05, m: 1.3910e-03, u: 7.6399e-04, v: 6.3763e-04, pde_a: 3.3067e-03 geom: 2.0233e-05
Epoch: 3580/5000 - Time: 10.50s - Loss: 2.4690e-02 | a: 6.6307e-03, BC: 7.9106e-05, m: 1.3913e-03, u: 7.2036e-04, v: 6.0592e-04, pde_a: 3.3060e-03 geom: 1.9804e-05
Epoch: 3590/5000 - Time: 10.82s - Loss: 2.5095e-02 | a: 6.6273e-03, BC: 7.8002e-05, m: 1.3893e-03, u: 7.4756e-04, v: 6.2146e-04, pde_a: 3.2899e-03 geom: 2.0155e-05
Epoch: 3600/5000 - Time: 10.75s - Loss: 2.4717e-02 | a: 6.6846e-03, BC: 7.8974e-05, m: 1.3980e-03, u: 7.1073e-04, v: 6.1457e-04, pde_a: 3.2811e-03 geom: 2.1185e-05
Epoch: 3610/5000 - Time: 10.61s - Loss: 2.5055e-02 | a: 6.5011e-03, BC: 7.8753e-05, m: 1.3980e-03, u: 7.6822e-04, v: 6.1093e-04, pde_a: 3.2650e-03 geom: 2.0175e-05
Epoch: 3620/5000 - Time: 9.91s - Loss: 2.4591e-02 | a: 6.5611e-03, BC: 7.5650e-05, m: 1.3887e-03, u: 7.1572e-04, v: 6.0778e-04, pde_a: 3.3108e-03 geom: 2.0254e-05
Epoch: 3630/5000 - Time: 9.86s - Loss: 2.4052e-02 | a: 6.4478e-03, BC: 7.6974e-05, m: 1.3926e-03, u: 6.9354e-04, v: 5.9165e-04, pde_a: 3.2628e-03 geom: 1.9907e-05
Saving checkpoint at epoch 3630 with loss 2.4052e-02
Epoch: 3640/5000 - Time: 9.90s - Loss: 2.5021e-02 | a: 6.6790e-03, BC: 7.5517e-05, m: 1.3940e-03, u: 7.3829e-04, v: 6.1864e-04, pde_a: 3.2831e-03 geom: 2.0288e-05
Epoch: 3650/5000 - Time: 9.83s - Loss: 2.5135e-02 | a: 6.6622e-03, BC: 7.7523e-05, m: 1.3867e-03, u: 7.4551e-04, v: 6.2228e-04, pde_a: 3.3108e-03 geom: 1.9775e-05
Epoch: 3660/5000 - Time: 10.26s - Loss: 2.4826e-02 | a: 6.6634e-03, BC: 7.5661e-05, m: 1.3966e-03, u: 7.1999e-04, v: 6.1555e-04, pde_a: 3.3152e-03 geom: 1.9920e-05
Epoch: 3670/5000 - Time: 10.90s - Loss: 2.4956e-02 | a: 6.7132e-03, BC: 8.4385e-05, m: 1.3820e-03, u: 7.4035e-04, v: 6.0322e-04, pde_a: 3.3205e-03 geom: 1.9933e-05
Epoch: 3680/5000 - Time: 10.94s - Loss: 2.4774e-02 | a: 6.5727e-03, BC: 7.8402e-05, m: 1.3859e-03, u: 7.2244e-04, v: 6.2161e-04, pde_a: 3.2761e-03 geom: 1.9964e-05
Epoch: 3690/5000 - Time: 9.85s - Loss: 2.4625e-02 | a: 6.6123e-03, BC: 7.8500e-05, m: 1.3907e-03, u: 7.1516e-04, v: 6.0883e-04, pde_a: 3.2843e-03 geom: 1.9847e-05
Epoch: 3700/5000 - Time: 9.83s - Loss: 2.4411e-02 | a: 6.5257e-03, BC: 7.8956e-05, m: 1.3859e-03, u: 7.0598e-04, v: 6.0305e-04, pde_a: 3.3102e-03 geom: 1.9844e-05
Epoch: 3710/5000 - Time: 10.00s - Loss: 2.4778e-02 | a: 6.6149e-03, BC: 8.1351e-05, m: 1.3896e-03, u: 7.2952e-04, v: 6.1108e-04, pde_a: 3.2658e-03 geom: 2.0289e-05
Epoch: 3720/5000 - Time: 10.06s - Loss: 2.4738e-02 | a: 6.5646e-03, BC: 8.1354e-05, m: 1.3886e-03, u: 7.3710e-04, v: 6.0048e-04, pde_a: 3.3069e-03 geom: 2.0437e-05
Epoch: 3730/5000 - Time: 9.89s - Loss: 2.4967e-02 | a: 6.7513e-03, BC: 8.0414e-05, m: 1.3982e-03, u: 7.2649e-04, v: 6.1570e-04, pde_a: 3.2947e-03 geom: 2.0477e-05
Epoch: 3740/5000 - Time: 9.81s - Loss: 2.5567e-02 | a: 6.8743e-03, BC: 7.6968e-05, m: 1.4023e-03, u: 7.5584e-04, v: 6.3172e-04, pde_a: 3.3164e-03 geom: 2.1170e-05
Epoch: 3750/5000 - Time: 10.22s - Loss: 2.4879e-02 | a: 6.6095e-03, BC: 7.7593e-05, m: 1.3959e-03, u: 7.3484e-04, v: 6.1116e-04, pde_a: 3.3153e-03 geom: 2.0711e-05
Epoch: 3760/5000 - Time: 10.81s - Loss: 2.4446e-02 | a: 6.6193e-03, BC: 7.9569e-05, m: 1.3918e-03, u: 7.0339e-04, v: 6.0326e-04, pde_a: 3.2691e-03 geom: 1.9972e-05
Epoch: 3770/5000 - Time: 10.82s - Loss: 2.4809e-02 | a: 6.5546e-03, BC: 7.9813e-05, m: 1.3877e-03, u: 7.3007e-04, v: 6.1341e-04, pde_a: 3.3318e-03 geom: 2.0002e-05
Epoch: 3780/5000 - Time: 10.67s - Loss: 2.4485e-02 | a: 6.4715e-03, BC: 7.8803e-05, m: 1.3889e-03, u: 7.1528e-04, v: 6.1256e-04, pde_a: 3.2480e-03 geom: 1.9738e-05
Epoch: 3790/5000 - Time: 10.79s - Loss: 2.4625e-02 | a: 6.5156e-03, BC: 7.5224e-05, m: 1.3914e-03, u: 7.1098e-04, v: 6.1896e-04, pde_a: 3.3242e-03 geom: 1.9752e-05
Epoch: 3800/5000 - Time: 10.87s - Loss: 2.4254e-02 | a: 6.5813e-03, BC: 7.7866e-05, m: 1.3868e-03, u: 6.9634e-04, v: 5.9585e-04, pde_a: 3.2662e-03 geom: 1.9798e-05
Epoch: 3810/5000 - Time: 10.74s - Loss: 2.4561e-02 | a: 6.5411e-03, BC: 7.8926e-05, m: 1.3944e-03, u: 7.1680e-04, v: 6.0784e-04, pde_a: 3.2808e-03 geom: 1.9774e-05
Epoch: 3820/5000 - Time: 10.68s - Loss: 2.4466e-02 | a: 6.5070e-03, BC: 7.9519e-05, m: 1.3864e-03, u: 7.3213e-04, v: 5.8944e-04, pde_a: 3.2568e-03 geom: 2.0163e-05
Epoch: 3830/5000 - Time: 10.27s - Loss: 2.4653e-02 | a: 6.5678e-03, BC: 8.1094e-05, m: 1.3858e-03, u: 7.3136e-04, v: 6.0101e-04, pde_a: 3.2746e-03 geom: 1.9990e-05
Epoch: 3840/5000 - Time: 9.85s - Loss: 2.5100e-02 | a: 6.6646e-03, BC: 8.1795e-05, m: 1.3870e-03, u: 7.4829e-04, v: 6.1697e-04, pde_a: 3.2947e-03 geom: 1.9709e-05
Epoch: 3850/5000 - Time: 9.85s - Loss: 2.4992e-02 | a: 6.5572e-03, BC: 7.7670e-05, m: 1.3934e-03, u: 7.3605e-04, v: 6.2637e-04, pde_a: 3.3198e-03 geom: 1.9649e-05
Epoch: 3860/5000 - Time: 10.89s - Loss: 2.4987e-02 | a: 6.7284e-03, BC: 8.0044e-05, m: 1.3915e-03, u: 7.2406e-04, v: 6.2306e-04, pde_a: 3.2943e-03 geom: 2.1290e-05
Epoch: 3870/5000 - Time: 10.90s - Loss: 2.4936e-02 | a: 6.4508e-03, BC: 8.1563e-05, m: 1.3831e-03, u: 7.4375e-04, v: 6.2683e-04, pde_a: 3.2952e-03 geom: 1.9896e-05
Epoch: 3880/5000 - Time: 10.76s - Loss: 2.4769e-02 | a: 6.4749e-03, BC: 9.1038e-05, m: 1.3918e-03, u: 7.3180e-04, v: 6.1500e-04, pde_a: 3.3237e-03 geom: 1.9870e-05
Epoch: 3890/5000 - Time: 10.85s - Loss: 2.4911e-02 | a: 6.6171e-03, BC: 8.3930e-05, m: 1.3811e-03, u: 7.3690e-04, v: 6.1828e-04, pde_a: 3.2573e-03 geom: 1.9905e-05
Epoch: 3900/5000 - Time: 9.95s - Loss: 2.5157e-02 | a: 6.7377e-03, BC: 8.7920e-05, m: 1.3920e-03, u: 7.5257e-04, v: 6.1412e-04, pde_a: 3.2510e-03 geom: 2.1219e-05
Epoch: 3910/5000 - Time: 9.90s - Loss: 2.4659e-02 | a: 6.4753e-03, BC: 8.2854e-05, m: 1.3831e-03, u: 7.1267e-04, v: 6.3214e-04, pde_a: 3.2495e-03 geom: 1.9979e-05
Epoch: 3920/5000 - Time: 9.85s - Loss: 2.4745e-02 | a: 6.7455e-03, BC: 7.6925e-05, m: 1.3957e-03, u: 7.1475e-04, v: 6.0815e-04, pde_a: 3.2777e-03 geom: 2.0117e-05
Epoch: 3930/5000 - Time: 9.76s - Loss: 2.4646e-02 | a: 6.5235e-03, BC: 7.7463e-05, m: 1.3812e-03, u: 7.3364e-04, v: 6.0250e-04, pde_a: 3.2825e-03 geom: 1.9794e-05
Epoch: 3940/5000 - Time: 9.79s - Loss: 2.4702e-02 | a: 6.5226e-03, BC: 7.5418e-05, m: 1.3849e-03, u: 7.3955e-04, v: 6.0236e-04, pde_a: 3.2794e-03 geom: 2.0540e-05
Epoch: 3950/5000 - Time: 10.08s - Loss: 2.5462e-02 | a: 6.7868e-03, BC: 7.7217e-05, m: 1.3929e-03, u: 7.5875e-04, v: 6.3091e-04, pde_a: 3.2876e-03 geom: 2.0971e-05
Epoch: 3960/5000 - Time: 9.98s - Loss: 2.4919e-02 | a: 6.5120e-03, BC: 7.7783e-05, m: 1.3900e-03, u: 7.4320e-04, v: 6.1558e-04, pde_a: 3.3315e-03 geom: 1.9837e-05
Epoch: 3970/5000 - Time: 9.83s - Loss: 2.4808e-02 | a: 6.5868e-03, BC: 7.8416e-05, m: 1.3885e-03, u: 7.2589e-04, v: 6.1961e-04, pde_a: 3.2791e-03 geom: 2.0102e-05
Epoch: 3980/5000 - Time: 10.00s - Loss: 2.4704e-02 | a: 6.5313e-03, BC: 8.0798e-05, m: 1.3880e-03, u: 7.2733e-04, v: 6.1312e-04, pde_a: 3.2794e-03 geom: 2.0077e-05
Epoch: 3990/5000 - Time: 10.00s - Loss: 2.5129e-02 | a: 6.5387e-03, BC: 7.7310e-05, m: 1.3818e-03, u: 7.3700e-04, v: 6.4805e-04, pde_a: 3.2607e-03 geom: 2.0248e-05
Epoch: 4000/5000 - Time: 9.99s - Loss: 2.4443e-02 | a: 6.5744e-03, BC: 8.0058e-05, m: 1.3832e-03, u: 7.0404e-04, v: 6.0729e-04, pde_a: 3.2719e-03 geom: 2.0088e-05
Epoch: 4010/5000 - Time: 9.97s - Loss: 2.5092e-02 | a: 6.5878e-03, BC: 7.9912e-05, m: 1.3892e-03, u: 7.4134e-04, v: 6.3107e-04, pde_a: 3.2907e-03 geom: 1.9958e-05
Epoch: 4020/5000 - Time: 10.05s - Loss: 2.5313e-02 | a: 6.5559e-03, BC: 7.8189e-05, m: 1.3890e-03, u: 7.6053e-04, v: 6.4054e-04, pde_a: 3.2593e-03 geom: 1.9624e-05
Epoch: 4030/5000 - Time: 10.05s - Loss: 2.5036e-02 | a: 6.5175e-03, BC: 7.6253e-05, m: 1.3788e-03, u: 7.4529e-04, v: 6.2649e-04, pde_a: 3.3249e-03 geom: 2.0247e-05
Epoch: 4040/5000 - Time: 10.71s - Loss: 2.4739e-02 | a: 6.5290e-03, BC: 7.9696e-05, m: 1.3838e-03, u: 7.2246e-04, v: 6.2106e-04, pde_a: 3.2914e-03 geom: 1.9931e-05
Epoch: 4050/5000 - Time: 10.97s - Loss: 2.4462e-02 | a: 6.5325e-03, BC: 7.7328e-05, m: 1.3860e-03, u: 7.0857e-04, v: 6.0937e-04, pde_a: 3.2671e-03 geom: 1.9806e-05
Epoch: 4060/5000 - Time: 10.87s - Loss: 2.4878e-02 | a: 6.5200e-03, BC: 7.7413e-05, m: 1.3951e-03, u: 7.2179e-04, v: 6.3647e-04, pde_a: 3.2835e-03 geom: 1.9626e-05
Epoch: 4070/5000 - Time: 10.75s - Loss: 2.4931e-02 | a: 6.7874e-03, BC: 8.1545e-05, m: 1.3862e-03, u: 7.2890e-04, v: 6.0897e-04, pde_a: 3.2772e-03 geom: 1.9871e-05
Epoch: 4080/5000 - Time: 10.26s - Loss: 2.4290e-02 | a: 6.4975e-03, BC: 7.8520e-05, m: 1.3883e-03, u: 7.0799e-04, v: 5.9370e-04, pde_a: 3.2894e-03 geom: 1.9803e-05
Epoch: 4090/5000 - Time: 9.81s - Loss: 2.4577e-02 | a: 6.5901e-03, BC: 7.8539e-05, m: 1.3910e-03, u: 7.2921e-04, v: 5.9620e-04, pde_a: 3.2437e-03 geom: 1.9806e-05
Epoch: 4100/5000 - Time: 10.38s - Loss: 2.5025e-02 | a: 6.4955e-03, BC: 7.7870e-05, m: 1.3872e-03, u: 7.5284e-04, v: 6.2147e-04, pde_a: 3.3012e-03 geom: 1.9720e-05
Epoch: 4110/5000 - Time: 10.46s - Loss: 2.4658e-02 | a: 6.5621e-03, BC: 7.6651e-05, m: 1.3839e-03, u: 7.3458e-04, v: 6.0157e-04, pde_a: 3.2539e-03 geom: 1.9717e-05
Epoch: 4120/5000 - Time: 10.44s - Loss: 2.5222e-02 | a: 6.6116e-03, BC: 7.9220e-05, m: 1.3844e-03, u: 7.5070e-04, v: 6.3432e-04, pde_a: 3.2758e-03 geom: 2.0270e-05
Epoch: 4130/5000 - Time: 10.29s - Loss: 2.4641e-02 | a: 6.5389e-03, BC: 7.8816e-05, m: 1.3859e-03, u: 7.2640e-04, v: 6.0596e-04, pde_a: 3.2936e-03 geom: 1.9952e-05
Epoch: 4140/5000 - Time: 10.86s - Loss: 2.4632e-02 | a: 6.5582e-03, BC: 7.8393e-05, m: 1.3864e-03, u: 7.3355e-04, v: 5.9959e-04, pde_a: 3.2579e-03 geom: 1.9684e-05
Epoch: 4150/5000 - Time: 10.95s - Loss: 2.4824e-02 | a: 6.6330e-03, BC: 8.0693e-05, m: 1.3851e-03, u: 7.2667e-04, v: 6.1524e-04, pde_a: 3.2854e-03 geom: 2.0202e-05
Epoch: 4160/5000 - Time: 10.86s - Loss: 2.4578e-02 | a: 6.5847e-03, BC: 8.1122e-05, m: 1.3797e-03, u: 7.2493e-04, v: 5.9825e-04, pde_a: 3.2801e-03 geom: 2.0115e-05
Epoch: 4170/5000 - Time: 10.95s - Loss: 2.4623e-02 | a: 6.5189e-03, BC: 9.0044e-05, m: 1.3897e-03, u: 7.2464e-04, v: 6.0900e-04, pde_a: 3.2678e-03 geom: 1.9949e-05
Epoch: 4180/5000 - Time: 10.89s - Loss: 2.4795e-02 | a: 6.4818e-03, BC: 7.5731e-05, m: 1.3911e-03, u: 7.4037e-04, v: 6.1651e-04, pde_a: 3.2571e-03 geom: 2.0652e-05
Epoch: 4190/5000 - Time: 11.03s - Loss: 2.4642e-02 | a: 6.4981e-03, BC: 7.8109e-05, m: 1.3874e-03, u: 7.1605e-04, v: 6.2033e-04, pde_a: 3.2949e-03 geom: 1.9612e-05
Epoch: 4200/5000 - Time: 9.88s - Loss: 2.4650e-02 | a: 6.6567e-03, BC: 7.8370e-05, m: 1.3943e-03, u: 7.0483e-04, v: 6.1672e-04, pde_a: 3.2847e-03 geom: 2.0278e-05
Epoch: 4210/5000 - Time: 9.85s - Loss: 2.4936e-02 | a: 6.5524e-03, BC: 8.1567e-05, m: 1.3801e-03, u: 7.3272e-04, v: 6.2861e-04, pde_a: 3.2884e-03 geom: 1.9784e-05
Epoch: 4220/5000 - Time: 10.21s - Loss: 2.4756e-02 | a: 6.5197e-03, BC: 7.6686e-05, m: 1.3859e-03, u: 7.2839e-04, v: 6.1489e-04, pde_a: 3.3213e-03 geom: 1.9701e-05
Epoch: 4230/5000 - Time: 10.94s - Loss: 2.4606e-02 | a: 6.5720e-03, BC: 7.8356e-05, m: 1.3846e-03, u: 7.2060e-04, v: 6.0728e-04, pde_a: 3.2724e-03 geom: 2.0313e-05
Epoch: 4240/5000 - Time: 10.58s - Loss: 2.4636e-02 | a: 6.5286e-03, BC: 8.0500e-05, m: 1.3878e-03, u: 7.2123e-04, v: 6.1233e-04, pde_a: 3.2836e-03 geom: 2.0162e-05
Epoch: 4250/5000 - Time: 10.68s - Loss: 2.5161e-02 | a: 6.6079e-03, BC: 7.6786e-05, m: 1.4006e-03, u: 7.6136e-04, v: 6.1447e-04, pde_a: 3.2967e-03 geom: 2.0405e-05
Epoch: 4260/5000 - Time: 10.87s - Loss: 2.4548e-02 | a: 6.5180e-03, BC: 8.3666e-05, m: 1.3870e-03, u: 7.1879e-04, v: 6.0723e-04, pde_a: 3.2788e-03 geom: 1.9987e-05
Epoch: 4270/5000 - Time: 9.80s - Loss: 2.4377e-02 | a: 6.5458e-03, BC: 8.1327e-05, m: 1.3847e-03, u: 7.1030e-04, v: 5.9697e-04, pde_a: 3.2728e-03 geom: 1.9646e-05
Epoch: 4280/5000 - Time: 10.00s - Loss: 2.5039e-02 | a: 6.4818e-03, BC: 8.2330e-05, m: 1.3826e-03, u: 7.4364e-04, v: 6.3354e-04, pde_a: 3.3005e-03 geom: 2.0106e-05
Epoch: 4290/5000 - Time: 10.19s - Loss: 2.5145e-02 | a: 6.5000e-03, BC: 7.6360e-05, m: 1.3923e-03, u: 7.6050e-04, v: 6.1915e-04, pde_a: 3.3599e-03 geom: 1.9621e-05
Epoch: 4300/5000 - Time: 10.89s - Loss: 2.4640e-02 | a: 6.5756e-03, BC: 7.7617e-05, m: 1.3933e-03, u: 7.1614e-04, v: 6.1491e-04, pde_a: 3.2634e-03 geom: 1.9948e-05
Epoch: 4310/5000 - Time: 10.03s - Loss: 2.4047e-02 | a: 6.5068e-03, BC: 7.6337e-05, m: 1.3856e-03, u: 6.8861e-04, v: 5.8799e-04, pde_a: 3.2921e-03 geom: 2.0317e-05
Saving checkpoint at epoch 4310 with loss 2.4047e-02
Epoch: 4320/5000 - Time: 9.85s - Loss: 2.4509e-02 | a: 6.4545e-03, BC: 7.8453e-05, m: 1.3861e-03, u: 7.2052e-04, v: 6.0723e-04, pde_a: 3.2918e-03 geom: 2.0311e-05
Epoch: 4330/5000 - Time: 9.78s - Loss: 2.4851e-02 | a: 6.5474e-03, BC: 8.1597e-05, m: 1.3802e-03, u: 7.4795e-04, v: 6.0554e-04, pde_a: 3.2868e-03 geom: 1.9866e-05
Epoch: 4340/5000 - Time: 9.87s - Loss: 2.5358e-02 | a: 6.6597e-03, BC: 7.5043e-05, m: 1.3810e-03, u: 7.4847e-04, v: 6.4566e-04, pde_a: 3.2807e-03 geom: 2.0029e-05
Epoch: 4350/5000 - Time: 10.32s - Loss: 2.5005e-02 | a: 6.4556e-03, BC: 7.7612e-05, m: 1.3864e-03, u: 7.4294e-04, v: 6.3819e-04, pde_a: 3.2537e-03 geom: 2.0089e-05
Epoch: 4360/5000 - Time: 10.50s - Loss: 2.5305e-02 | a: 6.5237e-03, BC: 7.8345e-05, m: 1.3890e-03, u: 7.6179e-04, v: 6.3946e-04, pde_a: 3.2818e-03 geom: 1.9762e-05
Epoch: 4370/5000 - Time: 9.74s - Loss: 2.4835e-02 | a: 6.5222e-03, BC: 7.9725e-05, m: 1.3906e-03, u: 7.2474e-04, v: 6.2986e-04, pde_a: 3.2769e-03 geom: 1.9968e-05
Epoch: 4380/5000 - Time: 9.85s - Loss: 2.4682e-02 | a: 6.4586e-03, BC: 7.6515e-05, m: 1.3809e-03, u: 7.2545e-04, v: 6.2010e-04, pde_a: 3.2904e-03 geom: 2.0195e-05
Epoch: 4390/5000 - Time: 10.23s - Loss: 2.4757e-02 | a: 6.5607e-03, BC: 8.3243e-05, m: 1.3846e-03, u: 7.3029e-04, v: 6.1490e-04, pde_a: 3.2564e-03 geom: 2.0061e-05
Epoch: 4400/5000 - Time: 10.76s - Loss: 2.4697e-02 | a: 6.3956e-03, BC: 8.1466e-05, m: 1.3810e-03, u: 7.3374e-04, v: 6.2288e-04, pde_a: 3.2531e-03 geom: 1.9767e-05
Epoch: 4410/5000 - Time: 10.53s - Loss: 2.4553e-02 | a: 6.5521e-03, BC: 7.9725e-05, m: 1.3855e-03, u: 7.0836e-04, v: 6.1659e-04, pde_a: 3.2661e-03 geom: 2.0451e-05
Epoch: 4420/5000 - Time: 10.69s - Loss: 2.4985e-02 | a: 6.4757e-03, BC: 7.6779e-05, m: 1.3778e-03, u: 7.4707e-04, v: 6.2739e-04, pde_a: 3.2904e-03 geom: 1.9874e-05
Epoch: 4430/5000 - Time: 10.69s - Loss: 2.4815e-02 | a: 6.5232e-03, BC: 7.8013e-05, m: 1.3771e-03, u: 7.2345e-04, v: 6.3106e-04, pde_a: 3.2714e-03 geom: 1.9939e-05
Epoch: 4440/5000 - Time: 10.36s - Loss: 2.4339e-02 | a: 6.5586e-03, BC: 8.0781e-05, m: 1.3808e-03, u: 7.0740e-04, v: 5.9649e-04, pde_a: 3.2606e-03 geom: 1.9509e-05
Epoch: 4450/5000 - Time: 9.85s - Loss: 2.5221e-02 | a: 6.5766e-03, BC: 7.6365e-05, m: 1.3826e-03, u: 7.4314e-04, v: 6.4312e-04, pde_a: 3.3026e-03 geom: 1.9978e-05
Epoch: 4460/5000 - Time: 9.80s - Loss: 2.4789e-02 | a: 6.5997e-03, BC: 8.8034e-05, m: 1.3824e-03, u: 7.3524e-04, v: 6.0807e-04, pde_a: 3.2651e-03 geom: 2.0443e-05
Epoch: 4470/5000 - Time: 9.87s - Loss: 2.4694e-02 | a: 6.5068e-03, BC: 7.8419e-05, m: 1.3796e-03, u: 7.3416e-04, v: 6.1105e-04, pde_a: 3.2573e-03 geom: 2.0050e-05
Epoch: 4480/5000 - Time: 9.93s - Loss: 2.4737e-02 | a: 6.4678e-03, BC: 8.0224e-05, m: 1.3826e-03, u: 7.2753e-04, v: 6.2289e-04, pde_a: 3.2827e-03 geom: 1.9804e-05
Epoch: 4490/5000 - Time: 10.02s - Loss: 2.4876e-02 | a: 6.5151e-03, BC: 7.9883e-05, m: 1.3815e-03, u: 7.4059e-04, v: 6.1884e-04, pde_a: 3.2854e-03 geom: 1.9828e-05
Epoch: 4500/5000 - Time: 10.34s - Loss: 2.5115e-02 | a: 6.5774e-03, BC: 8.0290e-05, m: 1.3787e-03, u: 7.5941e-04, v: 6.1899e-04, pde_a: 3.2743e-03 geom: 2.0353e-05
Epoch: 4510/5000 - Time: 9.72s - Loss: 2.5141e-02 | a: 6.4313e-03, BC: 7.7670e-05, m: 1.3847e-03, u: 7.7008e-04, v: 6.2587e-04, pde_a: 3.2675e-03 geom: 1.9922e-05
Epoch: 4520/5000 - Time: 9.82s - Loss: 2.4475e-02 | a: 6.5426e-03, BC: 8.1575e-05, m: 1.3729e-03, u: 7.0933e-04, v: 6.0817e-04, pde_a: 3.2826e-03 geom: 2.0195e-05
Epoch: 4530/5000 - Time: 10.00s - Loss: 2.4797e-02 | a: 6.5634e-03, BC: 7.9488e-05, m: 1.3857e-03, u: 7.3739e-04, v: 6.1240e-04, pde_a: 3.2507e-03 geom: 1.9868e-05
Epoch: 4540/5000 - Time: 9.90s - Loss: 2.4632e-02 | a: 6.5217e-03, BC: 8.2712e-05, m: 1.3791e-03, u: 7.2004e-04, v: 6.1583e-04, pde_a: 3.2691e-03 geom: 2.0213e-05
Epoch: 4550/5000 - Time: 9.84s - Loss: 2.5102e-02 | a: 6.4941e-03, BC: 7.6441e-05, m: 1.3840e-03, u: 7.5009e-04, v: 6.2965e-04, pde_a: 3.3305e-03 geom: 1.9971e-05
Epoch: 4560/5000 - Time: 9.91s - Loss: 2.5029e-02 | a: 6.4374e-03, BC: 8.1034e-05, m: 1.3822e-03, u: 7.7222e-04, v: 6.1318e-04, pde_a: 3.2544e-03 geom: 1.9953e-05
Epoch: 4570/5000 - Time: 9.84s - Loss: 2.4797e-02 | a: 6.5659e-03, BC: 8.0871e-05, m: 1.3841e-03, u: 7.2666e-04, v: 6.1893e-04, pde_a: 3.2899e-03 geom: 1.9772e-05
Epoch: 4580/5000 - Time: 9.70s - Loss: 2.4781e-02 | a: 6.4313e-03, BC: 8.1459e-05, m: 1.3877e-03, u: 7.3189e-04, v: 6.2472e-04, pde_a: 3.2951e-03 geom: 1.9500e-05
Epoch: 4590/5000 - Time: 9.85s - Loss: 2.5146e-02 | a: 6.4830e-03, BC: 8.0945e-05, m: 1.3815e-03, u: 7.5252e-04, v: 6.3820e-04, pde_a: 3.2740e-03 geom: 1.9659e-05
Epoch: 4600/5000 - Time: 9.90s - Loss: 2.4554e-02 | a: 6.5242e-03, BC: 7.9240e-05, m: 1.3812e-03, u: 7.2450e-04, v: 6.0130e-04, pde_a: 3.2919e-03 geom: 1.9799e-05
Epoch: 4610/5000 - Time: 10.35s - Loss: 2.4893e-02 | a: 6.5834e-03, BC: 7.8728e-05, m: 1.3769e-03, u: 7.3253e-04, v: 6.2087e-04, pde_a: 3.2995e-03 geom: 2.0752e-05
Epoch: 4620/5000 - Time: 10.56s - Loss: 2.4835e-02 | a: 6.4598e-03, BC: 7.9663e-05, m: 1.3798e-03, u: 7.4382e-04, v: 6.1785e-04, pde_a: 3.2792e-03 geom: 1.9826e-05
Epoch: 4630/5000 - Time: 10.74s - Loss: 2.4943e-02 | a: 6.4845e-03, BC: 7.4693e-05, m: 1.3819e-03, u: 7.3769e-04, v: 6.3636e-04, pde_a: 3.2414e-03 geom: 1.9876e-05
Epoch: 4640/5000 - Time: 10.79s - Loss: 2.4886e-02 | a: 6.4784e-03, BC: 7.7902e-05, m: 1.3771e-03, u: 7.4503e-04, v: 6.2141e-04, pde_a: 3.2683e-03 geom: 2.0200e-05
Epoch: 4650/5000 - Time: 9.96s - Loss: 2.4638e-02 | a: 6.5987e-03, BC: 8.6903e-05, m: 1.3834e-03, u: 7.1562e-04, v: 6.1551e-04, pde_a: 3.2380e-03 geom: 1.9812e-05
Epoch: 4660/5000 - Time: 9.80s - Loss: 2.4996e-02 | a: 6.4906e-03, BC: 8.0244e-05, m: 1.3745e-03, u: 7.3490e-04, v: 6.4154e-04, pde_a: 3.2662e-03 geom: 1.9871e-05
Epoch: 4670/5000 - Time: 9.86s - Loss: 2.4980e-02 | a: 6.4990e-03, BC: 7.9280e-05, m: 1.3746e-03, u: 7.3636e-04, v: 6.3735e-04, pde_a: 3.2698e-03 geom: 1.9989e-05
Epoch: 4680/5000 - Time: 9.90s - Loss: 2.5031e-02 | a: 6.5220e-03, BC: 7.7703e-05, m: 1.3847e-03, u: 7.5215e-04, v: 6.2485e-04, pde_a: 3.2563e-03 geom: 2.0137e-05
Epoch: 4690/5000 - Time: 9.86s - Loss: 2.4796e-02 | a: 6.3948e-03, BC: 7.6669e-05, m: 1.3774e-03, u: 7.4044e-04, v: 6.2342e-04, pde_a: 3.2891e-03 geom: 1.9714e-05
Epoch: 4700/5000 - Time: 10.44s - Loss: 2.4667e-02 | a: 6.4584e-03, BC: 8.0522e-05, m: 1.3648e-03, u: 7.5180e-04, v: 5.9852e-04, pde_a: 3.2400e-03 geom: 2.0006e-05
Epoch: 4710/5000 - Time: 10.94s - Loss: 2.4526e-02 | a: 6.4837e-03, BC: 7.5223e-05, m: 1.3878e-03, u: 7.1536e-04, v: 6.1559e-04, pde_a: 3.2504e-03 geom: 1.9933e-05
Epoch: 4720/5000 - Time: 10.91s - Loss: 2.4903e-02 | a: 6.4261e-03, BC: 7.5400e-05, m: 1.3759e-03, u: 7.3768e-04, v: 6.3186e-04, pde_a: 3.3110e-03 geom: 1.9710e-05
Epoch: 4730/5000 - Time: 10.96s - Loss: 2.5088e-02 | a: 6.5093e-03, BC: 7.9336e-05, m: 1.3848e-03, u: 7.4986e-04, v: 6.3525e-04, pde_a: 3.2435e-03 geom: 1.9719e-05
Epoch: 4740/5000 - Time: 10.91s - Loss: 2.5011e-02 | a: 6.4129e-03, BC: 7.9821e-05, m: 1.3825e-03, u: 7.3960e-04, v: 6.4244e-04, pde_a: 3.2958e-03 geom: 1.9679e-05
Epoch: 4750/5000 - Time: 10.89s - Loss: 2.4459e-02 | a: 6.4936e-03, BC: 7.6501e-05, m: 1.3778e-03, u: 7.0897e-04, v: 6.1018e-04, pde_a: 3.3001e-03 geom: 1.9986e-05
Epoch: 4760/5000 - Time: 10.91s - Loss: 2.4673e-02 | a: 6.4008e-03, BC: 7.7198e-05, m: 1.3796e-03, u: 7.4480e-04, v: 6.0602e-04, pde_a: 3.2880e-03 geom: 1.9639e-05
Epoch: 4770/5000 - Time: 10.97s - Loss: 2.5188e-02 | a: 6.5324e-03, BC: 8.1335e-05, m: 1.3770e-03, u: 7.4553e-04, v: 6.4005e-04, pde_a: 3.3217e-03 geom: 1.9963e-05
Epoch: 4780/5000 - Time: 10.77s - Loss: 2.4931e-02 | a: 6.5241e-03, BC: 7.8369e-05, m: 1.3824e-03, u: 7.3731e-04, v: 6.2366e-04, pde_a: 3.3172e-03 geom: 1.9548e-05
Epoch: 4790/5000 - Time: 10.51s - Loss: 2.4331e-02 | a: 6.5214e-03, BC: 7.8558e-05, m: 1.3819e-03, u: 7.0281e-04, v: 5.9765e-04, pde_a: 3.3241e-03 geom: 2.0500e-05
Epoch: 4800/5000 - Time: 9.96s - Loss: 2.4393e-02 | a: 6.3884e-03, BC: 7.5760e-05, m: 1.3767e-03, u: 7.1569e-04, v: 6.0938e-04, pde_a: 3.2815e-03 geom: 1.9641e-05
Epoch: 4810/5000 - Time: 9.78s - Loss: 2.5012e-02 | a: 6.4399e-03, BC: 7.6301e-05, m: 1.3777e-03, u: 7.3902e-04, v: 6.4295e-04, pde_a: 3.2785e-03 geom: 1.9991e-05
Epoch: 4820/5000 - Time: 9.80s - Loss: 2.5075e-02 | a: 6.5466e-03, BC: 8.1316e-05, m: 1.3741e-03, u: 7.5245e-04, v: 6.2712e-04, pde_a: 3.2574e-03 geom: 1.9947e-05
Epoch: 4830/5000 - Time: 9.88s - Loss: 2.4750e-02 | a: 6.4788e-03, BC: 7.9324e-05, m: 1.3758e-03, u: 7.3444e-04, v: 6.1574e-04, pde_a: 3.2942e-03 geom: 2.0102e-05
Epoch: 4840/5000 - Time: 9.72s - Loss: 2.4571e-02 | a: 6.4727e-03, BC: 7.8222e-05, m: 1.3685e-03, u: 7.1924e-04, v: 6.1586e-04, pde_a: 3.2805e-03 geom: 2.0103e-05
Epoch: 4850/5000 - Time: 9.70s - Loss: 2.4805e-02 | a: 6.4980e-03, BC: 7.8184e-05, m: 1.3758e-03, u: 7.3242e-04, v: 6.1984e-04, pde_a: 3.3108e-03 geom: 1.9992e-05
Epoch: 4860/5000 - Time: 10.65s - Loss: 2.4545e-02 | a: 6.4319e-03, BC: 8.0390e-05, m: 1.3778e-03, u: 7.1892e-04, v: 6.2038e-04, pde_a: 3.2429e-03 geom: 1.9522e-05
Epoch: 4870/5000 - Time: 10.28s - Loss: 2.4773e-02 | a: 6.5003e-03, BC: 7.7610e-05, m: 1.3783e-03, u: 7.2594e-04, v: 6.2614e-04, pde_a: 3.2760e-03 geom: 1.9714e-05
Epoch: 4880/5000 - Time: 9.84s - Loss: 2.4699e-02 | a: 6.4486e-03, BC: 7.5392e-05, m: 1.3717e-03, u: 7.4683e-04, v: 5.9949e-04, pde_a: 3.3199e-03 geom: 2.0147e-05
Epoch: 4890/5000 - Time: 9.86s - Loss: 2.4572e-02 | a: 6.5850e-03, BC: 7.8704e-05, m: 1.3749e-03, u: 7.1554e-04, v: 6.1121e-04, pde_a: 3.2462e-03 geom: 2.0090e-05
Epoch: 4900/5000 - Time: 10.69s - Loss: 2.4651e-02 | a: 6.4867e-03, BC: 7.9001e-05, m: 1.3776e-03, u: 7.2954e-04, v: 6.1317e-04, pde_a: 3.2611e-03 geom: 1.9954e-05
Epoch: 4910/5000 - Time: 10.36s - Loss: 2.4634e-02 | a: 6.4611e-03, BC: 7.5614e-05, m: 1.3803e-03, u: 7.2884e-04, v: 6.1278e-04, pde_a: 3.2810e-03 geom: 1.9827e-05
Epoch: 4920/5000 - Time: 9.82s - Loss: 2.4347e-02 | a: 6.3721e-03, BC: 7.6896e-05, m: 1.3848e-03, u: 7.3239e-04, v: 5.9327e-04, pde_a: 3.2365e-03 geom: 2.0099e-05
Epoch: 4930/5000 - Time: 9.87s - Loss: 2.4745e-02 | a: 6.5501e-03, BC: 7.8299e-05, m: 1.3753e-03, u: 7.3354e-04, v: 6.1471e-04, pde_a: 3.2390e-03 geom: 2.0163e-05
Epoch: 4940/5000 - Time: 9.90s - Loss: 2.4593e-02 | a: 6.3787e-03, BC: 7.8120e-05, m: 1.3724e-03, u: 7.3482e-04, v: 6.1118e-04, pde_a: 3.2840e-03 geom: 1.9755e-05
Epoch: 4950/5000 - Time: 9.87s - Loss: 2.4588e-02 | a: 6.4683e-03, BC: 8.4072e-05, m: 1.3717e-03, u: 7.2296e-04, v: 6.1471e-04, pde_a: 3.2676e-03 geom: 1.9382e-05
Epoch: 4960/5000 - Time: 10.01s - Loss: 2.4291e-02 | a: 6.3941e-03, BC: 7.8911e-05, m: 1.3762e-03, u: 7.2214e-04, v: 5.9499e-04, pde_a: 3.2511e-03 geom: 1.9728e-05
Epoch: 4970/5000 - Time: 10.61s - Loss: 2.4763e-02 | a: 6.3969e-03, BC: 7.9123e-05, m: 1.3812e-03, u: 7.3716e-04, v: 6.2606e-04, pde_a: 3.2542e-03 geom: 1.9606e-05
Epoch: 4980/5000 - Time: 10.71s - Loss: 2.4685e-02 | a: 6.5933e-03, BC: 7.4972e-05, m: 1.3824e-03, u: 7.1080e-04, v: 6.2467e-04, pde_a: 3.2592e-03 geom: 2.0272e-05
Epoch: 4990/5000 - Time: 10.03s - Loss: 2.4705e-02 | a: 6.4695e-03, BC: 7.8144e-05, m: 1.3699e-03, u: 7.3453e-04, v: 6.1703e-04, pde_a: 3.2524e-03 geom: 1.9618e-05
Epoch: 5000/5000 - Time: 10.34s - Loss: 2.4878e-02 | a: 6.5279e-03, BC: 8.0354e-05, m: 1.3773e-03, u: 7.3103e-04, v: 6.2453e-04, pde_a: 3.3174e-03 geom: 1.9893e-05

Total training time: 25725.163s

==================================================
PERFORMING FINAL EVALUATION AND REPORTING
==================================================
Loading best model weights from: loss_2.4047em02.weights.h5

Calculating final loss...
--- Final Loss Breakdown ---
MSE_alpha (volume fraction): 6.7763e-03
MSE_BC                     : 8.0307e-05
MSE_f,m                    : 1.3823e-03
MSE_f,u                    : 6.9649e-04
MSE_f,v                    : 5.9485e-04
MSE_f,a                    : 3.2843e-03
MSE_GEOM                    : 2.0530e-05
----------------------------

Generating and saving loss history plots...
Plots saved successfully.
Loss history data saved to: /workspace/twophasePINN/src/checkpoints/Nov-22-2025_21-42-02/loss_history_fixed_tanh.csv
