Configuration: Activation='tanh', Mode='fixed'

--- Starting Training Phase 1/5 ---
Epochs: 5000, Learning Rate: 0.0001
Total samples: 185940, Desired batch size: 9297
Calculated num_batches: 20, Proportional batch sizes: {'A': 1305, 'PDE': 7910, 'N': 20, 'EW': 20, 'NSEW': 42}
Epoch: 10/5000 - Time: 14.33s - Loss: 4.0650e+00 | a: 4.0277e+00, BC: 9.5391e-03, m: 3.1836e-04, u: 2.7854e-03, v: 1.2380e-01, pde_a: 1.0532e-02
Saving checkpoint at epoch 10 with loss 4.0650e+00
Epoch: 20/5000 - Time: 8.39s - Loss: 3.4541e+00 | a: 3.4042e+00, BC: 8.5541e-03, m: 4.1429e-03, u: 2.9440e-03, v: 1.2810e-01, pde_a: 1.8687e-02
Saving checkpoint at epoch 20 with loss 3.4541e+00
Epoch: 30/5000 - Time: 8.54s - Loss: 3.1819e+00 | a: 3.1210e+00, BC: 1.7780e-02, m: 1.4333e-02, u: 6.7746e-03, v: 1.1562e-01, pde_a: 1.5076e-02
Saving checkpoint at epoch 30 with loss 3.1819e+00
Epoch: 40/5000 - Time: 7.78s - Loss: 3.1335e+00 | a: 3.0562e+00, BC: 3.1906e-02, m: 2.1289e-02, u: 9.7932e-03, v: 1.2647e-01, pde_a: 1.1625e-02
Saving checkpoint at epoch 40 with loss 3.1335e+00
Epoch: 50/5000 - Time: 7.68s - Loss: 3.0806e+00 | a: 3.0047e+00, BC: 3.4653e-02, m: 2.3619e-02, u: 8.5286e-03, v: 1.0909e-01, pde_a: 9.2110e-03
Saving checkpoint at epoch 50 with loss 3.0806e+00
Epoch: 60/5000 - Time: 7.67s - Loss: 3.0369e+00 | a: 2.9606e+00, BC: 3.6565e-02, m: 2.5269e-02, u: 9.5304e-03, v: 9.9327e-02, pde_a: 7.6478e-03
Saving checkpoint at epoch 60 with loss 3.0369e+00
Epoch: 70/5000 - Time: 8.01s - Loss: 2.7809e+00 | a: 2.7270e+00, BC: 1.3863e-02, m: 2.6290e-02, u: 1.0966e-02, v: 1.0085e-01, pde_a: 6.8758e-03
Saving checkpoint at epoch 70 with loss 2.7809e+00
Epoch: 80/5000 - Time: 8.29s - Loss: 2.8550e+00 | a: 2.7655e+00, BC: 4.2796e-02, m: 2.8167e-02, u: 1.6629e-02, v: 1.1480e-01, pde_a: 8.2862e-03
Epoch: 90/5000 - Time: 7.60s - Loss: 2.6484e+00 | a: 2.5961e+00, BC: 7.9831e-03, m: 2.9375e-02, u: 1.8776e-02, v: 1.0286e-01, pde_a: 6.1943e-03
Saving checkpoint at epoch 90 with loss 2.6484e+00
Epoch: 100/5000 - Time: 8.40s - Loss: 2.6014e+00 | a: 2.5387e+00, BC: 9.8959e-03, m: 3.1879e-02, u: 2.9592e-02, v: 1.1770e-01, pde_a: 7.0362e-03
Saving checkpoint at epoch 100 with loss 2.6014e+00
Epoch: 110/5000 - Time: 8.23s - Loss: 2.5859e+00 | a: 2.5183e+00, BC: 1.4392e-02, m: 3.1622e-02, u: 2.9379e-02, v: 1.1740e-01, pde_a: 7.6367e-03
Saving checkpoint at epoch 110 with loss 2.5859e+00
Epoch: 120/5000 - Time: 7.62s - Loss: 2.3662e+00 | a: 2.2818e+00, BC: 1.4936e-02, m: 3.4636e-02, u: 5.5231e-02, v: 1.6188e-01, pde_a: 7.3631e-03
Saving checkpoint at epoch 120 with loss 2.3662e+00
Epoch: 130/5000 - Time: 7.64s - Loss: 2.2849e+00 | a: 2.1815e+00, BC: 2.1765e-02, m: 3.6559e-02, u: 6.5099e-02, v: 1.8365e-01, pde_a: 1.1088e-02
Saving checkpoint at epoch 130 with loss 2.2849e+00
Epoch: 140/5000 - Time: 7.61s - Loss: 2.2999e+00 | a: 2.1763e+00, BC: 1.8717e-02, m: 3.7532e-02, u: 8.7493e-02, v: 2.2498e-01, pde_a: 1.8489e-02
Epoch: 150/5000 - Time: 7.87s - Loss: 2.0119e+00 | a: 1.8986e+00, BC: 1.3178e-02, m: 3.5897e-02, u: 1.0587e-01, v: 2.5739e-01, pde_a: 7.5940e-03
Saving checkpoint at epoch 150 with loss 2.0119e+00
Epoch: 160/5000 - Time: 8.55s - Loss: 1.9682e+00 | a: 1.8217e+00, BC: 1.8549e-02, m: 3.7377e-02, u: 1.3412e-01, v: 3.1213e-01, pde_a: 1.5429e-02
Saving checkpoint at epoch 160 with loss 1.9682e+00
Epoch: 170/5000 - Time: 8.48s - Loss: 1.8125e+00 | a: 1.6519e+00, BC: 1.5591e-02, m: 3.7510e-02, u: 1.6788e-01, v: 3.8282e-01, pde_a: 1.2704e-02
Saving checkpoint at epoch 170 with loss 1.8125e+00
Epoch: 180/5000 - Time: 8.48s - Loss: 2.0029e+00 | a: 1.8237e+00, BC: 2.2502e-02, m: 4.0930e-02, u: 1.6343e-01, v: 3.8871e-01, pde_a: 2.0943e-02
Epoch: 190/5000 - Time: 8.39s - Loss: 1.7565e+00 | a: 1.5638e+00, BC: 2.4782e-02, m: 4.0060e-02, u: 1.6608e-01, v: 3.9556e-01, pde_a: 2.8637e-02
Saving checkpoint at epoch 190 with loss 1.7565e+00
Epoch: 200/5000 - Time: 8.51s - Loss: 2.0120e+00 | a: 1.8189e+00, BC: 3.7725e-02, m: 4.2900e-02, u: 1.5370e-01, v: 3.6980e-01, pde_a: 2.3353e-02
Epoch: 210/5000 - Time: 8.63s - Loss: 1.3917e+00 | a: 1.2269e+00, BC: 1.3088e-02, m: 4.0248e-02, u: 1.7758e-01, v: 4.0943e-01, pde_a: 1.1638e-02
Saving checkpoint at epoch 210 with loss 1.3917e+00
Epoch: 220/5000 - Time: 8.56s - Loss: 1.5966e+00 | a: 1.3779e+00, BC: 1.8025e-02, m: 4.4102e-02, u: 1.8248e-01, v: 4.2350e-01, pde_a: 4.4679e-02
Epoch: 230/5000 - Time: 8.46s - Loss: 1.9311e+00 | a: 1.5647e+00, BC: 2.9729e-02, m: 4.5986e-02, u: 1.7401e-01, v: 4.1215e-01, pde_a: 1.5140e-01
Epoch: 240/5000 - Time: 8.32s - Loss: 1.2767e+00 | a: 1.1101e+00, BC: 9.4432e-03, m: 4.0927e-02, u: 1.8332e-01, v: 4.2645e-01, pde_a: 1.2374e-02
Saving checkpoint at epoch 240 with loss 1.2767e+00
Epoch: 250/5000 - Time: 8.48s - Loss: 1.2496e+00 | a: 1.0489e+00, BC: 1.2280e-02, m: 4.3597e-02, u: 2.0862e-01, v: 4.6596e-01, pde_a: 2.4332e-02
Saving checkpoint at epoch 250 with loss 1.2496e+00
Epoch: 260/5000 - Time: 8.32s - Loss: 1.2989e+00 | a: 1.0942e+00, BC: 2.0422e-02, m: 4.4545e-02, u: 2.2023e-01, v: 4.8338e-01, pde_a: 1.5911e-02
Epoch: 270/5000 - Time: 8.39s - Loss: 1.2424e+00 | a: 1.0207e+00, BC: 1.0545e-02, m: 4.6404e-02, u: 2.2419e-01, v: 4.9314e-01, pde_a: 3.3638e-02
Saving checkpoint at epoch 270 with loss 1.2424e+00
Epoch: 280/5000 - Time: 8.52s - Loss: 1.0837e+00 | a: 8.6694e-01, BC: 9.0902e-03, m: 4.5599e-02, u: 2.0710e-01, v: 4.7666e-01, pde_a: 3.7742e-02
Saving checkpoint at epoch 280 with loss 1.0837e+00
Epoch: 290/5000 - Time: 8.73s - Loss: 9.9010e-01 | a: 8.0256e-01, BC: 1.0550e-02, m: 4.5830e-02, u: 2.2018e-01, v: 4.9322e-01, pde_a: 8.9255e-03
Saving checkpoint at epoch 290 with loss 9.9010e-01
Epoch: 300/5000 - Time: 8.51s - Loss: 9.8599e-01 | a: 7.9967e-01, BC: 9.0760e-03, m: 4.6438e-02, u: 2.0594e-01, v: 4.7869e-01, pde_a: 1.4232e-02
Saving checkpoint at epoch 300 with loss 9.8599e-01
Epoch: 310/5000 - Time: 7.80s - Loss: 1.0814e+00 | a: 9.0260e-01, BC: 7.1315e-03, m: 4.5611e-02, u: 2.0111e-01, v: 4.7800e-01, pde_a: 1.1868e-02
Epoch: 320/5000 - Time: 7.57s - Loss: 1.0414e+00 | a: 8.5459e-01, BC: 1.1208e-02, m: 4.7315e-02, u: 2.0741e-01, v: 4.9257e-01, pde_a: 1.0989e-02
Epoch: 330/5000 - Time: 7.57s - Loss: 8.3504e-01 | a: 6.4764e-01, BC: 6.7327e-03, m: 4.7391e-02, u: 2.1165e-01, v: 4.8692e-01, pde_a: 1.4049e-02
Saving checkpoint at epoch 330 with loss 8.3504e-01
Epoch: 340/5000 - Time: 8.27s - Loss: 9.4331e-01 | a: 7.3711e-01, BC: 1.1224e-02, m: 4.8248e-02, u: 2.1567e-01, v: 5.0121e-01, pde_a: 2.2257e-02
Epoch: 350/5000 - Time: 8.60s - Loss: 1.1145e+00 | a: 8.7707e-01, BC: 2.1835e-02, m: 4.7952e-02, u: 2.1878e-01, v: 5.0704e-01, pde_a: 3.6801e-02
Epoch: 360/5000 - Time: 7.60s - Loss: 7.5829e-01 | a: 5.7131e-01, BC: 1.0073e-02, m: 4.7568e-02, u: 1.9718e-01, v: 4.7699e-01, pde_a: 1.6180e-02
Saving checkpoint at epoch 360 with loss 7.5829e-01
Epoch: 370/5000 - Time: 7.67s - Loss: 7.0672e-01 | a: 5.4911e-01, BC: 5.7329e-03, m: 4.2840e-02, u: 1.7707e-01, v: 4.4179e-01, pde_a: 8.0583e-03
Saving checkpoint at epoch 370 with loss 7.0672e-01
Epoch: 380/5000 - Time: 7.67s - Loss: 7.6880e-01 | a: 6.0108e-01, BC: 7.9201e-03, m: 4.3878e-02, u: 1.8793e-01, v: 4.7725e-01, pde_a: 7.5756e-03
Epoch: 390/5000 - Time: 7.70s - Loss: 8.7307e-01 | a: 7.0701e-01, BC: 7.4743e-03, m: 4.3435e-02, u: 1.7575e-01, v: 4.6862e-01, pde_a: 1.1173e-02
Epoch: 400/5000 - Time: 7.69s - Loss: 6.1709e-01 | a: 4.6489e-01, BC: 5.5735e-03, m: 4.0428e-02, u: 1.6958e-01, v: 4.2928e-01, pde_a: 8.4109e-03
Saving checkpoint at epoch 400 with loss 6.1709e-01
Epoch: 410/5000 - Time: 7.64s - Loss: 6.4456e-01 | a: 4.7111e-01, BC: 6.1665e-03, m: 4.2806e-02, u: 1.7300e-01, v: 4.2926e-01, pde_a: 2.2076e-02
Epoch: 420/5000 - Time: 8.33s - Loss: 6.2828e-01 | a: 4.7063e-01, BC: 5.3188e-03, m: 4.0858e-02, u: 1.7754e-01, v: 4.5595e-01, pde_a: 8.0858e-03
Epoch: 430/5000 - Time: 7.57s - Loss: 6.9612e-01 | a: 5.2818e-01, BC: 7.2823e-03, m: 4.0405e-02, u: 1.7313e-01, v: 4.5611e-01, pde_a: 1.5976e-02
Epoch: 440/5000 - Time: 7.60s - Loss: 6.5573e-01 | a: 4.8248e-01, BC: 6.2468e-03, m: 4.0121e-02, u: 1.7889e-01, v: 4.5460e-01, pde_a: 1.9374e-02
Epoch: 450/5000 - Time: 7.59s - Loss: 7.9445e-01 | a: 6.0153e-01, BC: 7.0481e-03, m: 4.1922e-02, u: 1.5690e-01, v: 4.2138e-01, pde_a: 4.2167e-02
Epoch: 460/5000 - Time: 8.20s - Loss: 7.3996e-01 | a: 5.9506e-01, BC: 6.3227e-03, m: 3.7850e-02, u: 1.5335e-01, v: 4.1750e-01, pde_a: 9.2532e-03
Epoch: 470/5000 - Time: 8.43s - Loss: 4.9067e-01 | a: 3.3958e-01, BC: 4.9945e-03, m: 3.7169e-02, u: 1.5137e-01, v: 4.0249e-01, pde_a: 1.7110e-02
Saving checkpoint at epoch 470 with loss 4.9067e-01
Epoch: 480/5000 - Time: 8.55s - Loss: 5.4577e-01 | a: 4.0114e-01, BC: 5.9402e-03, m: 3.7496e-02, u: 1.5563e-01, v: 4.0554e-01, pde_a: 9.7679e-03
Epoch: 490/5000 - Time: 8.21s - Loss: 5.9179e-01 | a: 4.3007e-01, BC: 7.6030e-03, m: 3.7440e-02, u: 1.4963e-01, v: 4.0589e-01, pde_a: 2.3383e-02
Epoch: 500/5000 - Time: 7.53s - Loss: 7.0932e-01 | a: 5.8092e-01, BC: 4.4984e-03, m: 3.5068e-02, u: 1.3207e-01, v: 3.8113e-01, pde_a: 8.5600e-03
Epoch: 510/5000 - Time: 7.59s - Loss: 4.4131e-01 | a: 3.1575e-01, BC: 4.4441e-03, m: 3.4081e-02, u: 1.3180e-01, v: 3.6452e-01, pde_a: 8.2981e-03
Saving checkpoint at epoch 510 with loss 4.4131e-01
Epoch: 520/5000 - Time: 7.60s - Loss: 1.4043e+00 | a: 8.6264e-01, BC: 1.7737e-02, m: 4.9031e-02, u: 1.3680e-01, v: 3.8094e-01, pde_a: 3.0698e-01
Epoch: 530/5000 - Time: 7.76s - Loss: 4.3215e-01 | a: 3.1065e-01, BC: 4.3468e-03, m: 3.3665e-02, u: 1.2894e-01, v: 3.5860e-01, pde_a: 6.7829e-03
Saving checkpoint at epoch 530 with loss 4.3215e-01
Epoch: 540/5000 - Time: 7.85s - Loss: 4.3802e-01 | a: 3.1326e-01, BC: 7.0585e-03, m: 3.3793e-02, u: 1.3046e-01, v: 3.5660e-01, pde_a: 6.8528e-03
Epoch: 550/5000 - Time: 7.64s - Loss: 4.3966e-01 | a: 3.2173e-01, BC: 4.2824e-03, m: 3.2897e-02, u: 1.1796e-01, v: 3.3918e-01, pde_a: 9.2821e-03
Epoch: 560/5000 - Time: 7.63s - Loss: 4.3859e-01 | a: 3.0272e-01, BC: 5.3647e-03, m: 3.2797e-02, u: 1.2619e-01, v: 3.4803e-01, pde_a: 1.9084e-02
Epoch: 570/5000 - Time: 7.65s - Loss: 6.1762e-01 | a: 4.3303e-01, BC: 1.0644e-02, m: 3.4520e-02, u: 1.2351e-01, v: 3.3999e-01, pde_a: 5.2988e-02
Epoch: 580/5000 - Time: 7.62s - Loss: 6.1714e-01 | a: 5.0541e-01, BC: 5.9472e-03, m: 3.1870e-02, u: 9.6176e-02, v: 3.0272e-01, pde_a: 1.3144e-02
Epoch: 590/5000 - Time: 7.70s - Loss: 4.8064e-01 | a: 3.7630e-01, BC: 4.1151e-03, m: 2.9627e-02, u: 1.0397e-01, v: 3.0896e-01, pde_a: 7.1294e-03
Epoch: 600/5000 - Time: 7.76s - Loss: 3.9006e-01 | a: 2.8011e-01, BC: 4.4135e-03, m: 2.9387e-02, u: 1.0239e-01, v: 2.9941e-01, pde_a: 1.2543e-02
Saving checkpoint at epoch 600 with loss 3.9006e-01
Epoch: 610/5000 - Time: 8.56s - Loss: 3.9289e-01 | a: 2.6212e-01, BC: 4.8180e-03, m: 3.0230e-02, u: 1.1301e-01, v: 3.0861e-01, pde_a: 2.3880e-02
Epoch: 620/5000 - Time: 7.94s - Loss: 4.0690e-01 | a: 2.7808e-01, BC: 5.4491e-03, m: 3.0581e-02, u: 1.1578e-01, v: 3.0439e-01, pde_a: 2.1246e-02
Epoch: 630/5000 - Time: 7.89s - Loss: 1.1950e+00 | a: 7.4928e-01, BC: 3.2962e-02, m: 4.9861e-02, u: 1.2664e-01, v: 3.3949e-01, pde_a: 2.2772e-01
Epoch: 640/5000 - Time: 8.42s - Loss: 4.0140e-01 | a: 3.1198e-01, BC: 3.1054e-03, m: 2.8160e-02, u: 8.4406e-02, v: 2.7154e-01, pde_a: 5.9821e-03
Epoch: 650/5000 - Time: 8.55s - Loss: 3.9774e-01 | a: 2.9708e-01, BC: 4.9530e-03, m: 2.8758e-02, u: 9.2149e-02, v: 2.7045e-01, pde_a: 1.0666e-02
Epoch: 660/5000 - Time: 8.43s - Loss: 3.3989e-01 | a: 2.3842e-01, BC: 3.9733e-03, m: 2.8916e-02, u: 1.0231e-01, v: 2.8040e-01, pde_a: 8.1420e-03
Saving checkpoint at epoch 660 with loss 3.3989e-01
Epoch: 670/5000 - Time: 8.49s - Loss: 5.7485e-01 | a: 3.5680e-01, BC: 1.5686e-02, m: 3.7018e-02, u: 1.1153e-01, v: 2.9873e-01, pde_a: 8.0413e-02
Epoch: 680/5000 - Time: 8.62s - Loss: 3.1210e-01 | a: 2.2242e-01, BC: 3.0402e-03, m: 2.7304e-02, u: 8.4911e-02, v: 2.5869e-01, pde_a: 7.4993e-03
Saving checkpoint at epoch 680 with loss 3.1210e-01
Epoch: 690/5000 - Time: 8.70s - Loss: 1.7947e+00 | a: 1.6590e+00, BC: 7.5339e-03, m: 3.0987e-02, u: 8.6059e-02, v: 2.5531e-01, pde_a: 3.7441e-02
Epoch: 700/5000 - Time: 8.58s - Loss: 5.1402e-01 | a: 3.8970e-01, BC: 5.6513e-03, m: 2.7352e-02, u: 8.6608e-02, v: 2.4829e-01, pde_a: 3.2341e-02
Epoch: 710/5000 - Time: 8.45s - Loss: 3.5028e-01 | a: 2.5574e-01, BC: 4.4255e-03, m: 2.6763e-02, u: 8.6251e-02, v: 2.4389e-01, pde_a: 1.1198e-02
Epoch: 720/5000 - Time: 8.40s - Loss: 6.6454e-01 | a: 2.8914e-01, BC: 1.2804e-02, m: 3.5694e-02, u: 9.5235e-02, v: 2.5708e-01, pde_a: 2.1197e-01
Epoch: 730/5000 - Time: 8.21s - Loss: 4.3108e-01 | a: 3.3506e-01, BC: 5.6394e-03, m: 2.5854e-02, u: 8.0847e-02, v: 2.3482e-01, pde_a: 1.4167e-02
Epoch: 740/5000 - Time: 7.67s - Loss: 2.7108e-01 | a: 1.7832e-01, BC: 3.6398e-03, m: 2.5656e-02, u: 7.8872e-02, v: 2.3216e-01, pde_a: 1.4094e-02
Saving checkpoint at epoch 740 with loss 2.7108e-01
Epoch: 750/5000 - Time: 8.02s - Loss: 1.1986e+00 | a: 1.0028e+00, BC: 1.2058e-02, m: 3.3048e-02, u: 8.4881e-02, v: 2.4445e-01, pde_a: 8.0322e-02
Epoch: 760/5000 - Time: 8.61s - Loss: 3.1647e-01 | a: 2.3290e-01, BC: 3.7726e-03, m: 2.4221e-02, u: 7.5413e-02, v: 2.2065e-01, pde_a: 9.5814e-03
Epoch: 770/5000 - Time: 8.15s - Loss: 2.6599e-01 | a: 1.6595e-01, BC: 3.9288e-03, m: 2.5373e-02, u: 7.5375e-02, v: 2.2181e-01, pde_a: 2.1450e-02
Saving checkpoint at epoch 770 with loss 2.6599e-01
Epoch: 780/5000 - Time: 7.63s - Loss: 2.3276e-01 | a: 1.4933e-01, BC: 4.4439e-03, m: 2.3740e-02, u: 7.9877e-02, v: 2.2467e-01, pde_a: 7.5388e-03
Saving checkpoint at epoch 780 with loss 2.3276e-01
Epoch: 790/5000 - Time: 7.74s - Loss: 2.5435e-01 | a: 1.6028e-01, BC: 6.1513e-03, m: 2.4513e-02, u: 7.4575e-02, v: 2.1591e-01, pde_a: 1.6291e-02
Epoch: 800/5000 - Time: 7.64s - Loss: 2.2276e-01 | a: 1.3221e-01, BC: 3.4754e-03, m: 2.3726e-02, u: 6.7741e-02, v: 2.0526e-01, pde_a: 1.8903e-02
Saving checkpoint at epoch 800 with loss 2.2276e-01
Epoch: 810/5000 - Time: 7.76s - Loss: 3.3867e-01 | a: 2.1805e-01, BC: 3.9580e-03, m: 2.4181e-02, u: 6.9382e-02, v: 2.0884e-01, pde_a: 4.0579e-02
Epoch: 820/5000 - Time: 7.64s - Loss: 5.5109e-01 | a: 4.3473e-01, BC: 1.1270e-02, m: 2.5146e-02, u: 7.1124e-02, v: 2.1492e-01, pde_a: 3.0254e-02
Epoch: 830/5000 - Time: 7.87s - Loss: 2.7242e-01 | a: 2.0676e-01, BC: 2.4329e-03, m: 2.1770e-02, u: 5.7117e-02, v: 1.8700e-01, pde_a: 6.1804e-03
Epoch: 840/5000 - Time: 7.74s - Loss: 5.8730e-01 | a: 4.1821e-01, BC: 7.4499e-03, m: 2.7620e-02, u: 6.3178e-02, v: 2.1554e-01, pde_a: 7.4720e-02
Epoch: 850/5000 - Time: 7.69s - Loss: 3.8008e-01 | a: 3.1499e-01, BC: 2.8244e-03, m: 2.1304e-02, u: 5.1193e-02, v: 1.7408e-01, pde_a: 8.4605e-03
Epoch: 860/5000 - Time: 7.67s - Loss: 2.4165e-01 | a: 1.7270e-01, BC: 3.7574e-03, m: 2.0528e-02, u: 5.2290e-02, v: 1.7077e-01, pde_a: 1.1012e-02
Epoch: 870/5000 - Time: 7.72s - Loss: 2.2305e-01 | a: 1.4699e-01, BC: 3.3529e-03, m: 2.1341e-02, u: 6.1798e-02, v: 1.7972e-01, pde_a: 1.2835e-02
Epoch: 880/5000 - Time: 7.67s - Loss: 2.4502e-01 | a: 1.6098e-01, BC: 4.0761e-03, m: 2.1725e-02, u: 6.8092e-02, v: 1.9044e-01, pde_a: 1.5477e-02
Epoch: 890/5000 - Time: 7.75s - Loss: 2.5599e-01 | a: 1.7266e-01, BC: 3.9262e-03, m: 2.5843e-02, u: 5.0743e-02, v: 1.9563e-01, pde_a: 1.7857e-02
Epoch: 900/5000 - Time: 8.02s - Loss: 2.5051e-01 | a: 1.9173e-01, BC: 3.0300e-03, m: 1.9879e-02, u: 4.7206e-02, v: 1.6027e-01, pde_a: 6.4389e-03
Epoch: 910/5000 - Time: 8.33s - Loss: 2.9544e-01 | a: 2.1768e-01, BC: 7.0078e-03, m: 2.0764e-02, u: 5.6283e-02, v: 1.6993e-01, pde_a: 1.4030e-02
Epoch: 920/5000 - Time: 8.22s - Loss: 3.0714e-01 | a: 1.8366e-01, BC: 9.5780e-03, m: 2.6655e-02, u: 7.8897e-02, v: 1.9883e-01, pde_a: 3.5242e-02
Epoch: 930/5000 - Time: 7.75s - Loss: 2.1980e-01 | a: 1.6154e-01, BC: 3.1190e-03, m: 1.9430e-02, u: 4.7401e-02, v: 1.5381e-01, pde_a: 6.6371e-03
Saving checkpoint at epoch 930 with loss 2.1980e-01
Epoch: 940/5000 - Time: 7.81s - Loss: 3.0116e-01 | a: 2.3049e-01, BC: 6.6595e-03, m: 2.0100e-02, u: 5.4505e-02, v: 1.6270e-01, pde_a: 1.0295e-02
Epoch: 950/5000 - Time: 7.77s - Loss: 2.1014e-01 | a: 1.4679e-01, BC: 2.7196e-03, m: 1.9480e-02, u: 4.9428e-02, v: 1.5614e-01, pde_a: 1.0029e-02
Saving checkpoint at epoch 950 with loss 2.1014e-01
Epoch: 960/5000 - Time: 7.66s - Loss: 1.7480e-01 | a: 1.1806e-01, BC: 2.5514e-03, m: 2.0316e-02, u: 4.4488e-02, v: 1.7115e-01, pde_a: 4.9764e-03
Saving checkpoint at epoch 960 with loss 1.7480e-01
Epoch: 970/5000 - Time: 7.66s - Loss: 1.6024e+00 | a: 1.4975e+00, BC: 7.4571e-03, m: 2.4585e-02, u: 5.5403e-02, v: 1.8096e-01, pde_a: 3.2054e-02
Epoch: 980/5000 - Time: 8.27s - Loss: 1.7113e-01 | a: 1.1139e-01, BC: 2.3414e-03, m: 1.8324e-02, u: 4.1805e-02, v: 1.4087e-01, pde_a: 1.1591e-02
Saving checkpoint at epoch 980 with loss 1.7113e-01
Epoch: 990/5000 - Time: 7.70s - Loss: 3.2086e-01 | a: 2.4574e-01, BC: 5.2196e-03, m: 1.9219e-02, u: 4.4209e-02, v: 1.4951e-01, pde_a: 1.9335e-02
Epoch: 1000/5000 - Time: 7.67s - Loss: 1.8028e-01 | a: 1.1791e-01, BC: 3.0041e-03, m: 1.9141e-02, u: 5.2908e-02, v: 1.5541e-01, pde_a: 8.2431e-03
Epoch: 1010/5000 - Time: 7.67s - Loss: 1.9809e-01 | a: 1.3438e-01, BC: 4.1798e-03, m: 1.9718e-02, u: 4.9171e-02, v: 1.5707e-01, pde_a: 9.0720e-03
Epoch: 1020/5000 - Time: 8.17s - Loss: 3.8382e+00 | a: 3.2460e+00, BC: 3.8502e-02, m: 7.1210e-02, u: 2.3871e-01, v: 4.3203e-01, pde_a: 2.8473e-01
Epoch: 1030/5000 - Time: 8.51s - Loss: 3.4167e-01 | a: 2.7683e-01, BC: 3.4075e-03, m: 1.8796e-02, u: 4.2234e-02, v: 1.4434e-01, pde_a: 1.4052e-02
Epoch: 1040/5000 - Time: 8.35s - Loss: 2.0762e-01 | a: 1.1670e-01, BC: 6.6383e-03, m: 2.0568e-02, u: 8.8709e-02, v: 2.0161e-01, pde_a: 1.2301e-02
Epoch: 1050/5000 - Time: 8.53s - Loss: 1.7197e-01 | a: 1.2292e-01, BC: 2.2359e-03, m: 1.8104e-02, u: 3.4300e-02, v: 1.4958e-01, pde_a: 5.1359e-03
Epoch: 1060/5000 - Time: 8.31s - Loss: 1.5768e-01 | a: 1.0315e-01, BC: 3.2124e-03, m: 1.7604e-02, u: 3.8262e-02, v: 1.3505e-01, pde_a: 8.7936e-03
Saving checkpoint at epoch 1060 with loss 1.5768e-01
Epoch: 1070/5000 - Time: 8.55s - Loss: 2.3038e-01 | a: 1.7790e-01, BC: 2.6708e-03, m: 1.8044e-02, u: 4.1639e-02, v: 1.3858e-01, pde_a: 6.1429e-03
Epoch: 1080/5000 - Time: 8.45s - Loss: 1.5777e-01 | a: 1.1195e-01, BC: 2.3415e-03, m: 1.6790e-02, u: 3.2401e-02, v: 1.3763e-01, pde_a: 4.7211e-03
Epoch: 1090/5000 - Time: 8.33s - Loss: 2.1321e-01 | a: 1.5799e-01, BC: 6.3626e-03, m: 1.7619e-02, u: 3.8669e-02, v: 1.3119e-01, pde_a: 7.0910e-03
Epoch: 1100/5000 - Time: 8.24s - Loss: 1.6500e-01 | a: 1.1126e-01, BC: 3.1538e-03, m: 1.7183e-02, u: 3.9147e-02, v: 1.3175e-01, pde_a: 8.4267e-03
Epoch: 1110/5000 - Time: 8.41s - Loss: 5.0303e-01 | a: 3.9942e-01, BC: 1.0409e-02, m: 1.9735e-02, u: 6.0260e-02, v: 1.7680e-01, pde_a: 2.9989e-02
Epoch: 1120/5000 - Time: 8.15s - Loss: 2.0026e-01 | a: 1.2702e-01, BC: 2.7253e-03, m: 1.7359e-02, u: 4.3670e-02, v: 1.2948e-01, pde_a: 2.2446e-02
Epoch: 1130/5000 - Time: 7.64s - Loss: 2.6384e-01 | a: 1.4410e-01, BC: 7.7240e-03, m: 2.5336e-02, u: 6.6528e-02, v: 1.9133e-01, pde_a: 3.8707e-02
Epoch: 1140/5000 - Time: 7.64s - Loss: 1.7774e-01 | a: 1.1960e-01, BC: 2.9811e-03, m: 1.6829e-02, u: 3.8599e-02, v: 1.2782e-01, pde_a: 1.2584e-02
Epoch: 1150/5000 - Time: 7.77s - Loss: 1.3252e-01 | a: 7.1647e-02, BC: 2.9801e-03, m: 1.7953e-02, u: 5.3550e-02, v: 1.4043e-01, pde_a: 8.6735e-03
Saving checkpoint at epoch 1150 with loss 1.3252e-01
Epoch: 1160/5000 - Time: 7.71s - Loss: 1.8918e-01 | a: 1.2847e-01, BC: 4.4081e-03, m: 1.6905e-02, u: 4.4369e-02, v: 1.2708e-01, pde_a: 1.1757e-02
Epoch: 1170/5000 - Time: 7.69s - Loss: 4.0941e-01 | a: 2.9033e-01, BC: 6.6018e-03, m: 1.9623e-02, u: 5.5533e-02, v: 1.4262e-01, pde_a: 4.8935e-02
Epoch: 1180/5000 - Time: 7.74s - Loss: 3.8930e-01 | a: 2.4652e-01, BC: 1.3930e-02, m: 2.6452e-02, u: 8.1521e-02, v: 2.3799e-01, pde_a: 4.2899e-02
Epoch: 1190/5000 - Time: 7.69s - Loss: 1.5304e-01 | a: 1.0461e-01, BC: 1.9604e-03, m: 1.5514e-02, u: 3.5427e-02, v: 1.2012e-01, pde_a: 8.1056e-03
Epoch: 1200/5000 - Time: 7.74s - Loss: 7.7036e-01 | a: 4.4158e-01, BC: 1.5377e-02, m: 3.5473e-02, u: 1.0014e-01, v: 2.5967e-01, pde_a: 1.7272e-01
Epoch: 1210/5000 - Time: 7.63s - Loss: 1.3174e-01 | a: 8.9975e-02, BC: 1.8727e-03, m: 1.4663e-02, u: 2.9007e-02, v: 1.1393e-01, pde_a: 5.8790e-03
Saving checkpoint at epoch 1210 with loss 1.3174e-01
Epoch: 1220/5000 - Time: 7.73s - Loss: 1.3293e-01 | a: 8.5628e-02, BC: 3.2605e-03, m: 1.5003e-02, u: 3.5630e-02, v: 1.1714e-01, pde_a: 6.6628e-03
Epoch: 1230/5000 - Time: 8.16s - Loss: 1.7627e-01 | a: 1.1572e-01, BC: 3.4583e-03, m: 1.5901e-02, u: 3.2442e-02, v: 1.2067e-01, pde_a: 1.6904e-02
Epoch: 1240/5000 - Time: 8.58s - Loss: 1.3761e-01 | a: 8.9309e-02, BC: 3.1416e-03, m: 1.5308e-02, u: 3.4377e-02, v: 1.1188e-01, pde_a: 8.1643e-03
Epoch: 1250/5000 - Time: 7.92s - Loss: 3.7833e-01 | a: 3.1923e-01, BC: 4.6971e-03, m: 1.9071e-02, u: 3.9571e-02, v: 1.4923e-01, pde_a: 8.9451e-03
Epoch: 1260/5000 - Time: 7.65s - Loss: 1.2432e-01 | a: 8.2745e-02, BC: 1.8530e-03, m: 1.4749e-02, u: 2.8996e-02, v: 1.1290e-01, pde_a: 5.7895e-03
Saving checkpoint at epoch 1260 with loss 1.2432e-01
Epoch: 1270/5000 - Time: 7.66s - Loss: 1.3170e-01 | a: 8.6712e-02, BC: 2.0468e-03, m: 1.5154e-02, u: 2.6186e-02, v: 1.1746e-01, pde_a: 8.5440e-03
Epoch: 1280/5000 - Time: 7.67s - Loss: 1.2130e-01 | a: 7.7222e-02, BC: 1.9350e-03, m: 1.4059e-02, u: 3.5126e-02, v: 1.1243e-01, pde_a: 6.1861e-03
Saving checkpoint at epoch 1280 with loss 1.2130e-01
Epoch: 1290/5000 - Time: 7.79s - Loss: 1.7990e-01 | a: 9.2028e-02, BC: 5.5912e-03, m: 1.7355e-02, u: 8.3280e-02, v: 1.7850e-01, pde_a: 1.5759e-02
Epoch: 1300/5000 - Time: 7.71s - Loss: 3.1185e-01 | a: 2.5102e-01, BC: 3.7019e-03, m: 1.5298e-02, u: 4.1645e-02, v: 1.2227e-01, pde_a: 1.4348e-02
Epoch: 1310/5000 - Time: 8.35s - Loss: 1.3133e-01 | a: 8.7520e-02, BC: 2.4830e-03, m: 1.4687e-02, u: 2.7649e-02, v: 1.2329e-01, pde_a: 6.6281e-03
Epoch: 1320/5000 - Time: 8.35s - Loss: 1.1634e-01 | a: 7.3617e-02, BC: 2.7400e-03, m: 1.3707e-02, u: 3.0239e-02, v: 1.1066e-01, pde_a: 6.2943e-03
Saving checkpoint at epoch 1320 with loss 1.1634e-01
Epoch: 1330/5000 - Time: 8.43s - Loss: 1.0893e+00 | a: 8.6988e-01, BC: 1.2891e-02, m: 2.2101e-02, u: 4.9780e-02, v: 1.3745e-01, pde_a: 1.2196e-01
Epoch: 1340/5000 - Time: 8.37s - Loss: 1.0371e-01 | a: 6.6257e-02, BC: 1.8470e-03, m: 1.3233e-02, u: 2.5447e-02, v: 1.0413e-01, pde_a: 5.1166e-03
Saving checkpoint at epoch 1340 with loss 1.0371e-01
Epoch: 1350/5000 - Time: 8.43s - Loss: 1.0395e-01 | a: 6.4695e-02, BC: 1.8993e-03, m: 1.3521e-02, u: 2.9931e-02, v: 1.0286e-01, pde_a: 5.0815e-03
Epoch: 1360/5000 - Time: 8.51s - Loss: 1.2576e-01 | a: 7.8220e-02, BC: 2.7694e-03, m: 1.3771e-02, u: 3.8882e-02, v: 1.1232e-01, pde_a: 7.2196e-03
Epoch: 1370/5000 - Time: 8.39s - Loss: 3.9054e+00 | a: 3.0778e+00, BC: 4.7273e-02, m: 9.5109e-02, u: 1.5364e-01, v: 3.6652e-01, pde_a: 4.7764e-01
Epoch: 1380/5000 - Time: 7.85s - Loss: 2.2661e-01 | a: 1.7970e-01, BC: 3.1549e-03, m: 1.5054e-02, u: 3.1741e-02, v: 1.1473e-01, pde_a: 7.7734e-03
Epoch: 1390/5000 - Time: 7.61s - Loss: 1.0944e-01 | a: 6.7920e-02, BC: 1.8863e-03, m: 1.3297e-02, u: 2.7636e-02, v: 1.0144e-01, pde_a: 7.7347e-03
Epoch: 1400/5000 - Time: 7.72s - Loss: 2.4033e-01 | a: 1.8324e-01, BC: 4.3487e-03, m: 1.4533e-02, u: 4.2761e-02, v: 1.1681e-01, pde_a: 1.1446e-02
Epoch: 1410/5000 - Time: 7.70s - Loss: 4.2901e-01 | a: 2.8683e-01, BC: 9.1716e-03, m: 2.6540e-02, u: 6.9627e-02, v: 1.9859e-01, pde_a: 5.2721e-02
Epoch: 1420/5000 - Time: 7.74s - Loss: 1.1369e-01 | a: 7.5947e-02, BC: 1.4152e-03, m: 1.3555e-02, u: 2.3448e-02, v: 1.0323e-01, pde_a: 6.1840e-03
Epoch: 1430/5000 - Time: 7.69s - Loss: 1.1326e-01 | a: 6.6325e-02, BC: 2.3553e-03, m: 1.4016e-02, u: 4.1458e-02, v: 1.1439e-01, pde_a: 6.0245e-03
Epoch: 1440/5000 - Time: 8.16s - Loss: 1.9762e-01 | a: 1.3026e-01, BC: 5.3846e-03, m: 1.5405e-02, u: 5.3676e-02, v: 1.2875e-01, pde_a: 1.3913e-02
Epoch: 1450/5000 - Time: 7.87s - Loss: 1.1886e-01 | a: 7.6134e-02, BC: 2.1958e-03, m: 1.2414e-02, u: 2.6295e-02, v: 9.2934e-02, pde_a: 9.9163e-03
Epoch: 1460/5000 - Time: 7.77s - Loss: 1.7457e-01 | a: 9.6453e-02, BC: 4.8371e-03, m: 1.6803e-02, u: 4.1819e-02, v: 1.4038e-01, pde_a: 2.4517e-02
Epoch: 1470/5000 - Time: 7.71s - Loss: 1.0768e-01 | a: 7.1925e-02, BC: 1.7916e-03, m: 1.1898e-02, u: 2.3395e-02, v: 9.5166e-02, pde_a: 5.8178e-03
Epoch: 1480/5000 - Time: 7.64s - Loss: 1.1661e-01 | a: 7.0922e-02, BC: 2.5232e-03, m: 1.3080e-02, u: 3.5770e-02, v: 1.0758e-01, pde_a: 7.6252e-03
Epoch: 1490/5000 - Time: 7.62s - Loss: 1.6875e-01 | a: 1.1511e-01, BC: 3.7507e-03, m: 1.7639e-02, u: 3.2559e-02, v: 1.3962e-01, pde_a: 9.0269e-03
Epoch: 1500/5000 - Time: 7.67s - Loss: 7.6389e-01 | a: 5.2748e-01, BC: 1.0588e-02, m: 3.5253e-02, u: 4.7245e-02, v: 2.0112e-01, pde_a: 1.2615e-01
Epoch: 1510/5000 - Time: 7.69s - Loss: 1.0192e-01 | a: 6.3592e-02, BC: 2.0673e-03, m: 1.2576e-02, u: 2.8476e-02, v: 1.0056e-01, pde_a: 5.3096e-03
Saving checkpoint at epoch 1510 with loss 1.0192e-01
Epoch: 1520/5000 - Time: 8.24s - Loss: 9.6748e-02 | a: 6.1733e-02, BC: 1.6245e-03, m: 1.2723e-02, u: 2.2150e-02, v: 1.0246e-01, pde_a: 4.7783e-03
Saving checkpoint at epoch 1520 with loss 9.6748e-02
Epoch: 1530/5000 - Time: 8.37s - Loss: 9.3206e-02 | a: 5.5623e-02, BC: 2.1723e-03, m: 1.2214e-02, u: 2.6760e-02, v: 9.6498e-02, pde_a: 5.6667e-03
Saving checkpoint at epoch 1530 with loss 9.3206e-02
Epoch: 1540/5000 - Time: 8.33s - Loss: 9.6798e-02 | a: 5.8030e-02, BC: 1.9983e-03, m: 1.1931e-02, u: 2.7680e-02, v: 9.7943e-02, pde_a: 6.4531e-03
Epoch: 1550/5000 - Time: 8.41s - Loss: 1.2948e-01 | a: 8.0533e-02, BC: 2.1628e-03, m: 1.3537e-02, u: 2.5939e-02, v: 1.1369e-01, pde_a: 1.2633e-02
Epoch: 1560/5000 - Time: 8.45s - Loss: 8.8711e-02 | a: 5.4920e-02, BC: 1.5623e-03, m: 1.1898e-02, u: 2.2173e-02, v: 9.1821e-02, pde_a: 5.1191e-03
Saving checkpoint at epoch 1560 with loss 8.8711e-02
Epoch: 1570/5000 - Time: 8.63s - Loss: 9.2415e-02 | a: 5.1701e-02, BC: 1.9544e-03, m: 1.2163e-02, u: 2.9957e-02, v: 9.3555e-02, pde_a: 7.5363e-03
Epoch: 1580/5000 - Time: 8.47s - Loss: 8.9486e-01 | a: 5.4286e-01, BC: 1.4228e-02, m: 4.5263e-02, u: 1.3556e-01, v: 2.8728e-01, pde_a: 1.7397e-01
Epoch: 1590/5000 - Time: 8.43s - Loss: 8.9268e-02 | a: 5.3859e-02, BC: 2.2304e-03, m: 1.2155e-02, u: 2.2116e-02, v: 9.7692e-02, pde_a: 5.2756e-03
Epoch: 1600/5000 - Time: 7.66s - Loss: 4.5004e+00 | a: 4.3423e+00, BC: 1.5131e-02, m: 4.7605e-02, u: 9.6113e-02, v: 2.2651e-01, pde_a: 4.0221e-02
Epoch: 1610/5000 - Time: 7.75s - Loss: 1.0561e-01 | a: 6.9113e-02, BC: 1.9691e-03, m: 1.2736e-02, u: 2.3055e-02, v: 1.0292e-01, pde_a: 5.3388e-03
Epoch: 1620/5000 - Time: 7.69s - Loss: 2.0016e-01 | a: 1.3362e-01, BC: 4.9399e-03, m: 1.7121e-02, u: 6.2942e-02, v: 1.3239e-01, pde_a: 9.7475e-03
Epoch: 1630/5000 - Time: 7.79s - Loss: 3.8665e-01 | a: 2.5917e-01, BC: 6.8888e-03, m: 3.0041e-02, u: 8.1388e-02, v: 2.3718e-01, pde_a: 3.4968e-02
Epoch: 1640/5000 - Time: 7.62s - Loss: 1.0776e-01 | a: 6.4381e-02, BC: 2.1045e-03, m: 1.4419e-02, u: 2.5998e-02, v: 1.0685e-01, pde_a: 8.5143e-03
Epoch: 1650/5000 - Time: 7.99s - Loss: 1.1998e-01 | a: 8.5295e-02, BC: 1.3472e-03, m: 1.3300e-02, u: 2.1261e-02, v: 1.0302e-01, pde_a: 4.6827e-03
Epoch: 1660/5000 - Time: 8.37s - Loss: 1.0677e-01 | a: 6.4202e-02, BC: 2.0263e-03, m: 1.3024e-02, u: 2.3213e-02, v: 9.7638e-02, pde_a: 1.0177e-02
Epoch: 1670/5000 - Time: 8.37s - Loss: 1.9056e-01 | a: 1.3756e-01, BC: 3.6374e-03, m: 1.4176e-02, u: 3.9351e-02, v: 1.1193e-01, pde_a: 1.0434e-02
Epoch: 1680/5000 - Time: 8.52s - Loss: 8.5239e-02 | a: 4.8374e-02, BC: 1.9685e-03, m: 1.1824e-02, u: 2.5428e-02, v: 9.4067e-02, pde_a: 6.0491e-03
Saving checkpoint at epoch 1680 with loss 8.5239e-02
Epoch: 1690/5000 - Time: 8.48s - Loss: 1.4648e-01 | a: 8.7673e-02, BC: 3.8636e-03, m: 1.4583e-02, u: 5.3369e-02, v: 1.2004e-01, pde_a: 9.6985e-03
Epoch: 1700/5000 - Time: 8.44s - Loss: 1.5528e-01 | a: 9.2646e-02, BC: 3.5375e-03, m: 1.3609e-02, u: 3.5970e-02, v: 1.1500e-01, pde_a: 1.8934e-02
Epoch: 1710/5000 - Time: 8.43s - Loss: 1.5996e-01 | a: 1.0288e-01, BC: 3.8143e-03, m: 1.3345e-02, u: 4.7136e-02, v: 1.3136e-01, pde_a: 9.9638e-03
Epoch: 1720/5000 - Time: 8.39s - Loss: 1.3313e-01 | a: 9.3031e-02, BC: 1.9394e-03, m: 1.2980e-02, u: 2.0158e-02, v: 1.0725e-01, pde_a: 8.5215e-03
Epoch: 1730/5000 - Time: 8.44s - Loss: 1.1446e-01 | a: 6.8307e-02, BC: 1.9885e-03, m: 1.2229e-02, u: 2.4359e-02, v: 9.7627e-02, pde_a: 1.2995e-02
Epoch: 1740/5000 - Time: 8.66s - Loss: 8.0738e-02 | a: 4.8703e-02, BC: 1.9399e-03, m: 1.1309e-02, u: 1.9730e-02, v: 8.5369e-02, pde_a: 5.0067e-03
Saving checkpoint at epoch 1740 with loss 8.0738e-02
Epoch: 1750/5000 - Time: 8.73s - Loss: 7.4058e-02 | a: 4.2771e-02, BC: 1.3783e-03, m: 1.1356e-02, u: 1.9499e-02, v: 9.4797e-02, pde_a: 4.1616e-03
Saving checkpoint at epoch 1750 with loss 7.4058e-02
Epoch: 1760/5000 - Time: 8.81s - Loss: 7.4166e-02 | a: 4.1888e-02, BC: 1.4542e-03, m: 1.0877e-02, u: 2.2368e-02, v: 8.7771e-02, pde_a: 4.7926e-03
Epoch: 1770/5000 - Time: 8.64s - Loss: 1.2327e-01 | a: 6.4743e-02, BC: 3.7432e-03, m: 1.3829e-02, u: 5.1864e-02, v: 1.2903e-01, pde_a: 9.6675e-03
Epoch: 1780/5000 - Time: 8.36s - Loss: 3.5194e-01 | a: 2.5031e-01, BC: 5.9070e-03, m: 1.7399e-02, u: 3.7802e-02, v: 1.5175e-01, pde_a: 4.1724e-02
Epoch: 1790/5000 - Time: 8.42s - Loss: 7.7546e-02 | a: 4.5940e-02, BC: 1.3542e-03, m: 1.1016e-02, u: 1.9152e-02, v: 8.8988e-02, pde_a: 5.1510e-03
Epoch: 1800/5000 - Time: 8.45s - Loss: 1.1160e-01 | a: 5.2037e-02, BC: 2.5217e-03, m: 1.2731e-02, u: 3.8858e-02, v: 9.0916e-02, pde_a: 1.8824e-02
Epoch: 1810/5000 - Time: 8.25s - Loss: 7.2865e-02 | a: 4.1147e-02, BC: 1.6007e-03, m: 1.0613e-02, u: 2.0096e-02, v: 8.4720e-02, pde_a: 5.2973e-03
Saving checkpoint at epoch 1810 with loss 7.2865e-02
Epoch: 1820/5000 - Time: 7.80s - Loss: 7.1205e-02 | a: 3.7692e-02, BC: 1.7787e-03, m: 1.0847e-02, u: 2.5286e-02, v: 8.4341e-02, pde_a: 4.9060e-03
Saving checkpoint at epoch 1820 with loss 7.1205e-02
Epoch: 1830/5000 - Time: 7.66s - Loss: 9.4720e-01 | a: 8.6116e-01, BC: 6.2024e-03, m: 1.7646e-02, u: 4.9183e-02, v: 1.0917e-01, pde_a: 2.9422e-02
Epoch: 1840/5000 - Time: 7.63s - Loss: 8.1639e-02 | a: 5.1442e-02, BC: 1.2907e-03, m: 1.0904e-02, u: 1.7678e-02, v: 8.9268e-02, pde_a: 4.5911e-03
Epoch: 1850/5000 - Time: 8.31s - Loss: 7.0316e-02 | a: 3.7494e-02, BC: 1.5334e-03, m: 1.0839e-02, u: 2.4416e-02, v: 8.3809e-02, pde_a: 4.8702e-03
Saving checkpoint at epoch 1850 with loss 7.0316e-02
Epoch: 1860/5000 - Time: 8.36s - Loss: 1.2441e-01 | a: 8.2672e-02, BC: 2.4974e-03, m: 1.1546e-02, u: 3.4387e-02, v: 9.5958e-02, pde_a: 6.6896e-03
Epoch: 1870/5000 - Time: 8.72s - Loss: 2.0294e-01 | a: 1.4943e-01, BC: 8.0865e-03, m: 1.3567e-02, u: 3.3141e-02, v: 1.1642e-01, pde_a: 9.2040e-03
Epoch: 1880/5000 - Time: 8.68s - Loss: 4.7515e-01 | a: 3.7953e-01, BC: 1.5201e-02, m: 1.5699e-02, u: 6.8918e-02, v: 1.5603e-01, pde_a: 2.1185e-02
Epoch: 1890/5000 - Time: 8.51s - Loss: 8.0101e-02 | a: 4.6669e-02, BC: 1.7655e-03, m: 1.0912e-02, u: 2.2475e-02, v: 8.6022e-02, pde_a: 5.5283e-03
Epoch: 1900/5000 - Time: 8.65s - Loss: 9.2497e-02 | a: 4.5788e-02, BC: 2.9655e-03, m: 1.1896e-02, u: 3.6120e-02, v: 8.6826e-02, pde_a: 1.0178e-02
Epoch: 1910/5000 - Time: 8.66s - Loss: 1.6674e-01 | a: 1.0813e-01, BC: 3.0073e-03, m: 1.2187e-02, u: 2.4141e-02, v: 9.4387e-02, pde_a: 2.2096e-02
Epoch: 1920/5000 - Time: 8.65s - Loss: 7.2249e-02 | a: 3.9188e-02, BC: 1.7193e-03, m: 9.8849e-03, u: 2.2150e-02, v: 8.3021e-02, pde_a: 6.1036e-03
Epoch: 1930/5000 - Time: 8.59s - Loss: 6.2082e-02 | a: 2.9446e-02, BC: 1.5329e-03, m: 9.8398e-03, u: 2.3475e-02, v: 8.0590e-02, pde_a: 5.7402e-03
Saving checkpoint at epoch 1930 with loss 6.2082e-02
Epoch: 1940/5000 - Time: 8.41s - Loss: 6.7981e-02 | a: 3.3118e-02, BC: 1.9060e-03, m: 9.5024e-03, u: 1.9579e-02, v: 7.7425e-02, pde_a: 8.7352e-03
Epoch: 1950/5000 - Time: 8.36s - Loss: 8.6195e-02 | a: 4.3686e-02, BC: 2.1635e-03, m: 1.2403e-02, u: 2.3481e-02, v: 1.1661e-01, pde_a: 8.7403e-03
Epoch: 1960/5000 - Time: 8.29s - Loss: 8.5803e-02 | a: 5.4718e-02, BC: 1.7735e-03, m: 1.0114e-02, u: 1.8472e-02, v: 8.2781e-02, pde_a: 5.5563e-03
Epoch: 1970/5000 - Time: 8.41s - Loss: 7.6433e-02 | a: 3.5303e-02, BC: 2.6050e-03, m: 1.1377e-02, u: 3.6204e-02, v: 8.9843e-02, pde_a: 6.1620e-03
Epoch: 1980/5000 - Time: 8.43s - Loss: 9.9013e-02 | a: 5.3368e-02, BC: 2.5487e-03, m: 1.1123e-02, u: 3.6846e-02, v: 9.0847e-02, pde_a: 9.5141e-03
Epoch: 1990/5000 - Time: 8.27s - Loss: 7.9607e-02 | a: 4.5542e-02, BC: 1.7503e-03, m: 9.6514e-03, u: 2.0313e-02, v: 7.6922e-02, pde_a: 7.9936e-03
Epoch: 2000/5000 - Time: 7.66s - Loss: 1.4581e+00 | a: 1.1520e+00, BC: 2.7538e-02, m: 4.0416e-02, u: 1.0297e-01, v: 2.5966e-01, pde_a: 1.4287e-01
Epoch: 2010/5000 - Time: 7.67s - Loss: 7.0542e-02 | a: 4.1093e-02, BC: 1.6738e-03, m: 9.7803e-03, u: 1.7738e-02, v: 8.2080e-02, pde_a: 4.8133e-03
Epoch: 2020/5000 - Time: 8.02s - Loss: 7.4987e-02 | a: 3.5214e-02, BC: 2.9140e-03, m: 1.0566e-02, u: 3.2592e-02, v: 9.0578e-02, pde_a: 6.2915e-03
Epoch: 2030/5000 - Time: 8.57s - Loss: 2.2782e-01 | a: 1.7348e-01, BC: 2.7422e-03, m: 1.0256e-02, u: 2.2963e-02, v: 8.2373e-02, pde_a: 2.1254e-02
Epoch: 2040/5000 - Time: 7.86s - Loss: 7.8552e-02 | a: 4.9614e-02, BC: 1.3238e-03, m: 1.0089e-02, u: 1.6456e-02, v: 9.1949e-02, pde_a: 4.1418e-03
Epoch: 2050/5000 - Time: 7.61s - Loss: 4.7610e-01 | a: 3.2448e-01, BC: 8.4461e-03, m: 1.4197e-02, u: 3.2284e-02, v: 1.1131e-01, pde_a: 8.4460e-02
Epoch: 2060/5000 - Time: 7.53s - Loss: 1.1501e-01 | a: 7.5194e-02, BC: 2.1193e-03, m: 1.0693e-02, u: 2.8572e-02, v: 8.4985e-02, pde_a: 8.5167e-03
Epoch: 2070/5000 - Time: 7.62s - Loss: 9.5822e-02 | a: 4.1748e-02, BC: 2.8164e-03, m: 1.2757e-02, u: 4.7938e-02, v: 8.2942e-02, pde_a: 1.2306e-02
Epoch: 2080/5000 - Time: 7.55s - Loss: 1.2758e-01 | a: 6.1804e-02, BC: 5.0314e-03, m: 1.3714e-02, u: 6.0585e-02, v: 1.4360e-01, pde_a: 1.0530e-02
Epoch: 2090/5000 - Time: 8.18s - Loss: 7.2053e-02 | a: 3.6360e-02, BC: 1.6908e-03, m: 9.1880e-03, u: 1.9087e-02, v: 7.6622e-02, pde_a: 9.8961e-03
Epoch: 2100/5000 - Time: 8.58s - Loss: 1.1731e-01 | a: 7.1167e-02, BC: 3.6142e-03, m: 1.0363e-02, u: 2.5108e-02, v: 8.4546e-02, pde_a: 1.3446e-02
Epoch: 2110/5000 - Time: 8.07s - Loss: 2.1528e-01 | a: 1.3983e-01, BC: 4.1563e-03, m: 1.0845e-02, u: 2.6647e-02, v: 1.0207e-01, pde_a: 3.3407e-02
Epoch: 2120/5000 - Time: 7.62s - Loss: 6.2019e-02 | a: 2.9239e-02, BC: 1.8657e-03, m: 9.4819e-03, u: 2.7703e-02, v: 7.4270e-02, pde_a: 5.0057e-03
Saving checkpoint at epoch 2120 with loss 6.2019e-02
Epoch: 2130/5000 - Time: 7.64s - Loss: 8.0536e-02 | a: 4.1606e-02, BC: 2.7511e-03, m: 9.1258e-03, u: 1.8427e-02, v: 7.5853e-02, pde_a: 1.1851e-02
Epoch: 2140/5000 - Time: 7.54s - Loss: 1.2029e-01 | a: 7.7789e-02, BC: 3.3228e-03, m: 9.6764e-03, u: 2.7924e-02, v: 9.0316e-02, pde_a: 9.9037e-03
Epoch: 2150/5000 - Time: 8.15s - Loss: 6.4473e-02 | a: 3.4330e-02, BC: 1.3946e-03, m: 9.5028e-03, u: 1.6066e-02, v: 8.5809e-02, pde_a: 5.8938e-03
Epoch: 2160/5000 - Time: 8.33s - Loss: 5.3381e-02 | a: 2.7449e-02, BC: 1.1015e-03, m: 8.6288e-03, u: 1.6518e-02, v: 6.8413e-02, pde_a: 4.5535e-03
Saving checkpoint at epoch 2160 with loss 5.3381e-02
Epoch: 2170/5000 - Time: 8.62s - Loss: 1.0049e-01 | a: 5.9875e-02, BC: 2.7336e-03, m: 9.9220e-03, u: 2.3941e-02, v: 8.7062e-02, pde_a: 1.0240e-02
Epoch: 2180/5000 - Time: 8.18s - Loss: 2.4483e-01 | a: 1.2319e-01, BC: 1.0831e-02, m: 1.4829e-02, u: 6.4809e-02, v: 1.4453e-01, pde_a: 4.7017e-02
Epoch: 2190/5000 - Time: 7.63s - Loss: 1.9956e-01 | a: 1.1794e-01, BC: 3.7520e-03, m: 1.1727e-02, u: 2.9412e-02, v: 1.0193e-01, pde_a: 3.7201e-02
Epoch: 2200/5000 - Time: 7.63s - Loss: 2.5202e-01 | a: 1.4866e-01, BC: 7.5979e-03, m: 1.5643e-02, u: 4.2399e-02, v: 1.1879e-01, pde_a: 4.3840e-02
Epoch: 2210/5000 - Time: 7.64s - Loss: 7.3141e-02 | a: 4.3181e-02, BC: 1.6380e-03, m: 8.7051e-03, u: 1.9507e-02, v: 7.3582e-02, pde_a: 5.8912e-03
Epoch: 2220/5000 - Time: 7.81s - Loss: 8.0151e-02 | a: 2.8440e-02, BC: 3.1366e-03, m: 1.0836e-02, u: 5.2344e-02, v: 1.0704e-01, pde_a: 7.9386e-03
Epoch: 2230/5000 - Time: 7.58s - Loss: 1.3567e-01 | a: 7.0336e-02, BC: 4.7675e-03, m: 1.1245e-02, u: 3.8530e-02, v: 9.0530e-02, pde_a: 2.2361e-02
Epoch: 2240/5000 - Time: 7.97s - Loss: 6.3099e-02 | a: 3.2976e-02, BC: 1.5687e-03, m: 8.5285e-03, u: 1.7370e-02, v: 7.3676e-02, pde_a: 6.7827e-03
Epoch: 2250/5000 - Time: 8.34s - Loss: 5.6237e-02 | a: 3.0522e-02, BC: 1.2407e-03, m: 8.3516e-03, u: 1.6016e-02, v: 7.1238e-02, pde_a: 4.3392e-03
Epoch: 2260/5000 - Time: 8.11s - Loss: 5.8192e-02 | a: 2.3437e-02, BC: 1.9243e-03, m: 9.1619e-03, u: 2.9022e-02, v: 7.4032e-02, pde_a: 6.2523e-03
Epoch: 2270/5000 - Time: 7.74s - Loss: 8.9841e-02 | a: 4.1034e-02, BC: 4.3666e-03, m: 1.0223e-02, u: 3.5722e-02, v: 7.7527e-02, pde_a: 1.2365e-02
Epoch: 2280/5000 - Time: 7.84s - Loss: 1.6625e-01 | a: 1.1546e-01, BC: 5.4437e-03, m: 1.1254e-02, u: 3.3186e-02, v: 9.8045e-02, pde_a: 1.1698e-02
Epoch: 2290/5000 - Time: 7.66s - Loss: 8.7801e-02 | a: 2.8566e-02, BC: 4.6364e-03, m: 1.1603e-02, u: 5.4500e-02, v: 1.0542e-01, pde_a: 1.1674e-02
Epoch: 2300/5000 - Time: 7.63s - Loss: 6.4246e-01 | a: 4.9891e-01, BC: 1.0292e-02, m: 2.0654e-02, u: 4.4218e-02, v: 1.4707e-01, pde_a: 6.7389e-02
Epoch: 2310/5000 - Time: 7.74s - Loss: 6.4433e-02 | a: 3.3128e-02, BC: 1.9001e-03, m: 8.3794e-03, u: 1.7421e-02, v: 7.2413e-02, pde_a: 7.5907e-03
Epoch: 2320/5000 - Time: 7.71s - Loss: 7.3170e-02 | a: 4.1945e-02, BC: 1.8190e-03, m: 8.1696e-03, u: 1.8316e-02, v: 6.9345e-02, pde_a: 7.6686e-03
Epoch: 2330/5000 - Time: 7.61s - Loss: 1.3542e-01 | a: 9.7153e-02, BC: 2.0034e-03, m: 1.0635e-02, u: 2.0907e-02, v: 9.4806e-02, pde_a: 8.9496e-03
Epoch: 2340/5000 - Time: 7.66s - Loss: 6.0887e-02 | a: 3.1862e-02, BC: 1.4153e-03, m: 8.5678e-03, u: 1.8973e-02, v: 6.9636e-02, pde_a: 5.8826e-03
Epoch: 2350/5000 - Time: 8.20s - Loss: 5.9638e-02 | a: 3.2477e-02, BC: 1.7150e-03, m: 7.9924e-03, u: 1.6011e-02, v: 6.3118e-02, pde_a: 5.9005e-03
Epoch: 2360/5000 - Time: 8.51s - Loss: 9.2351e-02 | a: 4.8766e-02, BC: 2.4975e-03, m: 8.0507e-03, u: 1.9612e-02, v: 7.0143e-02, pde_a: 1.6224e-02
Epoch: 2370/5000 - Time: 8.51s - Loss: 7.2795e-01 | a: 5.4537e-01, BC: 1.7327e-02, m: 3.0416e-02, u: 7.8741e-02, v: 1.9133e-01, pde_a: 7.3434e-02
Epoch: 2380/5000 - Time: 8.40s - Loss: 1.0447e-01 | a: 7.2204e-02, BC: 2.3415e-03, m: 8.4287e-03, u: 1.7084e-02, v: 7.8763e-02, pde_a: 7.5619e-03
Epoch: 2390/5000 - Time: 8.67s - Loss: 7.9366e-02 | a: 3.9989e-02, BC: 1.3804e-03, m: 8.1663e-03, u: 1.7197e-02, v: 7.0454e-02, pde_a: 1.4497e-02
Epoch: 2400/5000 - Time: 8.65s - Loss: 1.1904e-01 | a: 5.1026e-02, BC: 4.7135e-03, m: 1.4351e-02, u: 4.0366e-02, v: 1.1919e-01, pde_a: 2.0159e-02
Epoch: 2410/5000 - Time: 8.61s - Loss: 5.7005e-02 | a: 2.8970e-02, BC: 1.5025e-03, m: 8.1957e-03, u: 1.9247e-02, v: 6.4422e-02, pde_a: 5.5665e-03
Epoch: 2420/5000 - Time: 8.01s - Loss: 6.3422e-02 | a: 3.1169e-02, BC: 2.2849e-03, m: 8.4942e-03, u: 2.6433e-02, v: 7.2648e-02, pde_a: 5.2599e-03
Epoch: 2430/5000 - Time: 7.56s - Loss: 1.1877e-01 | a: 5.9654e-02, BC: 3.1641e-03, m: 1.1482e-02, u: 3.5106e-02, v: 9.2645e-02, pde_a: 1.9572e-02
Epoch: 2440/5000 - Time: 7.68s - Loss: 5.0185e-01 | a: 2.4483e-01, BC: 4.9679e-03, m: 1.4540e-02, u: 4.3151e-02, v: 1.1872e-01, pde_a: 1.6388e-01
Epoch: 2450/5000 - Time: 7.78s - Loss: 6.0515e-02 | a: 3.6006e-02, BC: 1.1384e-03, m: 8.8825e-03, u: 1.3661e-02, v: 7.9509e-02, pde_a: 3.2862e-03
Epoch: 2460/5000 - Time: 8.53s - Loss: 5.8708e-02 | a: 3.2246e-02, BC: 1.3159e-03, m: 8.0964e-03, u: 1.5492e-02, v: 6.6402e-02, pde_a: 5.5147e-03
Epoch: 2470/5000 - Time: 8.65s - Loss: 1.2752e-01 | a: 7.9372e-02, BC: 1.9033e-03, m: 8.4502e-03, u: 1.9842e-02, v: 6.9543e-02, pde_a: 1.9960e-02
Epoch: 2480/5000 - Time: 8.35s - Loss: 5.2527e-02 | a: 2.6746e-02, BC: 1.5689e-03, m: 7.8963e-03, u: 1.9191e-02, v: 6.5171e-02, pde_a: 3.8889e-03
Saving checkpoint at epoch 2480 with loss 5.2527e-02
Epoch: 2490/5000 - Time: 8.58s - Loss: 6.7172e-02 | a: 3.3591e-02, BC: 1.7568e-03, m: 9.1094e-03, u: 2.8556e-02, v: 6.2288e-02, pde_a: 6.5773e-03
Epoch: 2500/5000 - Time: 8.38s - Loss: 7.0776e-02 | a: 3.4287e-02, BC: 1.6491e-03, m: 9.0238e-03, u: 2.2593e-02, v: 7.3558e-02, pde_a: 9.8135e-03
Epoch: 2510/5000 - Time: 8.24s - Loss: 1.3437e-01 | a: 6.6383e-02, BC: 5.1602e-03, m: 1.1774e-02, u: 3.7920e-02, v: 9.3326e-02, pde_a: 2.3802e-02
Epoch: 2520/5000 - Time: 8.35s - Loss: 6.5735e-02 | a: 3.5604e-02, BC: 2.0056e-03, m: 7.6516e-03, u: 2.0411e-02, v: 6.7253e-02, pde_a: 6.4748e-03
Epoch: 2530/5000 - Time: 7.81s - Loss: 3.6733e-01 | a: 1.9432e-01, BC: 6.1308e-03, m: 1.4008e-02, u: 8.7483e-02, v: 1.2778e-01, pde_a: 8.4936e-02
Epoch: 2540/5000 - Time: 7.64s - Loss: 5.0055e-02 | a: 2.6522e-02, BC: 1.0984e-03, m: 7.6360e-03, u: 1.5010e-02, v: 6.7704e-02, pde_a: 3.6981e-03
Saving checkpoint at epoch 2540 with loss 5.0055e-02
Epoch: 2550/5000 - Time: 7.79s - Loss: 6.0646e-02 | a: 2.4478e-02, BC: 2.2640e-03, m: 8.3142e-03, u: 2.1260e-02, v: 7.6399e-02, pde_a: 9.6065e-03
Epoch: 2560/5000 - Time: 8.46s - Loss: 5.3025e-01 | a: 4.2469e-01, BC: 6.6305e-03, m: 1.6445e-02, u: 5.0660e-02, v: 1.1847e-01, pde_a: 4.3440e-02
Epoch: 2570/5000 - Time: 8.00s - Loss: 5.5595e-02 | a: 3.0967e-02, BC: 9.9508e-04, m: 7.3650e-03, u: 1.3461e-02, v: 6.9684e-02, pde_a: 5.0501e-03
Epoch: 2580/5000 - Time: 7.56s - Loss: 5.4752e-02 | a: 2.8195e-02, BC: 1.7620e-03, m: 7.3548e-03, u: 1.6414e-02, v: 6.1020e-02, pde_a: 5.7515e-03
Epoch: 2590/5000 - Time: 7.64s - Loss: 7.0564e-02 | a: 2.8780e-02, BC: 2.3281e-03, m: 9.4937e-03, u: 4.3696e-02, v: 9.5922e-02, pde_a: 5.0548e-03
Epoch: 2600/5000 - Time: 7.60s - Loss: 6.4196e-01 | a: 5.1308e-01, BC: 6.0999e-03, m: 1.4909e-02, u: 3.6010e-02, v: 1.0815e-01, pde_a: 6.7633e-02
Epoch: 2610/5000 - Time: 7.71s - Loss: 8.1070e-02 | a: 4.5404e-02, BC: 2.0200e-03, m: 7.1480e-03, u: 1.4467e-02, v: 5.9520e-02, pde_a: 1.3331e-02
Epoch: 2620/5000 - Time: 7.61s - Loss: 6.0254e-02 | a: 2.4933e-02, BC: 2.5992e-03, m: 7.9882e-03, u: 2.6088e-02, v: 7.4477e-02, pde_a: 7.5691e-03
Epoch: 2630/5000 - Time: 7.59s - Loss: 6.4285e-02 | a: 2.6172e-02, BC: 2.6378e-03, m: 1.0645e-02, u: 2.6690e-02, v: 9.4935e-02, pde_a: 6.6091e-03
Epoch: 2640/5000 - Time: 7.71s - Loss: 7.3779e-02 | a: 4.3539e-02, BC: 1.5286e-03, m: 8.2511e-03, u: 1.5959e-02, v: 8.6941e-02, pde_a: 6.4040e-03
Epoch: 2650/5000 - Time: 7.66s - Loss: 5.2080e-02 | a: 2.7444e-02, BC: 1.6475e-03, m: 7.3248e-03, u: 1.5006e-02, v: 6.5708e-02, pde_a: 4.4299e-03
Epoch: 2660/5000 - Time: 7.63s - Loss: 8.2716e-02 | a: 2.8857e-02, BC: 3.4386e-03, m: 1.0688e-02, u: 5.9139e-02, v: 1.1887e-01, pde_a: 6.4576e-03
Epoch: 2670/5000 - Time: 7.88s - Loss: 6.8656e-02 | a: 2.8636e-02, BC: 2.8794e-03, m: 8.3023e-03, u: 2.1705e-02, v: 7.5560e-02, pde_a: 1.2027e-02
Epoch: 2680/5000 - Time: 8.49s - Loss: 5.1693e-02 | a: 2.5453e-02, BC: 1.4146e-03, m: 6.8556e-03, u: 1.7103e-02, v: 5.7859e-02, pde_a: 6.0584e-03
Epoch: 2690/5000 - Time: 8.33s - Loss: 7.6652e-02 | a: 4.3866e-02, BC: 1.9319e-03, m: 9.1864e-03, u: 2.0217e-02, v: 8.2569e-02, pde_a: 6.6758e-03
Epoch: 2700/5000 - Time: 8.63s - Loss: 4.7078e-02 | a: 2.4450e-02, BC: 9.7850e-04, m: 6.9432e-03, u: 1.4666e-02, v: 6.0231e-02, pde_a: 4.1220e-03
Saving checkpoint at epoch 2700 with loss 4.7078e-02
Epoch: 2710/5000 - Time: 8.33s - Loss: 4.8226e-01 | a: 3.7353e-01, BC: 7.1122e-03, m: 1.5822e-02, u: 4.3031e-02, v: 1.2235e-01, pde_a: 4.7768e-02
Epoch: 2720/5000 - Time: 8.55s - Loss: 4.7827e-02 | a: 2.3526e-02, BC: 1.3540e-03, m: 7.2875e-03, u: 1.7338e-02, v: 6.6617e-02, pde_a: 3.6474e-03
Epoch: 2730/5000 - Time: 8.45s - Loss: 4.9105e-02 | a: 2.6141e-02, BC: 1.1955e-03, m: 6.6221e-03, u: 1.3479e-02, v: 5.6739e-02, pde_a: 4.9976e-03
Epoch: 2740/5000 - Time: 8.09s - Loss: 5.5048e-02 | a: 2.9109e-02, BC: 1.6941e-03, m: 6.7357e-03, u: 1.5217e-02, v: 5.4882e-02, pde_a: 6.4694e-03
Epoch: 2750/5000 - Time: 7.58s - Loss: 5.5243e-02 | a: 2.2181e-02, BC: 2.0062e-03, m: 8.1576e-03, u: 2.2166e-02, v: 7.2545e-02, pde_a: 7.5351e-03
Epoch: 2760/5000 - Time: 7.68s - Loss: 1.2971e-01 | a: 4.7715e-02, BC: 9.5219e-03, m: 2.1686e-02, u: 4.5185e-02, v: 1.8744e-01, pde_a: 1.6831e-02
Epoch: 2770/5000 - Time: 7.68s - Loss: 5.0942e-02 | a: 3.0628e-02, BC: 9.5746e-04, m: 6.2698e-03, u: 1.0841e-02, v: 5.6341e-02, pde_a: 4.1361e-03
Epoch: 2780/5000 - Time: 7.58s - Loss: 4.4857e-02 | a: 2.3449e-02, BC: 9.9631e-04, m: 6.2214e-03, u: 1.2686e-02, v: 5.1668e-02, pde_a: 4.7883e-03
Saving checkpoint at epoch 2780 with loss 4.4857e-02
Epoch: 2790/5000 - Time: 7.58s - Loss: 7.4070e-02 | a: 3.4433e-02, BC: 2.9029e-03, m: 7.6775e-03, u: 3.6411e-02, v: 9.0339e-02, pde_a: 6.4522e-03
Epoch: 2800/5000 - Time: 7.65s - Loss: 5.3774e-02 | a: 2.0582e-02, BC: 1.7754e-03, m: 8.8808e-03, u: 3.3559e-02, v: 6.5615e-02, pde_a: 4.6172e-03
Epoch: 2810/5000 - Time: 7.67s - Loss: 1.1852e-01 | a: 6.3406e-02, BC: 2.9528e-03, m: 8.3846e-03, u: 2.2476e-02, v: 7.7023e-02, pde_a: 2.3147e-02
Epoch: 2820/5000 - Time: 7.63s - Loss: 1.0490e-01 | a: 5.1300e-02, BC: 2.6012e-03, m: 8.4961e-03, u: 1.9482e-02, v: 7.5064e-02, pde_a: 2.3251e-02
Epoch: 2830/5000 - Time: 7.64s - Loss: 4.5645e-02 | a: 2.3458e-02, BC: 9.4093e-04, m: 6.7964e-03, u: 1.3159e-02, v: 6.2810e-02, pde_a: 4.1281e-03
Epoch: 2840/5000 - Time: 7.64s - Loss: 4.9531e-02 | a: 2.4978e-02, BC: 1.1294e-03, m: 6.8125e-03, u: 1.5606e-02, v: 5.9005e-02, pde_a: 5.3599e-03
Epoch: 2850/5000 - Time: 7.59s - Loss: 8.5701e-01 | a: 7.2419e-01, BC: 1.0365e-02, m: 2.4720e-02, u: 7.9514e-02, v: 1.3359e-01, pde_a: 4.7714e-02
Epoch: 2860/5000 - Time: 8.00s - Loss: 5.1120e-02 | a: 3.0742e-02, BC: 9.6689e-04, m: 6.6916e-03, u: 1.0927e-02, v: 6.4088e-02, pde_a: 3.3372e-03
Epoch: 2870/5000 - Time: 8.35s - Loss: 4.1830e-02 | a: 2.2633e-02, BC: 9.0700e-04, m: 6.0531e-03, u: 1.0969e-02, v: 5.1620e-02, pde_a: 3.7591e-03
Saving checkpoint at epoch 2870 with loss 4.1830e-02
Epoch: 2880/5000 - Time: 8.47s - Loss: 4.3466e-02 | a: 2.2287e-02, BC: 1.3184e-03, m: 6.0166e-03, u: 1.3362e-02, v: 5.1173e-02, pde_a: 4.3010e-03
Epoch: 2890/5000 - Time: 8.42s - Loss: 5.1765e-02 | a: 2.7269e-02, BC: 1.5693e-03, m: 6.0817e-03, u: 1.5781e-02, v: 5.5315e-02, pde_a: 5.5688e-03
Epoch: 2900/5000 - Time: 7.61s - Loss: 4.7428e-02 | a: 1.8146e-02, BC: 1.6123e-03, m: 7.0215e-03, u: 2.4970e-02, v: 6.5907e-02, pde_a: 5.1723e-03
Epoch: 2910/5000 - Time: 7.70s - Loss: 1.1762e+00 | a: 8.9091e-01, BC: 1.4982e-02, m: 3.0242e-02, u: 9.0763e-02, v: 1.8238e-01, pde_a: 1.5112e-01
Epoch: 2920/5000 - Time: 7.64s - Loss: 1.8705e-01 | a: 1.2124e-01, BC: 6.0969e-03, m: 2.7403e-02, u: 2.9424e-02, v: 1.7446e-01, pde_a: 1.0061e-02
Epoch: 2930/5000 - Time: 8.20s - Loss: 4.5031e-02 | a: 2.4265e-02, BC: 1.4197e-03, m: 6.0970e-03, u: 1.2104e-02, v: 5.2062e-02, pde_a: 4.1732e-03
Epoch: 2940/5000 - Time: 8.63s - Loss: 5.5717e-02 | a: 2.0808e-02, BC: 2.0890e-03, m: 8.5552e-03, u: 3.5301e-02, v: 5.8518e-02, pde_a: 5.8911e-03
Epoch: 2950/5000 - Time: 8.38s - Loss: 5.9627e-02 | a: 2.3202e-02, BC: 3.4423e-03, m: 7.3731e-03, u: 1.8496e-02, v: 6.5170e-02, pde_a: 1.1066e-02
Epoch: 2960/5000 - Time: 8.42s - Loss: 6.0717e-02 | a: 2.9890e-02, BC: 2.2153e-03, m: 6.4891e-03, u: 2.1579e-02, v: 6.5631e-02, pde_a: 7.1808e-03
Epoch: 2970/5000 - Time: 8.42s - Loss: 5.2155e-02 | a: 2.8866e-02, BC: 1.6610e-03, m: 6.4264e-03, u: 1.2895e-02, v: 5.9922e-02, pde_a: 4.9054e-03
Epoch: 2980/5000 - Time: 8.31s - Loss: 5.9102e-02 | a: 2.6310e-02, BC: 1.4674e-03, m: 7.2194e-03, u: 2.0216e-02, v: 6.1005e-02, pde_a: 9.6854e-03
Epoch: 2990/5000 - Time: 8.54s - Loss: 4.6599e-02 | a: 1.9988e-02, BC: 1.3706e-03, m: 6.3484e-03, u: 1.7840e-02, v: 5.4763e-02, pde_a: 6.6431e-03
Epoch: 3000/5000 - Time: 8.26s - Loss: 9.3407e-02 | a: 5.3650e-02, BC: 2.7391e-03, m: 7.9976e-03, u: 1.6797e-02, v: 8.0680e-02, pde_a: 1.3135e-02
Epoch: 3010/5000 - Time: 8.59s - Loss: 5.1415e-02 | a: 2.2625e-02, BC: 1.5825e-03, m: 7.6637e-03, u: 2.3236e-02, v: 6.9940e-02, pde_a: 4.7091e-03
Epoch: 3020/5000 - Time: 7.77s - Loss: 5.2574e-02 | a: 2.2139e-02, BC: 1.7287e-03, m: 7.6926e-03, u: 2.7598e-02, v: 6.2551e-02, pde_a: 5.1285e-03
Epoch: 3030/5000 - Time: 7.66s - Loss: 9.0921e-02 | a: 3.2777e-02, BC: 2.6680e-03, m: 1.0442e-02, u: 5.8041e-02, v: 1.0517e-01, pde_a: 1.1863e-02
Epoch: 3040/5000 - Time: 7.59s - Loss: 2.4986e-01 | a: 1.4619e-01, BC: 1.0533e-02, m: 1.5904e-02, u: 5.5005e-02, v: 1.2927e-01, pde_a: 3.7110e-02
Epoch: 3050/5000 - Time: 7.72s - Loss: 4.7002e-02 | a: 2.5195e-02, BC: 1.3355e-03, m: 6.0967e-03, u: 1.1384e-02, v: 5.5030e-02, pde_a: 5.0152e-03
Epoch: 3060/5000 - Time: 8.31s - Loss: 4.1532e-02 | a: 1.8413e-02, BC: 1.5073e-03, m: 6.3037e-03, u: 1.5170e-02, v: 5.6004e-02, pde_a: 4.5830e-03
Saving checkpoint at epoch 3060 with loss 4.1532e-02
Epoch: 3070/5000 - Time: 7.98s - Loss: 3.9597e-02 | a: 1.8548e-02, BC: 9.4494e-04, m: 5.9239e-03, u: 1.3542e-02, v: 5.4339e-02, pde_a: 4.2267e-03
Saving checkpoint at epoch 3070 with loss 3.9597e-02
Epoch: 3080/5000 - Time: 7.69s - Loss: 5.9464e-02 | a: 2.7104e-02, BC: 1.7008e-03, m: 7.1583e-03, u: 2.1379e-02, v: 5.7714e-02, pde_a: 9.1189e-03
Epoch: 3090/5000 - Time: 7.61s - Loss: 4.8069e-02 | a: 2.5999e-02, BC: 1.1581e-03, m: 6.7447e-03, u: 1.1779e-02, v: 7.0246e-02, pde_a: 3.7185e-03
Epoch: 3100/5000 - Time: 7.60s - Loss: 4.1994e-02 | a: 2.2975e-02, BC: 7.5914e-04, m: 5.7886e-03, u: 1.0937e-02, v: 5.0840e-02, pde_a: 3.9328e-03
Epoch: 3110/5000 - Time: 7.64s - Loss: 4.1464e-02 | a: 1.9885e-02, BC: 9.8706e-04, m: 5.8855e-03, u: 1.3550e-02, v: 5.0298e-02, pde_a: 4.9368e-03
Epoch: 3120/5000 - Time: 7.65s - Loss: 4.2280e-01 | a: 3.1806e-01, BC: 1.2402e-02, m: 3.4857e-02, u: 6.2010e-02, v: 2.2393e-01, pde_a: 1.7860e-02
Epoch: 3130/5000 - Time: 7.66s - Loss: 4.3786e-02 | a: 2.4094e-02, BC: 9.8169e-04, m: 5.6213e-03, u: 1.2080e-02, v: 5.2689e-02, pde_a: 3.8700e-03
Epoch: 3140/5000 - Time: 7.61s - Loss: 6.0989e-02 | a: 2.3534e-02, BC: 2.3754e-03, m: 8.6781e-03, u: 3.8129e-02, v: 6.9817e-02, pde_a: 5.8237e-03
Epoch: 3150/5000 - Time: 7.76s - Loss: 5.7191e-02 | a: 2.0535e-02, BC: 2.3818e-03, m: 7.1290e-03, u: 2.8970e-02, v: 6.2007e-02, pde_a: 9.2969e-03
Epoch: 3160/5000 - Time: 7.66s - Loss: 1.3847e-01 | a: 8.5901e-02, BC: 3.9382e-03, m: 1.0916e-02, u: 3.4547e-02, v: 1.0008e-01, pde_a: 1.3804e-02
Epoch: 3170/5000 - Time: 7.65s - Loss: 3.8782e-02 | a: 2.0552e-02, BC: 7.6840e-04, m: 5.3912e-03, u: 1.0270e-02, v: 5.0403e-02, pde_a: 3.7448e-03
Saving checkpoint at epoch 3170 with loss 3.8782e-02
Epoch: 3180/5000 - Time: 7.69s - Loss: 5.8248e-02 | a: 3.4936e-02, BC: 1.1802e-03, m: 5.4963e-03, u: 1.2372e-02, v: 5.0618e-02, pde_a: 6.6291e-03
Epoch: 3190/5000 - Time: 7.61s - Loss: 4.2159e-02 | a: 1.8244e-02, BC: 1.8656e-03, m: 5.8891e-03, u: 1.6442e-02, v: 4.9683e-02, pde_a: 5.2376e-03
Epoch: 3200/5000 - Time: 7.61s - Loss: 5.1914e-02 | a: 2.7699e-02, BC: 9.2677e-04, m: 6.2427e-03, u: 1.1839e-02, v: 6.2908e-02, pde_a: 6.3424e-03
Epoch: 3210/5000 - Time: 7.84s - Loss: 6.6511e-02 | a: 2.4121e-02, BC: 2.0348e-03, m: 9.2637e-03, u: 4.0569e-02, v: 1.0824e-01, pde_a: 5.8090e-03
Epoch: 3220/5000 - Time: 8.64s - Loss: 6.1027e-02 | a: 3.6163e-02, BC: 1.1684e-03, m: 6.3098e-03, u: 1.3038e-02, v: 5.9656e-02, pde_a: 6.5228e-03
Epoch: 3230/5000 - Time: 8.27s - Loss: 4.0905e-02 | a: 2.1054e-02, BC: 8.4387e-04, m: 5.7062e-03, u: 1.2620e-02, v: 4.9672e-02, pde_a: 4.1352e-03
Epoch: 3240/5000 - Time: 7.62s - Loss: 3.9522e-02 | a: 1.9946e-02, BC: 9.5104e-04, m: 5.2871e-03, u: 1.2168e-02, v: 4.7545e-02, pde_a: 4.3460e-03
Epoch: 3250/5000 - Time: 7.68s - Loss: 5.9575e-01 | a: 3.3055e-01, BC: 1.7322e-02, m: 2.7974e-02, u: 6.7724e-02, v: 1.7765e-01, pde_a: 1.4228e-01
Epoch: 3260/5000 - Time: 7.62s - Loss: 3.7292e-02 | a: 1.8737e-02, BC: 7.4997e-04, m: 5.4730e-03, u: 1.1630e-02, v: 5.1140e-02, pde_a: 3.5046e-03
Saving checkpoint at epoch 3260 with loss 3.7292e-02
Epoch: 3270/5000 - Time: 7.65s - Loss: 5.5784e-02 | a: 1.9850e-02, BC: 1.9765e-03, m: 7.1019e-03, u: 3.2866e-02, v: 7.2430e-02, pde_a: 7.0772e-03
Epoch: 3280/5000 - Time: 7.60s - Loss: 5.0916e-02 | a: 2.5604e-02, BC: 1.3175e-03, m: 6.2888e-03, u: 1.3964e-02, v: 5.4539e-02, pde_a: 6.8922e-03
Epoch: 3290/5000 - Time: 7.57s - Loss: 3.6805e-01 | a: 2.7910e-01, BC: 5.6963e-03, m: 1.1832e-02, u: 3.1587e-02, v: 9.2303e-02, pde_a: 4.1398e-02
Epoch: 3300/5000 - Time: 7.65s - Loss: 5.1370e-02 | a: 2.7961e-02, BC: 1.4327e-03, m: 5.9272e-03, u: 1.2317e-02, v: 5.7994e-02, pde_a: 5.7358e-03
Epoch: 3310/5000 - Time: 8.38s - Loss: 4.8262e-02 | a: 2.2915e-02, BC: 1.1973e-03, m: 6.6139e-03, u: 1.8622e-02, v: 5.7387e-02, pde_a: 5.2397e-03
Epoch: 3320/5000 - Time: 8.49s - Loss: 4.2766e-02 | a: 2.0558e-02, BC: 9.3797e-04, m: 5.3435e-03, u: 1.3228e-02, v: 4.8524e-02, pde_a: 5.9520e-03
Epoch: 3330/5000 - Time: 8.39s - Loss: 3.9131e-02 | a: 1.9294e-02, BC: 1.1480e-03, m: 5.7274e-03, u: 1.1741e-02, v: 5.4203e-02, pde_a: 3.7852e-03
Epoch: 3340/5000 - Time: 8.21s - Loss: 6.3546e-02 | a: 2.6691e-02, BC: 2.1483e-03, m: 7.6504e-03, u: 3.7444e-02, v: 7.3693e-02, pde_a: 5.9240e-03
Epoch: 3350/5000 - Time: 8.46s - Loss: 6.0502e-01 | a: 5.0676e-01, BC: 9.9848e-03, m: 1.2391e-02, u: 6.7828e-02, v: 1.3651e-01, pde_a: 3.0656e-02
Epoch: 3360/5000 - Time: 8.32s - Loss: 4.5029e-02 | a: 2.2872e-02, BC: 1.2389e-03, m: 5.4383e-03, u: 1.3572e-02, v: 4.9172e-02, pde_a: 5.4828e-03
Epoch: 3370/5000 - Time: 8.55s - Loss: 5.7235e-02 | a: 2.4468e-02, BC: 1.3969e-03, m: 6.1606e-03, u: 2.0624e-02, v: 5.2093e-02, pde_a: 1.0811e-02
Epoch: 3380/5000 - Time: 8.57s - Loss: 8.8255e-01 | a: 7.1487e-01, BC: 1.0460e-02, m: 1.7760e-02, u: 4.3485e-02, v: 1.1313e-01, pde_a: 9.0036e-02
Epoch: 3390/5000 - Time: 7.81s - Loss: 4.7223e-02 | a: 2.4852e-02, BC: 1.0542e-03, m: 5.7606e-03, u: 1.2806e-02, v: 5.5135e-02, pde_a: 5.3900e-03
Epoch: 3400/5000 - Time: 7.64s - Loss: 1.0297e-01 | a: 2.1846e-02, BC: 3.7774e-03, m: 1.8101e-02, u: 1.2616e-01, v: 8.0831e-02, pde_a: 6.5705e-03
Epoch: 3410/5000 - Time: 7.70s - Loss: 5.2504e-02 | a: 2.5417e-02, BC: 1.5688e-03, m: 6.1319e-03, u: 1.5728e-02, v: 5.5173e-02, pde_a: 7.5575e-03
Epoch: 3420/5000 - Time: 7.73s - Loss: 2.8603e-01 | a: 9.0184e-02, BC: 1.1953e-02, m: 3.9054e-02, u: 2.5016e-01, v: 2.6501e-01, pde_a: 2.6606e-02
Epoch: 3430/5000 - Time: 7.62s - Loss: 4.7246e-02 | a: 2.6310e-02, BC: 8.2310e-04, m: 5.5436e-03, u: 1.1745e-02, v: 5.7788e-02, pde_a: 4.6772e-03
Epoch: 3440/5000 - Time: 8.45s - Loss: 5.1387e-02 | a: 2.9625e-02, BC: 9.3582e-04, m: 5.0756e-03, u: 1.3159e-02, v: 4.9314e-02, pde_a: 5.6974e-03
Epoch: 3450/5000 - Time: 7.92s - Loss: 4.9514e-02 | a: 2.2351e-02, BC: 1.0675e-03, m: 5.5830e-03, u: 1.9367e-02, v: 4.8245e-02, pde_a: 7.7249e-03
Epoch: 3460/5000 - Time: 7.61s - Loss: 6.2578e-02 | a: 1.5913e-02, BC: 3.8445e-03, m: 8.1844e-03, u: 4.7969e-02, v: 1.0128e-01, pde_a: 6.5567e-03
Epoch: 3470/5000 - Time: 7.81s - Loss: 1.3019e-01 | a: 8.5981e-02, BC: 5.7753e-03, m: 8.4868e-03, u: 2.1535e-02, v: 8.5484e-02, pde_a: 1.2192e-02
Epoch: 3480/5000 - Time: 8.20s - Loss: 4.5145e-02 | a: 2.4244e-02, BC: 1.6993e-03, m: 5.0620e-03, u: 1.1228e-02, v: 4.7263e-02, pde_a: 5.1980e-03
Epoch: 3490/5000 - Time: 8.02s - Loss: 6.8816e-02 | a: 3.0911e-02, BC: 2.1960e-03, m: 7.6354e-03, u: 3.6340e-02, v: 6.7834e-02, pde_a: 7.4937e-03
Epoch: 3500/5000 - Time: 8.23s - Loss: 6.0061e-02 | a: 2.8562e-02, BC: 2.0399e-03, m: 6.0100e-03, u: 1.9157e-02, v: 5.3369e-02, pde_a: 9.7544e-03
Epoch: 3510/5000 - Time: 8.40s - Loss: 1.5525e-01 | a: 1.1489e-01, BC: 3.6277e-03, m: 6.9891e-03, u: 3.3989e-02, v: 6.3862e-02, pde_a: 9.5991e-03
Epoch: 3520/5000 - Time: 8.35s - Loss: 3.7655e-02 | a: 1.6059e-02, BC: 8.9212e-04, m: 5.8192e-03, u: 1.6575e-02, v: 5.7676e-02, pde_a: 3.5663e-03
Epoch: 3530/5000 - Time: 8.49s - Loss: 9.6507e-02 | a: 6.3713e-02, BC: 1.5110e-03, m: 7.5667e-03, u: 1.7631e-02, v: 7.8108e-02, pde_a: 8.9025e-03
Epoch: 3540/5000 - Time: 8.50s - Loss: 3.5449e-02 | a: 1.7656e-02, BC: 6.9568e-04, m: 5.3294e-03, u: 1.0928e-02, v: 4.9633e-02, pde_a: 3.3601e-03
Saving checkpoint at epoch 3540 with loss 3.5449e-02
Epoch: 3550/5000 - Time: 8.51s - Loss: 5.3670e-02 | a: 2.3322e-02, BC: 1.6388e-03, m: 6.6854e-03, u: 2.9647e-02, v: 6.1877e-02, pde_a: 5.0530e-03
Epoch: 3560/5000 - Time: 8.49s - Loss: 1.3296e-01 | a: 9.0794e-02, BC: 2.6574e-03, m: 5.5867e-03, u: 1.5875e-02, v: 5.2863e-02, pde_a: 1.8676e-02
Epoch: 3570/5000 - Time: 8.42s - Loss: 4.2091e-01 | a: 3.4112e-01, BC: 5.4580e-03, m: 9.7069e-03, u: 5.0358e-02, v: 9.3542e-02, pde_a: 2.9874e-02
Epoch: 3580/5000 - Time: 8.39s - Loss: 3.8347e-02 | a: 1.9969e-02, BC: 6.5837e-04, m: 5.5999e-03, u: 1.0548e-02, v: 5.6662e-02, pde_a: 3.2627e-03
Epoch: 3590/5000 - Time: 8.44s - Loss: 3.5509e-02 | a: 1.6238e-02, BC: 8.7923e-04, m: 5.3213e-03, u: 1.1751e-02, v: 4.8960e-02, pde_a: 4.1640e-03
Epoch: 3600/5000 - Time: 8.38s - Loss: 5.1706e-02 | a: 2.6676e-02, BC: 1.4630e-03, m: 5.5988e-03, u: 1.7023e-02, v: 5.4146e-02, pde_a: 6.0114e-03
Epoch: 3610/5000 - Time: 8.46s - Loss: 5.6430e-01 | a: 2.4020e-01, BC: 2.2462e-02, m: 3.9790e-02, u: 2.6245e-01, v: 1.8834e-01, pde_a: 1.1888e-01
Epoch: 3620/5000 - Time: 8.54s - Loss: 3.7679e-02 | a: 1.8671e-02, BC: 7.8812e-04, m: 5.0052e-03, u: 1.0642e-02, v: 4.8641e-02, pde_a: 4.5380e-03
Epoch: 3630/5000 - Time: 7.96s - Loss: 4.0293e-02 | a: 1.9983e-02, BC: 8.3883e-04, m: 5.2523e-03, u: 1.0886e-02, v: 5.1483e-02, pde_a: 5.0814e-03
Epoch: 3640/5000 - Time: 7.67s - Loss: 9.3652e-02 | a: 6.2226e-02, BC: 1.5576e-03, m: 5.7757e-03, u: 2.0868e-02, v: 5.8897e-02, pde_a: 9.2312e-03
Epoch: 3650/5000 - Time: 7.60s - Loss: 1.3059e-01 | a: 6.6129e-02, BC: 3.7356e-03, m: 8.9961e-03, u: 2.9165e-02, v: 8.7176e-02, pde_a: 2.6621e-02
Epoch: 3660/5000 - Time: 8.65s - Loss: 4.2366e-02 | a: 1.9654e-02, BC: 9.6970e-04, m: 4.9677e-03, u: 1.3789e-02, v: 4.5174e-02, pde_a: 6.5909e-03
Epoch: 3670/5000 - Time: 8.55s - Loss: 3.9985e-02 | a: 2.0841e-02, BC: 8.1354e-04, m: 5.4817e-03, u: 1.0612e-02, v: 5.5771e-02, pde_a: 3.8394e-03
Epoch: 3680/5000 - Time: 8.51s - Loss: 3.9991e-02 | a: 1.5919e-02, BC: 1.3874e-03, m: 5.8892e-03, u: 2.1400e-02, v: 5.2037e-02, pde_a: 4.0586e-03
Epoch: 3690/5000 - Time: 7.88s - Loss: 4.2830e-02 | a: 2.0770e-02, BC: 1.0847e-03, m: 5.3847e-03, u: 1.3024e-02, v: 5.2248e-02, pde_a: 5.4716e-03
Epoch: 3700/5000 - Time: 7.68s - Loss: 5.1581e-02 | a: 1.6295e-02, BC: 2.0005e-03, m: 6.6913e-03, u: 2.9504e-02, v: 5.7517e-02, pde_a: 8.9446e-03
Epoch: 3710/5000 - Time: 7.64s - Loss: 4.3305e-01 | a: 2.2994e-01, BC: 1.7900e-02, m: 2.5472e-02, u: 1.2492e-01, v: 1.6813e-01, pde_a: 7.9144e-02
Epoch: 3720/5000 - Time: 7.60s - Loss: 3.6931e-02 | a: 1.6736e-02, BC: 1.1568e-03, m: 4.9743e-03, u: 1.2065e-02, v: 4.9812e-02, pde_a: 4.6632e-03
Epoch: 3730/5000 - Time: 7.53s - Loss: 1.9320e-01 | a: 3.9807e-02, BC: 8.2135e-03, m: 3.2100e-02, u: 2.3694e-01, v: 2.2373e-01, pde_a: 7.4824e-03
Epoch: 3740/5000 - Time: 7.59s - Loss: 3.3537e-02 | a: 1.7151e-02, BC: 6.3674e-04, m: 4.5801e-03, u: 8.9252e-03, v: 4.3956e-02, pde_a: 3.7326e-03
Saving checkpoint at epoch 3740 with loss 3.3537e-02
Epoch: 3750/5000 - Time: 7.71s - Loss: 4.8621e-02 | a: 1.8591e-02, BC: 1.4507e-03, m: 5.7621e-03, u: 2.5436e-02, v: 6.5158e-02, pde_a: 6.3903e-03
Epoch: 3760/5000 - Time: 7.63s - Loss: 4.1222e-02 | a: 2.3206e-02, BC: 6.5792e-04, m: 5.2178e-03, u: 1.1300e-02, v: 5.0094e-02, pde_a: 3.4652e-03
Epoch: 3770/5000 - Time: 7.63s - Loss: 3.7389e-02 | a: 1.6866e-02, BC: 8.0232e-04, m: 4.9869e-03, u: 1.4392e-02, v: 4.5682e-02, pde_a: 4.8129e-03
Epoch: 3780/5000 - Time: 7.63s - Loss: 4.4092e-02 | a: 2.2396e-02, BC: 1.0476e-03, m: 4.8935e-03, u: 1.3227e-02, v: 4.4265e-02, pde_a: 6.0286e-03
Epoch: 3790/5000 - Time: 7.66s - Loss: 4.9648e-02 | a: 1.8733e-02, BC: 1.2767e-03, m: 5.3639e-03, u: 1.6708e-02, v: 4.7275e-02, pde_a: 1.1414e-02
Epoch: 3800/5000 - Time: 8.31s - Loss: 5.4010e-02 | a: 2.5013e-02, BC: 1.2098e-03, m: 5.8022e-03, u: 2.1830e-02, v: 6.1434e-02, pde_a: 7.1354e-03
Epoch: 3810/5000 - Time: 7.85s - Loss: 6.0108e-02 | a: 3.5171e-02, BC: 1.1039e-03, m: 6.1438e-03, u: 1.3108e-02, v: 6.4449e-02, pde_a: 6.3065e-03
Epoch: 3820/5000 - Time: 7.62s - Loss: 4.1361e-02 | a: 2.2696e-02, BC: 1.0931e-03, m: 4.6844e-03, u: 1.0083e-02, v: 4.4794e-02, pde_a: 4.6668e-03
Epoch: 3830/5000 - Time: 7.66s - Loss: 5.3424e-02 | a: 3.0369e-02, BC: 2.1898e-03, m: 5.5338e-03, u: 1.2991e-02, v: 5.5177e-02, pde_a: 5.0941e-03
Epoch: 3840/5000 - Time: 7.80s - Loss: 3.4661e-02 | a: 1.6335e-02, BC: 6.7987e-04, m: 4.6877e-03, u: 1.2021e-02, v: 4.4239e-02, pde_a: 4.1880e-03
Epoch: 3850/5000 - Time: 8.46s - Loss: 3.8658e-02 | a: 1.6427e-02, BC: 9.4703e-04, m: 5.5366e-03, u: 2.0689e-02, v: 4.1067e-02, pde_a: 4.2362e-03
Epoch: 3860/5000 - Time: 8.18s - Loss: 4.2532e-02 | a: 2.3689e-02, BC: 9.2364e-04, m: 4.6704e-03, u: 1.0106e-02, v: 4.3565e-02, pde_a: 5.0306e-03
Epoch: 3870/5000 - Time: 8.19s - Loss: 5.1220e-02 | a: 1.7945e-02, BC: 1.8256e-03, m: 6.6349e-03, u: 3.7339e-02, v: 4.9639e-02, pde_a: 5.8524e-03
Epoch: 3880/5000 - Time: 7.57s - Loss: 3.8765e-02 | a: 1.5197e-02, BC: 1.0672e-03, m: 5.1670e-03, u: 1.5577e-02, v: 4.8469e-02, pde_a: 6.2828e-03
Epoch: 3890/5000 - Time: 7.69s - Loss: 6.5523e-02 | a: 1.5502e-02, BC: 2.8786e-03, m: 9.3979e-03, u: 6.0225e-02, v: 5.7153e-02, pde_a: 9.1342e-03
Epoch: 3900/5000 - Time: 7.54s - Loss: 1.8010e-01 | a: 1.2986e-01, BC: 3.4643e-03, m: 9.8716e-03, u: 4.6230e-02, v: 6.7425e-02, pde_a: 1.1985e-02
Epoch: 3910/5000 - Time: 7.65s - Loss: 1.1671e-01 | a: 5.7775e-02, BC: 3.6370e-03, m: 7.3837e-03, u: 2.1349e-02, v: 7.9131e-02, pde_a: 2.6194e-02
Epoch: 3920/5000 - Time: 7.60s - Loss: 3.5228e-02 | a: 1.8572e-02, BC: 6.8318e-04, m: 4.5752e-03, u: 1.0658e-02, v: 4.3581e-02, pde_a: 3.4190e-03
Epoch: 3930/5000 - Time: 7.69s - Loss: 3.5597e-02 | a: 1.7216e-02, BC: 7.0457e-04, m: 4.4815e-03, u: 1.2615e-02, v: 4.5794e-02, pde_a: 4.0086e-03
Epoch: 3940/5000 - Time: 7.61s - Loss: 3.9569e-02 | a: 2.1712e-02, BC: 8.9124e-04, m: 4.2831e-03, u: 1.0072e-02, v: 3.9967e-02, pde_a: 4.7799e-03
Epoch: 3950/5000 - Time: 7.66s - Loss: 2.9431e-01 | a: 1.6825e-01, BC: 4.2159e-03, m: 1.1459e-02, u: 7.4279e-02, v: 9.9286e-02, pde_a: 5.7848e-02
Epoch: 3960/5000 - Time: 8.46s - Loss: 3.9647e-02 | a: 2.0729e-02, BC: 7.0856e-04, m: 5.2763e-03, u: 9.7805e-03, v: 5.3521e-02, pde_a: 4.2713e-03
Epoch: 3970/5000 - Time: 8.41s - Loss: 3.7834e-02 | a: 1.7415e-02, BC: 1.1035e-03, m: 4.6538e-03, u: 1.1040e-02, v: 4.2901e-02, pde_a: 5.8821e-03
Epoch: 3980/5000 - Time: 8.40s - Loss: 3.7352e-02 | a: 1.8469e-02, BC: 9.8054e-04, m: 4.3211e-03, u: 9.7702e-03, v: 3.9965e-02, pde_a: 5.5696e-03
Epoch: 3990/5000 - Time: 8.59s - Loss: 7.6274e-01 | a: 5.3454e-01, BC: 2.2858e-02, m: 2.5136e-02, u: 1.3005e-01, v: 1.8817e-01, pde_a: 9.1609e-02
Epoch: 4000/5000 - Time: 8.39s - Loss: 3.7912e-02 | a: 2.0531e-02, BC: 9.9521e-04, m: 4.5293e-03, u: 9.6916e-03, v: 4.5367e-02, pde_a: 3.9037e-03
Epoch: 4010/5000 - Time: 8.42s - Loss: 3.4493e-02 | a: 1.6499e-02, BC: 7.8102e-04, m: 4.2103e-03, u: 1.0176e-02, v: 4.0600e-02, pde_a: 4.9232e-03
Epoch: 4020/5000 - Time: 8.31s - Loss: 4.0150e-02 | a: 1.5065e-02, BC: 9.4068e-04, m: 5.6701e-03, u: 2.5802e-02, v: 4.5501e-02, pde_a: 4.4861e-03
Epoch: 4030/5000 - Time: 8.54s - Loss: 1.1961e+00 | a: 9.8428e-01, BC: 8.2882e-03, m: 1.4304e-02, u: 3.7077e-02, v: 8.9127e-02, pde_a: 1.3102e-01
Epoch: 4040/5000 - Time: 8.53s - Loss: 3.6779e-02 | a: 1.9026e-02, BC: 6.5021e-04, m: 5.0480e-03, u: 1.0651e-02, v: 5.1714e-02, pde_a: 3.4154e-03
Epoch: 4050/5000 - Time: 8.54s - Loss: 9.2761e-02 | a: 1.8619e-02, BC: 3.2041e-03, m: 1.4236e-02, u: 1.1581e-01, v: 1.0232e-01, pde_a: 4.8902e-03
Epoch: 4060/5000 - Time: 8.37s - Loss: 4.7101e-01 | a: 3.4174e-01, BC: 1.3103e-02, m: 2.8686e-02, u: 1.1931e-01, v: 1.5494e-01, pde_a: 2.7440e-02
Epoch: 4070/5000 - Time: 8.37s - Loss: 4.0943e-02 | a: 2.2045e-02, BC: 1.2227e-03, m: 4.5193e-03, u: 1.0803e-02, v: 4.4132e-02, pde_a: 4.6629e-03
Epoch: 4080/5000 - Time: 8.38s - Loss: 3.5630e-02 | a: 1.6737e-02, BC: 1.0119e-03, m: 4.4451e-03, u: 1.0433e-02, v: 4.2347e-02, pde_a: 5.1079e-03
Epoch: 4090/5000 - Time: 8.26s - Loss: 4.0185e-02 | a: 1.5125e-02, BC: 9.0479e-04, m: 5.1816e-03, u: 1.4328e-02, v: 5.2949e-02, pde_a: 7.5606e-03
Epoch: 4100/5000 - Time: 8.38s - Loss: 3.9316e-02 | a: 1.8334e-02, BC: 1.2187e-03, m: 4.6304e-03, u: 1.0905e-02, v: 4.7410e-02, pde_a: 5.9187e-03
Epoch: 4110/5000 - Time: 8.02s - Loss: 4.2426e-02 | a: 1.7121e-02, BC: 1.2550e-03, m: 5.1416e-03, u: 1.9963e-02, v: 6.0253e-02, pde_a: 5.2374e-03
Epoch: 4120/5000 - Time: 7.74s - Loss: 7.0973e-01 | a: 4.8242e-01, BC: 1.2371e-02, m: 2.1411e-02, u: 9.2111e-02, v: 1.9433e-01, pde_a: 1.1157e-01
Epoch: 4130/5000 - Time: 7.67s - Loss: 3.9638e-02 | a: 2.0872e-02, BC: 8.4591e-04, m: 4.8756e-03, u: 1.2484e-02, v: 4.9004e-02, pde_a: 3.7917e-03
Epoch: 4140/5000 - Time: 7.64s - Loss: 4.2897e-02 | a: 1.6011e-02, BC: 1.1259e-03, m: 6.0878e-03, u: 2.9279e-02, v: 4.8558e-02, pde_a: 4.2452e-03
Epoch: 4150/5000 - Time: 7.60s - Loss: 4.5179e-02 | a: 2.0723e-02, BC: 1.2013e-03, m: 5.4197e-03, u: 1.8606e-02, v: 4.9037e-02, pde_a: 5.7910e-03
Epoch: 4160/5000 - Time: 7.59s - Loss: 5.3601e-01 | a: 3.2875e-01, BC: 1.2731e-02, m: 2.2815e-02, u: 8.7982e-02, v: 1.5744e-01, pde_a: 9.9413e-02
Epoch: 4170/5000 - Time: 7.59s - Loss: 3.7207e-02 | a: 1.9470e-02, BC: 7.2706e-04, m: 4.6580e-03, u: 1.2187e-02, v: 4.5238e-02, pde_a: 3.5863e-03
Epoch: 4180/5000 - Time: 7.76s - Loss: 3.8009e-02 | a: 1.6438e-02, BC: 8.0367e-04, m: 4.6289e-03, u: 1.3615e-02, v: 4.6746e-02, pde_a: 5.9333e-03
Epoch: 4190/5000 - Time: 7.64s - Loss: 3.8012e-02 | a: 1.4077e-02, BC: 1.1157e-03, m: 4.9094e-03, u: 1.8413e-02, v: 4.7051e-02, pde_a: 5.9151e-03
Epoch: 4200/5000 - Time: 7.56s - Loss: 8.4469e-02 | a: 3.7952e-02, BC: 5.8863e-03, m: 5.6670e-03, u: 2.1838e-02, v: 5.8373e-02, pde_a: 1.7281e-02
Epoch: 4210/5000 - Time: 7.64s - Loss: 6.7129e-02 | a: 2.3937e-02, BC: 2.1967e-03, m: 9.1515e-03, u: 5.4094e-02, v: 5.5018e-02, pde_a: 6.5405e-03
Epoch: 4220/5000 - Time: 7.56s - Loss: 3.8489e-02 | a: 1.9057e-02, BC: 1.1227e-03, m: 5.1881e-03, u: 1.0194e-02, v: 5.7212e-02, pde_a: 3.9737e-03
Epoch: 4230/5000 - Time: 7.75s - Loss: 3.1665e-02 | a: 1.5019e-02, BC: 6.5075e-04, m: 4.4915e-03, u: 1.0203e-02, v: 4.2640e-02, pde_a: 3.6860e-03
Saving checkpoint at epoch 4230 with loss 3.1665e-02
Epoch: 4240/5000 - Time: 7.60s - Loss: 3.4432e-02 | a: 1.5884e-02, BC: 7.3531e-04, m: 4.7094e-03, u: 1.3958e-02, v: 4.5282e-02, pde_a: 3.6452e-03
Epoch: 4250/5000 - Time: 7.64s - Loss: 4.2955e-02 | a: 1.8546e-02, BC: 1.0524e-03, m: 4.9646e-03, u: 1.3537e-02, v: 4.5217e-02, pde_a: 7.9020e-03
Epoch: 4260/5000 - Time: 7.58s - Loss: 3.8249e-02 | a: 2.1999e-02, BC: 6.8289e-04, m: 4.4260e-03, u: 8.6408e-03, v: 4.7461e-02, pde_a: 3.4728e-03
Epoch: 4270/5000 - Time: 7.85s - Loss: 3.2132e-02 | a: 1.5801e-02, BC: 5.5202e-04, m: 4.0290e-03, u: 9.1433e-03, v: 3.9064e-02, pde_a: 4.3414e-03
Epoch: 4280/5000 - Time: 8.50s - Loss: 4.5568e-02 | a: 1.4176e-02, BC: 1.2881e-03, m: 6.7968e-03, u: 3.5296e-02, v: 5.0562e-02, pde_a: 5.2813e-03
Epoch: 4290/5000 - Time: 8.46s - Loss: 5.8768e-02 | a: 1.5732e-02, BC: 2.2718e-03, m: 9.4097e-03, u: 4.8398e-02, v: 9.5045e-02, pde_a: 4.7640e-03
Epoch: 4300/5000 - Time: 8.42s - Loss: 3.3373e-02 | a: 1.3911e-02, BC: 9.3839e-04, m: 3.8172e-03, u: 1.0013e-02, v: 3.8140e-02, pde_a: 6.3579e-03
Epoch: 4310/5000 - Time: 8.42s - Loss: 9.6639e-01 | a: 9.0121e-01, BC: 7.4566e-03, m: 7.8439e-03, u: 3.1914e-02, v: 6.6428e-02, pde_a: 2.5699e-02
Epoch: 4320/5000 - Time: 8.43s - Loss: 4.1981e-02 | a: 2.2320e-02, BC: 7.7578e-04, m: 4.5263e-03, u: 1.1562e-02, v: 4.5233e-02, pde_a: 5.2731e-03
Epoch: 4330/5000 - Time: 8.53s - Loss: 3.4876e-02 | a: 1.6017e-02, BC: 1.1328e-03, m: 3.8984e-03, u: 1.0350e-02, v: 4.0353e-02, pde_a: 5.4328e-03
Epoch: 4340/5000 - Time: 8.36s - Loss: 1.0512e+00 | a: 7.4610e-01, BC: 1.0588e-02, m: 1.6867e-02, u: 4.1831e-02, v: 1.0541e-01, pde_a: 1.9676e-01
Epoch: 4350/5000 - Time: 8.43s - Loss: 3.7291e-02 | a: 1.9198e-02, BC: 6.7773e-04, m: 5.0117e-03, u: 1.0082e-02, v: 5.4588e-02, pde_a: 3.6139e-03
Epoch: 4360/5000 - Time: 8.61s - Loss: 3.8469e-02 | a: 1.9116e-02, BC: 7.3521e-04, m: 4.7182e-03, u: 1.3067e-02, v: 4.5363e-02, pde_a: 4.5163e-03
Epoch: 4370/5000 - Time: 8.11s - Loss: 4.5167e-02 | a: 2.1221e-02, BC: 1.3160e-03, m: 5.4921e-03, u: 1.9121e-02, v: 5.1678e-02, pde_a: 4.9148e-03
Epoch: 4380/5000 - Time: 7.52s - Loss: 2.8695e-01 | a: 2.3210e-01, BC: 5.9185e-03, m: 9.4987e-03, u: 2.3307e-02, v: 8.2558e-02, pde_a: 1.9454e-02
Epoch: 4390/5000 - Time: 7.66s - Loss: 3.1866e-02 | a: 1.4157e-02, BC: 7.2154e-04, m: 4.6597e-03, u: 1.2545e-02, v: 4.5024e-02, pde_a: 3.4781e-03
Epoch: 4400/5000 - Time: 7.55s - Loss: 3.8312e-02 | a: 1.5481e-02, BC: 9.1125e-04, m: 5.2392e-03, u: 1.9415e-02, v: 4.5355e-02, pde_a: 4.9051e-03
Epoch: 4410/5000 - Time: 8.48s - Loss: 4.2496e-02 | a: 2.0093e-02, BC: 1.2011e-03, m: 4.1690e-03, u: 1.2676e-02, v: 3.9568e-02, pde_a: 7.3349e-03
Epoch: 4420/5000 - Time: 8.62s - Loss: 3.9873e-02 | a: 1.6037e-02, BC: 1.9576e-03, m: 4.9418e-03, u: 1.7575e-02, v: 4.9748e-02, pde_a: 5.2158e-03
Epoch: 4430/5000 - Time: 8.33s - Loss: 4.4302e-02 | a: 2.2895e-02, BC: 8.4302e-04, m: 5.6766e-03, u: 1.1248e-02, v: 5.9463e-02, pde_a: 4.9744e-03
Epoch: 4440/5000 - Time: 8.42s - Loss: 3.0319e-02 | a: 1.5555e-02, BC: 4.8287e-04, m: 4.0725e-03, u: 8.4030e-03, v: 4.0625e-02, pde_a: 3.2688e-03
Saving checkpoint at epoch 4440 with loss 3.0319e-02
Epoch: 4450/5000 - Time: 8.60s - Loss: 5.4607e-02 | a: 3.0104e-02, BC: 1.3648e-03, m: 4.6041e-03, u: 1.7947e-02, v: 5.1421e-02, pde_a: 6.0980e-03
Epoch: 4460/5000 - Time: 8.43s - Loss: 1.1280e-01 | a: 5.4367e-02, BC: 3.5255e-03, m: 8.1199e-03, u: 4.8872e-02, v: 6.3430e-02, pde_a: 1.8585e-02
Epoch: 4470/5000 - Time: 7.82s - Loss: 4.2968e-02 | a: 2.2722e-02, BC: 9.7724e-04, m: 4.8658e-03, u: 1.0888e-02, v: 5.4048e-02, pde_a: 4.9065e-03
Epoch: 4480/5000 - Time: 7.57s - Loss: 3.3402e-02 | a: 1.5656e-02, BC: 8.1500e-04, m: 4.1244e-03, u: 1.1485e-02, v: 4.4664e-02, pde_a: 4.0346e-03
Epoch: 4490/5000 - Time: 7.90s - Loss: 3.2490e-02 | a: 1.3843e-02, BC: 7.2469e-04, m: 4.3522e-03, u: 1.3753e-02, v: 4.7667e-02, pde_a: 3.7706e-03
Epoch: 4500/5000 - Time: 8.43s - Loss: 5.7685e-02 | a: 2.9611e-02, BC: 2.0256e-03, m: 4.8340e-03, u: 2.2651e-02, v: 4.9482e-02, pde_a: 6.9686e-03
Epoch: 4510/5000 - Time: 7.84s - Loss: 4.9024e-02 | a: 2.4123e-02, BC: 1.2436e-03, m: 4.1091e-03, u: 1.1757e-02, v: 4.1558e-02, pde_a: 9.3609e-03
Epoch: 4520/5000 - Time: 7.66s - Loss: 4.7453e-02 | a: 1.9057e-02, BC: 1.2837e-03, m: 5.2767e-03, u: 2.3215e-02, v: 4.8816e-02, pde_a: 7.4570e-03
Epoch: 4530/5000 - Time: 7.58s - Loss: 3.7296e-02 | a: 1.9642e-02, BC: 7.3843e-04, m: 4.8808e-03, u: 1.0897e-02, v: 5.0561e-02, pde_a: 3.3696e-03
Epoch: 4540/5000 - Time: 7.63s - Loss: 3.6840e-02 | a: 1.5290e-02, BC: 1.2199e-03, m: 4.4486e-03, u: 1.6757e-02, v: 4.5865e-02, pde_a: 4.8164e-03
Epoch: 4550/5000 - Time: 7.61s - Loss: 3.2576e-02 | a: 1.4756e-02, BC: 7.3155e-04, m: 3.9648e-03, u: 1.2508e-02, v: 3.9717e-02, pde_a: 4.3187e-03
Epoch: 4560/5000 - Time: 7.64s - Loss: 4.0262e-02 | a: 1.2884e-02, BC: 3.5373e-03, m: 5.8714e-03, u: 1.7409e-02, v: 5.6656e-02, pde_a: 5.7774e-03
Epoch: 4570/5000 - Time: 7.62s - Loss: 1.3713e-01 | a: 4.2478e-02, BC: 6.2916e-03, m: 1.1800e-02, u: 6.6451e-02, v: 8.6508e-02, pde_a: 3.5383e-02
Epoch: 4580/5000 - Time: 7.55s - Loss: 8.7939e-02 | a: 5.5139e-02, BC: 2.2459e-03, m: 4.8519e-03, u: 1.5150e-02, v: 4.9476e-02, pde_a: 1.2650e-02
Epoch: 4590/5000 - Time: 7.54s - Loss: 4.7948e-02 | a: 1.3825e-02, BC: 1.6007e-03, m: 8.7405e-03, u: 3.2457e-02, v: 7.1661e-02, pde_a: 5.3806e-03
Epoch: 4600/5000 - Time: 8.45s - Loss: 4.7655e-01 | a: 2.7283e-01, BC: 2.3321e-02, m: 2.1649e-02, u: 9.3716e-02, v: 1.6899e-01, pde_a: 8.6522e-02
Epoch: 4610/5000 - Time: 8.48s - Loss: 3.1805e-02 | a: 1.5499e-02, BC: 5.4114e-04, m: 3.9901e-03, u: 9.2811e-03, v: 4.2021e-02, pde_a: 4.0724e-03
Epoch: 4620/5000 - Time: 8.61s - Loss: 5.6524e-02 | a: 2.3354e-02, BC: 1.7572e-03, m: 6.2923e-03, u: 2.9920e-02, v: 7.1643e-02, pde_a: 6.4554e-03
Epoch: 4630/5000 - Time: 8.35s - Loss: 4.0738e-02 | a: 1.8750e-02, BC: 9.9884e-04, m: 4.4140e-03, u: 1.3348e-02, v: 4.4875e-02, pde_a: 6.4336e-03
Epoch: 4640/5000 - Time: 8.37s - Loss: 3.3972e-02 | a: 1.3873e-02, BC: 6.8702e-04, m: 4.4294e-03, u: 1.6473e-02, v: 4.8319e-02, pde_a: 4.0127e-03
Epoch: 4650/5000 - Time: 7.54s - Loss: 4.1153e-02 | a: 1.3010e-02, BC: 1.3642e-03, m: 5.7204e-03, u: 2.4760e-02, v: 5.3550e-02, pde_a: 6.1530e-03
Epoch: 4660/5000 - Time: 7.51s - Loss: 6.2467e-02 | a: 3.3192e-02, BC: 1.2899e-03, m: 5.9405e-03, u: 1.5251e-02, v: 6.5005e-02, pde_a: 8.9000e-03
Epoch: 4670/5000 - Time: 7.58s - Loss: 3.0236e-02 | a: 1.5003e-02, BC: 5.9938e-04, m: 3.8087e-03, u: 8.6413e-03, v: 3.9313e-02, pde_a: 3.6984e-03
Saving checkpoint at epoch 4670 with loss 3.0236e-02
Epoch: 4680/5000 - Time: 7.67s - Loss: 3.7690e-02 | a: 1.4403e-02, BC: 1.0018e-03, m: 5.3584e-03, u: 2.0171e-02, v: 5.3895e-02, pde_a: 4.2243e-03
Epoch: 4690/5000 - Time: 7.67s - Loss: 5.4868e-02 | a: 1.4375e-02, BC: 2.7024e-03, m: 8.4006e-03, u: 4.6351e-02, v: 6.7050e-02, pde_a: 5.7989e-03
Epoch: 4700/5000 - Time: 7.67s - Loss: 8.7930e-02 | a: 2.8429e-02, BC: 3.2682e-03, m: 1.0381e-02, u: 6.2860e-02, v: 1.0421e-01, pde_a: 1.1109e-02
Epoch: 4710/5000 - Time: 8.18s - Loss: 8.9777e-02 | a: 3.7794e-02, BC: 8.4255e-03, m: 6.0814e-03, u: 1.9775e-02, v: 6.5020e-02, pde_a: 1.9413e-02
Epoch: 4720/5000 - Time: 8.14s - Loss: 4.2265e-02 | a: 1.2438e-02, BC: 1.1796e-03, m: 5.6441e-03, u: 3.2753e-02, v: 4.8310e-02, pde_a: 5.6520e-03
Epoch: 4730/5000 - Time: 7.79s - Loss: 3.5581e-02 | a: 1.3050e-02, BC: 1.0830e-03, m: 4.6138e-03, u: 1.6629e-02, v: 4.4534e-02, pde_a: 5.7379e-03
Epoch: 4740/5000 - Time: 8.34s - Loss: 4.5135e-02 | a: 1.6465e-02, BC: 9.4342e-04, m: 4.1354e-03, u: 1.3475e-02, v: 3.9254e-02, pde_a: 1.2136e-02
Epoch: 4750/5000 - Time: 8.29s - Loss: 5.1481e-02 | a: 2.1353e-02, BC: 1.3446e-03, m: 5.0474e-03, u: 2.9711e-02, v: 5.3605e-02, pde_a: 6.5281e-03
Epoch: 4760/5000 - Time: 8.41s - Loss: 3.4606e-02 | a: 1.6184e-02, BC: 1.1546e-03, m: 3.7145e-03, u: 1.1232e-02, v: 4.0002e-02, pde_a: 4.9334e-03
Epoch: 4770/5000 - Time: 8.31s - Loss: 4.6296e-02 | a: 1.6834e-02, BC: 1.4787e-03, m: 5.3840e-03, u: 2.7400e-02, v: 4.5546e-02, pde_a: 7.0843e-03
Epoch: 4780/5000 - Time: 8.49s - Loss: 3.3608e-02 | a: 1.7847e-02, BC: 4.9747e-04, m: 3.9281e-03, u: 8.5246e-03, v: 4.3145e-02, pde_a: 3.8543e-03
Epoch: 4790/5000 - Time: 8.58s - Loss: 3.0694e-02 | a: 1.3370e-02, BC: 5.9305e-04, m: 4.0545e-03, u: 1.1433e-02, v: 3.9155e-02, pde_a: 4.3677e-03
Epoch: 4800/5000 - Time: 8.62s - Loss: 5.0411e-02 | a: 1.7107e-02, BC: 1.2335e-03, m: 6.1407e-03, u: 3.5650e-02, v: 5.8596e-02, pde_a: 6.3577e-03
Epoch: 4810/5000 - Time: 8.22s - Loss: 6.9042e-02 | a: 2.6522e-02, BC: 2.5044e-03, m: 8.7368e-03, u: 4.6549e-02, v: 5.7946e-02, pde_a: 8.0071e-03
Epoch: 4820/5000 - Time: 7.59s - Loss: 3.1760e-02 | a: 1.5330e-02, BC: 5.7958e-04, m: 3.9448e-03, u: 8.8147e-03, v: 4.4218e-02, pde_a: 4.1248e-03
Epoch: 4830/5000 - Time: 7.63s - Loss: 2.6790e-02 | a: 1.1411e-02, BC: 5.7189e-04, m: 3.7353e-03, u: 9.1226e-03, v: 3.7215e-02, pde_a: 3.8892e-03
Saving checkpoint at epoch 4830 with loss 2.6790e-02
Epoch: 4840/5000 - Time: 7.64s - Loss: 3.5715e-02 | a: 1.6025e-02, BC: 7.4670e-04, m: 4.1628e-03, u: 9.6693e-03, v: 4.0654e-02, pde_a: 6.4185e-03
Epoch: 4850/5000 - Time: 8.57s - Loss: 5.1965e-02 | a: 2.0422e-02, BC: 1.5079e-03, m: 5.0712e-03, u: 1.5508e-02, v: 5.1166e-02, pde_a: 1.1908e-02
Epoch: 4860/5000 - Time: 8.22s - Loss: 4.9469e-02 | a: 1.7649e-02, BC: 1.4455e-03, m: 5.7577e-03, u: 2.4534e-02, v: 5.6858e-02, pde_a: 8.6951e-03
Epoch: 4870/5000 - Time: 7.66s - Loss: 3.3918e-02 | a: 1.5630e-02, BC: 6.5904e-04, m: 4.3930e-03, u: 1.1660e-02, v: 4.9689e-02, pde_a: 3.9907e-03
Epoch: 4880/5000 - Time: 8.30s - Loss: 3.0706e-02 | a: 1.4261e-02, BC: 5.4840e-04, m: 3.9189e-03, u: 1.1612e-02, v: 3.8112e-02, pde_a: 3.8218e-03
Epoch: 4890/5000 - Time: 8.41s - Loss: 2.9189e-02 | a: 1.3363e-02, BC: 4.1662e-04, m: 3.4801e-03, u: 9.0454e-03, v: 3.5321e-02, pde_a: 4.6458e-03
Epoch: 4900/5000 - Time: 8.37s - Loss: 6.6119e-02 | a: 3.8610e-02, BC: 1.1154e-03, m: 4.6552e-03, u: 1.2180e-02, v: 4.9954e-02, pde_a: 1.0404e-02
Epoch: 4910/5000 - Time: 8.27s - Loss: 3.1175e-02 | a: 1.4722e-02, BC: 6.1373e-04, m: 3.6695e-03, u: 1.0041e-02, v: 3.5610e-02, pde_a: 4.5641e-03
Epoch: 4920/5000 - Time: 8.08s - Loss: 3.3625e-02 | a: 1.6855e-02, BC: 6.9238e-04, m: 3.7065e-03, u: 9.0714e-03, v: 3.7521e-02, pde_a: 4.8674e-03
Epoch: 4930/5000 - Time: 7.80s - Loss: 4.0716e-02 | a: 1.4714e-02, BC: 1.5818e-03, m: 4.8582e-03, u: 1.9401e-02, v: 4.9729e-02, pde_a: 6.6587e-03
Epoch: 4940/5000 - Time: 7.58s - Loss: 4.6122e-02 | a: 1.2732e-02, BC: 1.2688e-03, m: 6.2359e-03, u: 3.7982e-02, v: 5.2493e-02, pde_a: 6.1396e-03
Epoch: 4950/5000 - Time: 8.29s - Loss: 3.2000e-02 | a: 1.6993e-02, BC: 4.6168e-04, m: 3.9594e-03, u: 8.2883e-03, v: 4.2032e-02, pde_a: 3.4485e-03
Epoch: 4960/5000 - Time: 8.49s - Loss: 3.9490e-02 | a: 1.6604e-02, BC: 1.8152e-03, m: 3.8462e-03, u: 1.0680e-02, v: 4.0591e-02, pde_a: 7.9021e-03
Epoch: 4970/5000 - Time: 8.37s - Loss: 5.1498e-02 | a: 2.1709e-02, BC: 1.5621e-03, m: 5.0583e-03, u: 2.3468e-02, v: 4.7926e-02, pde_a: 8.4104e-03
Epoch: 4980/5000 - Time: 8.48s - Loss: 1.3137e-01 | a: 4.6683e-02, BC: 6.3200e-03, m: 7.2466e-03, u: 3.3995e-02, v: 7.0967e-02, pde_a: 4.0811e-02
Epoch: 4990/5000 - Time: 8.43s - Loss: 3.0543e-02 | a: 1.4841e-02, BC: 6.2276e-04, m: 3.8163e-03, u: 8.9489e-03, v: 4.2207e-02, pde_a: 3.7147e-03
Epoch: 5000/5000 - Time: 8.41s - Loss: 5.1710e-02 | a: 1.6737e-02, BC: 1.6110e-03, m: 6.4122e-03, u: 3.5678e-02, v: 6.8553e-02, pde_a: 6.4191e-03

--- Starting Training Phase 2/5 ---
Epochs: 5000, Learning Rate: 5e-05
Total samples: 185940, Desired batch size: 9297
Calculated num_batches: 20, Proportional batch sizes: {'A': 1305, 'PDE': 7910, 'N': 20, 'EW': 20, 'NSEW': 42}
Epoch: 10/5000 - Time: 8.33s - Loss: 2.2475e-02 | a: 1.0139e-02, BC: 3.0767e-04, m: 3.1048e-03, u: 6.8015e-03, v: 3.1260e-02, pde_a: 3.2263e-03
Saving checkpoint at epoch 10 with loss 2.2475e-02
Epoch: 20/5000 - Time: 8.50s - Loss: 2.2252e-02 | a: 9.2259e-03, BC: 3.3675e-04, m: 3.0717e-03, u: 7.1802e-03, v: 3.0454e-02, pde_a: 3.6992e-03
Saving checkpoint at epoch 20 with loss 2.2252e-02
Epoch: 30/5000 - Time: 7.92s - Loss: 2.3235e-02 | a: 9.9719e-03, BC: 3.5835e-04, m: 3.0887e-03, u: 7.4426e-03, v: 3.0799e-02, pde_a: 3.7500e-03
Epoch: 40/5000 - Time: 7.73s - Loss: 2.4554e-02 | a: 9.7344e-03, BC: 4.3644e-04, m: 3.2436e-03, u: 8.8468e-03, v: 3.2022e-02, pde_a: 4.2928e-03
Epoch: 50/5000 - Time: 8.49s - Loss: 2.7025e-02 | a: 1.1479e-02, BC: 6.3576e-04, m: 3.1204e-03, u: 9.0335e-03, v: 3.3566e-02, pde_a: 4.5777e-03
Epoch: 60/5000 - Time: 8.63s - Loss: 2.8140e-02 | a: 1.0975e-02, BC: 4.8059e-04, m: 3.6835e-03, u: 1.3343e-02, v: 3.7076e-02, pde_a: 4.1039e-03
Epoch: 70/5000 - Time: 8.44s - Loss: 2.4320e-02 | a: 8.2677e-03, BC: 4.0894e-04, m: 3.2282e-03, u: 9.1752e-03, v: 3.2956e-02, pde_a: 5.0935e-03
Epoch: 80/5000 - Time: 8.39s - Loss: 2.2515e-02 | a: 8.4616e-03, BC: 3.8724e-04, m: 3.0403e-03, u: 7.8063e-03, v: 3.0946e-02, pde_a: 4.2367e-03
Epoch: 90/5000 - Time: 8.44s - Loss: 2.7788e-02 | a: 1.0299e-02, BC: 1.0449e-03, m: 3.4950e-03, u: 9.2146e-03, v: 3.6259e-02, pde_a: 5.3065e-03
Epoch: 100/5000 - Time: 8.30s - Loss: 2.2245e-02 | a: 7.7974e-03, BC: 3.6052e-04, m: 3.2490e-03, u: 9.8680e-03, v: 3.1552e-02, pde_a: 3.7965e-03
Saving checkpoint at epoch 100 with loss 2.2245e-02
Epoch: 110/5000 - Time: 8.12s - Loss: 2.0158e-02 | a: 7.2249e-03, BC: 3.0840e-04, m: 3.0382e-03, u: 8.1035e-03, v: 3.0253e-02, pde_a: 3.4061e-03
Saving checkpoint at epoch 110 with loss 2.0158e-02
Epoch: 120/5000 - Time: 7.70s - Loss: 2.4304e-02 | a: 8.4069e-03, BC: 4.4575e-04, m: 3.1834e-03, u: 8.8450e-03, v: 3.3428e-02, pde_a: 5.0290e-03
Epoch: 130/5000 - Time: 7.64s - Loss: 2.4674e-02 | a: 8.9868e-03, BC: 4.6975e-04, m: 3.2176e-03, u: 1.1689e-02, v: 3.4493e-02, pde_a: 3.9007e-03
Epoch: 140/5000 - Time: 7.62s - Loss: 3.3240e-02 | a: 1.5054e-02, BC: 8.3440e-04, m: 3.1515e-03, u: 9.4725e-03, v: 3.2527e-02, pde_a: 6.3849e-03
Epoch: 150/5000 - Time: 7.56s - Loss: 2.9855e-02 | a: 1.1609e-02, BC: 6.4211e-04, m: 3.4794e-03, u: 1.0128e-02, v: 3.4941e-02, pde_a: 6.0341e-03
Epoch: 160/5000 - Time: 7.50s - Loss: 3.6825e-02 | a: 9.4101e-03, BC: 7.4787e-04, m: 4.8473e-03, u: 2.4832e-02, v: 4.1796e-02, pde_a: 7.3944e-03
Epoch: 170/5000 - Time: 7.47s - Loss: 3.1275e-02 | a: 1.1266e-02, BC: 5.5943e-04, m: 3.5378e-03, u: 1.2530e-02, v: 3.3024e-02, pde_a: 6.8559e-03
Epoch: 180/5000 - Time: 7.72s - Loss: 2.9786e-02 | a: 9.8399e-03, BC: 7.3386e-04, m: 3.0934e-03, u: 1.1110e-02, v: 3.3101e-02, pde_a: 7.3036e-03
Epoch: 190/5000 - Time: 8.16s - Loss: 2.2622e-02 | a: 9.4325e-03, BC: 3.3925e-04, m: 3.1793e-03, u: 7.7501e-03, v: 3.3492e-02, pde_a: 3.3602e-03
Epoch: 200/5000 - Time: 7.50s - Loss: 1.9615e-02 | a: 6.9061e-03, BC: 2.8362e-04, m: 2.9293e-03, u: 7.6783e-03, v: 3.0553e-02, pde_a: 3.4080e-03
Saving checkpoint at epoch 200 with loss 1.9615e-02
Epoch: 210/5000 - Time: 7.62s - Loss: 2.3416e-02 | a: 8.0657e-03, BC: 3.1947e-04, m: 3.1181e-03, u: 1.0302e-02, v: 3.1284e-02, pde_a: 4.4735e-03
Epoch: 220/5000 - Time: 7.53s - Loss: 2.3408e-02 | a: 7.7385e-03, BC: 4.2285e-04, m: 3.3089e-03, u: 1.2229e-02, v: 3.0932e-02, pde_a: 4.0009e-03
Epoch: 230/5000 - Time: 7.79s - Loss: 2.8658e-02 | a: 8.6737e-03, BC: 6.4288e-04, m: 3.8114e-03, u: 1.7550e-02, v: 4.3769e-02, pde_a: 4.2924e-03
Epoch: 240/5000 - Time: 7.78s - Loss: 2.5244e-02 | a: 8.9514e-03, BC: 5.0368e-04, m: 3.1203e-03, u: 1.1253e-02, v: 3.1154e-02, pde_a: 4.7796e-03
Epoch: 250/5000 - Time: 7.59s - Loss: 2.5580e-02 | a: 7.5160e-03, BC: 4.9181e-04, m: 3.7381e-03, u: 1.4126e-02, v: 4.3647e-02, pde_a: 4.0031e-03
Epoch: 260/5000 - Time: 7.54s - Loss: 2.4090e-02 | a: 8.5622e-03, BC: 6.9738e-04, m: 2.9626e-03, u: 9.6698e-03, v: 3.2149e-02, pde_a: 4.5138e-03
Epoch: 270/5000 - Time: 7.67s - Loss: 3.0054e-02 | a: 9.8118e-03, BC: 1.3497e-03, m: 3.2093e-03, u: 9.3208e-03, v: 3.3816e-02, pde_a: 7.4802e-03
Epoch: 280/5000 - Time: 7.64s - Loss: 4.0205e-02 | a: 1.1422e-02, BC: 1.1889e-03, m: 5.1399e-03, u: 2.9643e-02, v: 4.2807e-02, pde_a: 6.4505e-03
Epoch: 290/5000 - Time: 7.54s - Loss: 2.2914e-02 | a: 7.3548e-03, BC: 7.3987e-04, m: 3.0761e-03, u: 8.8889e-03, v: 3.2131e-02, pde_a: 4.6858e-03
Epoch: 300/5000 - Time: 7.56s - Loss: 9.5444e-02 | a: 5.3271e-02, BC: 1.9098e-03, m: 5.7572e-03, u: 2.6893e-02, v: 5.0412e-02, pde_a: 1.6078e-02
Epoch: 310/5000 - Time: 7.70s - Loss: 1.8881e-02 | a: 6.8680e-03, BC: 2.2805e-04, m: 2.9211e-03, u: 7.4444e-03, v: 3.0221e-02, pde_a: 3.0176e-03
Saving checkpoint at epoch 310 with loss 1.8881e-02
Epoch: 320/5000 - Time: 7.67s - Loss: 2.0862e-02 | a: 7.3020e-03, BC: 3.0683e-04, m: 2.9496e-03, u: 8.9942e-03, v: 3.0105e-02, pde_a: 3.6756e-03
Epoch: 330/5000 - Time: 7.63s - Loss: 1.8668e-02 | a: 6.3141e-03, BC: 2.8680e-04, m: 2.8143e-03, u: 7.5052e-03, v: 2.7938e-02, pde_a: 3.4478e-03
Saving checkpoint at epoch 330 with loss 1.8668e-02
Epoch: 340/5000 - Time: 8.32s - Loss: 3.9129e-02 | a: 1.0218e-02, BC: 7.9740e-04, m: 4.9455e-03, u: 3.3678e-02, v: 3.4088e-02, pde_a: 6.4282e-03
Epoch: 350/5000 - Time: 7.85s - Loss: 2.2570e-02 | a: 8.9547e-03, BC: 3.2599e-04, m: 2.7578e-03, u: 8.0620e-03, v: 2.8245e-02, pde_a: 4.2203e-03
Epoch: 360/5000 - Time: 7.52s - Loss: 2.1065e-02 | a: 6.9751e-03, BC: 3.8428e-04, m: 3.0827e-03, u: 9.0254e-03, v: 3.0858e-02, pde_a: 3.8894e-03
Epoch: 370/5000 - Time: 7.54s - Loss: 2.4474e-02 | a: 8.8953e-03, BC: 5.3694e-04, m: 3.0906e-03, u: 9.4682e-03, v: 3.1601e-02, pde_a: 4.7185e-03
Epoch: 380/5000 - Time: 7.80s - Loss: 2.6863e-02 | a: 8.1557e-03, BC: 6.7415e-04, m: 3.7457e-03, u: 1.5147e-02, v: 3.6140e-02, pde_a: 4.6435e-03
Epoch: 390/5000 - Time: 8.40s - Loss: 4.5725e-02 | a: 1.5476e-02, BC: 2.6017e-03, m: 3.7682e-03, u: 1.5142e-02, v: 3.7162e-02, pde_a: 1.1919e-02
Epoch: 400/5000 - Time: 8.39s - Loss: 1.3748e-01 | a: 1.0539e-01, BC: 3.4409e-03, m: 3.6096e-03, u: 1.3878e-02, v: 3.9054e-02, pde_a: 1.2989e-02
Epoch: 410/5000 - Time: 8.40s - Loss: 2.2330e-02 | a: 8.6729e-03, BC: 3.4364e-04, m: 2.9083e-03, u: 8.9067e-03, v: 3.0333e-02, pde_a: 3.7496e-03
Epoch: 420/5000 - Time: 8.43s - Loss: 2.1803e-02 | a: 6.5328e-03, BC: 3.5496e-04, m: 3.2465e-03, u: 1.2112e-02, v: 3.1720e-02, pde_a: 3.7488e-03
Epoch: 430/5000 - Time: 8.53s - Loss: 2.2855e-02 | a: 6.5276e-03, BC: 4.1243e-04, m: 3.0985e-03, u: 1.1774e-02, v: 3.1968e-02, pde_a: 4.6667e-03
Epoch: 440/5000 - Time: 8.43s - Loss: 3.4376e-02 | a: 1.3945e-02, BC: 6.8343e-04, m: 3.4058e-03, u: 1.6492e-02, v: 3.7522e-02, pde_a: 5.6085e-03
Epoch: 450/5000 - Time: 8.41s - Loss: 7.5219e-02 | a: 3.5093e-02, BC: 3.1564e-03, m: 4.5234e-03, u: 2.5710e-02, v: 3.8906e-02, pde_a: 1.5409e-02
Epoch: 460/5000 - Time: 8.47s - Loss: 2.3659e-02 | a: 8.8717e-03, BC: 3.3822e-04, m: 2.8111e-03, u: 8.7609e-03, v: 3.0022e-02, pde_a: 4.7338e-03
Epoch: 470/5000 - Time: 8.36s - Loss: 2.8547e-02 | a: 6.4549e-03, BC: 5.0142e-04, m: 4.3168e-03, u: 2.5050e-02, v: 3.6872e-02, pde_a: 4.0844e-03
Epoch: 480/5000 - Time: 8.60s - Loss: 2.3574e-02 | a: 6.8692e-03, BC: 4.3607e-04, m: 3.2105e-03, u: 1.4453e-02, v: 2.8997e-02, pde_a: 4.3207e-03
Epoch: 490/5000 - Time: 8.38s - Loss: 2.1325e-02 | a: 6.3318e-03, BC: 3.7688e-04, m: 2.9272e-03, u: 1.0672e-02, v: 2.8667e-02, pde_a: 4.3439e-03
Epoch: 500/5000 - Time: 7.71s - Loss: 2.3062e-02 | a: 7.1437e-03, BC: 4.7968e-04, m: 2.8565e-03, u: 9.6531e-03, v: 2.9583e-02, pde_a: 5.2389e-03
Epoch: 510/5000 - Time: 7.57s - Loss: 4.6845e-02 | a: 2.0242e-02, BC: 2.2241e-03, m: 3.4142e-03, u: 1.2461e-02, v: 3.4799e-02, pde_a: 1.0572e-02
Epoch: 520/5000 - Time: 7.55s - Loss: 2.6519e-02 | a: 8.7651e-03, BC: 5.6430e-04, m: 3.1807e-03, u: 1.3210e-02, v: 3.1008e-02, pde_a: 5.2519e-03
Epoch: 530/5000 - Time: 7.65s - Loss: 2.1691e-02 | a: 5.9741e-03, BC: 5.9317e-04, m: 2.9049e-03, u: 8.6832e-03, v: 3.0791e-02, pde_a: 5.1683e-03
Epoch: 540/5000 - Time: 7.73s - Loss: 2.3038e-02 | a: 6.8591e-03, BC: 7.5669e-04, m: 3.0975e-03, u: 1.3145e-02, v: 3.0617e-02, pde_a: 3.9879e-03
Epoch: 550/5000 - Time: 7.69s - Loss: 3.2791e-02 | a: 1.2089e-02, BC: 1.3133e-03, m: 3.2327e-03, u: 1.0639e-02, v: 3.3791e-02, pde_a: 7.4587e-03
Epoch: 560/5000 - Time: 7.73s - Loss: 3.3044e-02 | a: 1.3071e-02, BC: 9.6694e-04, m: 3.1561e-03, u: 1.5075e-02, v: 3.3048e-02, pde_a: 5.9375e-03
Epoch: 570/5000 - Time: 7.48s - Loss: 1.8109e-01 | a: 1.2751e-01, BC: 1.8317e-03, m: 4.4641e-03, u: 2.3858e-02, v: 4.4605e-02, pde_a: 2.6868e-02
Epoch: 580/5000 - Time: 7.74s - Loss: 1.8282e-02 | a: 5.6504e-03, BC: 2.3960e-04, m: 2.8167e-03, u: 7.9182e-03, v: 2.9602e-02, pde_a: 3.4399e-03
Saving checkpoint at epoch 580 with loss 1.8282e-02
Epoch: 590/5000 - Time: 8.44s - Loss: 1.7740e-02 | a: 5.5672e-03, BC: 2.4082e-04, m: 2.7368e-03, u: 7.4748e-03, v: 2.8194e-02, pde_a: 3.3698e-03
Saving checkpoint at epoch 590 with loss 1.7740e-02
Epoch: 600/5000 - Time: 8.44s - Loss: 2.7132e-02 | a: 1.1741e-02, BC: 3.3056e-04, m: 2.7012e-03, u: 8.2583e-03, v: 2.8117e-02, pde_a: 5.5563e-03
Epoch: 610/5000 - Time: 7.90s - Loss: 2.2247e-02 | a: 7.9756e-03, BC: 3.1800e-04, m: 3.0142e-03, u: 9.2167e-03, v: 3.0574e-02, pde_a: 4.0774e-03
Epoch: 620/5000 - Time: 7.60s - Loss: 2.5839e-02 | a: 8.9858e-03, BC: 5.3569e-04, m: 3.0951e-03, u: 1.4398e-02, v: 2.9640e-02, pde_a: 4.3785e-03
Epoch: 630/5000 - Time: 7.59s - Loss: 2.4933e-02 | a: 7.2222e-03, BC: 4.9183e-04, m: 3.0336e-03, u: 1.2420e-02, v: 2.9090e-02, pde_a: 5.7321e-03
Epoch: 640/5000 - Time: 7.53s - Loss: 2.6241e-02 | a: 7.2719e-03, BC: 5.6625e-04, m: 3.5024e-03, u: 1.8766e-02, v: 3.2781e-02, pde_a: 4.2297e-03
Epoch: 650/5000 - Time: 8.12s - Loss: 2.1012e-02 | a: 6.4273e-03, BC: 3.9564e-04, m: 3.0457e-03, u: 1.0133e-02, v: 3.0487e-02, pde_a: 3.9763e-03
Epoch: 660/5000 - Time: 7.91s - Loss: 2.3725e-02 | a: 6.0146e-03, BC: 5.5254e-04, m: 3.2284e-03, u: 1.3215e-02, v: 3.5394e-02, pde_a: 4.8555e-03
Epoch: 670/5000 - Time: 7.53s - Loss: 2.8129e-02 | a: 7.5971e-03, BC: 5.7932e-04, m: 3.5446e-03, u: 1.7431e-02, v: 3.4274e-02, pde_a: 5.6763e-03
Epoch: 680/5000 - Time: 7.60s - Loss: 1.9035e-01 | a: 6.0086e-02, BC: 7.4068e-03, m: 9.7829e-03, u: 4.4915e-02, v: 1.0718e-01, pde_a: 6.7557e-02
Epoch: 690/5000 - Time: 7.63s - Loss: 1.7591e-02 | a: 6.2581e-03, BC: 2.0900e-04, m: 2.6277e-03, u: 7.0444e-03, v: 2.7231e-02, pde_a: 3.0072e-03
Saving checkpoint at epoch 690 with loss 1.7591e-02
Epoch: 700/5000 - Time: 7.64s - Loss: 2.0190e-02 | a: 6.1241e-03, BC: 2.7653e-04, m: 2.9077e-03, u: 1.0026e-02, v: 3.0834e-02, pde_a: 3.7404e-03
Epoch: 710/5000 - Time: 7.56s - Loss: 1.8500e-02 | a: 5.5443e-03, BC: 2.3762e-04, m: 2.7070e-03, u: 9.2061e-03, v: 2.6373e-02, pde_a: 3.6144e-03
Epoch: 720/5000 - Time: 7.62s - Loss: 1.9613e-02 | a: 5.8155e-03, BC: 2.7415e-04, m: 2.5671e-03, u: 9.3159e-03, v: 2.7156e-02, pde_a: 4.2029e-03
Epoch: 730/5000 - Time: 8.37s - Loss: 1.9322e-02 | a: 6.3880e-03, BC: 3.2466e-04, m: 2.6164e-03, u: 8.6186e-03, v: 2.7533e-02, pde_a: 3.6573e-03
Epoch: 740/5000 - Time: 8.56s - Loss: 2.1546e-02 | a: 7.8559e-03, BC: 3.2736e-04, m: 2.9937e-03, u: 8.0098e-03, v: 3.0757e-02, pde_a: 3.9808e-03
Epoch: 750/5000 - Time: 8.63s - Loss: 5.6257e-02 | a: 3.3762e-02, BC: 9.4863e-04, m: 2.9861e-03, u: 1.3257e-02, v: 3.1486e-02, pde_a: 8.6305e-03
Epoch: 760/5000 - Time: 7.80s - Loss: 2.3548e-02 | a: 7.9932e-03, BC: 7.1401e-04, m: 2.7989e-03, u: 9.5906e-03, v: 2.9669e-02, pde_a: 4.8200e-03
Epoch: 770/5000 - Time: 7.52s - Loss: 1.8286e-02 | a: 5.8625e-03, BC: 2.5955e-04, m: 2.6518e-03, u: 8.1020e-03, v: 2.8758e-02, pde_a: 3.3560e-03
Epoch: 780/5000 - Time: 7.60s - Loss: 3.4876e-02 | a: 1.3264e-02, BC: 1.8906e-03, m: 3.2755e-03, u: 1.2865e-02, v: 3.6242e-02, pde_a: 6.8336e-03
Epoch: 790/5000 - Time: 7.66s - Loss: 2.2957e-02 | a: 6.5623e-03, BC: 4.3773e-04, m: 3.1747e-03, u: 1.0739e-02, v: 3.3918e-02, pde_a: 4.8163e-03
Epoch: 800/5000 - Time: 7.63s - Loss: 3.5349e-02 | a: 7.3678e-03, BC: 7.6409e-04, m: 4.3528e-03, u: 3.3697e-02, v: 3.9460e-02, pde_a: 5.5919e-03
Epoch: 810/5000 - Time: 7.57s - Loss: 2.7937e-02 | a: 7.7898e-03, BC: 4.4007e-04, m: 2.7746e-03, u: 8.9652e-03, v: 2.8480e-02, pde_a: 8.8412e-03
Epoch: 820/5000 - Time: 7.62s - Loss: 1.6564e-01 | a: 7.2816e-02, BC: 2.4320e-03, m: 5.0440e-03, u: 2.2864e-02, v: 5.2087e-02, pde_a: 5.5894e-02
Epoch: 830/5000 - Time: 7.63s - Loss: 1.8570e-02 | a: 6.9619e-03, BC: 2.5048e-04, m: 2.5666e-03, u: 6.8940e-03, v: 2.6826e-02, pde_a: 3.2924e-03
Epoch: 840/5000 - Time: 7.88s - Loss: 1.7469e-02 | a: 6.0378e-03, BC: 2.3900e-04, m: 2.4686e-03, u: 6.6484e-03, v: 2.5712e-02, pde_a: 3.3742e-03
Saving checkpoint at epoch 840 with loss 1.7469e-02
Epoch: 850/5000 - Time: 8.38s - Loss: 2.7578e-02 | a: 8.8124e-03, BC: 3.9742e-04, m: 3.4834e-03, u: 2.0369e-02, v: 2.9807e-02, pde_a: 3.9697e-03
Epoch: 860/5000 - Time: 8.19s - Loss: 2.0310e-02 | a: 5.3550e-03, BC: 3.2366e-04, m: 2.6882e-03, u: 1.0032e-02, v: 3.0162e-02, pde_a: 4.5421e-03
Epoch: 870/5000 - Time: 8.29s - Loss: 1.9619e-02 | a: 6.3292e-03, BC: 2.8197e-04, m: 2.5258e-03, u: 7.8032e-03, v: 2.6265e-02, pde_a: 4.3497e-03
Epoch: 880/5000 - Time: 8.36s - Loss: 2.6842e-02 | a: 8.9593e-03, BC: 4.3671e-04, m: 2.9110e-03, u: 1.3801e-02, v: 3.0457e-02, pde_a: 5.4442e-03
Epoch: 890/5000 - Time: 8.64s - Loss: 3.0702e-02 | a: 7.3818e-03, BC: 6.1539e-04, m: 4.0138e-03, u: 2.6789e-02, v: 3.0051e-02, pde_a: 5.1048e-03
Epoch: 900/5000 - Time: 8.52s - Loss: 8.7893e-02 | a: 2.5038e-02, BC: 3.1394e-03, m: 6.4462e-03, u: 2.8265e-02, v: 6.8844e-02, pde_a: 2.8782e-02
Epoch: 910/5000 - Time: 7.61s - Loss: 1.6808e-02 | a: 5.1112e-03, BC: 1.9452e-04, m: 2.4542e-03, u: 6.8821e-03, v: 2.5446e-02, pde_a: 3.5704e-03
Saving checkpoint at epoch 910 with loss 1.6808e-02
Epoch: 920/5000 - Time: 7.55s - Loss: 1.7262e-02 | a: 5.0840e-03, BC: 2.3499e-04, m: 2.5119e-03, u: 7.4024e-03, v: 2.5689e-02, pde_a: 3.7055e-03
Epoch: 930/5000 - Time: 7.94s - Loss: 2.3968e-02 | a: 8.4873e-03, BC: 4.8641e-04, m: 2.6854e-03, u: 1.0579e-02, v: 2.7299e-02, pde_a: 4.8855e-03
Epoch: 940/5000 - Time: 8.52s - Loss: 2.6428e-02 | a: 6.4520e-03, BC: 4.7138e-04, m: 3.3428e-03, u: 1.9313e-02, v: 2.9357e-02, pde_a: 5.2582e-03
Epoch: 950/5000 - Time: 8.59s - Loss: 2.3621e-02 | a: 5.1539e-03, BC: 3.7812e-04, m: 3.1486e-03, u: 1.5187e-02, v: 3.1041e-02, pde_a: 5.3639e-03
Epoch: 960/5000 - Time: 8.53s - Loss: 2.3601e-02 | a: 6.6761e-03, BC: 3.7513e-04, m: 2.9791e-03, u: 9.8160e-03, v: 3.1715e-02, pde_a: 5.8143e-03
Epoch: 970/5000 - Time: 8.28s - Loss: 2.4424e-02 | a: 7.5995e-03, BC: 4.7801e-04, m: 2.8707e-03, u: 1.2852e-02, v: 3.0144e-02, pde_a: 4.9287e-03
Epoch: 980/5000 - Time: 8.57s - Loss: 2.7478e-02 | a: 7.9322e-03, BC: 7.0445e-04, m: 2.8344e-03, u: 9.8133e-03, v: 2.9231e-02, pde_a: 7.8367e-03
Epoch: 990/5000 - Time: 8.41s - Loss: 3.0081e-02 | a: 1.0520e-02, BC: 8.4587e-04, m: 3.6122e-03, u: 1.2500e-02, v: 3.9211e-02, pde_a: 5.7757e-03
Epoch: 1000/5000 - Time: 8.50s - Loss: 2.0768e-02 | a: 5.9283e-03, BC: 5.3254e-04, m: 2.5970e-03, u: 8.3818e-03, v: 2.7956e-02, pde_a: 5.0044e-03
Epoch: 1010/5000 - Time: 8.45s - Loss: 2.3258e-02 | a: 8.1889e-03, BC: 4.8630e-04, m: 2.6808e-03, u: 1.0139e-02, v: 2.7779e-02, pde_a: 4.6653e-03
Epoch: 1020/5000 - Time: 8.47s - Loss: 2.9194e-02 | a: 8.0591e-03, BC: 6.4113e-04, m: 3.4556e-03, u: 1.8297e-02, v: 3.8502e-02, pde_a: 5.5397e-03
Epoch: 1030/5000 - Time: 8.06s - Loss: 7.0098e-02 | a: 3.5162e-02, BC: 2.3508e-03, m: 3.9256e-03, u: 1.6934e-02, v: 4.0669e-02, pde_a: 1.4814e-02
Epoch: 1040/5000 - Time: 7.80s - Loss: 2.1382e-02 | a: 6.3015e-03, BC: 2.9567e-04, m: 2.7803e-03, u: 1.3493e-02, v: 2.6998e-02, pde_a: 3.8338e-03
Epoch: 1050/5000 - Time: 7.60s - Loss: 3.1664e-02 | a: 1.4214e-02, BC: 6.3203e-04, m: 2.8437e-03, u: 1.2492e-02, v: 2.9864e-02, pde_a: 5.4324e-03
Epoch: 1060/5000 - Time: 7.60s - Loss: 2.5001e-02 | a: 5.9851e-03, BC: 5.1426e-04, m: 3.6368e-03, u: 2.0670e-02, v: 2.9998e-02, pde_a: 3.8941e-03
Epoch: 1070/5000 - Time: 7.66s - Loss: 2.1244e-02 | a: 7.0874e-03, BC: 3.3527e-04, m: 2.7574e-03, u: 8.6486e-03, v: 3.0087e-02, pde_a: 4.3071e-03
Epoch: 1080/5000 - Time: 8.33s - Loss: 1.6497e-02 | a: 4.9757e-03, BC: 2.0370e-04, m: 2.3365e-03, u: 6.6892e-03, v: 2.4720e-02, pde_a: 3.5997e-03
Saving checkpoint at epoch 1080 with loss 1.6497e-02
Epoch: 1090/5000 - Time: 8.45s - Loss: 2.3190e-02 | a: 5.4930e-03, BC: 4.2538e-04, m: 3.2796e-03, u: 1.8773e-02, v: 2.9779e-02, pde_a: 3.7050e-03
Epoch: 1100/5000 - Time: 7.98s - Loss: 3.3753e-02 | a: 1.0852e-02, BC: 7.1447e-04, m: 3.8551e-03, u: 2.1252e-02, v: 4.0894e-02, pde_a: 5.5752e-03
Epoch: 1110/5000 - Time: 7.97s - Loss: 2.0581e-02 | a: 7.8889e-03, BC: 3.7181e-04, m: 2.4646e-03, u: 7.3621e-03, v: 2.6239e-02, pde_a: 3.9859e-03
Epoch: 1120/5000 - Time: 8.49s - Loss: 2.5330e-02 | a: 7.2181e-03, BC: 4.7802e-04, m: 3.3440e-03, u: 1.5265e-02, v: 3.4648e-02, pde_a: 4.6119e-03
Epoch: 1130/5000 - Time: 8.38s - Loss: 1.8074e-01 | a: 1.1640e-01, BC: 3.7585e-03, m: 7.2501e-03, u: 3.7494e-02, v: 5.5982e-02, pde_a: 2.7325e-02
Epoch: 1140/5000 - Time: 8.43s - Loss: 1.5527e-02 | a: 5.0844e-03, BC: 1.6303e-04, m: 2.3627e-03, u: 6.2163e-03, v: 2.5287e-02, pde_a: 2.8882e-03
Saving checkpoint at epoch 1140 with loss 1.5527e-02
Epoch: 1150/5000 - Time: 8.59s - Loss: 1.7500e-02 | a: 5.1635e-03, BC: 2.5912e-04, m: 2.4412e-03, u: 9.1941e-03, v: 2.6200e-02, pde_a: 3.2673e-03
Epoch: 1160/5000 - Time: 8.59s - Loss: 2.1025e-02 | a: 6.3817e-03, BC: 3.4022e-04, m: 2.7965e-03, u: 1.3562e-02, v: 2.7850e-02, pde_a: 3.3686e-03
Epoch: 1170/5000 - Time: 8.64s - Loss: 1.8158e-02 | a: 5.3110e-03, BC: 2.2558e-04, m: 2.5392e-03, u: 1.1131e-02, v: 2.4706e-02, pde_a: 3.1782e-03
Epoch: 1180/5000 - Time: 8.62s - Loss: 2.3596e-02 | a: 5.1786e-03, BC: 4.0543e-04, m: 3.2573e-03, u: 1.7544e-02, v: 2.8757e-02, pde_a: 4.7303e-03
Epoch: 1190/5000 - Time: 8.60s - Loss: 1.7668e-02 | a: 5.3994e-03, BC: 2.1733e-04, m: 2.3634e-03, u: 7.8262e-03, v: 2.5246e-02, pde_a: 3.7684e-03
Epoch: 1200/5000 - Time: 8.46s - Loss: 1.8579e-02 | a: 5.4871e-03, BC: 2.6879e-04, m: 2.4571e-03, u: 8.6817e-03, v: 2.5751e-02, pde_a: 4.0196e-03
Epoch: 1210/5000 - Time: 7.61s - Loss: 2.5302e-02 | a: 5.8771e-03, BC: 5.3230e-04, m: 2.5926e-03, u: 9.5642e-03, v: 2.6439e-02, pde_a: 8.2868e-03
Epoch: 1220/5000 - Time: 7.52s - Loss: 2.1070e-01 | a: 1.1971e-01, BC: 5.4276e-03, m: 8.6645e-03, u: 3.3195e-02, v: 9.0023e-02, pde_a: 4.4374e-02
Epoch: 1230/5000 - Time: 7.68s - Loss: 1.6769e-02 | a: 5.3926e-03, BC: 2.2779e-04, m: 2.4598e-03, u: 7.1961e-03, v: 2.5685e-02, pde_a: 3.1838e-03
Epoch: 1240/5000 - Time: 7.67s - Loss: 1.9278e-02 | a: 5.1605e-03, BC: 3.1412e-04, m: 2.9860e-03, u: 1.2143e-02, v: 3.0212e-02, pde_a: 3.1320e-03
Epoch: 1250/5000 - Time: 7.78s - Loss: 2.1694e-02 | a: 7.4668e-03, BC: 3.7134e-04, m: 2.5211e-03, u: 9.6255e-03, v: 2.9560e-02, pde_a: 4.1967e-03
Epoch: 1260/5000 - Time: 8.41s - Loss: 1.9152e-02 | a: 5.3393e-03, BC: 3.0571e-04, m: 2.8884e-03, u: 8.4119e-03, v: 3.0106e-02, pde_a: 4.0731e-03
Epoch: 1270/5000 - Time: 8.05s - Loss: 1.9788e-02 | a: 7.3172e-03, BC: 3.4050e-04, m: 2.2888e-03, u: 7.4209e-03, v: 2.3737e-02, pde_a: 4.1048e-03
Epoch: 1280/5000 - Time: 7.70s - Loss: 3.0186e-02 | a: 1.3790e-02, BC: 8.6210e-04, m: 2.6990e-03, u: 1.0593e-02, v: 3.1682e-02, pde_a: 4.9406e-03
Epoch: 1290/5000 - Time: 7.66s - Loss: 1.9834e-02 | a: 6.9399e-03, BC: 2.7599e-04, m: 2.3390e-03, u: 7.4132e-03, v: 2.4529e-02, pde_a: 4.3940e-03
Epoch: 1300/5000 - Time: 7.51s - Loss: 2.2559e-02 | a: 5.9842e-03, BC: 4.7441e-04, m: 2.5440e-03, u: 1.1046e-02, v: 2.7116e-02, pde_a: 5.6751e-03
Epoch: 1310/5000 - Time: 7.83s - Loss: 2.1062e-02 | a: 6.9952e-03, BC: 4.5902e-04, m: 2.7996e-03, u: 8.7464e-03, v: 3.2226e-02, pde_a: 3.9240e-03
Epoch: 1320/5000 - Time: 8.37s - Loss: 3.5440e-02 | a: 9.3237e-03, BC: 9.1735e-04, m: 3.8064e-03, u: 1.5916e-02, v: 3.8451e-02, pde_a: 9.6915e-03
Epoch: 1330/5000 - Time: 8.52s - Loss: 2.0342e-02 | a: 7.4491e-03, BC: 2.3584e-04, m: 2.5483e-03, u: 8.7532e-03, v: 2.6119e-02, pde_a: 3.7980e-03
Epoch: 1340/5000 - Time: 8.47s - Loss: 1.9503e-02 | a: 5.5854e-03, BC: 3.2351e-04, m: 2.7618e-03, u: 9.5396e-03, v: 2.9860e-02, pde_a: 3.8833e-03
Epoch: 1350/5000 - Time: 7.63s - Loss: 2.0964e-02 | a: 5.1068e-03, BC: 3.3218e-04, m: 3.0720e-03, u: 1.6072e-02, v: 2.8514e-02, pde_a: 3.3719e-03
Epoch: 1360/5000 - Time: 7.63s - Loss: 3.8385e-02 | a: 5.6481e-03, BC: 8.2980e-04, m: 5.3968e-03, u: 4.7353e-02, v: 4.3845e-02, pde_a: 4.2653e-03
Epoch: 1370/5000 - Time: 7.59s - Loss: 1.8529e-02 | a: 5.2330e-03, BC: 3.2449e-04, m: 2.4595e-03, u: 9.3335e-03, v: 2.4473e-02, pde_a: 4.0393e-03
Epoch: 1380/5000 - Time: 7.93s - Loss: 1.8363e-02 | a: 5.6882e-03, BC: 3.4196e-04, m: 2.4553e-03, u: 7.8267e-03, v: 2.5301e-02, pde_a: 3.9358e-03
Epoch: 1390/5000 - Time: 7.77s - Loss: 2.8385e-02 | a: 8.0625e-03, BC: 8.1443e-04, m: 3.0404e-03, u: 1.7744e-02, v: 2.9194e-02, pde_a: 5.8863e-03
Epoch: 1400/5000 - Time: 7.49s - Loss: 6.1108e-02 | a: 2.1863e-02, BC: 3.0546e-03, m: 3.4676e-03, u: 2.2798e-02, v: 3.2869e-02, pde_a: 1.6664e-02
Epoch: 1410/5000 - Time: 8.48s - Loss: 1.8751e-02 | a: 5.6484e-03, BC: 3.0516e-04, m: 2.5356e-03, u: 9.7044e-03, v: 2.6206e-02, pde_a: 3.6212e-03
Epoch: 1420/5000 - Time: 8.56s - Loss: 1.7232e-02 | a: 5.1398e-03, BC: 2.2889e-04, m: 2.4158e-03, u: 9.1566e-03, v: 2.4855e-02, pde_a: 3.2332e-03
Epoch: 1430/5000 - Time: 8.55s - Loss: 1.8925e-02 | a: 5.6112e-03, BC: 2.7664e-04, m: 2.4264e-03, u: 9.3719e-03, v: 2.5747e-02, pde_a: 3.9924e-03
Epoch: 1440/5000 - Time: 8.57s - Loss: 3.1656e-02 | a: 1.1117e-02, BC: 6.7414e-04, m: 2.5888e-03, u: 1.0695e-02, v: 2.6899e-02, pde_a: 8.6597e-03
Epoch: 1450/5000 - Time: 8.45s - Loss: 1.8315e-02 | a: 5.3601e-03, BC: 2.7916e-04, m: 2.2995e-03, u: 6.9919e-03, v: 2.5380e-02, pde_a: 4.5156e-03
Epoch: 1460/5000 - Time: 8.54s - Loss: 3.9235e-02 | a: 1.8142e-02, BC: 1.3739e-03, m: 3.2845e-03, u: 1.3759e-02, v: 3.7260e-02, pde_a: 6.4807e-03
Epoch: 1470/5000 - Time: 8.34s - Loss: 2.3380e-02 | a: 6.2642e-03, BC: 6.1864e-04, m: 2.7452e-03, u: 1.1604e-02, v: 2.9236e-02, pde_a: 5.5487e-03
Epoch: 1480/5000 - Time: 7.58s - Loss: 3.1159e-02 | a: 1.0569e-02, BC: 6.2631e-04, m: 3.1291e-03, u: 1.5781e-02, v: 3.5261e-02, pde_a: 6.2968e-03
Epoch: 1490/5000 - Time: 7.63s - Loss: 1.5823e-02 | a: 5.1297e-03, BC: 1.8648e-04, m: 2.2728e-03, u: 6.7498e-03, v: 2.4849e-02, pde_a: 2.9805e-03
Epoch: 1500/5000 - Time: 7.69s - Loss: 1.7774e-02 | a: 6.1951e-03, BC: 2.6758e-04, m: 2.3298e-03, u: 7.3298e-03, v: 2.4951e-02, pde_a: 3.3889e-03
Epoch: 1510/5000 - Time: 7.54s - Loss: 1.8254e-02 | a: 5.6944e-03, BC: 2.3204e-04, m: 2.4396e-03, u: 9.9774e-03, v: 2.4288e-02, pde_a: 3.3774e-03
Epoch: 1520/5000 - Time: 7.61s - Loss: 2.0176e-02 | a: 4.9709e-03, BC: 3.2447e-04, m: 2.6998e-03, u: 1.1266e-02, v: 2.7932e-02, pde_a: 4.5359e-03
Epoch: 1530/5000 - Time: 7.93s - Loss: 2.8067e-02 | a: 5.2937e-03, BC: 4.8781e-04, m: 3.7657e-03, u: 2.3941e-02, v: 3.8286e-02, pde_a: 5.0975e-03
Epoch: 1540/5000 - Time: 8.39s - Loss: 1.8563e-02 | a: 5.0148e-03, BC: 2.4531e-04, m: 2.3201e-03, u: 9.5939e-03, v: 2.3814e-02, pde_a: 4.3343e-03
Epoch: 1550/5000 - Time: 8.46s - Loss: 9.2498e-02 | a: 6.6114e-02, BC: 1.0404e-03, m: 2.4854e-03, u: 1.0552e-02, v: 2.9615e-02, pde_a: 1.2734e-02
Epoch: 1560/5000 - Time: 8.24s - Loss: 1.6682e-02 | a: 5.1087e-03, BC: 2.5506e-04, m: 2.1514e-03, u: 6.5936e-03, v: 2.3640e-02, pde_a: 3.8027e-03
Epoch: 1570/5000 - Time: 8.38s - Loss: 4.0757e-02 | a: 1.1870e-02, BC: 1.1087e-03, m: 3.9367e-03, u: 1.9448e-02, v: 4.0099e-02, pde_a: 1.0421e-02
Epoch: 1580/5000 - Time: 8.44s - Loss: 2.0008e-02 | a: 6.2285e-03, BC: 3.0626e-04, m: 2.5278e-03, u: 1.0350e-02, v: 2.6674e-02, pde_a: 3.9129e-03
Epoch: 1590/5000 - Time: 8.01s - Loss: 2.3758e-02 | a: 7.4208e-03, BC: 5.5101e-04, m: 2.7750e-03, u: 1.0660e-02, v: 3.0483e-02, pde_a: 5.1721e-03
Epoch: 1600/5000 - Time: 7.71s - Loss: 1.8739e-02 | a: 6.8052e-03, BC: 2.3723e-04, m: 2.2970e-03, u: 7.5746e-03, v: 2.4348e-02, pde_a: 3.6740e-03
Epoch: 1610/5000 - Time: 7.63s - Loss: 1.5902e-02 | a: 4.7901e-03, BC: 2.3162e-04, m: 2.2398e-03, u: 6.8464e-03, v: 2.4209e-02, pde_a: 3.3044e-03
Epoch: 1620/5000 - Time: 8.06s - Loss: 1.7295e-02 | a: 6.0502e-03, BC: 2.8157e-04, m: 2.2022e-03, u: 7.9252e-03, v: 2.3874e-02, pde_a: 3.0904e-03
Epoch: 1630/5000 - Time: 8.62s - Loss: 2.8319e-02 | a: 5.7808e-03, BC: 4.9981e-04, m: 3.9060e-03, u: 2.9486e-02, v: 2.9536e-02, pde_a: 3.8815e-03
Epoch: 1640/5000 - Time: 8.60s - Loss: 1.7526e-02 | a: 5.2369e-03, BC: 2.9103e-04, m: 2.3449e-03, u: 7.2480e-03, v: 2.5748e-02, pde_a: 3.8689e-03
Epoch: 1650/5000 - Time: 7.60s - Loss: 2.1180e-02 | a: 7.3742e-03, BC: 2.9286e-04, m: 2.5112e-03, u: 1.2396e-02, v: 2.5910e-02, pde_a: 3.4010e-03
Epoch: 1660/5000 - Time: 7.63s - Loss: 1.7327e-02 | a: 4.7454e-03, BC: 2.0382e-04, m: 2.3702e-03, u: 8.3110e-03, v: 2.4251e-02, pde_a: 3.9492e-03
Epoch: 1670/5000 - Time: 7.50s - Loss: 2.1702e-02 | a: 8.1341e-03, BC: 4.7741e-04, m: 2.3542e-03, u: 8.4518e-03, v: 2.6203e-02, pde_a: 4.3061e-03
Epoch: 1680/5000 - Time: 7.54s - Loss: 1.9084e-02 | a: 5.5678e-03, BC: 2.2648e-04, m: 2.2365e-03, u: 9.0408e-03, v: 2.3739e-02, pde_a: 4.5349e-03
Epoch: 1690/5000 - Time: 7.62s - Loss: 1.6742e-02 | a: 4.8266e-03, BC: 2.7865e-04, m: 2.1582e-03, u: 6.9282e-03, v: 2.2677e-02, pde_a: 4.0203e-03
Epoch: 1700/5000 - Time: 7.72s - Loss: 2.1643e-02 | a: 8.0166e-03, BC: 5.6125e-04, m: 2.4730e-03, u: 9.1369e-03, v: 2.6295e-02, pde_a: 4.0182e-03
Epoch: 1710/5000 - Time: 7.58s - Loss: 1.3730e-01 | a: 7.1426e-02, BC: 1.4675e-03, m: 3.3039e-03, u: 1.6092e-02, v: 3.1266e-02, pde_a: 4.0487e-02
Epoch: 1720/5000 - Time: 7.64s - Loss: 1.6207e-02 | a: 5.4386e-03, BC: 1.9968e-04, m: 2.4179e-03, u: 7.0561e-03, v: 2.6620e-02, pde_a: 2.7272e-03
Epoch: 1730/5000 - Time: 7.68s - Loss: 1.6193e-02 | a: 5.3772e-03, BC: 2.0661e-04, m: 2.3021e-03, u: 7.2725e-03, v: 2.4460e-02, pde_a: 2.9203e-03
Epoch: 1740/5000 - Time: 8.32s - Loss: 1.7813e-02 | a: 5.1680e-03, BC: 3.1989e-04, m: 2.4097e-03, u: 9.3489e-03, v: 2.4674e-02, pde_a: 3.5469e-03
Epoch: 1750/5000 - Time: 8.50s - Loss: 2.2143e-02 | a: 5.5013e-03, BC: 4.2282e-04, m: 2.9428e-03, u: 1.9203e-02, v: 2.7700e-02, pde_a: 3.0955e-03
Epoch: 1760/5000 - Time: 8.48s - Loss: 2.0462e-02 | a: 5.1428e-03, BC: 4.1625e-04, m: 2.7540e-03, u: 1.2555e-02, v: 3.3286e-02, pde_a: 3.7176e-03
Epoch: 1770/5000 - Time: 8.27s - Loss: 3.3257e-02 | a: 1.1665e-02, BC: 7.1152e-04, m: 3.2600e-03, u: 1.1881e-02, v: 3.3956e-02, pde_a: 8.2040e-03
Epoch: 1780/5000 - Time: 8.38s - Loss: 1.9503e-02 | a: 7.1240e-03, BC: 3.3064e-04, m: 2.1910e-03, u: 7.0149e-03, v: 2.4159e-02, pde_a: 4.1766e-03
Epoch: 1790/5000 - Time: 8.54s - Loss: 2.3398e-02 | a: 7.0222e-03, BC: 5.3140e-04, m: 2.6480e-03, u: 1.4056e-02, v: 2.6470e-02, pde_a: 4.5829e-03
Epoch: 1800/5000 - Time: 8.55s - Loss: 2.5003e-02 | a: 7.6135e-03, BC: 6.0298e-04, m: 2.6531e-03, u: 1.3255e-02, v: 2.6310e-02, pde_a: 5.5540e-03
Epoch: 1810/5000 - Time: 7.73s - Loss: 2.6598e-02 | a: 9.3225e-03, BC: 4.1493e-04, m: 2.3675e-03, u: 9.2970e-03, v: 2.4832e-02, pde_a: 7.0451e-03
Epoch: 1820/5000 - Time: 7.61s - Loss: 7.5556e-02 | a: 4.0530e-02, BC: 2.0191e-03, m: 3.6080e-03, u: 1.4559e-02, v: 3.5380e-02, pde_a: 1.6417e-02
Epoch: 1830/5000 - Time: 7.61s - Loss: 1.5372e-02 | a: 5.2443e-03, BC: 1.7052e-04, m: 2.1624e-03, u: 6.2619e-03, v: 2.3705e-02, pde_a: 2.8488e-03
Saving checkpoint at epoch 1830 with loss 1.5372e-02
Epoch: 1840/5000 - Time: 8.19s - Loss: 2.0453e-02 | a: 4.9211e-03, BC: 3.1870e-04, m: 3.1576e-03, u: 1.5445e-02, v: 3.0838e-02, pde_a: 3.0953e-03
Epoch: 1850/5000 - Time: 8.54s - Loss: 1.7587e-02 | a: 5.2640e-03, BC: 2.0686e-04, m: 2.2445e-03, u: 8.8220e-03, v: 2.3757e-02, pde_a: 3.6955e-03
Epoch: 1860/5000 - Time: 7.89s - Loss: 1.6405e-02 | a: 4.7569e-03, BC: 2.3257e-04, m: 2.4859e-03, u: 6.9969e-03, v: 2.7120e-02, pde_a: 3.3217e-03
Epoch: 1870/5000 - Time: 8.05s - Loss: 2.1815e-02 | a: 6.3446e-03, BC: 3.2293e-04, m: 2.6010e-03, u: 1.3684e-02, v: 2.5413e-02, pde_a: 4.2658e-03
Epoch: 1880/5000 - Time: 7.76s - Loss: 2.1504e-02 | a: 5.3834e-03, BC: 4.5213e-04, m: 2.8042e-03, u: 1.5352e-02, v: 2.6370e-02, pde_a: 3.9947e-03
Epoch: 1890/5000 - Time: 7.71s - Loss: 2.3881e-01 | a: 1.2794e-01, BC: 3.5117e-03, m: 5.5614e-03, u: 2.1814e-02, v: 4.9692e-02, pde_a: 6.9145e-02
Epoch: 1900/5000 - Time: 7.60s - Loss: 1.7549e-02 | a: 5.0821e-03, BC: 2.3031e-04, m: 2.3730e-03, u: 1.0398e-02, v: 2.3923e-02, pde_a: 3.2428e-03
Epoch: 1910/5000 - Time: 8.41s - Loss: 1.7304e-02 | a: 5.2712e-03, BC: 3.0366e-04, m: 2.1471e-03, u: 7.7072e-03, v: 2.2611e-02, pde_a: 3.8689e-03
Epoch: 1920/5000 - Time: 8.65s - Loss: 1.8536e-02 | a: 5.9121e-03, BC: 2.7893e-04, m: 2.1948e-03, u: 8.3545e-03, v: 2.3581e-02, pde_a: 4.0484e-03
Epoch: 1930/5000 - Time: 8.56s - Loss: 2.0372e-02 | a: 5.2544e-03, BC: 5.7322e-04, m: 2.3630e-03, u: 8.7447e-03, v: 2.5560e-02, pde_a: 5.3793e-03
Epoch: 1940/5000 - Time: 7.71s - Loss: 2.7120e-02 | a: 6.2839e-03, BC: 6.0471e-04, m: 3.9283e-03, u: 1.7106e-02, v: 4.1459e-02, pde_a: 5.2342e-03
Epoch: 1950/5000 - Time: 7.68s - Loss: 2.4261e-02 | a: 5.6812e-03, BC: 4.2645e-04, m: 2.5306e-03, u: 1.2197e-02, v: 2.8394e-02, pde_a: 6.8092e-03
Epoch: 1960/5000 - Time: 7.54s - Loss: 2.0462e-02 | a: 5.9928e-03, BC: 3.3831e-04, m: 2.4937e-03, u: 1.2220e-02, v: 2.7448e-02, pde_a: 3.8134e-03
Epoch: 1970/5000 - Time: 7.58s - Loss: 2.5854e-02 | a: 6.9561e-03, BC: 1.0062e-03, m: 2.9162e-03, u: 1.4236e-02, v: 2.8458e-02, pde_a: 5.8121e-03
Epoch: 1980/5000 - Time: 7.71s - Loss: 2.6537e-02 | a: 1.0085e-02, BC: 9.3894e-04, m: 2.8331e-03, u: 9.1613e-03, v: 3.2586e-02, pde_a: 5.2163e-03
Epoch: 1990/5000 - Time: 7.89s - Loss: 1.6909e-02 | a: 5.4174e-03, BC: 2.0224e-04, m: 2.3176e-03, u: 8.1299e-03, v: 2.4704e-02, pde_a: 3.1587e-03
Epoch: 2000/5000 - Time: 7.63s - Loss: 1.5842e-02 | a: 4.8330e-03, BC: 1.8253e-04, m: 2.2050e-03, u: 7.6332e-03, v: 2.4108e-02, pde_a: 3.0533e-03
Epoch: 2010/5000 - Time: 7.60s - Loss: 1.7098e-02 | a: 5.8224e-03, BC: 2.3430e-04, m: 2.0770e-03, u: 7.4919e-03, v: 2.3060e-02, pde_a: 3.4040e-03
Epoch: 2020/5000 - Time: 7.57s - Loss: 2.0413e-02 | a: 7.0141e-03, BC: 3.5592e-04, m: 2.3707e-03, u: 1.0534e-02, v: 2.6125e-02, pde_a: 3.6467e-03
Epoch: 2030/5000 - Time: 8.38s - Loss: 2.4576e-02 | a: 7.7933e-03, BC: 5.7436e-04, m: 2.3736e-03, u: 1.0015e-02, v: 2.4916e-02, pde_a: 6.3211e-03
Epoch: 2040/5000 - Time: 8.25s - Loss: 4.1357e-02 | a: 2.0823e-02, BC: 1.0905e-03, m: 2.7650e-03, u: 1.2871e-02, v: 2.9546e-02, pde_a: 7.3937e-03
Epoch: 2050/5000 - Time: 7.75s - Loss: 1.7700e-02 | a: 5.2431e-03, BC: 2.3642e-04, m: 2.3578e-03, u: 8.3764e-03, v: 2.5016e-02, pde_a: 3.7543e-03
Epoch: 2060/5000 - Time: 7.70s - Loss: 1.8678e-02 | a: 5.5268e-03, BC: 2.7331e-04, m: 2.4035e-03, u: 9.8616e-03, v: 2.5608e-02, pde_a: 3.7464e-03
Epoch: 2070/5000 - Time: 7.77s - Loss: 3.4386e-02 | a: 1.5075e-02, BC: 2.3635e-03, m: 2.3885e-03, u: 1.1010e-02, v: 2.6527e-02, pde_a: 6.4559e-03
Epoch: 2080/5000 - Time: 8.58s - Loss: 1.5889e-02 | a: 5.1594e-03, BC: 1.7230e-04, m: 2.0564e-03, u: 5.7304e-03, v: 2.2434e-02, pde_a: 3.6182e-03
Epoch: 2090/5000 - Time: 8.61s - Loss: 1.5315e-02 | a: 4.6682e-03, BC: 1.5612e-04, m: 2.0081e-03, u: 5.8003e-03, v: 2.1884e-02, pde_a: 3.6134e-03
Saving checkpoint at epoch 2090 with loss 1.5315e-02
Epoch: 2100/5000 - Time: 8.64s - Loss: 1.6273e-02 | a: 4.8218e-03, BC: 1.8882e-04, m: 2.0833e-03, u: 8.0031e-03, v: 2.2910e-02, pde_a: 3.4298e-03
Epoch: 2110/5000 - Time: 8.51s - Loss: 1.7830e-02 | a: 4.7300e-03, BC: 2.4496e-04, m: 2.1136e-03, u: 8.1334e-03, v: 2.2634e-02, pde_a: 4.6190e-03
Epoch: 2120/5000 - Time: 7.88s - Loss: 2.5681e-02 | a: 7.6778e-03, BC: 4.1200e-04, m: 2.6294e-03, u: 1.4084e-02, v: 3.0237e-02, pde_a: 5.6227e-03
Epoch: 2130/5000 - Time: 7.61s - Loss: 2.3082e-02 | a: 5.9111e-03, BC: 4.2805e-04, m: 2.9475e-03, u: 1.4022e-02, v: 3.7320e-02, pde_a: 4.2774e-03
Epoch: 2140/5000 - Time: 7.61s - Loss: 5.5029e-02 | a: 1.9467e-02, BC: 9.3527e-04, m: 5.4159e-03, u: 3.4173e-02, v: 4.7074e-02, pde_a: 1.0016e-02
Epoch: 2150/5000 - Time: 7.93s - Loss: 1.6655e-02 | a: 5.0020e-03, BC: 2.3695e-04, m: 2.1923e-03, u: 7.4948e-03, v: 2.3109e-02, pde_a: 3.6314e-03
Epoch: 2160/5000 - Time: 8.59s - Loss: 2.6348e-02 | a: 8.8290e-03, BC: 4.9041e-04, m: 2.9775e-03, u: 1.6631e-02, v: 2.8286e-02, pde_a: 4.4204e-03
Epoch: 2170/5000 - Time: 7.93s - Loss: 1.6902e-02 | a: 6.1409e-03, BC: 2.2328e-04, m: 2.4424e-03, u: 7.2742e-03, v: 2.6869e-02, pde_a: 2.6070e-03
Epoch: 2180/5000 - Time: 7.96s - Loss: 1.6807e-02 | a: 5.4982e-03, BC: 2.8468e-04, m: 2.4309e-03, u: 6.9785e-03, v: 2.7541e-02, pde_a: 3.0200e-03
Epoch: 2190/5000 - Time: 8.45s - Loss: 2.3284e-02 | a: 1.0314e-02, BC: 3.2187e-04, m: 2.1997e-03, u: 8.8246e-03, v: 2.3884e-02, pde_a: 4.1136e-03
Epoch: 2200/5000 - Time: 8.55s - Loss: 2.0219e-02 | a: 8.2142e-03, BC: 3.1482e-04, m: 2.0674e-03, u: 7.6160e-03, v: 2.3792e-02, pde_a: 3.8106e-03
Epoch: 2210/5000 - Time: 8.35s - Loss: 1.8718e-02 | a: 5.2600e-03, BC: 3.5506e-04, m: 2.2357e-03, u: 1.1436e-02, v: 2.4455e-02, pde_a: 3.6207e-03
Epoch: 2220/5000 - Time: 8.31s - Loss: 2.2705e-02 | a: 6.8218e-03, BC: 5.7738e-04, m: 2.7679e-03, u: 1.2325e-02, v: 2.8187e-02, pde_a: 4.4935e-03
Epoch: 2230/5000 - Time: 8.48s - Loss: 2.3079e-02 | a: 9.3651e-03, BC: 7.6917e-04, m: 2.3962e-03, u: 8.0734e-03, v: 2.6414e-02, pde_a: 4.2705e-03
Epoch: 2240/5000 - Time: 8.38s - Loss: 1.7884e-02 | a: 5.1898e-03, BC: 2.6470e-04, m: 2.4400e-03, u: 8.6435e-03, v: 2.5596e-02, pde_a: 3.7495e-03
Epoch: 2250/5000 - Time: 7.67s - Loss: 2.1186e-02 | a: 5.2587e-03, BC: 3.2738e-04, m: 2.7757e-03, u: 1.4798e-02, v: 2.4465e-02, pde_a: 4.2719e-03
Epoch: 2260/5000 - Time: 7.75s - Loss: 1.8476e-02 | a: 5.1753e-03, BC: 2.3530e-04, m: 2.1645e-03, u: 6.8838e-03, v: 2.3084e-02, pde_a: 5.0929e-03
Epoch: 2270/5000 - Time: 7.58s - Loss: 2.3272e-02 | a: 5.5218e-03, BC: 4.5389e-04, m: 3.0065e-03, u: 1.6268e-02, v: 2.7240e-02, pde_a: 4.8033e-03
Epoch: 2280/5000 - Time: 8.39s - Loss: 1.8381e-02 | a: 5.4375e-03, BC: 2.7804e-04, m: 2.2475e-03, u: 9.5617e-03, v: 2.2864e-02, pde_a: 3.9651e-03
Epoch: 2290/5000 - Time: 8.63s - Loss: 4.5549e-02 | a: 1.4473e-02, BC: 9.9158e-04, m: 5.1814e-03, u: 2.8148e-02, v: 5.2545e-02, pde_a: 8.0114e-03
Epoch: 2300/5000 - Time: 8.58s - Loss: 4.4087e-02 | a: 2.1685e-02, BC: 2.0171e-03, m: 2.2458e-03, u: 9.3164e-03, v: 2.7007e-02, pde_a: 9.6252e-03
Epoch: 2310/5000 - Time: 8.65s - Loss: 1.5790e-02 | a: 4.8278e-03, BC: 1.5460e-04, m: 2.1166e-03, u: 7.5294e-03, v: 2.3054e-02, pde_a: 3.1957e-03
Epoch: 2320/5000 - Time: 7.94s - Loss: 1.7290e-02 | a: 5.7355e-03, BC: 2.0556e-04, m: 2.2751e-03, u: 8.7154e-03, v: 2.3585e-02, pde_a: 3.1389e-03
Epoch: 2330/5000 - Time: 7.68s - Loss: 2.4378e-02 | a: 6.7510e-03, BC: 4.0479e-04, m: 2.4479e-03, u: 9.0479e-03, v: 2.7605e-02, pde_a: 7.1376e-03
Epoch: 2340/5000 - Time: 7.63s - Loss: 2.5514e-02 | a: 7.3612e-03, BC: 6.2624e-04, m: 3.0996e-03, u: 1.7786e-02, v: 3.1779e-02, pde_a: 4.1219e-03
Epoch: 2350/5000 - Time: 7.55s - Loss: 1.9125e-02 | a: 5.4762e-03, BC: 3.1089e-04, m: 2.0918e-03, u: 6.7075e-03, v: 2.2868e-02, pde_a: 5.4055e-03
Epoch: 2360/5000 - Time: 7.63s - Loss: 1.9914e-02 | a: 6.8441e-03, BC: 3.2659e-04, m: 2.1095e-03, u: 7.4391e-03, v: 2.3672e-02, pde_a: 4.6596e-03
Epoch: 2370/5000 - Time: 7.71s - Loss: 3.2859e-02 | a: 7.7316e-03, BC: 8.9957e-04, m: 3.2236e-03, u: 1.3644e-02, v: 3.3627e-02, pde_a: 1.0286e-02
Epoch: 2380/5000 - Time: 7.67s - Loss: 1.7527e-02 | a: 5.6540e-03, BC: 2.0443e-04, m: 2.2147e-03, u: 8.5649e-03, v: 2.4403e-02, pde_a: 3.3922e-03
Epoch: 2390/5000 - Time: 7.69s - Loss: 3.0903e-02 | a: 8.4262e-03, BC: 5.6614e-04, m: 3.7811e-03, u: 2.7099e-02, v: 3.3425e-02, pde_a: 4.2470e-03
Epoch: 2400/5000 - Time: 8.38s - Loss: 1.9630e-02 | a: 4.8462e-03, BC: 3.8097e-04, m: 2.5677e-03, u: 8.7743e-03, v: 2.7122e-02, pde_a: 5.0410e-03
Epoch: 2410/5000 - Time: 8.49s - Loss: 2.8040e-02 | a: 7.6651e-03, BC: 5.0719e-04, m: 3.2384e-03, u: 2.2516e-02, v: 3.0497e-02, pde_a: 4.5398e-03
Epoch: 2420/5000 - Time: 8.57s - Loss: 3.3789e-02 | a: 5.1115e-03, BC: 6.2890e-04, m: 4.2784e-03, u: 3.9341e-02, v: 2.9362e-02, pde_a: 5.3819e-03
Epoch: 2430/5000 - Time: 8.59s - Loss: 1.5514e-02 | a: 4.7333e-03, BC: 2.5947e-04, m: 1.9534e-03, u: 6.6594e-03, v: 2.1503e-02, pde_a: 3.4367e-03
Epoch: 2440/5000 - Time: 8.20s - Loss: 1.6046e-02 | a: 4.9449e-03, BC: 2.2484e-04, m: 2.0889e-03, u: 6.3335e-03, v: 2.3885e-02, pde_a: 3.5521e-03
Epoch: 2450/5000 - Time: 7.60s - Loss: 1.6836e-02 | a: 4.6372e-03, BC: 2.6395e-04, m: 2.2813e-03, u: 8.5595e-03, v: 2.4614e-02, pde_a: 3.5493e-03
Epoch: 2460/5000 - Time: 7.67s - Loss: 1.8518e-02 | a: 5.3737e-03, BC: 3.3119e-04, m: 2.3276e-03, u: 9.1714e-03, v: 2.5728e-02, pde_a: 3.9291e-03
Epoch: 2470/5000 - Time: 7.61s - Loss: 1.9718e-02 | a: 4.6928e-03, BC: 3.0417e-04, m: 2.8089e-03, u: 1.0446e-02, v: 3.5137e-02, pde_a: 4.0351e-03
Epoch: 2480/5000 - Time: 7.70s - Loss: 2.1234e-02 | a: 6.9480e-03, BC: 4.0897e-04, m: 2.3170e-03, u: 8.5834e-03, v: 2.6344e-02, pde_a: 4.8764e-03
Epoch: 2490/5000 - Time: 7.93s - Loss: 2.3945e-02 | a: 6.9715e-03, BC: 5.3073e-04, m: 2.3779e-03, u: 1.1877e-02, v: 2.4264e-02, pde_a: 5.9951e-03
Epoch: 2500/5000 - Time: 7.95s - Loss: 1.8641e-02 | a: 5.6923e-03, BC: 3.3114e-04, m: 2.1226e-03, u: 7.6115e-03, v: 2.3487e-02, pde_a: 4.5208e-03
Epoch: 2510/5000 - Time: 7.56s - Loss: 1.3422e-01 | a: 7.5545e-02, BC: 5.6949e-03, m: 4.3032e-03, u: 2.2048e-02, v: 4.0799e-02, pde_a: 2.8721e-02
Epoch: 2520/5000 - Time: 7.55s - Loss: 1.5568e-02 | a: 5.5477e-03, BC: 1.7949e-04, m: 1.9887e-03, u: 6.0571e-03, v: 2.2487e-02, pde_a: 2.9998e-03
Epoch: 2530/5000 - Time: 7.56s - Loss: 1.5058e-02 | a: 4.6179e-03, BC: 1.9610e-04, m: 1.8847e-03, u: 6.9056e-03, v: 2.2314e-02, pde_a: 3.1188e-03
Saving checkpoint at epoch 2530 with loss 1.5058e-02
Epoch: 2540/5000 - Time: 8.27s - Loss: 1.8398e-02 | a: 4.8270e-03, BC: 2.2740e-04, m: 2.4858e-03, u: 9.7772e-03, v: 2.5973e-02, pde_a: 4.0603e-03
Epoch: 2550/5000 - Time: 8.24s - Loss: 3.1695e-02 | a: 7.4813e-03, BC: 5.8255e-04, m: 4.0322e-03, u: 3.2519e-02, v: 2.9987e-02, pde_a: 4.1011e-03
Epoch: 2560/5000 - Time: 8.50s - Loss: 1.6274e-02 | a: 4.5557e-03, BC: 3.1191e-04, m: 2.1131e-03, u: 9.1640e-03, v: 2.2469e-02, pde_a: 3.2149e-03
Epoch: 2570/5000 - Time: 8.59s - Loss: 9.6908e-02 | a: 4.5123e-02, BC: 2.1834e-03, m: 3.4812e-03, u: 1.4546e-02, v: 3.3627e-02, pde_a: 2.9334e-02
Epoch: 2580/5000 - Time: 8.36s - Loss: 2.8587e-01 | a: 2.4337e-01, BC: 1.8740e-03, m: 2.9638e-03, u: 1.2638e-02, v: 3.0793e-02, pde_a: 2.3497e-02
Epoch: 2590/5000 - Time: 7.63s - Loss: 1.5875e-02 | a: 4.5914e-03, BC: 1.7850e-04, m: 2.1466e-03, u: 8.5033e-03, v: 2.3410e-02, pde_a: 3.0902e-03
Epoch: 2600/5000 - Time: 7.72s - Loss: 1.8404e-02 | a: 4.9340e-03, BC: 2.6322e-04, m: 2.4107e-03, u: 8.8076e-03, v: 2.7283e-02, pde_a: 4.1762e-03
Epoch: 2610/5000 - Time: 7.68s - Loss: 1.9434e-02 | a: 5.0608e-03, BC: 3.3843e-04, m: 2.6660e-03, u: 1.3442e-02, v: 2.5720e-02, pde_a: 3.4303e-03
Epoch: 2620/5000 - Time: 7.67s - Loss: 2.2828e-02 | a: 4.9386e-03, BC: 3.9374e-04, m: 2.6937e-03, u: 1.8269e-02, v: 2.7272e-02, pde_a: 4.5049e-03
Epoch: 2630/5000 - Time: 8.18s - Loss: 2.4168e-02 | a: 8.1693e-03, BC: 4.2961e-04, m: 2.3870e-03, u: 1.1169e-02, v: 2.5787e-02, pde_a: 5.4114e-03
Epoch: 2640/5000 - Time: 8.68s - Loss: 1.5904e-02 | a: 5.3018e-03, BC: 2.0348e-04, m: 2.1138e-03, u: 5.9999e-03, v: 2.3503e-02, pde_a: 3.3046e-03
Epoch: 2650/5000 - Time: 7.64s - Loss: 1.4878e-02 | a: 5.0450e-03, BC: 1.4524e-04, m: 1.8658e-03, u: 5.8663e-03, v: 2.0878e-02, pde_a: 3.1257e-03
Saving checkpoint at epoch 2650 with loss 1.4878e-02
Epoch: 2660/5000 - Time: 7.73s - Loss: 1.6643e-02 | a: 5.5131e-03, BC: 1.9086e-04, m: 2.0470e-03, u: 8.1341e-03, v: 2.2422e-02, pde_a: 3.1990e-03
Epoch: 2670/5000 - Time: 7.66s - Loss: 7.2861e-02 | a: 3.9871e-02, BC: 3.3470e-03, m: 2.6100e-03, u: 1.1377e-02, v: 3.0444e-02, pde_a: 1.5657e-02
Epoch: 2680/5000 - Time: 7.67s - Loss: 1.6642e-02 | a: 5.1007e-03, BC: 2.9007e-04, m: 2.0774e-03, u: 7.9777e-03, v: 2.1775e-02, pde_a: 3.5214e-03
Epoch: 2690/5000 - Time: 7.57s - Loss: 1.9081e-02 | a: 6.1173e-03, BC: 2.7252e-04, m: 2.1843e-03, u: 9.7983e-03, v: 2.4116e-02, pde_a: 3.8454e-03
Epoch: 2700/5000 - Time: 7.69s - Loss: 2.5688e-02 | a: 1.1997e-02, BC: 4.0958e-04, m: 2.0971e-03, u: 9.5161e-03, v: 2.3612e-02, pde_a: 4.4631e-03
Epoch: 2710/5000 - Time: 7.60s - Loss: 2.0258e-02 | a: 4.3463e-03, BC: 4.1492e-04, m: 2.4914e-03, u: 1.2324e-02, v: 2.6904e-02, pde_a: 4.8732e-03
Epoch: 2720/5000 - Time: 7.63s - Loss: 2.1822e-02 | a: 6.3839e-03, BC: 4.7547e-04, m: 2.5412e-03, u: 1.1531e-02, v: 2.7578e-02, pde_a: 4.6233e-03
Epoch: 2730/5000 - Time: 7.88s - Loss: 2.1862e-02 | a: 4.8917e-03, BC: 4.0256e-04, m: 2.3959e-03, u: 1.2085e-02, v: 2.9638e-02, pde_a: 5.5939e-03
Epoch: 2740/5000 - Time: 8.20s - Loss: 4.0251e-02 | a: 1.1902e-02, BC: 1.8205e-03, m: 3.3720e-03, u: 1.2359e-02, v: 3.5882e-02, pde_a: 1.2183e-02
Epoch: 2750/5000 - Time: 8.22s - Loss: 3.8536e-02 | a: 1.8592e-02, BC: 8.4876e-04, m: 2.8213e-03, u: 1.1915e-02, v: 3.1573e-02, pde_a: 7.2245e-03
Epoch: 2760/5000 - Time: 8.27s - Loss: 2.5115e-02 | a: 5.8815e-03, BC: 6.2285e-04, m: 3.4921e-03, u: 1.6416e-02, v: 3.8225e-02, pde_a: 4.6631e-03
Epoch: 2770/5000 - Time: 8.56s - Loss: 4.4033e-01 | a: 3.7756e-01, BC: 4.8443e-03, m: 4.4620e-03, u: 4.1870e-02, v: 6.7145e-02, pde_a: 2.4430e-02
Epoch: 2780/5000 - Time: 8.04s - Loss: 1.5938e-02 | a: 4.5562e-03, BC: 2.1443e-04, m: 2.1311e-03, u: 7.9120e-03, v: 2.4398e-02, pde_a: 3.2433e-03
Epoch: 2790/5000 - Time: 7.84s - Loss: 1.5766e-02 | a: 4.0558e-03, BC: 1.7730e-04, m: 2.1097e-03, u: 9.8991e-03, v: 2.1925e-02, pde_a: 3.1370e-03
Epoch: 2800/5000 - Time: 7.67s - Loss: 3.3447e-02 | a: 6.8762e-03, BC: 9.5760e-04, m: 4.3299e-03, u: 3.5652e-02, v: 3.4964e-02, pde_a: 4.1476e-03
Epoch: 2810/5000 - Time: 7.55s - Loss: 1.6108e-02 | a: 5.5190e-03, BC: 2.3189e-04, m: 1.9269e-03, u: 6.0624e-03, v: 2.1373e-02, pde_a: 3.5121e-03
Epoch: 2820/5000 - Time: 7.65s - Loss: 1.6448e-02 | a: 4.5199e-03, BC: 2.2953e-04, m: 1.8936e-03, u: 6.9532e-03, v: 2.1357e-02, pde_a: 4.2910e-03
Epoch: 2830/5000 - Time: 8.13s - Loss: 1.6413e-02 | a: 4.9293e-03, BC: 1.8432e-04, m: 2.1813e-03, u: 8.7531e-03, v: 2.3798e-02, pde_a: 3.1175e-03
Epoch: 2840/5000 - Time: 8.57s - Loss: 1.4763e-02 | a: 4.6332e-03, BC: 1.6022e-04, m: 1.8841e-03, u: 6.6670e-03, v: 2.0827e-02, pde_a: 3.0984e-03
Saving checkpoint at epoch 2840 with loss 1.4763e-02
Epoch: 2850/5000 - Time: 8.54s - Loss: 2.2898e-02 | a: 4.5149e-03, BC: 3.5348e-04, m: 3.0686e-03, u: 2.4055e-02, v: 2.4177e-02, pde_a: 3.2549e-03
Epoch: 2860/5000 - Time: 8.56s - Loss: 1.6497e-02 | a: 4.7578e-03, BC: 2.0438e-04, m: 2.1835e-03, u: 9.1807e-03, v: 2.3117e-02, pde_a: 3.2228e-03
Epoch: 2870/5000 - Time: 8.56s - Loss: 2.4002e-02 | a: 7.9856e-03, BC: 3.7398e-04, m: 2.8045e-03, u: 1.2248e-02, v: 3.0896e-02, pde_a: 4.5420e-03
Epoch: 2880/5000 - Time: 7.92s - Loss: 2.4642e-02 | a: 6.0162e-03, BC: 4.0351e-04, m: 2.6619e-03, u: 1.9890e-02, v: 2.6771e-02, pde_a: 4.6332e-03
Epoch: 2890/5000 - Time: 7.60s - Loss: 1.6946e-02 | a: 4.3024e-03, BC: 2.5665e-04, m: 2.2177e-03, u: 9.1934e-03, v: 2.4781e-02, pde_a: 3.7238e-03
Epoch: 2900/5000 - Time: 7.64s - Loss: 5.6806e-02 | a: 1.0577e-02, BC: 1.5703e-03, m: 4.7014e-03, u: 2.3386e-02, v: 4.4626e-02, pde_a: 2.1455e-02
Epoch: 2910/5000 - Time: 7.66s - Loss: 2.1887e-02 | a: 8.4527e-03, BC: 3.4249e-04, m: 2.2007e-03, u: 9.6527e-03, v: 2.6008e-02, pde_a: 4.0375e-03
Epoch: 2920/5000 - Time: 7.69s - Loss: 2.0453e-02 | a: 6.6900e-03, BC: 2.6952e-04, m: 2.3785e-03, u: 1.3401e-02, v: 2.4278e-02, pde_a: 3.2792e-03
Epoch: 2930/5000 - Time: 7.68s - Loss: 1.9046e-02 | a: 4.6266e-03, BC: 2.5855e-04, m: 2.0955e-03, u: 9.1610e-03, v: 2.4579e-02, pde_a: 5.1665e-03
Epoch: 2940/5000 - Time: 7.62s - Loss: 1.5923e-02 | a: 4.2088e-03, BC: 1.9019e-04, m: 1.9706e-03, u: 6.6360e-03, v: 2.1941e-02, pde_a: 4.1690e-03
Epoch: 2950/5000 - Time: 7.67s - Loss: 1.6119e-02 | a: 4.5478e-03, BC: 2.3530e-04, m: 1.9291e-03, u: 7.1259e-03, v: 2.1524e-02, pde_a: 3.9311e-03
Epoch: 2960/5000 - Time: 7.64s - Loss: 1.8781e-02 | a: 5.8153e-03, BC: 3.3084e-04, m: 2.1020e-03, u: 7.3602e-03, v: 2.3102e-02, pde_a: 4.6491e-03
Epoch: 2970/5000 - Time: 8.18s - Loss: 3.4224e-02 | a: 1.3778e-02, BC: 6.3933e-04, m: 2.0770e-03, u: 1.0186e-02, v: 2.5301e-02, pde_a: 9.1381e-03
Epoch: 2980/5000 - Time: 8.26s - Loss: 2.2097e-02 | a: 7.5532e-03, BC: 4.9933e-04, m: 2.2824e-03, u: 7.8026e-03, v: 2.5297e-02, pde_a: 5.3371e-03
Epoch: 2990/5000 - Time: 8.57s - Loss: 1.5556e-02 | a: 5.3751e-03, BC: 1.6349e-04, m: 1.9257e-03, u: 6.6859e-03, v: 2.0802e-02, pde_a: 3.1110e-03
Epoch: 3000/5000 - Time: 8.34s - Loss: 2.0939e-02 | a: 6.1655e-03, BC: 3.9084e-04, m: 2.3997e-03, u: 1.5775e-02, v: 2.2872e-02, pde_a: 3.3539e-03
Epoch: 3010/5000 - Time: 7.58s - Loss: 1.7598e-02 | a: 4.4002e-03, BC: 2.4690e-04, m: 2.2809e-03, u: 1.2926e-02, v: 2.2226e-02, pde_a: 3.2150e-03
Epoch: 3020/5000 - Time: 7.63s - Loss: 1.6352e-02 | a: 5.3774e-03, BC: 3.1093e-04, m: 1.9306e-03, u: 6.2094e-03, v: 2.1024e-02, pde_a: 3.7288e-03
Epoch: 3030/5000 - Time: 7.99s - Loss: 1.5961e-02 | a: 5.0015e-03, BC: 1.9380e-04, m: 1.9255e-03, u: 8.4079e-03, v: 2.1565e-02, pde_a: 3.1108e-03
Epoch: 3040/5000 - Time: 8.53s - Loss: 1.4814e-02 | a: 4.5734e-03, BC: 1.5255e-04, m: 1.7773e-03, u: 6.3114e-03, v: 2.0405e-02, pde_a: 3.3795e-03
Epoch: 3050/5000 - Time: 7.62s - Loss: 2.2693e-02 | a: 9.5175e-03, BC: 3.3011e-04, m: 1.8705e-03, u: 7.2666e-03, v: 2.1650e-02, pde_a: 5.0638e-03
Epoch: 3060/5000 - Time: 7.63s - Loss: 1.7320e-02 | a: 5.3481e-03, BC: 2.2707e-04, m: 1.9728e-03, u: 8.0974e-03, v: 2.2347e-02, pde_a: 3.8688e-03
Epoch: 3070/5000 - Time: 7.65s - Loss: 1.8735e-02 | a: 5.0278e-03, BC: 3.0646e-04, m: 2.4089e-03, u: 1.1912e-02, v: 2.6128e-02, pde_a: 3.4916e-03
Epoch: 3080/5000 - Time: 7.59s - Loss: 6.0848e-02 | a: 3.7614e-02, BC: 1.2259e-03, m: 2.5836e-03, u: 1.3624e-02, v: 3.0184e-02, pde_a: 9.1699e-03
Epoch: 3090/5000 - Time: 7.55s - Loss: 1.9845e-02 | a: 5.9619e-03, BC: 2.6411e-04, m: 1.9336e-03, u: 6.9723e-03, v: 2.2852e-02, pde_a: 5.6193e-03
Epoch: 3100/5000 - Time: 7.57s - Loss: 6.2846e-02 | a: 1.3051e-02, BC: 1.1401e-03, m: 7.0879e-03, u: 7.6432e-02, v: 4.0693e-02, pde_a: 7.8638e-03
Epoch: 3110/5000 - Time: 7.49s - Loss: 1.7465e-02 | a: 4.9838e-03, BC: 2.0265e-04, m: 2.0493e-03, u: 8.0190e-03, v: 2.2048e-02, pde_a: 4.2885e-03
Epoch: 3120/5000 - Time: 7.64s - Loss: 1.9784e-02 | a: 6.0208e-03, BC: 6.0148e-04, m: 1.9934e-03, u: 7.4626e-03, v: 2.2880e-02, pde_a: 5.0918e-03
Epoch: 3130/5000 - Time: 7.66s - Loss: 1.6182e-02 | a: 4.2370e-03, BC: 2.9352e-04, m: 2.0528e-03, u: 8.3260e-03, v: 2.3400e-02, pde_a: 3.6070e-03
Epoch: 3140/5000 - Time: 7.64s - Loss: 6.1898e-02 | a: 2.2051e-02, BC: 1.5971e-03, m: 4.2116e-03, u: 1.9651e-02, v: 4.5671e-02, pde_a: 1.7810e-02
Epoch: 3150/5000 - Time: 7.95s - Loss: 1.5674e-02 | a: 5.2936e-03, BC: 1.9676e-04, m: 1.8904e-03, u: 6.2341e-03, v: 2.1470e-02, pde_a: 3.3375e-03
Epoch: 3160/5000 - Time: 8.45s - Loss: 1.5925e-02 | a: 4.2778e-03, BC: 2.9973e-04, m: 1.9896e-03, u: 6.7056e-03, v: 2.2623e-02, pde_a: 3.9500e-03
Epoch: 3170/5000 - Time: 8.53s - Loss: 2.5232e-02 | a: 8.7433e-03, BC: 1.1031e-03, m: 2.3286e-03, u: 1.0731e-02, v: 2.8856e-02, pde_a: 5.1862e-03
Epoch: 3180/5000 - Time: 8.69s - Loss: 5.7647e-02 | a: 2.2769e-02, BC: 1.2759e-03, m: 4.4400e-03, u: 2.2672e-02, v: 5.0101e-02, pde_a: 1.2888e-02
Epoch: 3190/5000 - Time: 7.67s - Loss: 2.6610e-01 | a: 1.4309e-01, BC: 4.3949e-03, m: 9.4617e-03, u: 7.7422e-02, v: 7.0354e-02, pde_a: 5.7680e-02
Epoch: 3200/5000 - Time: 7.63s - Loss: 1.3593e-02 | a: 4.1127e-03, BC: 1.4262e-04, m: 1.8532e-03, u: 6.4535e-03, v: 2.0810e-02, pde_a: 2.6943e-03
Saving checkpoint at epoch 3200 with loss 1.3593e-02
Epoch: 3210/5000 - Time: 7.66s - Loss: 1.7405e-02 | a: 5.7650e-03, BC: 2.8561e-04, m: 2.1482e-03, u: 7.6106e-03, v: 2.3117e-02, pde_a: 3.5699e-03
Epoch: 3220/5000 - Time: 7.99s - Loss: 1.4505e-02 | a: 4.0239e-03, BC: 1.6664e-04, m: 1.8205e-03, u: 7.2629e-03, v: 2.0556e-02, pde_a: 3.2364e-03
Epoch: 3230/5000 - Time: 8.42s - Loss: 2.0383e-02 | a: 4.9474e-03, BC: 3.1576e-04, m: 2.4619e-03, u: 1.4191e-02, v: 2.5306e-02, pde_a: 4.1682e-03
Epoch: 3240/5000 - Time: 8.44s - Loss: 2.1339e-02 | a: 5.7860e-03, BC: 3.3923e-04, m: 2.2587e-03, u: 1.1019e-02, v: 2.3732e-02, pde_a: 5.4082e-03
Epoch: 3250/5000 - Time: 8.41s - Loss: 1.6166e-02 | a: 4.8839e-03, BC: 2.2619e-04, m: 2.1330e-03, u: 7.8875e-03, v: 2.4227e-02, pde_a: 3.1781e-03
Epoch: 3260/5000 - Time: 8.36s - Loss: 2.0358e-02 | a: 6.1811e-03, BC: 3.5769e-04, m: 2.3342e-03, u: 1.2700e-02, v: 2.4145e-02, pde_a: 3.7700e-03
Epoch: 3270/5000 - Time: 8.37s - Loss: 2.8229e-02 | a: 1.1733e-02, BC: 1.0072e-03, m: 2.4761e-03, u: 1.1438e-02, v: 2.6173e-02, pde_a: 5.1964e-03
Epoch: 3280/5000 - Time: 8.15s - Loss: 1.7908e-02 | a: 5.3589e-03, BC: 4.1300e-04, m: 2.1101e-03, u: 8.8691e-03, v: 2.4067e-02, pde_a: 3.7362e-03
Epoch: 3290/5000 - Time: 8.38s - Loss: 2.2832e-02 | a: 5.4282e-03, BC: 5.9513e-04, m: 3.2966e-03, u: 1.8107e-02, v: 2.8238e-02, pde_a: 3.6635e-03
Epoch: 3300/5000 - Time: 8.39s - Loss: 1.5732e-02 | a: 5.0141e-03, BC: 2.4452e-04, m: 1.8640e-03, u: 7.6438e-03, v: 2.1126e-02, pde_a: 3.1784e-03
Epoch: 3310/5000 - Time: 8.40s - Loss: 6.1192e-02 | a: 2.9674e-02, BC: 1.7326e-03, m: 3.1028e-03, u: 1.8459e-02, v: 3.2772e-02, pde_a: 1.3233e-02
Epoch: 3320/5000 - Time: 8.65s - Loss: 1.4281e-02 | a: 3.6558e-03, BC: 1.7126e-04, m: 1.9050e-03, u: 8.0344e-03, v: 2.0888e-02, pde_a: 3.0465e-03
Epoch: 3330/5000 - Time: 8.03s - Loss: 1.6992e-02 | a: 4.4031e-03, BC: 3.3430e-04, m: 1.9478e-03, u: 8.1837e-03, v: 2.1998e-02, pde_a: 4.2734e-03
Epoch: 3340/5000 - Time: 7.52s - Loss: 1.7916e-02 | a: 6.6271e-03, BC: 2.3707e-04, m: 1.8299e-03, u: 6.3147e-03, v: 2.0602e-02, pde_a: 4.0758e-03
Epoch: 3350/5000 - Time: 7.63s - Loss: 2.0543e-02 | a: 6.9513e-03, BC: 2.3633e-04, m: 1.9396e-03, u: 6.9661e-03, v: 2.1682e-02, pde_a: 5.5085e-03
Epoch: 3360/5000 - Time: 7.70s - Loss: 1.8750e-02 | a: 5.5220e-03, BC: 4.2230e-04, m: 2.3339e-03, u: 7.6020e-03, v: 2.6502e-02, pde_a: 4.3276e-03
Epoch: 3370/5000 - Time: 8.02s - Loss: 3.6178e-01 | a: 3.0745e-01, BC: 5.2624e-03, m: 3.4959e-03, u: 2.5659e-02, v: 4.8609e-02, pde_a: 2.4414e-02
Epoch: 3380/5000 - Time: 7.94s - Loss: 1.3727e-02 | a: 3.8636e-03, BC: 1.8774e-04, m: 1.8597e-03, u: 6.6454e-03, v: 2.2290e-02, pde_a: 2.7747e-03
Epoch: 3390/5000 - Time: 8.00s - Loss: 4.4606e-02 | a: 5.6376e-03, BC: 8.2671e-04, m: 6.0468e-03, u: 6.3842e-02, v: 4.4679e-02, pde_a: 3.7455e-03
Epoch: 3400/5000 - Time: 7.77s - Loss: 1.5706e-02 | a: 4.3840e-03, BC: 2.1657e-04, m: 1.7914e-03, u: 7.5417e-03, v: 2.1216e-02, pde_a: 3.7206e-03
Epoch: 3410/5000 - Time: 7.83s - Loss: 1.8224e-02 | a: 4.8903e-03, BC: 3.3899e-04, m: 2.1831e-03, u: 1.0516e-02, v: 2.2190e-02, pde_a: 4.0170e-03
Epoch: 3420/5000 - Time: 7.74s - Loss: 1.7566e-02 | a: 4.7886e-03, BC: 2.8708e-04, m: 2.4725e-03, u: 1.0190e-02, v: 2.4876e-02, pde_a: 3.3763e-03
Epoch: 3430/5000 - Time: 7.79s - Loss: 1.5749e-02 | a: 4.4651e-03, BC: 2.3131e-04, m: 1.9021e-03, u: 6.4013e-03, v: 2.2443e-02, pde_a: 3.8701e-03
Epoch: 3440/5000 - Time: 7.88s - Loss: 2.0317e-02 | a: 6.4709e-03, BC: 4.9232e-04, m: 2.1491e-03, u: 1.0817e-02, v: 2.3673e-02, pde_a: 4.1007e-03
Epoch: 3450/5000 - Time: 8.00s - Loss: 1.7094e-02 | a: 5.7942e-03, BC: 2.1164e-04, m: 1.9594e-03, u: 8.3996e-03, v: 2.3666e-02, pde_a: 3.1774e-03
Epoch: 3460/5000 - Time: 8.00s - Loss: 2.4567e-02 | a: 1.2451e-02, BC: 3.5279e-04, m: 2.0979e-03, u: 7.9200e-03, v: 2.4078e-02, pde_a: 3.7385e-03
Epoch: 3470/5000 - Time: 7.66s - Loss: 1.7162e-02 | a: 5.7818e-03, BC: 2.3022e-04, m: 1.8882e-03, u: 7.0183e-03, v: 2.1966e-02, pde_a: 3.8057e-03
Epoch: 3480/5000 - Time: 7.73s - Loss: 1.8482e-02 | a: 5.8880e-03, BC: 3.4732e-04, m: 2.1070e-03, u: 9.0650e-03, v: 2.5267e-02, pde_a: 3.6685e-03
Epoch: 3490/5000 - Time: 7.78s - Loss: 3.5135e-02 | a: 1.0943e-02, BC: 6.7171e-04, m: 2.6548e-03, u: 9.9250e-03, v: 2.7572e-02, pde_a: 1.1606e-02
Epoch: 3500/5000 - Time: 7.80s - Loss: 1.4748e-02 | a: 4.4551e-03, BC: 1.9722e-04, m: 1.9844e-03, u: 6.4985e-03, v: 2.3057e-02, pde_a: 3.0201e-03
Epoch: 3510/5000 - Time: 7.69s - Loss: 1.3802e-02 | a: 4.0225e-03, BC: 1.3362e-04, m: 1.8308e-03, u: 5.9901e-03, v: 2.0895e-02, pde_a: 3.0724e-03
Epoch: 3520/5000 - Time: 7.69s - Loss: 1.5692e-02 | a: 4.1446e-03, BC: 1.8806e-04, m: 2.0059e-03, u: 9.5755e-03, v: 2.1564e-02, pde_a: 3.1786e-03
Epoch: 3530/5000 - Time: 7.82s - Loss: 1.5719e-02 | a: 4.1782e-03, BC: 2.4424e-04, m: 2.1894e-03, u: 8.5628e-03, v: 2.3571e-02, pde_a: 3.1862e-03
Epoch: 3540/5000 - Time: 7.59s - Loss: 1.6323e-02 | a: 4.3098e-03, BC: 2.3107e-04, m: 2.0595e-03, u: 9.3441e-03, v: 2.2636e-02, pde_a: 3.4611e-03
Epoch: 3550/5000 - Time: 7.65s - Loss: 2.6787e-02 | a: 5.9489e-03, BC: 3.8686e-04, m: 2.5693e-03, u: 2.0016e-02, v: 2.5122e-02, pde_a: 6.4788e-03
Epoch: 3560/5000 - Time: 7.70s - Loss: 1.9381e-02 | a: 7.2249e-03, BC: 3.3247e-04, m: 1.8720e-03, u: 8.4061e-03, v: 2.0857e-02, pde_a: 4.0034e-03
Epoch: 3570/5000 - Time: 7.73s - Loss: 1.6707e-01 | a: 1.3589e-01, BC: 9.5085e-04, m: 2.4334e-03, u: 1.1884e-02, v: 2.7396e-02, pde_a: 1.6280e-02
Epoch: 3580/5000 - Time: 7.87s - Loss: 1.4804e-02 | a: 5.2905e-03, BC: 1.3782e-04, m: 1.7767e-03, u: 6.0627e-03, v: 2.0834e-02, pde_a: 2.8741e-03
Epoch: 3590/5000 - Time: 7.85s - Loss: 1.6633e-02 | a: 4.2471e-03, BC: 1.8474e-04, m: 2.1045e-03, u: 1.0755e-02, v: 2.3360e-02, pde_a: 3.2823e-03
Epoch: 3600/5000 - Time: 7.76s - Loss: 1.5549e-02 | a: 4.6385e-03, BC: 2.2298e-04, m: 2.0584e-03, u: 7.9205e-03, v: 2.2784e-02, pde_a: 3.0357e-03
Epoch: 3610/5000 - Time: 7.70s - Loss: 1.5236e-02 | a: 4.3642e-03, BC: 2.0969e-04, m: 1.8119e-03, u: 7.7092e-03, v: 2.1127e-02, pde_a: 3.3286e-03
Epoch: 3620/5000 - Time: 7.64s - Loss: 2.2585e-02 | a: 3.9437e-03, BC: 3.8422e-04, m: 2.7696e-03, u: 2.0576e-02, v: 2.4371e-02, pde_a: 4.5947e-03
Epoch: 3630/5000 - Time: 7.80s - Loss: 1.6630e-02 | a: 4.2790e-03, BC: 2.2734e-04, m: 1.9117e-03, u: 9.3323e-03, v: 2.2264e-02, pde_a: 3.8262e-03
Epoch: 3640/5000 - Time: 7.85s - Loss: 8.6803e-02 | a: 3.8030e-02, BC: 1.3030e-03, m: 5.7939e-03, u: 4.8123e-02, v: 7.7409e-02, pde_a: 1.3106e-02
Epoch: 3650/5000 - Time: 7.88s - Loss: 1.4144e-02 | a: 5.0823e-03, BC: 1.5121e-04, m: 1.9973e-03, u: 5.6203e-03, v: 2.1970e-02, pde_a: 2.4544e-03
Epoch: 3660/5000 - Time: 7.52s - Loss: 1.3848e-02 | a: 4.9837e-03, BC: 1.4842e-04, m: 1.7293e-03, u: 5.4030e-03, v: 1.9706e-02, pde_a: 2.6776e-03
Epoch: 3670/5000 - Time: 7.58s - Loss: 1.4836e-02 | a: 4.9234e-03, BC: 1.5885e-04, m: 1.7790e-03, u: 6.2359e-03, v: 2.0918e-02, pde_a: 3.1047e-03
Epoch: 3680/5000 - Time: 7.66s - Loss: 1.6023e-02 | a: 4.8123e-03, BC: 2.0209e-04, m: 2.1781e-03, u: 7.9139e-03, v: 2.3930e-02, pde_a: 3.1358e-03
Epoch: 3690/5000 - Time: 8.35s - Loss: 1.7596e-02 | a: 5.0011e-03, BC: 2.0572e-04, m: 1.9849e-03, u: 9.9621e-03, v: 2.0946e-02, pde_a: 3.9118e-03
Epoch: 3700/5000 - Time: 7.86s - Loss: 1.6759e-02 | a: 4.3100e-03, BC: 2.4284e-04, m: 1.8901e-03, u: 8.4071e-03, v: 1.9899e-02, pde_a: 4.3634e-03
Epoch: 3710/5000 - Time: 7.65s - Loss: 3.5190e-02 | a: 7.5354e-03, BC: 1.0785e-03, m: 4.4553e-03, u: 3.4285e-02, v: 3.8103e-02, pde_a: 4.9841e-03
Epoch: 3720/5000 - Time: 7.78s - Loss: 1.5496e-02 | a: 5.3515e-03, BC: 2.1468e-04, m: 1.7039e-03, u: 6.6625e-03, v: 1.9495e-02, pde_a: 3.2604e-03
Epoch: 3730/5000 - Time: 7.77s - Loss: 4.8544e-02 | a: 1.2822e-02, BC: 3.5487e-03, m: 3.2297e-03, u: 2.1874e-02, v: 3.2314e-02, pde_a: 1.4019e-02
Epoch: 3740/5000 - Time: 7.77s - Loss: 1.5509e-02 | a: 4.8248e-03, BC: 2.5346e-04, m: 1.9066e-03, u: 7.2110e-03, v: 2.2441e-02, pde_a: 3.1504e-03
Epoch: 3750/5000 - Time: 7.79s - Loss: 1.5622e-02 | a: 4.7837e-03, BC: 1.9100e-04, m: 1.9063e-03, u: 8.5021e-03, v: 2.0774e-02, pde_a: 3.0634e-03
Epoch: 3760/5000 - Time: 7.78s - Loss: 1.6474e-02 | a: 4.8417e-03, BC: 2.0818e-04, m: 2.0490e-03, u: 1.0430e-02, v: 2.1588e-02, pde_a: 2.9508e-03
Epoch: 3770/5000 - Time: 7.62s - Loss: 2.1115e-02 | a: 5.9718e-03, BC: 3.5531e-04, m: 3.0922e-03, u: 1.1030e-02, v: 3.6019e-02, pde_a: 3.7065e-03
Epoch: 3780/5000 - Time: 7.88s - Loss: 2.1878e-02 | a: 6.5001e-03, BC: 4.3246e-04, m: 2.7857e-03, u: 1.4199e-02, v: 3.1900e-02, pde_a: 3.3551e-03
Epoch: 3790/5000 - Time: 7.83s - Loss: 2.2168e-02 | a: 8.4945e-03, BC: 3.5824e-04, m: 1.8542e-03, u: 6.7193e-03, v: 2.1342e-02, pde_a: 5.6192e-03
Epoch: 3800/5000 - Time: 7.87s - Loss: 1.6249e-02 | a: 5.0616e-03, BC: 3.2538e-04, m: 1.7241e-03, u: 6.7581e-03, v: 2.0688e-02, pde_a: 3.8417e-03
Epoch: 3810/5000 - Time: 7.70s - Loss: 1.5611e-02 | a: 4.9616e-03, BC: 2.4239e-04, m: 2.2277e-03, u: 7.4255e-03, v: 2.5152e-02, pde_a: 2.7001e-03
Epoch: 3820/5000 - Time: 7.80s - Loss: 1.3386e-02 | a: 4.5563e-03, BC: 1.1937e-04, m: 1.7855e-03, u: 5.2573e-03, v: 2.0907e-02, pde_a: 2.5950e-03
Saving checkpoint at epoch 3820 with loss 1.3386e-02
Epoch: 3830/5000 - Time: 7.80s - Loss: 1.6057e-02 | a: 4.3049e-03, BC: 2.0511e-04, m: 2.1428e-03, u: 1.1036e-02, v: 2.3038e-02, pde_a: 2.7041e-03
Epoch: 3840/5000 - Time: 7.90s - Loss: 1.4707e-02 | a: 3.9970e-03, BC: 1.5190e-04, m: 1.8185e-03, u: 6.1592e-03, v: 2.0816e-02, pde_a: 3.7329e-03
Epoch: 3850/5000 - Time: 7.74s - Loss: 1.7336e-02 | a: 4.9470e-03, BC: 2.2430e-04, m: 2.2174e-03, u: 1.0527e-02, v: 2.4290e-02, pde_a: 3.1946e-03
Epoch: 3860/5000 - Time: 7.74s - Loss: 1.8548e-02 | a: 5.3930e-03, BC: 2.1946e-04, m: 2.1724e-03, u: 1.2462e-02, v: 2.1624e-02, pde_a: 3.4404e-03
Epoch: 3870/5000 - Time: 7.81s - Loss: 1.9254e-02 | a: 5.2694e-03, BC: 3.4209e-04, m: 2.2884e-03, u: 7.9474e-03, v: 2.6303e-02, pde_a: 4.9033e-03
Epoch: 3880/5000 - Time: 7.95s - Loss: 4.0670e-02 | a: 1.3515e-02, BC: 1.3514e-03, m: 3.9995e-03, u: 2.3356e-02, v: 3.7041e-02, pde_a: 7.9547e-03
Epoch: 3890/5000 - Time: 7.66s - Loss: 1.5879e-02 | a: 5.0282e-03, BC: 2.4329e-04, m: 1.7100e-03, u: 6.6244e-03, v: 2.0941e-02, pde_a: 3.6739e-03
Epoch: 3900/5000 - Time: 7.62s - Loss: 5.2059e-02 | a: 2.0261e-02, BC: 2.5533e-03, m: 3.5906e-03, u: 1.9155e-02, v: 3.6278e-02, pde_a: 1.2100e-02
Epoch: 3910/5000 - Time: 7.64s - Loss: 1.4264e-02 | a: 4.2768e-03, BC: 1.5451e-04, m: 1.7830e-03, u: 6.7717e-03, v: 1.9854e-02, pde_a: 3.0879e-03
Epoch: 3920/5000 - Time: 7.65s - Loss: 1.6481e-02 | a: 4.3755e-03, BC: 2.1321e-04, m: 2.0731e-03, u: 1.1555e-02, v: 2.0209e-02, pde_a: 3.0715e-03
Epoch: 3930/5000 - Time: 7.78s - Loss: 1.4029e-02 | a: 4.2315e-03, BC: 1.7002e-04, m: 1.7080e-03, u: 6.1204e-03, v: 1.9133e-02, pde_a: 3.2173e-03
Epoch: 3940/5000 - Time: 7.76s - Loss: 1.7346e-02 | a: 5.5455e-03, BC: 2.8680e-04, m: 2.0221e-03, u: 8.5002e-03, v: 2.1754e-02, pde_a: 3.5949e-03
Epoch: 3950/5000 - Time: 7.86s - Loss: 2.4658e-02 | a: 7.7509e-03, BC: 7.0294e-04, m: 2.7822e-03, u: 1.4226e-02, v: 2.9189e-02, pde_a: 4.5278e-03
Epoch: 3960/5000 - Time: 7.82s - Loss: 2.7253e-02 | a: 9.3296e-03, BC: 6.0456e-04, m: 2.3946e-03, u: 1.5892e-02, v: 2.3394e-02, pde_a: 5.5296e-03
Epoch: 3970/5000 - Time: 8.03s - Loss: 1.5231e-02 | a: 5.5806e-03, BC: 1.7477e-04, m: 1.7112e-03, u: 6.0139e-03, v: 1.9656e-02, pde_a: 3.0903e-03
Epoch: 3980/5000 - Time: 7.57s - Loss: 1.8784e-02 | a: 4.8899e-03, BC: 2.5544e-04, m: 2.2132e-03, u: 1.2929e-02, v: 2.1565e-02, pde_a: 3.8251e-03
Epoch: 3990/5000 - Time: 7.60s - Loss: 2.2143e-02 | a: 5.6845e-03, BC: 3.7272e-04, m: 2.4376e-03, u: 1.9066e-02, v: 2.6634e-02, pde_a: 3.3598e-03
Epoch: 4000/5000 - Time: 8.36s - Loss: 1.9627e-02 | a: 5.8213e-03, BC: 3.3139e-04, m: 2.3607e-03, u: 8.6313e-03, v: 2.7829e-02, pde_a: 4.4147e-03
Epoch: 4010/5000 - Time: 8.52s - Loss: 1.3710e-02 | a: 4.5694e-03, BC: 1.3113e-04, m: 1.7368e-03, u: 5.5640e-03, v: 2.0659e-02, pde_a: 2.7757e-03
Epoch: 4020/5000 - Time: 8.65s - Loss: 1.4569e-02 | a: 4.4799e-03, BC: 1.6219e-04, m: 1.7586e-03, u: 7.1066e-03, v: 1.9921e-02, pde_a: 3.0660e-03
Epoch: 4030/5000 - Time: 8.24s - Loss: 2.4082e-02 | a: 4.9581e-03, BC: 3.9899e-04, m: 3.2005e-03, u: 2.2972e-02, v: 2.6042e-02, pde_a: 3.8998e-03
Epoch: 4040/5000 - Time: 7.71s - Loss: 2.4476e-02 | a: 5.2617e-03, BC: 4.2560e-04, m: 2.8526e-03, u: 2.5339e-02, v: 2.8005e-02, pde_a: 3.2529e-03
Epoch: 4050/5000 - Time: 8.17s - Loss: 1.6180e-02 | a: 5.3411e-03, BC: 1.8929e-04, m: 1.8189e-03, u: 7.3494e-03, v: 2.1013e-02, pde_a: 3.4317e-03
Epoch: 4060/5000 - Time: 7.65s - Loss: 2.0987e-02 | a: 5.8503e-03, BC: 3.6712e-04, m: 2.4338e-03, u: 1.0319e-02, v: 2.6488e-02, pde_a: 4.9754e-03
Epoch: 4070/5000 - Time: 7.68s - Loss: 5.5516e-02 | a: 6.3806e-03, BC: 1.3002e-03, m: 6.6292e-03, u: 7.3083e-02, v: 6.5970e-02, pde_a: 6.4483e-03
Epoch: 4080/5000 - Time: 7.86s - Loss: 1.7442e-02 | a: 5.5851e-03, BC: 2.0737e-04, m: 1.8173e-03, u: 8.0880e-03, v: 1.9631e-02, pde_a: 4.0880e-03
Epoch: 4090/5000 - Time: 8.60s - Loss: 1.9655e-02 | a: 5.5797e-03, BC: 5.6660e-04, m: 2.1092e-03, u: 7.9935e-03, v: 2.2709e-02, pde_a: 5.1573e-03
Epoch: 4100/5000 - Time: 8.69s - Loss: 3.2579e-02 | a: 1.4129e-02, BC: 1.7457e-03, m: 2.1317e-03, u: 9.4808e-03, v: 2.4580e-02, pde_a: 7.0025e-03
Epoch: 4110/5000 - Time: 8.45s - Loss: 1.9372e-02 | a: 6.5210e-03, BC: 2.5134e-04, m: 2.0657e-03, u: 1.1757e-02, v: 2.0516e-02, pde_a: 3.5327e-03
Epoch: 4120/5000 - Time: 7.54s - Loss: 1.4551e-02 | a: 4.4482e-03, BC: 1.6647e-04, m: 1.8309e-03, u: 8.2035e-03, v: 2.0034e-02, pde_a: 2.7024e-03
Epoch: 4130/5000 - Time: 7.54s - Loss: 1.3547e-02 | a: 4.3091e-03, BC: 1.2647e-04, m: 1.6445e-03, u: 5.7405e-03, v: 1.8805e-02, pde_a: 2.9920e-03
Epoch: 4140/5000 - Time: 7.50s - Loss: 1.4756e-02 | a: 4.5667e-03, BC: 1.8227e-04, m: 1.7842e-03, u: 6.7030e-03, v: 2.0085e-02, pde_a: 3.2224e-03
Epoch: 4150/5000 - Time: 7.86s - Loss: 1.4692e-02 | a: 4.3859e-03, BC: 1.7742e-04, m: 1.7657e-03, u: 7.1167e-03, v: 1.9351e-02, pde_a: 3.2593e-03
Epoch: 4160/5000 - Time: 8.00s - Loss: 2.0289e-02 | a: 6.6785e-03, BC: 3.3632e-04, m: 1.9078e-03, u: 8.5793e-03, v: 2.2544e-02, pde_a: 4.9120e-03
Epoch: 4170/5000 - Time: 7.65s - Loss: 3.5330e-02 | a: 1.3600e-02, BC: 1.3216e-03, m: 2.2864e-03, u: 1.0633e-02, v: 2.6398e-02, pde_a: 9.2788e-03
Epoch: 4180/5000 - Time: 8.22s - Loss: 1.6817e-02 | a: 4.8145e-03, BC: 2.3510e-04, m: 1.7673e-03, u: 7.0679e-03, v: 2.0640e-02, pde_a: 4.4267e-03
Epoch: 4190/5000 - Time: 7.84s - Loss: 2.3946e-02 | a: 6.0117e-03, BC: 3.3576e-04, m: 2.0822e-03, u: 8.3058e-03, v: 2.3477e-02, pde_a: 8.1492e-03
Epoch: 4200/5000 - Time: 7.83s - Loss: 3.9542e-02 | a: 1.2826e-02, BC: 9.7515e-04, m: 3.1061e-03, u: 2.4150e-02, v: 2.8772e-02, pde_a: 8.7518e-03
Epoch: 4210/5000 - Time: 7.88s - Loss: 2.0041e-02 | a: 6.9789e-03, BC: 2.9209e-04, m: 1.9307e-03, u: 7.3094e-03, v: 2.1518e-02, pde_a: 4.9752e-03
Epoch: 4220/5000 - Time: 7.88s - Loss: 1.3000e-02 | a: 3.9264e-03, BC: 1.3440e-04, m: 1.7144e-03, u: 5.4883e-03, v: 1.9884e-02, pde_a: 2.8159e-03
Saving checkpoint at epoch 4220 with loss 1.3000e-02
Epoch: 4230/5000 - Time: 7.81s - Loss: 1.5737e-02 | a: 4.1867e-03, BC: 1.8227e-04, m: 1.8970e-03, u: 9.8066e-03, v: 2.1867e-02, pde_a: 3.1442e-03
Epoch: 4240/5000 - Time: 7.74s - Loss: 1.7198e-02 | a: 4.1702e-03, BC: 1.9054e-04, m: 1.9743e-03, u: 1.2247e-02, v: 2.1471e-02, pde_a: 3.5359e-03
Epoch: 4250/5000 - Time: 7.89s - Loss: 1.8096e-02 | a: 5.0732e-03, BC: 2.2751e-04, m: 2.0523e-03, u: 1.1662e-02, v: 2.0989e-02, pde_a: 3.6794e-03
Epoch: 4260/5000 - Time: 7.83s - Loss: 1.9979e-02 | a: 3.8884e-03, BC: 3.2130e-04, m: 2.5668e-03, u: 1.8347e-02, v: 2.2887e-02, pde_a: 3.5679e-03
Epoch: 4270/5000 - Time: 7.93s - Loss: 2.5600e-02 | a: 4.9529e-03, BC: 3.7850e-04, m: 3.3206e-03, u: 2.6707e-02, v: 3.1426e-02, pde_a: 3.4834e-03
Epoch: 4280/5000 - Time: 7.92s - Loss: 1.6553e-02 | a: 4.7177e-03, BC: 2.2192e-04, m: 1.7357e-03, u: 6.9589e-03, v: 1.9677e-02, pde_a: 4.4322e-03
Epoch: 4290/5000 - Time: 7.88s - Loss: 4.2174e-01 | a: 3.3616e-01, BC: 4.8278e-03, m: 2.8830e-03, u: 1.4974e-02, v: 3.5461e-02, pde_a: 5.3207e-02
Epoch: 4300/5000 - Time: 7.86s - Loss: 1.3510e-02 | a: 3.9981e-03, BC: 1.6901e-04, m: 1.7974e-03, u: 6.5031e-03, v: 2.0700e-02, pde_a: 2.7187e-03
Epoch: 4310/5000 - Time: 7.82s - Loss: 1.3553e-02 | a: 4.3942e-03, BC: 1.3559e-04, m: 1.6402e-03, u: 5.5638e-03, v: 1.9675e-02, pde_a: 2.9102e-03
Epoch: 4320/5000 - Time: 7.93s - Loss: 1.3655e-02 | a: 4.4177e-03, BC: 1.3634e-04, m: 1.6892e-03, u: 5.7807e-03, v: 1.9628e-02, pde_a: 2.8850e-03
Epoch: 4330/5000 - Time: 7.64s - Loss: 1.8084e-02 | a: 5.7742e-03, BC: 2.3785e-04, m: 2.0574e-03, u: 1.1998e-02, v: 2.1360e-02, pde_a: 2.9936e-03
Epoch: 4340/5000 - Time: 7.75s - Loss: 1.4337e-02 | a: 3.8474e-03, BC: 1.5952e-04, m: 1.7584e-03, u: 9.0230e-03, v: 1.8985e-02, pde_a: 2.8777e-03
Epoch: 4350/5000 - Time: 7.78s - Loss: 1.8074e-02 | a: 4.7984e-03, BC: 3.5263e-04, m: 1.9016e-03, u: 7.6183e-03, v: 2.0498e-02, pde_a: 5.0953e-03
Epoch: 4360/5000 - Time: 7.83s - Loss: 2.3464e-02 | a: 8.0063e-03, BC: 8.0916e-04, m: 1.7468e-03, u: 7.9260e-03, v: 2.0475e-02, pde_a: 6.4007e-03
Epoch: 4370/5000 - Time: 7.74s - Loss: 2.4917e-02 | a: 6.7034e-03, BC: 7.5586e-04, m: 2.5734e-03, u: 1.8524e-02, v: 2.6120e-02, pde_a: 4.5492e-03
Epoch: 4380/5000 - Time: 7.71s - Loss: 3.3302e-02 | a: 1.0357e-02, BC: 1.0333e-03, m: 2.7368e-03, u: 1.6828e-02, v: 2.8232e-02, pde_a: 8.2223e-03
Epoch: 4390/5000 - Time: 7.85s - Loss: 4.1863e-02 | a: 1.4762e-02, BC: 1.3409e-03, m: 3.5394e-03, u: 1.8843e-02, v: 3.6547e-02, pde_a: 9.5261e-03
Epoch: 4400/5000 - Time: 7.74s - Loss: 1.3680e-02 | a: 4.0194e-03, BC: 1.4922e-04, m: 1.8362e-03, u: 6.1553e-03, v: 2.1353e-02, pde_a: 2.8807e-03
Epoch: 4410/5000 - Time: 7.98s - Loss: 1.4647e-02 | a: 4.6892e-03, BC: 1.5402e-04, m: 1.8181e-03, u: 7.0568e-03, v: 2.1330e-02, pde_a: 2.8466e-03
Epoch: 4420/5000 - Time: 8.01s - Loss: 1.5950e-02 | a: 4.0270e-03, BC: 1.5031e-04, m: 1.8155e-03, u: 7.9069e-03, v: 2.0089e-02, pde_a: 4.2008e-03
Epoch: 4430/5000 - Time: 7.91s - Loss: 1.5861e-02 | a: 4.2171e-03, BC: 2.5155e-04, m: 1.8710e-03, u: 8.6643e-03, v: 2.1207e-02, pde_a: 3.5681e-03
Epoch: 4440/5000 - Time: 8.26s - Loss: 1.8056e-02 | a: 4.9445e-03, BC: 4.3135e-04, m: 1.9994e-03, u: 7.1042e-03, v: 2.3795e-02, pde_a: 4.7544e-03
Epoch: 4450/5000 - Time: 8.10s - Loss: 1.7773e-02 | a: 4.4000e-03, BC: 4.1032e-04, m: 1.7960e-03, u: 8.0461e-03, v: 2.2123e-02, pde_a: 4.9189e-03
Epoch: 4460/5000 - Time: 7.93s - Loss: 3.7024e-02 | a: 1.3316e-02, BC: 9.3384e-04, m: 2.6426e-03, u: 1.0803e-02, v: 2.8607e-02, pde_a: 1.0696e-02
Epoch: 4470/5000 - Time: 7.81s - Loss: 2.0957e-02 | a: 4.2066e-03, BC: 2.9311e-04, m: 2.7644e-03, u: 2.2406e-02, v: 2.3775e-02, pde_a: 2.7190e-03
Epoch: 4480/5000 - Time: 7.92s - Loss: 1.4565e-02 | a: 3.7026e-03, BC: 1.6495e-04, m: 1.9722e-03, u: 9.6368e-03, v: 2.1197e-02, pde_a: 2.6987e-03
Epoch: 4490/5000 - Time: 7.87s - Loss: 1.6082e-02 | a: 3.7117e-03, BC: 2.4266e-04, m: 2.5230e-03, u: 9.4244e-03, v: 2.7190e-02, pde_a: 3.1194e-03
Epoch: 4500/5000 - Time: 7.78s - Loss: 1.6262e-02 | a: 4.3648e-03, BC: 1.8714e-04, m: 1.8034e-03, u: 6.7972e-03, v: 2.0636e-02, pde_a: 4.4462e-03
Epoch: 4510/5000 - Time: 7.86s - Loss: 1.5916e-02 | a: 5.4502e-03, BC: 2.1710e-04, m: 1.6985e-03, u: 6.5553e-03, v: 1.9667e-02, pde_a: 3.5263e-03
Epoch: 4520/5000 - Time: 7.91s - Loss: 1.5495e-02 | a: 4.5754e-03, BC: 1.9426e-04, m: 1.6816e-03, u: 6.6249e-03, v: 2.1069e-02, pde_a: 3.7669e-03
Epoch: 4530/5000 - Time: 7.87s - Loss: 1.6714e-02 | a: 4.6888e-03, BC: 4.0536e-04, m: 1.8278e-03, u: 7.9494e-03, v: 2.0000e-02, pde_a: 4.0724e-03
Epoch: 4540/5000 - Time: 7.74s - Loss: 1.8611e-02 | a: 5.4478e-03, BC: 4.6881e-04, m: 1.8904e-03, u: 8.9975e-03, v: 2.0137e-02, pde_a: 4.5425e-03
Epoch: 4550/5000 - Time: 7.68s - Loss: 2.1231e-02 | a: 4.7251e-03, BC: 3.3158e-04, m: 2.5404e-03, u: 1.7000e-02, v: 2.5539e-02, pde_a: 4.0819e-03
Epoch: 4560/5000 - Time: 7.84s - Loss: 3.5223e-02 | a: 1.2476e-02, BC: 1.1336e-03, m: 2.5274e-03, u: 1.1646e-02, v: 2.6572e-02, pde_a: 9.7712e-03
Epoch: 4570/5000 - Time: 7.68s - Loss: 1.5667e-02 | a: 4.3941e-03, BC: 2.9695e-04, m: 1.8075e-03, u: 8.2908e-03, v: 2.0132e-02, pde_a: 3.4762e-03
Epoch: 4580/5000 - Time: 7.76s - Loss: 2.8777e-02 | a: 1.0065e-02, BC: 1.2923e-03, m: 2.4189e-03, u: 1.4197e-02, v: 2.4208e-02, pde_a: 6.0364e-03
Epoch: 4590/5000 - Time: 7.79s - Loss: 1.3274e-02 | a: 4.2673e-03, BC: 1.2001e-04, m: 1.7237e-03, u: 5.5452e-03, v: 2.0853e-02, pde_a: 2.6776e-03
Epoch: 4600/5000 - Time: 7.94s - Loss: 1.3981e-02 | a: 4.1364e-03, BC: 1.5964e-04, m: 1.8467e-03, u: 6.3989e-03, v: 2.1430e-02, pde_a: 2.9299e-03
Epoch: 4610/5000 - Time: 8.12s - Loss: 2.3925e-02 | a: 4.1419e-03, BC: 3.4800e-04, m: 3.4085e-03, u: 2.6282e-02, v: 2.7096e-02, pde_a: 3.2735e-03
Epoch: 4620/5000 - Time: 7.96s - Loss: 1.4010e-02 | a: 4.3519e-03, BC: 1.5143e-04, m: 1.6837e-03, u: 7.1567e-03, v: 1.8808e-02, pde_a: 2.8533e-03
Epoch: 4630/5000 - Time: 7.94s - Loss: 1.3031e-02 | a: 3.8196e-03, BC: 1.3697e-04, m: 1.5639e-03, u: 6.1462e-03, v: 1.8387e-02, pde_a: 2.9142e-03
Epoch: 4640/5000 - Time: 7.82s - Loss: 1.3627e-02 | a: 3.7650e-03, BC: 1.8156e-04, m: 1.5998e-03, u: 6.1606e-03, v: 1.7951e-02, pde_a: 3.3912e-03
Epoch: 4650/5000 - Time: 8.02s - Loss: 3.4993e-02 | a: 1.3048e-02, BC: 6.9891e-04, m: 2.1735e-03, u: 1.1461e-02, v: 2.2834e-02, pde_a: 1.0010e-02
Epoch: 4660/5000 - Time: 7.78s - Loss: 2.6873e-02 | a: 4.8672e-03, BC: 5.4977e-04, m: 3.6687e-03, u: 2.9918e-02, v: 2.7810e-02, pde_a: 3.5563e-03
Epoch: 4670/5000 - Time: 7.78s - Loss: 1.6501e-02 | a: 3.9770e-03, BC: 3.3970e-04, m: 1.9453e-03, u: 9.2768e-03, v: 2.0565e-02, pde_a: 4.0079e-03
Epoch: 4680/5000 - Time: 7.89s - Loss: 1.0165e-01 | a: 5.8650e-02, BC: 1.4203e-03, m: 3.6871e-03, u: 1.6707e-02, v: 3.7907e-02, pde_a: 2.2109e-02
Epoch: 4690/5000 - Time: 7.86s - Loss: 1.4981e-02 | a: 4.6658e-03, BC: 1.4870e-04, m: 1.7057e-03, u: 6.6229e-03, v: 2.0041e-02, pde_a: 3.4096e-03
Epoch: 4700/5000 - Time: 7.89s - Loss: 1.6044e-02 | a: 4.9057e-03, BC: 1.9243e-04, m: 1.9638e-03, u: 9.2084e-03, v: 2.4605e-02, pde_a: 2.7504e-03
Epoch: 4710/5000 - Time: 7.74s - Loss: 1.6814e-02 | a: 4.5951e-03, BC: 3.0917e-04, m: 2.0422e-03, u: 1.0418e-02, v: 2.1787e-02, pde_a: 3.3138e-03
Epoch: 4720/5000 - Time: 8.09s - Loss: 1.7529e-02 | a: 3.8632e-03, BC: 2.6838e-04, m: 2.3777e-03, u: 1.0663e-02, v: 2.8311e-02, pde_a: 3.7032e-03
Epoch: 4730/5000 - Time: 7.91s - Loss: 2.0275e-02 | a: 5.0454e-03, BC: 7.3780e-04, m: 2.7044e-03, u: 8.9744e-03, v: 2.9930e-02, pde_a: 4.7612e-03
Epoch: 4740/5000 - Time: 8.17s - Loss: 2.8320e-02 | a: 1.3688e-02, BC: 8.0545e-04, m: 1.6929e-03, u: 6.6484e-03, v: 2.0262e-02, pde_a: 6.1951e-03
Epoch: 4750/5000 - Time: 8.18s - Loss: 1.3338e-02 | a: 4.2418e-03, BC: 1.3020e-04, m: 1.6972e-03, u: 6.0574e-03, v: 2.0193e-02, pde_a: 2.6504e-03
Epoch: 4760/5000 - Time: 8.61s - Loss: 1.3895e-02 | a: 4.3672e-03, BC: 1.4506e-04, m: 1.5700e-03, u: 6.5630e-03, v: 2.0205e-02, pde_a: 2.8790e-03
Epoch: 4770/5000 - Time: 8.46s - Loss: 1.5633e-02 | a: 4.6634e-03, BC: 2.1150e-04, m: 1.8485e-03, u: 9.3244e-03, v: 2.0638e-02, pde_a: 2.9415e-03
Epoch: 4780/5000 - Time: 8.35s - Loss: 1.4411e-02 | a: 4.3996e-03, BC: 1.8918e-04, m: 1.6690e-03, u: 6.5912e-03, v: 1.8951e-02, pde_a: 3.2595e-03
Epoch: 4790/5000 - Time: 7.64s - Loss: 2.0103e-02 | a: 6.4757e-03, BC: 3.3098e-04, m: 1.9469e-03, u: 1.1446e-02, v: 2.1396e-02, pde_a: 4.1460e-03
Epoch: 4800/5000 - Time: 7.61s - Loss: 2.1992e-02 | a: 5.3653e-03, BC: 4.9114e-04, m: 2.1785e-03, u: 1.3216e-02, v: 2.5724e-02, pde_a: 5.3392e-03
Epoch: 4810/5000 - Time: 7.94s - Loss: 3.9585e-02 | a: 1.2168e-02, BC: 9.3582e-04, m: 4.2748e-03, u: 3.3321e-02, v: 3.8720e-02, pde_a: 5.2363e-03
Epoch: 4820/5000 - Time: 8.59s - Loss: 1.3551e-02 | a: 4.2111e-03, BC: 1.5700e-04, m: 1.6512e-03, u: 5.9750e-03, v: 1.9454e-02, pde_a: 2.9216e-03
Epoch: 4830/5000 - Time: 7.93s - Loss: 1.3504e-02 | a: 3.7217e-03, BC: 1.7405e-04, m: 1.7460e-03, u: 6.3628e-03, v: 1.9810e-02, pde_a: 3.0592e-03
Epoch: 4840/5000 - Time: 8.10s - Loss: 1.5796e-02 | a: 4.3549e-03, BC: 2.0545e-04, m: 1.9139e-03, u: 9.2182e-03, v: 2.1538e-02, pde_a: 3.2366e-03
Epoch: 4850/5000 - Time: 8.43s - Loss: 1.6189e-02 | a: 4.7067e-03, BC: 2.0677e-04, m: 1.7334e-03, u: 7.9551e-03, v: 2.0400e-02, pde_a: 3.8205e-03
Epoch: 4860/5000 - Time: 8.45s - Loss: 2.0126e-02 | a: 4.0244e-03, BC: 4.3883e-04, m: 2.4520e-03, u: 1.7711e-02, v: 2.6149e-02, pde_a: 3.4715e-03
Epoch: 4870/5000 - Time: 8.51s - Loss: 1.6020e-02 | a: 4.2618e-03, BC: 2.7424e-04, m: 1.7787e-03, u: 7.7847e-03, v: 2.0107e-02, pde_a: 4.0322e-03
Epoch: 4880/5000 - Time: 7.66s - Loss: 1.8678e-02 | a: 3.7312e-03, BC: 3.7606e-04, m: 2.4708e-03, u: 1.3113e-02, v: 2.5825e-02, pde_a: 4.0238e-03
Epoch: 4890/5000 - Time: 7.62s - Loss: 5.7575e-02 | a: 1.3745e-02, BC: 2.0570e-03, m: 5.0912e-03, u: 2.0675e-02, v: 4.7975e-02, pde_a: 1.9602e-02
Epoch: 4900/5000 - Time: 7.57s - Loss: 1.2719e-02 | a: 4.1921e-03, BC: 1.1392e-04, m: 1.5832e-03, u: 5.5533e-03, v: 1.9455e-02, pde_a: 2.4906e-03
Saving checkpoint at epoch 4900 with loss 1.2719e-02
Epoch: 4910/5000 - Time: 7.69s - Loss: 1.3890e-02 | a: 4.0811e-03, BC: 1.7622e-04, m: 1.7486e-03, u: 6.9445e-03, v: 2.0946e-02, pde_a: 2.8125e-03
Epoch: 4920/5000 - Time: 7.62s - Loss: 1.6098e-02 | a: 4.3477e-03, BC: 1.9365e-04, m: 2.1755e-03, u: 1.0157e-02, v: 2.4356e-02, pde_a: 2.8539e-03
Epoch: 4930/5000 - Time: 7.61s - Loss: 1.3174e-02 | a: 3.8670e-03, BC: 1.8813e-04, m: 1.5480e-03, u: 5.2588e-03, v: 1.8006e-02, pde_a: 3.2509e-03
Epoch: 4940/5000 - Time: 7.62s - Loss: 1.4480e-02 | a: 4.6001e-03, BC: 2.0794e-04, m: 1.6116e-03, u: 6.7550e-03, v: 1.8189e-02, pde_a: 3.1832e-03
Epoch: 4950/5000 - Time: 7.57s - Loss: 1.7911e-02 | a: 4.3869e-03, BC: 2.9779e-04, m: 1.8462e-03, u: 1.0218e-02, v: 2.1104e-02, pde_a: 4.5296e-03
Epoch: 4960/5000 - Time: 7.60s - Loss: 2.0898e-02 | a: 5.7808e-03, BC: 4.1384e-04, m: 2.2460e-03, u: 1.1310e-02, v: 2.8082e-02, pde_a: 4.5914e-03
Epoch: 4970/5000 - Time: 7.62s - Loss: 3.0284e-02 | a: 5.3849e-03, BC: 5.0326e-04, m: 3.4230e-03, u: 2.4754e-02, v: 3.2815e-02, pde_a: 7.0698e-03
Epoch: 4980/5000 - Time: 7.74s - Loss: 2.0086e-01 | a: 1.7188e-01, BC: 3.4621e-03, m: 2.4722e-03, u: 1.9034e-02, v: 2.7421e-02, pde_a: 1.0519e-02
Epoch: 4990/5000 - Time: 8.61s - Loss: 1.2756e-02 | a: 4.2985e-03, BC: 1.1334e-04, m: 1.7306e-03, u: 5.3525e-03, v: 2.0557e-02, pde_a: 2.3399e-03
Epoch: 5000/5000 - Time: 8.38s - Loss: 1.3137e-02 | a: 3.8692e-03, BC: 1.1777e-04, m: 1.7082e-03, u: 7.0072e-03, v: 1.9841e-02, pde_a: 2.5307e-03

--- Starting Training Phase 3/5 ---
Epochs: 5000, Learning Rate: 1e-05
Total samples: 185940, Desired batch size: 9297
Calculated num_batches: 20, Proportional batch sizes: {'A': 1305, 'PDE': 7910, 'N': 20, 'EW': 20, 'NSEW': 42}
Epoch: 10/5000 - Time: 7.54s - Loss: 1.0788e-02 | a: 3.5006e-03, BC: 7.1184e-05, m: 1.4612e-03, u: 4.3071e-03, v: 1.7462e-02, pde_a: 2.1614e-03
Saving checkpoint at epoch 10 with loss 1.0788e-02
Epoch: 20/5000 - Time: 7.71s - Loss: 1.0719e-02 | a: 3.4654e-03, BC: 7.3449e-05, m: 1.4526e-03, u: 4.3701e-03, v: 1.7223e-02, pde_a: 2.1381e-03
Saving checkpoint at epoch 20 with loss 1.0719e-02
Epoch: 30/5000 - Time: 7.58s - Loss: 1.0737e-02 | a: 3.4528e-03, BC: 7.7459e-05, m: 1.4319e-03, u: 4.3800e-03, v: 1.7164e-02, pde_a: 2.1704e-03
Epoch: 40/5000 - Time: 7.69s - Loss: 1.0854e-02 | a: 3.5347e-03, BC: 7.3760e-05, m: 1.4192e-03, u: 4.4327e-03, v: 1.7025e-02, pde_a: 2.2009e-03
Epoch: 50/5000 - Time: 7.77s - Loss: 1.0703e-02 | a: 3.3587e-03, BC: 7.4562e-05, m: 1.4152e-03, u: 4.4283e-03, v: 1.6817e-02, pde_a: 2.2394e-03
Saving checkpoint at epoch 50 with loss 1.0703e-02
Epoch: 60/5000 - Time: 7.63s - Loss: 1.0553e-02 | a: 3.2712e-03, BC: 7.3035e-05, m: 1.4108e-03, u: 4.3521e-03, v: 1.6712e-02, pde_a: 2.2258e-03
Saving checkpoint at epoch 60 with loss 1.0553e-02
Epoch: 70/5000 - Time: 8.26s - Loss: 1.0637e-02 | a: 3.2582e-03, BC: 7.4302e-05, m: 1.4077e-03, u: 4.4559e-03, v: 1.6642e-02, pde_a: 2.2753e-03
Epoch: 80/5000 - Time: 7.62s - Loss: 1.0609e-02 | a: 3.2373e-03, BC: 8.0975e-05, m: 1.3941e-03, u: 4.3074e-03, v: 1.6467e-02, pde_a: 2.3292e-03
Epoch: 90/5000 - Time: 7.89s - Loss: 1.0688e-02 | a: 3.3433e-03, BC: 7.6813e-05, m: 1.3985e-03, u: 4.3391e-03, v: 1.6538e-02, pde_a: 2.2945e-03
Epoch: 100/5000 - Time: 7.60s - Loss: 1.0719e-02 | a: 3.3587e-03, BC: 8.1931e-05, m: 1.3769e-03, u: 4.5253e-03, v: 1.6467e-02, pde_a: 2.2633e-03
Epoch: 110/5000 - Time: 7.66s - Loss: 1.0722e-02 | a: 3.1007e-03, BC: 8.0289e-05, m: 1.3903e-03, u: 4.6394e-03, v: 1.6519e-02, pde_a: 2.4201e-03
Epoch: 120/5000 - Time: 7.55s - Loss: 1.0615e-02 | a: 2.9982e-03, BC: 8.5325e-05, m: 1.3892e-03, u: 4.6344e-03, v: 1.6484e-02, pde_a: 2.4170e-03
Epoch: 130/5000 - Time: 7.66s - Loss: 1.0828e-02 | a: 3.2712e-03, BC: 8.3401e-05, m: 1.3899e-03, u: 4.4949e-03, v: 1.6553e-02, pde_a: 2.4088e-03
Epoch: 140/5000 - Time: 7.57s - Loss: 1.1189e-02 | a: 3.0122e-03, BC: 1.0918e-04, m: 1.4316e-03, u: 5.4526e-03, v: 1.6557e-02, pde_a: 2.5580e-03
Epoch: 150/5000 - Time: 7.99s - Loss: 1.0720e-02 | a: 2.8716e-03, BC: 8.7251e-05, m: 1.4008e-03, u: 4.7881e-03, v: 1.6550e-02, pde_a: 2.5363e-03
Epoch: 160/5000 - Time: 8.42s - Loss: 1.0769e-02 | a: 2.9429e-03, BC: 9.7319e-05, m: 1.3851e-03, u: 4.8204e-03, v: 1.6509e-02, pde_a: 2.5127e-03
Epoch: 170/5000 - Time: 8.54s - Loss: 1.1204e-02 | a: 3.1043e-03, BC: 1.0177e-04, m: 1.4094e-03, u: 5.2094e-03, v: 1.6692e-02, pde_a: 2.5772e-03
Epoch: 180/5000 - Time: 7.79s - Loss: 1.0656e-02 | a: 2.9601e-03, BC: 8.9807e-05, m: 1.4052e-03, u: 4.8823e-03, v: 1.6456e-02, pde_a: 2.3951e-03
Epoch: 190/5000 - Time: 7.60s - Loss: 1.0770e-02 | a: 2.9599e-03, BC: 9.8505e-05, m: 1.3882e-03, u: 4.9327e-03, v: 1.6764e-02, pde_a: 2.4444e-03
Epoch: 200/5000 - Time: 7.61s - Loss: 1.1067e-02 | a: 3.1015e-03, BC: 1.1243e-04, m: 1.3909e-03, u: 4.9678e-03, v: 1.6771e-02, pde_a: 2.5404e-03
Epoch: 210/5000 - Time: 8.06s - Loss: 1.1489e-02 | a: 2.7657e-03, BC: 1.0383e-04, m: 1.4716e-03, u: 5.9761e-03, v: 1.7145e-02, pde_a: 2.7590e-03
Epoch: 220/5000 - Time: 8.75s - Loss: 1.2186e-02 | a: 3.4178e-03, BC: 1.1660e-04, m: 1.4998e-03, u: 5.6428e-03, v: 1.7891e-02, pde_a: 2.8103e-03
Epoch: 230/5000 - Time: 8.54s - Loss: 1.1304e-02 | a: 3.2595e-03, BC: 1.2441e-04, m: 1.3899e-03, u: 5.0453e-03, v: 1.6837e-02, pde_a: 2.5643e-03
Epoch: 240/5000 - Time: 7.62s - Loss: 1.2529e-02 | a: 3.6571e-03, BC: 1.8433e-04, m: 1.5096e-03, u: 6.1008e-03, v: 1.7999e-02, pde_a: 2.6879e-03
Epoch: 250/5000 - Time: 7.68s - Loss: 1.0868e-02 | a: 2.8505e-03, BC: 1.1242e-04, m: 1.4538e-03, u: 5.1534e-03, v: 1.7171e-02, pde_a: 2.4633e-03
Epoch: 260/5000 - Time: 7.61s - Loss: 1.1167e-02 | a: 2.9785e-03, BC: 1.3712e-04, m: 1.3947e-03, u: 5.0919e-03, v: 1.7165e-02, pde_a: 2.6226e-03
Epoch: 270/5000 - Time: 7.69s - Loss: 1.1700e-02 | a: 2.8984e-03, BC: 1.2596e-04, m: 1.4675e-03, u: 5.7445e-03, v: 1.7369e-02, pde_a: 2.8549e-03
Epoch: 280/5000 - Time: 8.22s - Loss: 1.1396e-02 | a: 2.8584e-03, BC: 1.1141e-04, m: 1.4723e-03, u: 5.5152e-03, v: 1.7105e-02, pde_a: 2.7509e-03
Epoch: 290/5000 - Time: 7.82s - Loss: 1.1587e-02 | a: 3.1991e-03, BC: 1.0900e-04, m: 1.4280e-03, u: 5.4206e-03, v: 1.7032e-02, pde_a: 2.6933e-03
Epoch: 300/5000 - Time: 7.62s - Loss: 1.2066e-02 | a: 2.7399e-03, BC: 1.2048e-04, m: 1.6112e-03, u: 7.3108e-03, v: 1.9260e-02, pde_a: 2.5755e-03
Epoch: 310/5000 - Time: 7.69s - Loss: 1.1889e-02 | a: 3.4987e-03, BC: 1.3522e-04, m: 1.4225e-03, u: 5.2706e-03, v: 1.7415e-02, pde_a: 2.6920e-03
Epoch: 320/5000 - Time: 7.80s - Loss: 1.0502e-02 | a: 2.4294e-03, BC: 1.0398e-04, m: 1.4422e-03, u: 5.2811e-03, v: 1.7335e-02, pde_a: 2.4666e-03
Saving checkpoint at epoch 320 with loss 1.0502e-02
Epoch: 330/5000 - Time: 8.38s - Loss: 1.0858e-02 | a: 2.4226e-03, BC: 9.7456e-05, m: 1.4321e-03, u: 5.9162e-03, v: 1.7209e-02, pde_a: 2.5751e-03
Epoch: 340/5000 - Time: 8.24s - Loss: 1.1073e-02 | a: 2.7872e-03, BC: 1.1441e-04, m: 1.4519e-03, u: 5.4131e-03, v: 1.7475e-02, pde_a: 2.5663e-03
Epoch: 350/5000 - Time: 7.83s - Loss: 1.2625e-02 | a: 3.9821e-03, BC: 1.3179e-04, m: 1.4223e-03, u: 5.5775e-03, v: 1.7324e-02, pde_a: 2.8041e-03
Epoch: 360/5000 - Time: 7.57s - Loss: 1.1068e-02 | a: 2.6391e-03, BC: 9.4837e-05, m: 1.4740e-03, u: 6.1422e-03, v: 1.7555e-02, pde_a: 2.4568e-03
Epoch: 370/5000 - Time: 7.63s - Loss: 1.1058e-02 | a: 2.7604e-03, BC: 1.1089e-04, m: 1.4220e-03, u: 5.2317e-03, v: 1.7127e-02, pde_a: 2.6744e-03
Epoch: 380/5000 - Time: 7.67s - Loss: 1.0458e-02 | a: 2.3594e-03, BC: 9.6017e-05, m: 1.4065e-03, u: 5.1893e-03, v: 1.7037e-02, pde_a: 2.5604e-03
Saving checkpoint at epoch 380 with loss 1.0458e-02
Epoch: 390/5000 - Time: 8.73s - Loss: 1.1977e-02 | a: 3.6470e-03, BC: 1.7852e-04, m: 1.4559e-03, u: 5.6278e-03, v: 1.7825e-02, pde_a: 2.4574e-03
Epoch: 400/5000 - Time: 8.23s - Loss: 1.2247e-02 | a: 3.6109e-03, BC: 1.5749e-04, m: 1.4540e-03, u: 5.8779e-03, v: 1.7347e-02, pde_a: 2.6724e-03
Epoch: 410/5000 - Time: 7.83s - Loss: 1.0640e-02 | a: 2.3405e-03, BC: 8.6698e-05, m: 1.4302e-03, u: 5.8983e-03, v: 1.7491e-02, pde_a: 2.4628e-03
Epoch: 420/5000 - Time: 8.44s - Loss: 1.1379e-02 | a: 2.8130e-03, BC: 1.1718e-04, m: 1.4631e-03, u: 5.6263e-03, v: 1.7993e-02, pde_a: 2.6690e-03
Epoch: 430/5000 - Time: 8.61s - Loss: 1.2471e-02 | a: 3.2097e-03, BC: 2.2255e-04, m: 1.4903e-03, u: 6.6817e-03, v: 1.7497e-02, pde_a: 2.8324e-03
Epoch: 440/5000 - Time: 8.42s - Loss: 1.0894e-02 | a: 2.4902e-03, BC: 1.0151e-04, m: 1.4406e-03, u: 5.9403e-03, v: 1.7083e-02, pde_a: 2.5461e-03
Epoch: 450/5000 - Time: 8.42s - Loss: 1.0884e-02 | a: 2.0819e-03, BC: 1.0513e-04, m: 1.5039e-03, u: 6.3516e-03, v: 1.7928e-02, pde_a: 2.6286e-03
Epoch: 460/5000 - Time: 8.35s - Loss: 1.0438e-02 | a: 2.2481e-03, BC: 8.5092e-05, m: 1.4218e-03, u: 5.5137e-03, v: 1.7297e-02, pde_a: 2.5145e-03
Saving checkpoint at epoch 460 with loss 1.0438e-02
Epoch: 470/5000 - Time: 8.43s - Loss: 1.0194e-02 | a: 2.0531e-03, BC: 1.0628e-04, m: 1.4313e-03, u: 5.7760e-03, v: 1.7055e-02, pde_a: 2.3968e-03
Saving checkpoint at epoch 470 with loss 1.0194e-02
Epoch: 480/5000 - Time: 8.51s - Loss: 1.0397e-02 | a: 2.3104e-03, BC: 9.9170e-05, m: 1.4167e-03, u: 5.5646e-03, v: 1.7303e-02, pde_a: 2.4106e-03
Epoch: 490/5000 - Time: 8.31s - Loss: 1.1188e-02 | a: 2.8038e-03, BC: 1.3789e-04, m: 1.4255e-03, u: 5.6486e-03, v: 1.7258e-02, pde_a: 2.5835e-03
Epoch: 500/5000 - Time: 7.75s - Loss: 1.1839e-02 | a: 2.9805e-03, BC: 1.0958e-04, m: 1.4640e-03, u: 5.8393e-03, v: 1.7774e-02, pde_a: 2.8522e-03
Epoch: 510/5000 - Time: 7.59s - Loss: 1.1010e-02 | a: 2.2671e-03, BC: 1.0194e-04, m: 1.4251e-03, u: 6.4952e-03, v: 1.7399e-02, pde_a: 2.6227e-03
Epoch: 520/5000 - Time: 8.29s - Loss: 1.1200e-02 | a: 2.9013e-03, BC: 1.4045e-04, m: 1.4089e-03, u: 5.7437e-03, v: 1.7487e-02, pde_a: 2.4774e-03
Epoch: 530/5000 - Time: 8.35s - Loss: 1.0491e-02 | a: 2.3014e-03, BC: 9.1611e-05, m: 1.3920e-03, u: 5.3767e-03, v: 1.7094e-02, pde_a: 2.5802e-03
Epoch: 540/5000 - Time: 7.56s - Loss: 1.1249e-02 | a: 2.9141e-03, BC: 1.1797e-04, m: 1.3966e-03, u: 5.8912e-03, v: 1.7103e-02, pde_a: 2.5149e-03
Epoch: 550/5000 - Time: 7.56s - Loss: 1.3580e-02 | a: 3.2210e-03, BC: 2.6825e-04, m: 1.5086e-03, u: 6.2358e-03, v: 1.9508e-02, pde_a: 3.6031e-03
Epoch: 560/5000 - Time: 7.83s - Loss: 1.0405e-02 | a: 2.0853e-03, BC: 8.6281e-05, m: 1.4003e-03, u: 5.7888e-03, v: 1.7413e-02, pde_a: 2.5319e-03
Epoch: 570/5000 - Time: 7.68s - Loss: 1.0624e-02 | a: 2.4382e-03, BC: 1.1211e-04, m: 1.4175e-03, u: 5.6796e-03, v: 1.7175e-02, pde_a: 2.4522e-03
Epoch: 580/5000 - Time: 8.42s - Loss: 1.1202e-02 | a: 2.7575e-03, BC: 9.1440e-05, m: 1.4001e-03, u: 5.4720e-03, v: 1.7214e-02, pde_a: 2.7339e-03
Epoch: 590/5000 - Time: 7.81s - Loss: 1.4197e-02 | a: 4.4011e-03, BC: 2.4716e-04, m: 1.5046e-03, u: 7.6856e-03, v: 1.8284e-02, pde_a: 2.8543e-03
Epoch: 600/5000 - Time: 7.66s - Loss: 1.0200e-02 | a: 1.8376e-03, BC: 9.5327e-05, m: 1.4765e-03, u: 6.2752e-03, v: 1.8641e-02, pde_a: 2.2784e-03
Epoch: 610/5000 - Time: 7.60s - Loss: 1.2564e-02 | a: 3.7420e-03, BC: 1.9647e-04, m: 1.4368e-03, u: 5.8140e-03, v: 1.7944e-02, pde_a: 2.7650e-03
Epoch: 620/5000 - Time: 7.63s - Loss: 1.1379e-02 | a: 3.0535e-03, BC: 1.0697e-04, m: 1.4009e-03, u: 5.8443e-03, v: 1.7611e-02, pde_a: 2.4878e-03
Epoch: 630/5000 - Time: 8.21s - Loss: 1.0525e-02 | a: 2.0765e-03, BC: 1.1380e-04, m: 1.4733e-03, u: 6.3586e-03, v: 1.7607e-02, pde_a: 2.3890e-03
Epoch: 640/5000 - Time: 8.10s - Loss: 9.9054e-03 | a: 1.8845e-03, BC: 8.8215e-05, m: 1.3983e-03, u: 5.8233e-03, v: 1.6975e-02, pde_a: 2.3266e-03
Saving checkpoint at epoch 640 with loss 9.9054e-03
Epoch: 650/5000 - Time: 8.40s - Loss: 9.8610e-03 | a: 1.9423e-03, BC: 7.6695e-05, m: 1.3830e-03, u: 5.8343e-03, v: 1.7039e-02, pde_a: 2.2562e-03
Saving checkpoint at epoch 650 with loss 9.8610e-03
Epoch: 660/5000 - Time: 8.54s - Loss: 1.2824e-02 | a: 3.6459e-03, BC: 2.3288e-04, m: 1.4195e-03, u: 6.0850e-03, v: 1.7667e-02, pde_a: 2.9590e-03
Epoch: 670/5000 - Time: 8.59s - Loss: 1.1156e-02 | a: 2.1714e-03, BC: 9.9914e-05, m: 1.4658e-03, u: 7.3327e-03, v: 1.7687e-02, pde_a: 2.5170e-03
Epoch: 680/5000 - Time: 8.53s - Loss: 1.0428e-02 | a: 2.1155e-03, BC: 9.7418e-05, m: 1.4180e-03, u: 6.2567e-03, v: 1.7457e-02, pde_a: 2.3658e-03
Epoch: 690/5000 - Time: 8.33s - Loss: 1.0724e-02 | a: 2.3804e-03, BC: 1.6523e-04, m: 1.4690e-03, u: 6.0007e-03, v: 1.7978e-02, pde_a: 2.3489e-03
Epoch: 700/5000 - Time: 8.57s - Loss: 1.0962e-02 | a: 2.1642e-03, BC: 1.2136e-04, m: 1.4577e-03, u: 6.1081e-03, v: 1.8253e-02, pde_a: 2.6820e-03
Epoch: 710/5000 - Time: 8.55s - Loss: 1.0173e-02 | a: 2.0464e-03, BC: 1.1255e-04, m: 1.3838e-03, u: 5.4628e-03, v: 1.7679e-02, pde_a: 2.4474e-03
Epoch: 720/5000 - Time: 8.52s - Loss: 1.3380e-02 | a: 3.9421e-03, BC: 1.2163e-04, m: 1.4363e-03, u: 6.7618e-03, v: 1.7867e-02, pde_a: 3.0175e-03
Epoch: 730/5000 - Time: 7.78s - Loss: 1.0188e-02 | a: 1.9859e-03, BC: 9.8930e-05, m: 1.4051e-03, u: 6.2181e-03, v: 1.7432e-02, pde_a: 2.3001e-03
Epoch: 740/5000 - Time: 7.61s - Loss: 1.2308e-02 | a: 2.9287e-03, BC: 1.8413e-04, m: 1.5111e-03, u: 7.2823e-03, v: 1.7997e-02, pde_a: 2.7236e-03
Epoch: 750/5000 - Time: 7.67s - Loss: 1.1222e-02 | a: 2.6106e-03, BC: 1.2216e-04, m: 1.3901e-03, u: 5.9540e-03, v: 1.7463e-02, pde_a: 2.6789e-03
Epoch: 760/5000 - Time: 7.60s - Loss: 1.0205e-02 | a: 2.0907e-03, BC: 9.5361e-05, m: 1.4013e-03, u: 6.0535e-03, v: 1.7049e-02, pde_a: 2.3171e-03
Epoch: 770/5000 - Time: 7.93s - Loss: 1.0484e-02 | a: 1.9317e-03, BC: 1.0036e-04, m: 1.4227e-03, u: 6.6340e-03, v: 1.7328e-02, pde_a: 2.4430e-03
Epoch: 780/5000 - Time: 8.47s - Loss: 1.2046e-02 | a: 3.0059e-03, BC: 2.8638e-04, m: 1.4569e-03, u: 6.1428e-03, v: 1.7759e-02, pde_a: 2.7704e-03
Epoch: 790/5000 - Time: 8.09s - Loss: 1.0795e-02 | a: 1.9998e-03, BC: 1.1395e-04, m: 1.4484e-03, u: 6.5422e-03, v: 1.7482e-02, pde_a: 2.6216e-03
Epoch: 800/5000 - Time: 7.80s - Loss: 1.0585e-02 | a: 2.1660e-03, BC: 1.3044e-04, m: 1.4349e-03, u: 6.6253e-03, v: 1.7420e-02, pde_a: 2.3071e-03
Epoch: 810/5000 - Time: 7.74s - Loss: 1.0055e-02 | a: 2.0717e-03, BC: 1.0334e-04, m: 1.3844e-03, u: 5.6282e-03, v: 1.7236e-02, pde_a: 2.3306e-03
Epoch: 820/5000 - Time: 7.78s - Loss: 1.0993e-02 | a: 2.4067e-03, BC: 9.8243e-05, m: 1.4056e-03, u: 5.8368e-03, v: 1.7590e-02, pde_a: 2.6958e-03
Epoch: 830/5000 - Time: 8.35s - Loss: 1.1551e-02 | a: 2.5443e-03, BC: 1.3709e-04, m: 1.3886e-03, u: 5.7346e-03, v: 1.7043e-02, pde_a: 3.0697e-03
Epoch: 840/5000 - Time: 8.43s - Loss: 1.1167e-02 | a: 2.3233e-03, BC: 1.5880e-04, m: 1.4538e-03, u: 6.8263e-03, v: 1.7580e-02, pde_a: 2.5288e-03
Epoch: 850/5000 - Time: 8.50s - Loss: 1.0197e-02 | a: 2.0098e-03, BC: 1.4752e-04, m: 1.3734e-03, u: 5.7457e-03, v: 1.7018e-02, pde_a: 2.4400e-03
Epoch: 860/5000 - Time: 8.45s - Loss: 1.2993e-02 | a: 2.9516e-03, BC: 1.8026e-04, m: 1.4512e-03, u: 7.3640e-03, v: 1.7540e-02, pde_a: 3.2747e-03
Epoch: 870/5000 - Time: 7.91s - Loss: 1.3938e-02 | a: 3.3717e-03, BC: 3.1057e-04, m: 1.4905e-03, u: 7.6270e-03, v: 1.8418e-02, pde_a: 3.4098e-03
Epoch: 880/5000 - Time: 7.59s - Loss: 9.8438e-03 | a: 1.8418e-03, BC: 8.4017e-05, m: 1.3975e-03, u: 6.1375e-03, v: 1.7074e-02, pde_a: 2.2142e-03
Saving checkpoint at epoch 880 with loss 9.8438e-03
Epoch: 890/5000 - Time: 7.61s - Loss: 1.1186e-02 | a: 2.8122e-03, BC: 1.7368e-04, m: 1.3763e-03, u: 5.9970e-03, v: 1.7065e-02, pde_a: 2.4828e-03
Epoch: 900/5000 - Time: 7.96s - Loss: 1.0628e-02 | a: 1.9518e-03, BC: 8.6114e-05, m: 1.3669e-03, u: 6.0020e-03, v: 1.7726e-02, pde_a: 2.7322e-03
Epoch: 910/5000 - Time: 8.66s - Loss: 1.0623e-02 | a: 2.4553e-03, BC: 9.8877e-05, m: 1.3996e-03, u: 6.0099e-03, v: 1.7753e-02, pde_a: 2.3128e-03
Epoch: 920/5000 - Time: 7.93s - Loss: 9.9338e-03 | a: 1.8218e-03, BC: 8.9749e-05, m: 1.3595e-03, u: 5.9484e-03, v: 1.7000e-02, pde_a: 2.3744e-03
Epoch: 930/5000 - Time: 8.06s - Loss: 9.8876e-03 | a: 1.7864e-03, BC: 8.7507e-05, m: 1.3855e-03, u: 5.8851e-03, v: 1.7305e-02, pde_a: 2.3502e-03
Epoch: 940/5000 - Time: 8.41s - Loss: 1.1560e-02 | a: 1.9623e-03, BC: 1.0670e-04, m: 1.6993e-03, u: 8.1438e-03, v: 2.1092e-02, pde_a: 2.3580e-03
Epoch: 950/5000 - Time: 8.28s - Loss: 9.4163e-03 | a: 1.7363e-03, BC: 8.1291e-05, m: 1.3619e-03, u: 5.7652e-03, v: 1.7115e-02, pde_a: 2.0944e-03
Saving checkpoint at epoch 950 with loss 9.4163e-03
Epoch: 960/5000 - Time: 8.34s - Loss: 1.1512e-02 | a: 2.1169e-03, BC: 1.1271e-04, m: 1.5482e-03, u: 8.5726e-03, v: 1.7862e-02, pde_a: 2.3984e-03
Epoch: 970/5000 - Time: 8.18s - Loss: 1.0032e-02 | a: 1.9460e-03, BC: 8.1266e-05, m: 1.3723e-03, u: 5.8809e-03, v: 1.6950e-02, pde_a: 2.3790e-03
Epoch: 980/5000 - Time: 8.32s - Loss: 1.0486e-02 | a: 2.0434e-03, BC: 1.0607e-04, m: 1.3885e-03, u: 6.1118e-03, v: 1.7332e-02, pde_a: 2.5267e-03
Epoch: 990/5000 - Time: 7.68s - Loss: 1.0225e-02 | a: 2.1234e-03, BC: 1.2056e-04, m: 1.3609e-03, u: 5.8085e-03, v: 1.7257e-02, pde_a: 2.3637e-03
Epoch: 1000/5000 - Time: 7.71s - Loss: 1.0444e-02 | a: 2.1580e-03, BC: 1.1152e-04, m: 1.3595e-03, u: 5.8916e-03, v: 1.6792e-02, pde_a: 2.5242e-03
Epoch: 1010/5000 - Time: 7.66s - Loss: 1.2020e-02 | a: 2.3145e-03, BC: 1.0809e-04, m: 1.5180e-03, u: 8.6498e-03, v: 1.7872e-02, pde_a: 2.6305e-03
Epoch: 1020/5000 - Time: 8.57s - Loss: 1.1063e-02 | a: 2.2660e-03, BC: 1.1052e-04, m: 1.3939e-03, u: 6.7478e-03, v: 1.8089e-02, pde_a: 2.5423e-03
Epoch: 1030/5000 - Time: 8.16s - Loss: 1.0549e-02 | a: 2.0648e-03, BC: 8.9712e-05, m: 1.3960e-03, u: 6.1093e-03, v: 1.7879e-02, pde_a: 2.5241e-03
Epoch: 1040/5000 - Time: 7.56s - Loss: 1.0221e-02 | a: 2.1529e-03, BC: 8.7498e-05, m: 1.3562e-03, u: 5.7837e-03, v: 1.7085e-02, pde_a: 2.3867e-03
Epoch: 1050/5000 - Time: 7.63s - Loss: 2.2310e-02 | a: 9.2993e-03, BC: 4.1412e-04, m: 1.3912e-03, u: 6.7374e-03, v: 1.8191e-02, pde_a: 5.5341e-03
Epoch: 1060/5000 - Time: 7.71s - Loss: 9.7456e-03 | a: 1.9116e-03, BC: 7.9010e-05, m: 1.3631e-03, u: 5.9413e-03, v: 1.7201e-02, pde_a: 2.1541e-03
Epoch: 1070/5000 - Time: 7.65s - Loss: 9.9936e-03 | a: 2.1472e-03, BC: 8.6107e-05, m: 1.3756e-03, u: 6.0612e-03, v: 1.7068e-02, pde_a: 2.1270e-03
Epoch: 1080/5000 - Time: 7.96s - Loss: 1.0123e-02 | a: 1.9574e-03, BC: 8.2229e-05, m: 1.3907e-03, u: 6.5488e-03, v: 1.7196e-02, pde_a: 2.2119e-03
Epoch: 1090/5000 - Time: 8.38s - Loss: 1.0115e-02 | a: 1.9739e-03, BC: 9.3623e-05, m: 1.3740e-03, u: 6.2640e-03, v: 1.7268e-02, pde_a: 2.2713e-03
Epoch: 1100/5000 - Time: 8.10s - Loss: 9.8444e-03 | a: 1.8541e-03, BC: 9.2342e-05, m: 1.3559e-03, u: 5.5649e-03, v: 1.7382e-02, pde_a: 2.3650e-03
Epoch: 1110/5000 - Time: 7.66s - Loss: 9.8262e-03 | a: 1.7811e-03, BC: 7.8585e-05, m: 1.3750e-03, u: 5.8854e-03, v: 1.7349e-02, pde_a: 2.3154e-03
Epoch: 1120/5000 - Time: 7.62s - Loss: 1.0631e-02 | a: 1.8489e-03, BC: 1.0572e-04, m: 1.4312e-03, u: 7.6048e-03, v: 1.6809e-02, pde_a: 2.3625e-03
Epoch: 1130/5000 - Time: 7.64s - Loss: 9.4361e-03 | a: 1.6421e-03, BC: 8.9096e-05, m: 1.3319e-03, u: 5.8798e-03, v: 1.6939e-02, pde_a: 2.1697e-03
Epoch: 1140/5000 - Time: 8.13s - Loss: 9.6801e-03 | a: 1.6873e-03, BC: 9.4199e-05, m: 1.3649e-03, u: 5.9924e-03, v: 1.6927e-02, pde_a: 2.2697e-03
Epoch: 1150/5000 - Time: 8.48s - Loss: 9.8821e-03 | a: 1.9252e-03, BC: 1.0239e-04, m: 1.3362e-03, u: 5.9679e-03, v: 1.6720e-02, pde_a: 2.2735e-03
Epoch: 1160/5000 - Time: 8.55s - Loss: 1.0107e-02 | a: 2.0137e-03, BC: 8.2975e-05, m: 1.3312e-03, u: 5.8954e-03, v: 1.6914e-02, pde_a: 2.4015e-03
Epoch: 1170/5000 - Time: 7.72s - Loss: 9.7692e-03 | a: 1.9925e-03, BC: 8.4164e-05, m: 1.3336e-03, u: 5.8527e-03, v: 1.6880e-02, pde_a: 2.1723e-03
Epoch: 1180/5000 - Time: 7.61s - Loss: 1.0080e-02 | a: 1.9815e-03, BC: 1.0528e-04, m: 1.3629e-03, u: 5.9223e-03, v: 1.7553e-02, pde_a: 2.3145e-03
Epoch: 1190/5000 - Time: 7.58s - Loss: 9.5338e-03 | a: 1.7462e-03, BC: 8.5132e-05, m: 1.3398e-03, u: 6.0683e-03, v: 1.6712e-02, pde_a: 2.1260e-03
Epoch: 1200/5000 - Time: 7.83s - Loss: 1.0496e-02 | a: 1.8650e-03, BC: 1.0411e-04, m: 1.3986e-03, u: 6.2265e-03, v: 1.7849e-02, pde_a: 2.5918e-03
Epoch: 1210/5000 - Time: 8.58s - Loss: 1.1419e-02 | a: 2.9834e-03, BC: 1.0570e-04, m: 1.3649e-03, u: 5.7807e-03, v: 1.7556e-02, pde_a: 2.6133e-03
Epoch: 1220/5000 - Time: 8.27s - Loss: 1.0341e-02 | a: 1.9846e-03, BC: 9.8679e-05, m: 1.3610e-03, u: 5.7180e-03, v: 1.6960e-02, pde_a: 2.6264e-03
Epoch: 1230/5000 - Time: 8.29s - Loss: 1.0423e-02 | a: 1.8009e-03, BC: 1.0105e-04, m: 1.4227e-03, u: 6.4186e-03, v: 1.7681e-02, pde_a: 2.5320e-03
Epoch: 1240/5000 - Time: 8.40s - Loss: 1.1190e-02 | a: 2.1172e-03, BC: 1.3681e-04, m: 1.3823e-03, u: 6.2379e-03, v: 1.6976e-02, pde_a: 2.9789e-03
Epoch: 1250/5000 - Time: 8.28s - Loss: 1.0314e-02 | a: 1.7590e-03, BC: 1.1951e-04, m: 1.3816e-03, u: 6.9033e-03, v: 1.6708e-02, pde_a: 2.4187e-03
Epoch: 1260/5000 - Time: 8.50s - Loss: 1.0737e-02 | a: 2.1898e-03, BC: 1.0266e-04, m: 1.3508e-03, u: 6.1551e-03, v: 1.7312e-02, pde_a: 2.6155e-03
Epoch: 1270/5000 - Time: 8.45s - Loss: 9.9602e-03 | a: 1.8524e-03, BC: 1.2663e-04, m: 1.3519e-03, u: 6.3767e-03, v: 1.7214e-02, pde_a: 2.2019e-03
Epoch: 1280/5000 - Time: 8.44s - Loss: 9.5431e-03 | a: 1.5277e-03, BC: 1.1472e-04, m: 1.3684e-03, u: 5.9801e-03, v: 1.7158e-02, pde_a: 2.2551e-03
Epoch: 1290/5000 - Time: 8.42s - Loss: 1.4569e-02 | a: 3.5259e-03, BC: 2.5474e-04, m: 1.5305e-03, u: 9.2486e-03, v: 1.7578e-02, pde_a: 3.3816e-03
Epoch: 1300/5000 - Time: 8.32s - Loss: 9.9360e-03 | a: 1.9286e-03, BC: 9.6416e-05, m: 1.3194e-03, u: 5.8172e-03, v: 1.6929e-02, pde_a: 2.3530e-03
Epoch: 1310/5000 - Time: 7.78s - Loss: 9.9489e-03 | a: 1.7667e-03, BC: 1.1945e-04, m: 1.3358e-03, u: 5.9808e-03, v: 1.7097e-02, pde_a: 2.3995e-03
Epoch: 1320/5000 - Time: 7.69s - Loss: 9.6469e-03 | a: 1.7946e-03, BC: 8.3401e-05, m: 1.3190e-03, u: 5.7650e-03, v: 1.6872e-02, pde_a: 2.2645e-03
Epoch: 1330/5000 - Time: 7.80s - Loss: 9.5770e-03 | a: 1.8081e-03, BC: 1.0409e-04, m: 1.3326e-03, u: 5.9903e-03, v: 1.6822e-02, pde_a: 2.1150e-03
Epoch: 1340/5000 - Time: 8.52s - Loss: 1.1740e-02 | a: 2.8665e-03, BC: 1.3376e-04, m: 1.3815e-03, u: 6.8665e-03, v: 1.7723e-02, pde_a: 2.5823e-03
Epoch: 1350/5000 - Time: 7.61s - Loss: 9.5296e-03 | a: 1.5717e-03, BC: 8.9228e-05, m: 1.3334e-03, u: 6.2223e-03, v: 1.7007e-02, pde_a: 2.1870e-03
Epoch: 1360/5000 - Time: 7.58s - Loss: 1.0187e-02 | a: 1.6047e-03, BC: 1.2058e-04, m: 1.4466e-03, u: 7.3375e-03, v: 1.8224e-02, pde_a: 2.1581e-03
Epoch: 1370/5000 - Time: 7.67s - Loss: 9.4889e-03 | a: 1.7704e-03, BC: 9.9363e-05, m: 1.3367e-03, u: 5.5577e-03, v: 1.6810e-02, pde_a: 2.2081e-03
Epoch: 1380/5000 - Time: 7.67s - Loss: 1.0671e-02 | a: 2.0790e-03, BC: 1.0192e-04, m: 1.3692e-03, u: 7.1541e-03, v: 1.7042e-02, pde_a: 2.3649e-03
Epoch: 1390/5000 - Time: 7.73s - Loss: 9.9997e-03 | a: 1.8235e-03, BC: 1.0464e-04, m: 1.3864e-03, u: 6.0447e-03, v: 1.7474e-02, pde_a: 2.3330e-03
Epoch: 1400/5000 - Time: 7.59s - Loss: 1.0961e-02 | a: 2.0927e-03, BC: 1.2300e-04, m: 1.4251e-03, u: 7.8128e-03, v: 1.6931e-02, pde_a: 2.3464e-03
Epoch: 1410/5000 - Time: 7.64s - Loss: 1.0197e-02 | a: 2.0937e-03, BC: 9.2484e-05, m: 1.3408e-03, u: 5.9363e-03, v: 1.6797e-02, pde_a: 2.3941e-03
Epoch: 1420/5000 - Time: 7.66s - Loss: 9.5863e-03 | a: 1.7655e-03, BC: 8.6263e-05, m: 1.3268e-03, u: 6.2138e-03, v: 1.6619e-02, pde_a: 2.1207e-03
Epoch: 1430/5000 - Time: 7.59s - Loss: 9.2618e-03 | a: 1.5431e-03, BC: 8.3229e-05, m: 1.3165e-03, u: 6.0111e-03, v: 1.6675e-02, pde_a: 2.1057e-03
Saving checkpoint at epoch 1430 with loss 9.2618e-03
Epoch: 1440/5000 - Time: 7.56s - Loss: 9.5542e-03 | a: 1.6766e-03, BC: 8.0431e-05, m: 1.3315e-03, u: 6.1991e-03, v: 1.6504e-02, pde_a: 2.1799e-03
Epoch: 1450/5000 - Time: 8.60s - Loss: 9.8322e-03 | a: 1.8636e-03, BC: 8.9360e-05, m: 1.3320e-03, u: 6.2116e-03, v: 1.7383e-02, pde_a: 2.1691e-03
Epoch: 1460/5000 - Time: 8.41s - Loss: 9.8751e-03 | a: 1.6738e-03, BC: 9.0396e-05, m: 1.4206e-03, u: 6.7159e-03, v: 1.7838e-02, pde_a: 2.1177e-03
Epoch: 1470/5000 - Time: 7.81s - Loss: 1.1914e-02 | a: 1.9546e-03, BC: 1.1522e-04, m: 1.4712e-03, u: 9.2131e-03, v: 1.7441e-02, pde_a: 2.7077e-03
Epoch: 1480/5000 - Time: 7.58s - Loss: 9.6694e-03 | a: 1.5447e-03, BC: 9.5236e-05, m: 1.3809e-03, u: 6.3910e-03, v: 1.7736e-02, pde_a: 2.1793e-03
Epoch: 1490/5000 - Time: 7.61s - Loss: 1.0033e-02 | a: 1.7465e-03, BC: 1.1698e-04, m: 1.3314e-03, u: 6.0673e-03, v: 1.6899e-02, pde_a: 2.4729e-03
Epoch: 1500/5000 - Time: 7.71s - Loss: 9.7724e-03 | a: 1.8269e-03, BC: 8.8776e-05, m: 1.3421e-03, u: 6.0670e-03, v: 1.7166e-02, pde_a: 2.2073e-03
Epoch: 1510/5000 - Time: 7.64s - Loss: 9.9171e-03 | a: 1.7385e-03, BC: 8.8443e-05, m: 1.3535e-03, u: 6.6289e-03, v: 1.6982e-02, pde_a: 2.2277e-03
Epoch: 1520/5000 - Time: 7.67s - Loss: 1.0440e-02 | a: 2.3524e-03, BC: 9.8103e-05, m: 1.3398e-03, u: 6.1445e-03, v: 1.7099e-02, pde_a: 2.2920e-03
Epoch: 1530/5000 - Time: 7.84s - Loss: 9.8544e-03 | a: 1.8945e-03, BC: 9.7149e-05, m: 1.3135e-03, u: 6.2090e-03, v: 1.6660e-02, pde_a: 2.2234e-03
Epoch: 1540/5000 - Time: 8.23s - Loss: 1.0070e-02 | a: 2.0206e-03, BC: 1.0684e-04, m: 1.3480e-03, u: 6.5376e-03, v: 1.6998e-02, pde_a: 2.1433e-03
Epoch: 1550/5000 - Time: 7.63s - Loss: 1.0455e-02 | a: 1.8580e-03, BC: 1.4327e-04, m: 1.3646e-03, u: 6.8036e-03, v: 1.7746e-02, pde_a: 2.3883e-03
Epoch: 1560/5000 - Time: 7.66s - Loss: 1.0203e-02 | a: 1.7163e-03, BC: 9.1320e-05, m: 1.3980e-03, u: 7.0861e-03, v: 1.7555e-02, pde_a: 2.2587e-03
Epoch: 1570/5000 - Time: 7.56s - Loss: 9.3230e-03 | a: 1.6493e-03, BC: 7.7505e-05, m: 1.3117e-03, u: 5.8045e-03, v: 1.6701e-02, pde_a: 2.1375e-03
Epoch: 1580/5000 - Time: 7.64s - Loss: 1.0594e-02 | a: 1.9875e-03, BC: 1.1185e-04, m: 1.3809e-03, u: 7.1077e-03, v: 1.6744e-02, pde_a: 2.4010e-03
Epoch: 1590/5000 - Time: 7.58s - Loss: 1.1249e-02 | a: 1.9436e-03, BC: 1.5144e-04, m: 1.4154e-03, u: 7.6692e-03, v: 1.7458e-02, pde_a: 2.6653e-03
Epoch: 1600/5000 - Time: 7.81s - Loss: 9.6070e-03 | a: 1.7216e-03, BC: 1.0861e-04, m: 1.3199e-03, u: 5.9435e-03, v: 1.6808e-02, pde_a: 2.2219e-03
Epoch: 1610/5000 - Time: 8.25s - Loss: 9.9275e-03 | a: 1.7045e-03, BC: 9.6309e-05, m: 1.3508e-03, u: 6.8806e-03, v: 1.6730e-02, pde_a: 2.2018e-03
Epoch: 1620/5000 - Time: 8.26s - Loss: 1.0172e-02 | a: 2.0541e-03, BC: 9.1697e-05, m: 1.3195e-03, u: 6.2883e-03, v: 1.6940e-02, pde_a: 2.3002e-03
Epoch: 1630/5000 - Time: 7.58s - Loss: 1.0401e-02 | a: 1.5111e-03, BC: 9.6254e-05, m: 1.4665e-03, u: 8.2312e-03, v: 1.7698e-02, pde_a: 2.1778e-03
Epoch: 1640/5000 - Time: 7.63s - Loss: 1.0670e-02 | a: 2.0978e-03, BC: 1.0117e-04, m: 1.3325e-03, u: 6.6918e-03, v: 1.6687e-02, pde_a: 2.5340e-03
Epoch: 1650/5000 - Time: 7.84s - Loss: 1.0121e-02 | a: 1.7982e-03, BC: 8.2418e-05, m: 1.3119e-03, u: 6.6792e-03, v: 1.6827e-02, pde_a: 2.3596e-03
Epoch: 1660/5000 - Time: 8.72s - Loss: 1.0909e-02 | a: 2.2635e-03, BC: 1.2673e-04, m: 1.3441e-03, u: 7.2880e-03, v: 1.6642e-02, pde_a: 2.3907e-03
Epoch: 1670/5000 - Time: 8.30s - Loss: 1.3328e-02 | a: 2.9557e-03, BC: 1.6587e-04, m: 1.4161e-03, u: 7.8903e-03, v: 1.8201e-02, pde_a: 3.3465e-03
Epoch: 1680/5000 - Time: 7.57s - Loss: 1.0339e-02 | a: 1.9827e-03, BC: 1.3743e-04, m: 1.3534e-03, u: 6.5538e-03, v: 1.6681e-02, pde_a: 2.3726e-03
Epoch: 1690/5000 - Time: 7.61s - Loss: 1.0158e-02 | a: 1.7008e-03, BC: 8.5881e-05, m: 1.3713e-03, u: 7.0174e-03, v: 1.7167e-02, pde_a: 2.3042e-03
Epoch: 1700/5000 - Time: 7.68s - Loss: 1.1465e-02 | a: 2.8447e-03, BC: 1.6108e-04, m: 1.4148e-03, u: 6.6756e-03, v: 1.8054e-02, pde_a: 2.3822e-03
Epoch: 1710/5000 - Time: 7.73s - Loss: 9.5325e-03 | a: 1.6909e-03, BC: 8.4664e-05, m: 1.3014e-03, u: 6.1314e-03, v: 1.6665e-02, pde_a: 2.1709e-03
Epoch: 1720/5000 - Time: 7.56s - Loss: 1.0050e-02 | a: 1.7511e-03, BC: 9.2815e-05, m: 1.3557e-03, u: 7.2504e-03, v: 1.6391e-02, pde_a: 2.1766e-03
Epoch: 1730/5000 - Time: 7.70s - Loss: 1.0341e-02 | a: 1.5925e-03, BC: 8.2576e-05, m: 1.3729e-03, u: 7.6370e-03, v: 1.6886e-02, pde_a: 2.3666e-03
Epoch: 1740/5000 - Time: 7.74s - Loss: 1.0321e-02 | a: 1.5272e-03, BC: 8.6646e-05, m: 1.4412e-03, u: 8.4309e-03, v: 1.7227e-02, pde_a: 2.1014e-03
Epoch: 1750/5000 - Time: 7.61s - Loss: 1.2954e-02 | a: 3.9650e-03, BC: 1.6623e-04, m: 1.3840e-03, u: 6.7849e-03, v: 1.7366e-02, pde_a: 2.6975e-03
Epoch: 1760/5000 - Time: 7.68s - Loss: 9.8298e-03 | a: 1.9666e-03, BC: 9.0045e-05, m: 1.3298e-03, u: 5.9660e-03, v: 1.7078e-02, pde_a: 2.1863e-03
Epoch: 1770/5000 - Time: 8.22s - Loss: 1.1197e-02 | a: 1.6850e-03, BC: 1.1937e-04, m: 1.4506e-03, u: 1.0068e-02, v: 1.7226e-02, pde_a: 2.1339e-03
Epoch: 1780/5000 - Time: 8.28s - Loss: 9.2573e-03 | a: 1.5202e-03, BC: 8.6169e-05, m: 1.3145e-03, u: 5.9811e-03, v: 1.6658e-02, pde_a: 2.1288e-03
Saving checkpoint at epoch 1780 with loss 9.2573e-03
Epoch: 1790/5000 - Time: 8.15s - Loss: 9.7776e-03 | a: 1.4471e-03, BC: 8.3917e-05, m: 1.3166e-03, u: 5.8190e-03, v: 1.6998e-02, pde_a: 2.6055e-03
Epoch: 1800/5000 - Time: 7.58s - Loss: 9.9733e-03 | a: 1.6087e-03, BC: 9.4251e-05, m: 1.3564e-03, u: 7.6388e-03, v: 1.7072e-02, pde_a: 2.0560e-03
Epoch: 1810/5000 - Time: 7.59s - Loss: 1.0158e-02 | a: 1.5604e-03, BC: 1.0436e-04, m: 1.3706e-03, u: 7.2658e-03, v: 1.7230e-02, pde_a: 2.3186e-03
Epoch: 1820/5000 - Time: 7.76s - Loss: 9.7975e-03 | a: 1.6240e-03, BC: 1.3181e-04, m: 1.3471e-03, u: 6.2427e-03, v: 1.7541e-02, pde_a: 2.2645e-03
Epoch: 1830/5000 - Time: 7.61s - Loss: 9.8427e-03 | a: 1.9751e-03, BC: 8.4739e-05, m: 1.2798e-03, u: 5.9953e-03, v: 1.6554e-02, pde_a: 2.2504e-03
Epoch: 1840/5000 - Time: 7.91s - Loss: 1.0459e-02 | a: 1.8233e-03, BC: 1.1660e-04, m: 1.3248e-03, u: 7.0251e-03, v: 1.6908e-02, pde_a: 2.4573e-03
Epoch: 1850/5000 - Time: 8.52s - Loss: 9.3623e-03 | a: 1.7462e-03, BC: 8.7787e-05, m: 1.3120e-03, u: 6.0328e-03, v: 1.6773e-02, pde_a: 2.0115e-03
Epoch: 1860/5000 - Time: 8.17s - Loss: 1.0056e-02 | a: 2.0082e-03, BC: 1.5232e-04, m: 1.3008e-03, u: 6.2593e-03, v: 1.6512e-02, pde_a: 2.2513e-03
Epoch: 1870/5000 - Time: 7.88s - Loss: 1.0388e-02 | a: 1.5013e-03, BC: 8.5572e-05, m: 1.4013e-03, u: 8.8637e-03, v: 1.6623e-02, pde_a: 2.1116e-03
Epoch: 1880/5000 - Time: 8.46s - Loss: 9.2580e-03 | a: 1.7168e-03, BC: 8.2446e-05, m: 1.2572e-03, u: 6.1056e-03, v: 1.6139e-02, pde_a: 2.0129e-03
Epoch: 1890/5000 - Time: 8.31s - Loss: 1.0205e-02 | a: 1.7565e-03, BC: 1.4383e-04, m: 1.3403e-03, u: 6.6481e-03, v: 1.6640e-02, pde_a: 2.4199e-03
Epoch: 1900/5000 - Time: 8.40s - Loss: 1.1900e-02 | a: 3.1141e-03, BC: 1.6193e-04, m: 1.3424e-03, u: 6.4003e-03, v: 1.7164e-02, pde_a: 2.6955e-03
Epoch: 1910/5000 - Time: 8.42s - Loss: 9.5275e-03 | a: 1.4247e-03, BC: 7.6726e-05, m: 1.3058e-03, u: 6.4520e-03, v: 1.6698e-02, pde_a: 2.2767e-03
Epoch: 1920/5000 - Time: 8.37s - Loss: 1.0718e-02 | a: 1.9993e-03, BC: 7.8648e-05, m: 1.3039e-03, u: 6.6480e-03, v: 1.7169e-02, pde_a: 2.6517e-03
Epoch: 1930/5000 - Time: 7.82s - Loss: 1.0001e-02 | a: 1.6030e-03, BC: 1.1284e-04, m: 1.3583e-03, u: 6.8429e-03, v: 1.6915e-02, pde_a: 2.3165e-03
Epoch: 1940/5000 - Time: 7.55s - Loss: 9.9891e-03 | a: 1.7881e-03, BC: 9.0857e-05, m: 1.3679e-03, u: 6.6210e-03, v: 1.7804e-02, pde_a: 2.1733e-03
Epoch: 1950/5000 - Time: 7.58s - Loss: 1.0145e-02 | a: 1.5580e-03, BC: 1.2784e-04, m: 1.3543e-03, u: 7.3174e-03, v: 1.6723e-02, pde_a: 2.3249e-03
Epoch: 1960/5000 - Time: 7.66s - Loss: 1.0898e-02 | a: 1.9934e-03, BC: 1.3098e-04, m: 1.4303e-03, u: 7.6947e-03, v: 1.7359e-02, pde_a: 2.3666e-03
Epoch: 1970/5000 - Time: 7.57s - Loss: 9.5056e-03 | a: 1.7955e-03, BC: 8.3794e-05, m: 1.2722e-03, u: 6.1058e-03, v: 1.6400e-02, pde_a: 2.1134e-03
Epoch: 1980/5000 - Time: 7.60s - Loss: 9.5510e-03 | a: 1.7467e-03, BC: 9.3348e-05, m: 1.2673e-03, u: 5.9103e-03, v: 1.6120e-02, pde_a: 2.2611e-03
Epoch: 1990/5000 - Time: 8.07s - Loss: 9.5568e-03 | a: 1.6292e-03, BC: 1.1970e-04, m: 1.3500e-03, u: 6.4266e-03, v: 1.7105e-02, pde_a: 2.0637e-03
Epoch: 2000/5000 - Time: 8.40s - Loss: 1.0655e-02 | a: 2.2685e-03, BC: 1.3066e-04, m: 1.2856e-03, u: 6.0947e-03, v: 1.6716e-02, pde_a: 2.5678e-03
Epoch: 2010/5000 - Time: 8.32s - Loss: 9.6667e-03 | a: 1.5617e-03, BC: 8.0603e-05, m: 1.3003e-03, u: 6.7563e-03, v: 1.6985e-02, pde_a: 2.1644e-03
Epoch: 2020/5000 - Time: 8.53s - Loss: 9.8923e-03 | a: 1.7505e-03, BC: 9.8435e-05, m: 1.3060e-03, u: 6.3963e-03, v: 1.6987e-02, pde_a: 2.2835e-03
Epoch: 2030/5000 - Time: 8.64s - Loss: 1.0546e-02 | a: 2.4560e-03, BC: 1.1939e-04, m: 1.3415e-03, u: 6.4605e-03, v: 1.7416e-02, pde_a: 2.1578e-03
Epoch: 2040/5000 - Time: 8.36s - Loss: 1.0314e-02 | a: 1.4325e-03, BC: 1.0007e-04, m: 1.4160e-03, u: 8.7808e-03, v: 1.6544e-02, pde_a: 2.1205e-03
Epoch: 2050/5000 - Time: 8.41s - Loss: 9.8258e-03 | a: 2.1477e-03, BC: 8.7224e-05, m: 1.3029e-03, u: 5.8725e-03, v: 1.6509e-02, pde_a: 2.1325e-03
Epoch: 2060/5000 - Time: 8.53s - Loss: 9.4894e-03 | a: 1.6962e-03, BC: 8.7299e-05, m: 1.2628e-03, u: 5.8741e-03, v: 1.6293e-02, pde_a: 2.2565e-03
Epoch: 2070/5000 - Time: 8.12s - Loss: 1.0238e-02 | a: 1.8126e-03, BC: 1.1003e-04, m: 1.3441e-03, u: 7.2581e-03, v: 1.6451e-02, pde_a: 2.2590e-03
Epoch: 2080/5000 - Time: 7.81s - Loss: 1.6104e-02 | a: 6.8027e-03, BC: 1.6250e-04, m: 1.3652e-03, u: 7.5623e-03, v: 1.7556e-02, pde_a: 2.7011e-03
Epoch: 2090/5000 - Time: 7.69s - Loss: 1.0043e-02 | a: 1.7820e-03, BC: 1.1417e-04, m: 1.2975e-03, u: 6.3398e-03, v: 1.6295e-02, pde_a: 2.4384e-03
Epoch: 2100/5000 - Time: 7.66s - Loss: 9.2474e-03 | a: 1.4729e-03, BC: 9.3489e-05, m: 1.2754e-03, u: 6.2389e-03, v: 1.6097e-02, pde_a: 2.1380e-03
Saving checkpoint at epoch 2100 with loss 9.2474e-03
Epoch: 2110/5000 - Time: 7.97s - Loss: 1.0549e-02 | a: 2.1908e-03, BC: 1.4624e-04, m: 1.2776e-03, u: 6.1922e-03, v: 1.6783e-02, pde_a: 2.5031e-03
Epoch: 2120/5000 - Time: 8.57s - Loss: 1.0079e-02 | a: 1.7861e-03, BC: 1.2267e-04, m: 1.2962e-03, u: 6.2111e-03, v: 1.6562e-02, pde_a: 2.4740e-03
Epoch: 2130/5000 - Time: 8.02s - Loss: 1.0151e-02 | a: 2.0535e-03, BC: 9.5918e-05, m: 1.2443e-03, u: 6.0702e-03, v: 1.6436e-02, pde_a: 2.4218e-03
Epoch: 2140/5000 - Time: 8.06s - Loss: 1.0186e-02 | a: 1.9333e-03, BC: 1.0630e-04, m: 1.3146e-03, u: 7.2328e-03, v: 1.6947e-02, pde_a: 2.1116e-03
Epoch: 2150/5000 - Time: 8.48s - Loss: 9.5272e-03 | a: 1.6054e-03, BC: 9.0841e-05, m: 1.2769e-03, u: 5.9489e-03, v: 1.6840e-02, pde_a: 2.2798e-03
Epoch: 2160/5000 - Time: 8.44s - Loss: 9.9555e-03 | a: 1.7901e-03, BC: 9.8147e-05, m: 1.2870e-03, u: 7.1245e-03, v: 1.6594e-02, pde_a: 2.1248e-03
Epoch: 2170/5000 - Time: 8.51s - Loss: 9.7462e-03 | a: 1.5612e-03, BC: 9.0771e-05, m: 1.3029e-03, u: 6.7611e-03, v: 1.6815e-02, pde_a: 2.2287e-03
Epoch: 2180/5000 - Time: 8.39s - Loss: 9.5284e-03 | a: 1.5115e-03, BC: 8.3349e-05, m: 1.3220e-03, u: 7.1549e-03, v: 1.6195e-02, pde_a: 2.0283e-03
Epoch: 2190/5000 - Time: 8.80s - Loss: 9.9551e-03 | a: 1.8836e-03, BC: 1.0834e-04, m: 1.3091e-03, u: 6.4009e-03, v: 1.6631e-02, pde_a: 2.2475e-03
Epoch: 2200/5000 - Time: 8.48s - Loss: 9.8173e-03 | a: 1.7982e-03, BC: 1.1514e-04, m: 1.2926e-03, u: 6.5498e-03, v: 1.6413e-02, pde_a: 2.1828e-03
Epoch: 2210/5000 - Time: 8.56s - Loss: 9.9204e-03 | a: 1.9138e-03, BC: 1.0144e-04, m: 1.2716e-03, u: 6.0320e-03, v: 1.6503e-02, pde_a: 2.3411e-03
Epoch: 2220/5000 - Time: 8.58s - Loss: 1.0115e-02 | a: 1.7995e-03, BC: 1.2891e-04, m: 1.3403e-03, u: 6.7753e-03, v: 1.6761e-02, pde_a: 2.2814e-03
Epoch: 2230/5000 - Time: 8.42s - Loss: 9.6494e-03 | a: 1.7576e-03, BC: 8.9014e-05, m: 1.2855e-03, u: 6.3455e-03, v: 1.6462e-02, pde_a: 2.1658e-03
Epoch: 2240/5000 - Time: 8.47s - Loss: 9.9832e-03 | a: 1.6046e-03, BC: 7.3336e-05, m: 1.3241e-03, u: 7.8250e-03, v: 1.6267e-02, pde_a: 2.1064e-03
Epoch: 2250/5000 - Time: 8.37s - Loss: 1.1067e-02 | a: 1.7268e-03, BC: 1.0261e-04, m: 1.4349e-03, u: 9.0354e-03, v: 1.6934e-02, pde_a: 2.3540e-03
Epoch: 2260/5000 - Time: 7.81s - Loss: 1.2038e-02 | a: 2.5140e-03, BC: 3.3646e-04, m: 1.2633e-03, u: 5.9794e-03, v: 1.6867e-02, pde_a: 3.3145e-03
Epoch: 2270/5000 - Time: 7.56s - Loss: 1.0043e-02 | a: 2.4850e-03, BC: 8.4383e-05, m: 1.2525e-03, u: 5.9614e-03, v: 1.6315e-02, pde_a: 2.0555e-03
Epoch: 2280/5000 - Time: 8.11s - Loss: 9.1442e-03 | a: 1.4482e-03, BC: 7.3835e-05, m: 1.2466e-03, u: 6.0129e-03, v: 1.6269e-02, pde_a: 2.1605e-03
Saving checkpoint at epoch 2280 with loss 9.1442e-03
Epoch: 2290/5000 - Time: 8.46s - Loss: 9.6877e-03 | a: 1.5934e-03, BC: 7.8499e-05, m: 1.2420e-03, u: 6.0493e-03, v: 1.6269e-02, pde_a: 2.4534e-03
Epoch: 2300/5000 - Time: 7.63s - Loss: 1.0067e-02 | a: 2.0296e-03, BC: 9.6021e-05, m: 1.2804e-03, u: 6.8111e-03, v: 1.6377e-02, pde_a: 2.1422e-03
Epoch: 2310/5000 - Time: 7.83s - Loss: 8.9453e-03 | a: 1.5727e-03, BC: 7.3570e-05, m: 1.2301e-03, u: 5.6683e-03, v: 1.5683e-02, pde_a: 2.0702e-03
Saving checkpoint at epoch 2310 with loss 8.9453e-03
Epoch: 2320/5000 - Time: 7.66s - Loss: 1.0322e-02 | a: 2.1262e-03, BC: 1.2900e-04, m: 1.2861e-03, u: 6.4820e-03, v: 1.6862e-02, pde_a: 2.2949e-03
Epoch: 2330/5000 - Time: 7.55s - Loss: 1.0025e-02 | a: 2.1391e-03, BC: 9.1968e-05, m: 1.2435e-03, u: 6.2411e-03, v: 1.6604e-02, pde_a: 2.1985e-03
Epoch: 2340/5000 - Time: 7.75s - Loss: 9.4233e-03 | a: 1.4960e-03, BC: 7.9454e-05, m: 1.2586e-03, u: 6.2961e-03, v: 1.6204e-02, pde_a: 2.2484e-03
Epoch: 2350/5000 - Time: 7.70s - Loss: 1.0653e-02 | a: 2.3484e-03, BC: 1.0394e-04, m: 1.2746e-03, u: 6.2394e-03, v: 1.6479e-02, pde_a: 2.5058e-03
Epoch: 2360/5000 - Time: 7.55s - Loss: 9.7556e-03 | a: 1.8092e-03, BC: 8.4762e-05, m: 1.2857e-03, u: 6.3925e-03, v: 1.7099e-02, pde_a: 2.1462e-03
Epoch: 2370/5000 - Time: 7.59s - Loss: 9.2221e-03 | a: 1.3874e-03, BC: 7.3619e-05, m: 1.2544e-03, u: 6.7485e-03, v: 1.6168e-02, pde_a: 2.0517e-03
Epoch: 2380/5000 - Time: 7.71s - Loss: 9.7477e-03 | a: 1.6113e-03, BC: 1.4608e-04, m: 1.2644e-03, u: 6.2049e-03, v: 1.6062e-02, pde_a: 2.3932e-03
Epoch: 2390/5000 - Time: 7.72s - Loss: 1.0984e-02 | a: 2.8127e-03, BC: 1.2171e-04, m: 1.2831e-03, u: 6.4217e-03, v: 1.7002e-02, pde_a: 2.2902e-03
Epoch: 2400/5000 - Time: 7.61s - Loss: 1.8864e-02 | a: 5.9661e-03, BC: 5.5454e-04, m: 1.3421e-03, u: 7.1361e-03, v: 1.7818e-02, pde_a: 5.2741e-03
Epoch: 2410/5000 - Time: 7.56s - Loss: 9.3382e-03 | a: 1.6664e-03, BC: 7.6927e-05, m: 1.2370e-03, u: 5.8952e-03, v: 1.6156e-02, pde_a: 2.1883e-03
Epoch: 2420/5000 - Time: 7.57s - Loss: 9.9830e-03 | a: 1.7145e-03, BC: 8.4798e-05, m: 1.2867e-03, u: 7.2433e-03, v: 1.6044e-02, pde_a: 2.2224e-03
Epoch: 2430/5000 - Time: 7.84s - Loss: 1.1199e-02 | a: 2.3204e-03, BC: 1.2724e-04, m: 1.3043e-03, u: 7.5637e-03, v: 1.6678e-02, pde_a: 2.5032e-03
Epoch: 2440/5000 - Time: 7.60s - Loss: 9.0837e-03 | a: 1.4308e-03, BC: 8.8163e-05, m: 1.2636e-03, u: 6.2121e-03, v: 1.6653e-02, pde_a: 2.0186e-03
Epoch: 2450/5000 - Time: 7.63s - Loss: 9.0551e-03 | a: 1.4641e-03, BC: 9.0559e-05, m: 1.2317e-03, u: 5.7979e-03, v: 1.5686e-02, pde_a: 2.1847e-03
Epoch: 2460/5000 - Time: 7.72s - Loss: 9.6284e-03 | a: 1.6776e-03, BC: 9.0179e-05, m: 1.2804e-03, u: 6.7085e-03, v: 1.6476e-02, pde_a: 2.1031e-03
Epoch: 2470/5000 - Time: 8.26s - Loss: 9.0082e-03 | a: 1.4924e-03, BC: 7.3743e-05, m: 1.2326e-03, u: 6.0347e-03, v: 1.5821e-02, pde_a: 2.0582e-03
Epoch: 2480/5000 - Time: 7.56s - Loss: 9.1070e-03 | a: 1.5826e-03, BC: 7.6090e-05, m: 1.2207e-03, u: 6.0707e-03, v: 1.5892e-02, pde_a: 2.0523e-03
Epoch: 2490/5000 - Time: 7.59s - Loss: 1.0191e-02 | a: 1.7246e-03, BC: 1.3624e-04, m: 1.2785e-03, u: 7.0435e-03, v: 1.6412e-02, pde_a: 2.3692e-03
Epoch: 2500/5000 - Time: 7.58s - Loss: 1.0116e-02 | a: 1.6765e-03, BC: 1.2679e-04, m: 1.2399e-03, u: 6.2093e-03, v: 1.6146e-02, pde_a: 2.6439e-03
Epoch: 2510/5000 - Time: 8.36s - Loss: 9.5197e-03 | a: 1.5011e-03, BC: 8.2920e-05, m: 1.2674e-03, u: 6.6046e-03, v: 1.6154e-02, pde_a: 2.2233e-03
Epoch: 2520/5000 - Time: 8.54s - Loss: 1.0534e-02 | a: 1.3825e-03, BC: 1.0103e-04, m: 1.3750e-03, u: 8.4382e-03, v: 1.6817e-02, pde_a: 2.4263e-03
Epoch: 2530/5000 - Time: 7.78s - Loss: 9.8882e-03 | a: 1.9155e-03, BC: 9.8773e-05, m: 1.2881e-03, u: 6.3115e-03, v: 1.7009e-02, pde_a: 2.1857e-03
Epoch: 2540/5000 - Time: 7.71s - Loss: 9.5540e-03 | a: 1.6028e-03, BC: 7.3137e-05, m: 1.2512e-03, u: 6.2439e-03, v: 1.6122e-02, pde_a: 2.2971e-03
Epoch: 2550/5000 - Time: 7.63s - Loss: 1.2017e-02 | a: 3.1529e-03, BC: 1.8307e-04, m: 1.3202e-03, u: 6.9828e-03, v: 1.6844e-02, pde_a: 2.6020e-03
Epoch: 2560/5000 - Time: 8.23s - Loss: 9.8433e-03 | a: 1.5277e-03, BC: 9.1038e-05, m: 1.2450e-03, u: 6.6502e-03, v: 1.6011e-02, pde_a: 2.4531e-03
Epoch: 2570/5000 - Time: 8.50s - Loss: 9.6402e-03 | a: 1.4756e-03, BC: 8.5695e-05, m: 1.2607e-03, u: 6.9413e-03, v: 1.6118e-02, pde_a: 2.2386e-03
Epoch: 2580/5000 - Time: 8.44s - Loss: 1.0214e-02 | a: 1.9820e-03, BC: 1.2148e-04, m: 1.3438e-03, u: 6.4439e-03, v: 1.7551e-02, pde_a: 2.2581e-03
Epoch: 2590/5000 - Time: 8.51s - Loss: 1.1391e-02 | a: 1.9719e-03, BC: 1.1178e-04, m: 1.4267e-03, u: 9.8746e-03, v: 1.6113e-02, pde_a: 2.2263e-03
Epoch: 2600/5000 - Time: 8.61s - Loss: 9.7131e-03 | a: 1.6260e-03, BC: 7.5763e-05, m: 1.2679e-03, u: 6.5784e-03, v: 1.6194e-02, pde_a: 2.2857e-03
Epoch: 2610/5000 - Time: 7.85s - Loss: 1.0195e-02 | a: 2.2191e-03, BC: 1.3161e-04, m: 1.2349e-03, u: 6.1407e-03, v: 1.5943e-02, pde_a: 2.3239e-03
Epoch: 2620/5000 - Time: 7.75s - Loss: 9.7058e-03 | a: 1.7314e-03, BC: 9.4276e-05, m: 1.2971e-03, u: 6.8657e-03, v: 1.6882e-02, pde_a: 2.0310e-03
Epoch: 2630/5000 - Time: 7.65s - Loss: 9.1583e-03 | a: 1.4080e-03, BC: 7.9284e-05, m: 1.2507e-03, u: 6.3857e-03, v: 1.5816e-02, pde_a: 2.1207e-03
Epoch: 2640/5000 - Time: 7.61s - Loss: 1.0248e-02 | a: 2.0412e-03, BC: 1.3276e-04, m: 1.2505e-03, u: 6.0853e-03, v: 1.5898e-02, pde_a: 2.5130e-03
Epoch: 2650/5000 - Time: 8.47s - Loss: 1.0785e-02 | a: 1.4087e-03, BC: 9.2737e-05, m: 1.3381e-03, u: 8.8755e-03, v: 1.6662e-02, pde_a: 2.5043e-03
Epoch: 2660/5000 - Time: 8.44s - Loss: 9.1296e-03 | a: 1.5081e-03, BC: 7.2571e-05, m: 1.2698e-03, u: 6.0813e-03, v: 1.6887e-02, pde_a: 2.0239e-03
Epoch: 2670/5000 - Time: 8.25s - Loss: 9.4014e-03 | a: 1.4225e-03, BC: 1.1705e-04, m: 1.2924e-03, u: 6.5986e-03, v: 1.6605e-02, pde_a: 2.1210e-03
Epoch: 2680/5000 - Time: 8.49s - Loss: 9.6192e-03 | a: 1.6180e-03, BC: 1.1996e-04, m: 1.2365e-03, u: 6.3864e-03, v: 1.6455e-02, pde_a: 2.2376e-03
Epoch: 2690/5000 - Time: 8.34s - Loss: 1.0888e-02 | a: 2.2203e-03, BC: 1.0788e-04, m: 1.2798e-03, u: 6.7820e-03, v: 1.6381e-02, pde_a: 2.6250e-03
Epoch: 2700/5000 - Time: 8.56s - Loss: 1.0060e-02 | a: 2.2575e-03, BC: 8.3162e-05, m: 1.2605e-03, u: 6.1878e-03, v: 1.6147e-02, pde_a: 2.1859e-03
Epoch: 2710/5000 - Time: 8.44s - Loss: 9.4525e-03 | a: 1.5552e-03, BC: 7.2118e-05, m: 1.2415e-03, u: 6.2745e-03, v: 1.5466e-02, pde_a: 2.3041e-03
Epoch: 2720/5000 - Time: 8.23s - Loss: 9.8853e-03 | a: 1.9211e-03, BC: 8.6352e-05, m: 1.2409e-03, u: 6.9052e-03, v: 1.6068e-02, pde_a: 2.1088e-03
Epoch: 2730/5000 - Time: 8.25s - Loss: 1.1120e-02 | a: 2.4407e-03, BC: 1.5878e-04, m: 1.3088e-03, u: 6.6372e-03, v: 1.6793e-02, pde_a: 2.5909e-03
Epoch: 2740/5000 - Time: 8.33s - Loss: 9.6683e-03 | a: 1.6399e-03, BC: 1.1799e-04, m: 1.2106e-03, u: 6.3678e-03, v: 1.6468e-02, pde_a: 2.2768e-03
Epoch: 2750/5000 - Time: 8.45s - Loss: 9.9715e-03 | a: 1.5921e-03, BC: 1.1391e-04, m: 1.2487e-03, u: 6.4518e-03, v: 1.6052e-02, pde_a: 2.5386e-03
Epoch: 2760/5000 - Time: 8.47s - Loss: 1.0965e-02 | a: 2.1164e-03, BC: 1.2507e-04, m: 1.3273e-03, u: 7.9331e-03, v: 1.6993e-02, pde_a: 2.3356e-03
Epoch: 2770/5000 - Time: 7.80s - Loss: 9.3425e-03 | a: 1.7015e-03, BC: 9.1784e-05, m: 1.2226e-03, u: 6.5681e-03, v: 1.5757e-02, pde_a: 1.9910e-03
Epoch: 2780/5000 - Time: 7.59s - Loss: 1.0025e-02 | a: 1.7601e-03, BC: 9.3905e-05, m: 1.3209e-03, u: 6.9273e-03, v: 1.7256e-02, pde_a: 2.1947e-03
Epoch: 2790/5000 - Time: 7.61s - Loss: 1.2092e-02 | a: 2.0592e-03, BC: 2.6945e-04, m: 1.3343e-03, u: 7.5408e-03, v: 1.6465e-02, pde_a: 3.2880e-03
Epoch: 2800/5000 - Time: 7.59s - Loss: 9.2190e-03 | a: 1.4882e-03, BC: 7.1843e-05, m: 1.2449e-03, u: 6.4323e-03, v: 1.6087e-02, pde_a: 2.0788e-03
Epoch: 2810/5000 - Time: 7.51s - Loss: 9.5495e-03 | a: 1.6738e-03, BC: 9.4399e-05, m: 1.2890e-03, u: 6.5467e-03, v: 1.6820e-02, pde_a: 2.0592e-03
Epoch: 2820/5000 - Time: 7.62s - Loss: 9.3488e-03 | a: 1.4651e-03, BC: 9.2295e-05, m: 1.2357e-03, u: 6.7036e-03, v: 1.5956e-02, pde_a: 2.1141e-03
Epoch: 2830/5000 - Time: 7.74s - Loss: 1.0568e-02 | a: 2.0846e-03, BC: 1.2612e-04, m: 1.2442e-03, u: 6.5414e-03, v: 1.6177e-02, pde_a: 2.5748e-03
Epoch: 2840/5000 - Time: 8.51s - Loss: 9.5129e-03 | a: 1.5475e-03, BC: 8.1473e-05, m: 1.2772e-03, u: 7.2145e-03, v: 1.6369e-02, pde_a: 1.9800e-03
Epoch: 2850/5000 - Time: 8.10s - Loss: 1.0119e-02 | a: 1.9219e-03, BC: 1.2497e-04, m: 1.2095e-03, u: 6.2555e-03, v: 1.5547e-02, pde_a: 2.5079e-03
Epoch: 2860/5000 - Time: 7.64s - Loss: 1.0832e-02 | a: 1.8372e-03, BC: 1.1254e-04, m: 1.3018e-03, u: 8.2272e-03, v: 1.6135e-02, pde_a: 2.4492e-03
Epoch: 2870/5000 - Time: 7.50s - Loss: 9.7910e-03 | a: 1.5750e-03, BC: 9.7052e-05, m: 1.2476e-03, u: 7.2664e-03, v: 1.5956e-02, pde_a: 2.1915e-03
Epoch: 2880/5000 - Time: 7.51s - Loss: 8.8660e-03 | a: 1.4190e-03, BC: 7.0812e-05, m: 1.2274e-03, u: 5.7433e-03, v: 1.6159e-02, pde_a: 2.0703e-03
Saving checkpoint at epoch 2880 with loss 8.8660e-03
Epoch: 2890/5000 - Time: 7.68s - Loss: 9.9165e-03 | a: 1.7426e-03, BC: 7.7316e-05, m: 1.2490e-03, u: 7.0364e-03, v: 1.6270e-02, pde_a: 2.2174e-03
Epoch: 2900/5000 - Time: 7.60s - Loss: 9.8557e-03 | a: 1.8423e-03, BC: 1.0183e-04, m: 1.2986e-03, u: 6.5653e-03, v: 1.6664e-02, pde_a: 2.1612e-03
Epoch: 2910/5000 - Time: 7.62s - Loss: 9.7448e-03 | a: 1.5141e-03, BC: 9.6329e-05, m: 1.2559e-03, u: 6.9640e-03, v: 1.6043e-02, pde_a: 2.2826e-03
Epoch: 2920/5000 - Time: 7.65s - Loss: 8.9784e-03 | a: 1.4042e-03, BC: 8.0601e-05, m: 1.2039e-03, u: 6.0694e-03, v: 1.5709e-02, pde_a: 2.1099e-03
Epoch: 2930/5000 - Time: 7.65s - Loss: 1.1096e-02 | a: 2.3748e-03, BC: 1.7731e-04, m: 1.2294e-03, u: 6.8058e-03, v: 1.6676e-02, pde_a: 2.6058e-03
Epoch: 2940/5000 - Time: 7.73s - Loss: 9.1136e-03 | a: 1.5715e-03, BC: 7.9343e-05, m: 1.2032e-03, u: 5.9990e-03, v: 1.5649e-02, pde_a: 2.1124e-03
Epoch: 2950/5000 - Time: 7.63s - Loss: 9.6777e-03 | a: 1.5795e-03, BC: 8.6412e-05, m: 1.2406e-03, u: 6.1205e-03, v: 1.6141e-02, pde_a: 2.4399e-03
Epoch: 2960/5000 - Time: 8.33s - Loss: 1.0073e-02 | a: 1.7000e-03, BC: 1.2907e-04, m: 1.2971e-03, u: 6.9699e-03, v: 1.6891e-02, pde_a: 2.2781e-03
Epoch: 2970/5000 - Time: 8.40s - Loss: 9.3656e-03 | a: 1.3433e-03, BC: 9.1385e-05, m: 1.2203e-03, u: 6.7421e-03, v: 1.6117e-02, pde_a: 2.2042e-03
Epoch: 2980/5000 - Time: 8.38s - Loss: 1.0589e-02 | a: 2.5917e-03, BC: 1.2986e-04, m: 1.2129e-03, u: 6.6623e-03, v: 1.6091e-02, pde_a: 2.1848e-03
Epoch: 2990/5000 - Time: 8.32s - Loss: 8.8007e-03 | a: 1.3438e-03, BC: 8.3122e-05, m: 1.2134e-03, u: 5.8943e-03, v: 1.5732e-02, pde_a: 2.0641e-03
Saving checkpoint at epoch 2990 with loss 8.8007e-03
Epoch: 3000/5000 - Time: 8.41s - Loss: 9.8575e-03 | a: 1.5470e-03, BC: 8.8186e-05, m: 1.3260e-03, u: 7.2662e-03, v: 1.7158e-02, pde_a: 2.1379e-03
Epoch: 3010/5000 - Time: 8.11s - Loss: 8.7141e-03 | a: 1.3518e-03, BC: 6.8694e-05, m: 1.1786e-03, u: 6.0645e-03, v: 1.5722e-02, pde_a: 1.9692e-03
Saving checkpoint at epoch 3010 with loss 8.7141e-03
Epoch: 3020/5000 - Time: 7.60s - Loss: 9.4487e-03 | a: 1.4764e-03, BC: 9.2835e-05, m: 1.2570e-03, u: 6.8148e-03, v: 1.6818e-02, pde_a: 2.0699e-03
Epoch: 3030/5000 - Time: 7.63s - Loss: 9.6685e-03 | a: 1.7588e-03, BC: 1.0654e-04, m: 1.2413e-03, u: 5.6458e-03, v: 1.6504e-02, pde_a: 2.3926e-03
Epoch: 3040/5000 - Time: 7.70s - Loss: 9.6214e-03 | a: 1.8223e-03, BC: 8.0905e-05, m: 1.2373e-03, u: 6.4792e-03, v: 1.6463e-02, pde_a: 2.0840e-03
Epoch: 3050/5000 - Time: 8.57s - Loss: 1.0458e-02 | a: 2.1609e-03, BC: 1.1255e-04, m: 1.2314e-03, u: 6.9774e-03, v: 1.6081e-02, pde_a: 2.3255e-03
Epoch: 3060/5000 - Time: 8.46s - Loss: 9.8963e-03 | a: 1.9199e-03, BC: 8.8406e-05, m: 1.1911e-03, u: 6.5921e-03, v: 1.6118e-02, pde_a: 2.2298e-03
Epoch: 3070/5000 - Time: 8.56s - Loss: 1.0621e-02 | a: 1.7742e-03, BC: 1.4106e-04, m: 1.3088e-03, u: 7.7831e-03, v: 1.6732e-02, pde_a: 2.3959e-03
Epoch: 3080/5000 - Time: 7.98s - Loss: 8.7683e-03 | a: 1.3011e-03, BC: 8.2155e-05, m: 1.2348e-03, u: 6.3109e-03, v: 1.5764e-02, pde_a: 1.9356e-03
Epoch: 3090/5000 - Time: 7.51s - Loss: 9.5028e-03 | a: 1.3857e-03, BC: 8.2967e-05, m: 1.2986e-03, u: 7.1501e-03, v: 1.6304e-02, pde_a: 2.1092e-03
Epoch: 3100/5000 - Time: 7.54s - Loss: 9.2837e-03 | a: 1.4594e-03, BC: 8.6997e-05, m: 1.2029e-03, u: 6.4260e-03, v: 1.6073e-02, pde_a: 2.1618e-03
Epoch: 3110/5000 - Time: 7.53s - Loss: 9.0431e-03 | a: 1.5922e-03, BC: 8.8690e-05, m: 1.2235e-03, u: 6.5692e-03, v: 1.5452e-02, pde_a: 1.8712e-03
Epoch: 3120/5000 - Time: 7.66s - Loss: 1.0858e-02 | a: 2.2447e-03, BC: 1.1290e-04, m: 1.2081e-03, u: 6.4927e-03, v: 1.5837e-02, pde_a: 2.7428e-03
Epoch: 3130/5000 - Time: 7.64s - Loss: 1.0447e-02 | a: 2.3905e-03, BC: 1.1993e-04, m: 1.2438e-03, u: 6.9208e-03, v: 1.5955e-02, pde_a: 2.1570e-03
Epoch: 3140/5000 - Time: 7.55s - Loss: 1.1337e-02 | a: 1.6231e-03, BC: 1.1546e-04, m: 1.4062e-03, u: 8.7868e-03, v: 1.7970e-02, pde_a: 2.6359e-03
Epoch: 3150/5000 - Time: 7.57s - Loss: 9.8807e-03 | a: 1.9104e-03, BC: 1.1202e-04, m: 1.2463e-03, u: 6.6858e-03, v: 1.6466e-02, pde_a: 2.1251e-03
Epoch: 3160/5000 - Time: 7.75s - Loss: 1.0229e-02 | a: 1.4883e-03, BC: 9.2904e-05, m: 1.2846e-03, u: 8.4970e-03, v: 1.6153e-02, pde_a: 2.1964e-03
Epoch: 3170/5000 - Time: 8.67s - Loss: 9.6032e-03 | a: 1.4317e-03, BC: 1.4442e-04, m: 1.2072e-03, u: 6.1955e-03, v: 1.5804e-02, pde_a: 2.4719e-03
Epoch: 3180/5000 - Time: 8.68s - Loss: 9.1871e-03 | a: 1.4838e-03, BC: 7.8715e-05, m: 1.2061e-03, u: 6.6490e-03, v: 1.5651e-02, pde_a: 2.0408e-03
Epoch: 3190/5000 - Time: 7.98s - Loss: 8.9451e-03 | a: 1.5883e-03, BC: 7.2427e-05, m: 1.1717e-03, u: 5.9902e-03, v: 1.5510e-02, pde_a: 2.0044e-03
Epoch: 3200/5000 - Time: 7.71s - Loss: 3.3594e-02 | a: 1.3721e-02, BC: 6.8555e-04, m: 1.3870e-03, u: 9.5488e-03, v: 1.7662e-02, pde_a: 9.7884e-03
Epoch: 3210/5000 - Time: 7.69s - Loss: 9.4962e-03 | a: 1.5421e-03, BC: 7.5820e-05, m: 1.2326e-03, u: 7.2505e-03, v: 1.5833e-02, pde_a: 2.0287e-03
Epoch: 3220/5000 - Time: 7.60s - Loss: 1.0290e-02 | a: 1.5014e-03, BC: 1.0058e-04, m: 1.3637e-03, u: 8.6487e-03, v: 1.7405e-02, pde_a: 2.0446e-03
Epoch: 3230/5000 - Time: 7.76s - Loss: 9.1908e-03 | a: 1.9203e-03, BC: 7.7128e-05, m: 1.1629e-03, u: 6.0375e-03, v: 1.5388e-02, pde_a: 1.9344e-03
Epoch: 3240/5000 - Time: 7.70s - Loss: 8.8948e-03 | a: 1.4318e-03, BC: 8.1090e-05, m: 1.1737e-03, u: 6.4212e-03, v: 1.5470e-02, pde_a: 1.9528e-03
Epoch: 3250/5000 - Time: 8.12s - Loss: 1.0189e-02 | a: 2.0654e-03, BC: 9.8381e-05, m: 1.2541e-03, u: 7.2075e-03, v: 1.6153e-02, pde_a: 2.1182e-03
Epoch: 3260/5000 - Time: 8.49s - Loss: 9.2886e-03 | a: 1.5972e-03, BC: 8.3005e-05, m: 1.1980e-03, u: 6.5684e-03, v: 1.5760e-02, pde_a: 2.0477e-03
Epoch: 3270/5000 - Time: 8.55s - Loss: 1.0351e-02 | a: 1.9964e-03, BC: 1.0605e-04, m: 1.2575e-03, u: 7.4392e-03, v: 1.6030e-02, pde_a: 2.2289e-03
Epoch: 3280/5000 - Time: 8.55s - Loss: 9.1560e-03 | a: 1.4203e-03, BC: 6.9168e-05, m: 1.2125e-03, u: 6.6807e-03, v: 1.5674e-02, pde_a: 2.0586e-03
Epoch: 3290/5000 - Time: 8.58s - Loss: 1.0582e-02 | a: 2.1523e-03, BC: 1.2520e-04, m: 1.2577e-03, u: 7.4618e-03, v: 1.6533e-02, pde_a: 2.2248e-03
Epoch: 3300/5000 - Time: 8.99s - Loss: 8.7926e-03 | a: 1.3470e-03, BC: 7.2878e-05, m: 1.1858e-03, u: 6.1378e-03, v: 1.5582e-02, pde_a: 2.0156e-03
Epoch: 3310/5000 - Time: 7.78s - Loss: 9.8040e-03 | a: 1.4724e-03, BC: 1.0338e-04, m: 1.2779e-03, u: 8.3066e-03, v: 1.5543e-02, pde_a: 1.9831e-03
Epoch: 3320/5000 - Time: 7.66s - Loss: 9.3145e-03 | a: 1.6227e-03, BC: 8.5209e-05, m: 1.1721e-03, u: 6.3330e-03, v: 1.5399e-02, pde_a: 2.1576e-03
Epoch: 3330/5000 - Time: 7.72s - Loss: 8.8556e-03 | a: 1.3555e-03, BC: 7.5611e-05, m: 1.1711e-03, u: 5.8271e-03, v: 1.5799e-02, pde_a: 2.1377e-03
Epoch: 3340/5000 - Time: 8.44s - Loss: 9.3234e-03 | a: 1.3774e-03, BC: 9.3839e-05, m: 1.2102e-03, u: 6.7709e-03, v: 1.5811e-02, pde_a: 2.1642e-03
Epoch: 3350/5000 - Time: 8.19s - Loss: 1.1641e-02 | a: 2.9373e-03, BC: 1.4535e-04, m: 1.2637e-03, u: 6.8752e-03, v: 1.7019e-02, pde_a: 2.5528e-03
Epoch: 3360/5000 - Time: 7.85s - Loss: 9.2517e-03 | a: 1.4303e-03, BC: 8.1469e-05, m: 1.1945e-03, u: 6.8751e-03, v: 1.5425e-02, pde_a: 2.0852e-03
Epoch: 3370/5000 - Time: 7.70s - Loss: 1.0160e-02 | a: 1.9781e-03, BC: 1.4529e-04, m: 1.1898e-03, u: 6.2106e-03, v: 1.5763e-02, pde_a: 2.4863e-03
Epoch: 3380/5000 - Time: 7.84s - Loss: 1.0606e-02 | a: 1.6862e-03, BC: 9.3917e-05, m: 1.3353e-03, u: 8.8610e-03, v: 1.5890e-02, pde_a: 2.2204e-03
Epoch: 3390/5000 - Time: 7.69s - Loss: 9.2588e-03 | a: 1.3159e-03, BC: 8.6307e-05, m: 1.2274e-03, u: 6.6081e-03, v: 1.5605e-02, pde_a: 2.2244e-03
Epoch: 3400/5000 - Time: 7.75s - Loss: 9.2309e-03 | a: 1.6281e-03, BC: 7.4852e-05, m: 1.1703e-03, u: 6.2186e-03, v: 1.5557e-02, pde_a: 2.1198e-03
Epoch: 3410/5000 - Time: 7.71s - Loss: 9.3596e-03 | a: 1.4459e-03, BC: 9.4730e-05, m: 1.1950e-03, u: 6.8905e-03, v: 1.5703e-02, pde_a: 2.1190e-03
Epoch: 3420/5000 - Time: 7.72s - Loss: 9.1823e-03 | a: 1.3914e-03, BC: 7.7506e-05, m: 1.2079e-03, u: 6.8474e-03, v: 1.5693e-02, pde_a: 2.0455e-03
Epoch: 3430/5000 - Time: 7.69s - Loss: 9.1299e-03 | a: 1.5587e-03, BC: 1.0330e-04, m: 1.1912e-03, u: 6.2104e-03, v: 1.5646e-02, pde_a: 2.0593e-03
Epoch: 3440/5000 - Time: 7.64s - Loss: 9.5215e-03 | a: 1.8058e-03, BC: 1.1324e-04, m: 1.1843e-03, u: 6.2027e-03, v: 1.5473e-02, pde_a: 2.1816e-03
Epoch: 3450/5000 - Time: 7.64s - Loss: 9.7274e-03 | a: 1.7684e-03, BC: 8.2673e-05, m: 1.1908e-03, u: 6.5722e-03, v: 1.5723e-02, pde_a: 2.2583e-03
Epoch: 3460/5000 - Time: 8.03s - Loss: 9.4331e-03 | a: 1.5710e-03, BC: 7.7696e-05, m: 1.2271e-03, u: 7.1891e-03, v: 1.5583e-02, pde_a: 1.9976e-03
Epoch: 3470/5000 - Time: 8.30s - Loss: 9.4026e-03 | a: 1.3302e-03, BC: 7.2492e-05, m: 1.2689e-03, u: 8.0601e-03, v: 1.5100e-02, pde_a: 1.9212e-03
Epoch: 3480/5000 - Time: 8.51s - Loss: 8.9929e-03 | a: 1.4780e-03, BC: 8.5098e-05, m: 1.2101e-03, u: 6.5118e-03, v: 1.5621e-02, pde_a: 1.9330e-03
Epoch: 3490/5000 - Time: 8.45s - Loss: 9.5710e-03 | a: 1.3974e-03, BC: 8.3731e-05, m: 1.2091e-03, u: 6.8152e-03, v: 1.5582e-02, pde_a: 2.3518e-03
Epoch: 3500/5000 - Time: 8.42s - Loss: 8.5186e-03 | a: 1.2562e-03, BC: 7.3421e-05, m: 1.1604e-03, u: 6.0600e-03, v: 1.5087e-02, pde_a: 1.9495e-03
Saving checkpoint at epoch 3500 with loss 8.5186e-03
Epoch: 3510/5000 - Time: 8.57s - Loss: 9.1602e-03 | a: 1.3737e-03, BC: 9.0075e-05, m: 1.2339e-03, u: 6.7308e-03, v: 1.5972e-02, pde_a: 2.0328e-03
Epoch: 3520/5000 - Time: 8.54s - Loss: 8.8219e-03 | a: 1.4356e-03, BC: 8.3159e-05, m: 1.1822e-03, u: 6.2427e-03, v: 1.5366e-02, pde_a: 1.9498e-03
Epoch: 3530/5000 - Time: 7.69s - Loss: 9.1020e-03 | a: 1.3068e-03, BC: 7.3848e-05, m: 1.2315e-03, u: 6.3876e-03, v: 1.6005e-02, pde_a: 2.1528e-03
Epoch: 3540/5000 - Time: 7.89s - Loss: 9.9687e-03 | a: 2.1708e-03, BC: 1.1260e-04, m: 1.2091e-03, u: 6.6303e-03, v: 1.5690e-02, pde_a: 2.0885e-03
Epoch: 3550/5000 - Time: 7.71s - Loss: 9.9678e-03 | a: 1.7050e-03, BC: 1.0790e-04, m: 1.2603e-03, u: 7.3276e-03, v: 1.6774e-02, pde_a: 2.1298e-03
Epoch: 3560/5000 - Time: 7.93s - Loss: 1.1323e-02 | a: 2.0660e-03, BC: 1.6002e-04, m: 1.2932e-03, u: 9.2261e-03, v: 1.6139e-02, pde_a: 2.3197e-03
Epoch: 3570/5000 - Time: 7.78s - Loss: 8.9500e-03 | a: 1.5752e-03, BC: 1.0132e-04, m: 1.1641e-03, u: 5.8980e-03, v: 1.5267e-02, pde_a: 2.0465e-03
Epoch: 3580/5000 - Time: 7.80s - Loss: 9.3957e-03 | a: 1.3867e-03, BC: 7.8399e-05, m: 1.2381e-03, u: 6.8263e-03, v: 1.5804e-02, pde_a: 2.1950e-03
Epoch: 3590/5000 - Time: 7.75s - Loss: 9.1613e-03 | a: 1.5488e-03, BC: 9.0731e-05, m: 1.1947e-03, u: 6.4132e-03, v: 1.5819e-02, pde_a: 2.0247e-03
Epoch: 3600/5000 - Time: 8.55s - Loss: 1.9759e-02 | a: 6.1765e-03, BC: 6.6588e-04, m: 1.3252e-03, u: 9.0052e-03, v: 1.7558e-02, pde_a: 5.1846e-03
Epoch: 3610/5000 - Time: 8.60s - Loss: 8.9306e-03 | a: 1.3981e-03, BC: 8.6356e-05, m: 1.1748e-03, u: 6.2026e-03, v: 1.5810e-02, pde_a: 2.0397e-03
Epoch: 3620/5000 - Time: 8.49s - Loss: 9.6619e-03 | a: 1.3408e-03, BC: 8.0904e-05, m: 1.2758e-03, u: 7.9580e-03, v: 1.5999e-02, pde_a: 2.0611e-03
Epoch: 3630/5000 - Time: 8.20s - Loss: 9.4294e-03 | a: 1.5033e-03, BC: 8.3561e-05, m: 1.1879e-03, u: 6.8632e-03, v: 1.5418e-02, pde_a: 2.1711e-03
Epoch: 3640/5000 - Time: 7.64s - Loss: 9.5712e-03 | a: 1.5948e-03, BC: 1.1223e-04, m: 1.2352e-03, u: 7.3838e-03, v: 1.5700e-02, pde_a: 1.9874e-03
Epoch: 3650/5000 - Time: 7.76s - Loss: 9.2629e-03 | a: 1.3181e-03, BC: 9.1787e-05, m: 1.1950e-03, u: 6.1842e-03, v: 1.5401e-02, pde_a: 2.3797e-03
Epoch: 3660/5000 - Time: 7.74s - Loss: 8.7904e-03 | a: 1.3802e-03, BC: 8.7881e-05, m: 1.1686e-03, u: 6.0510e-03, v: 1.5452e-02, pde_a: 2.0215e-03
Epoch: 3670/5000 - Time: 8.30s - Loss: 1.0629e-02 | a: 1.6716e-03, BC: 1.2260e-04, m: 1.2526e-03, u: 8.8034e-03, v: 1.6793e-02, pde_a: 2.2126e-03
Epoch: 3680/5000 - Time: 8.50s - Loss: 9.0303e-03 | a: 1.5812e-03, BC: 7.4100e-05, m: 1.1540e-03, u: 5.8772e-03, v: 1.5445e-02, pde_a: 2.1212e-03
Epoch: 3690/5000 - Time: 7.98s - Loss: 1.0196e-02 | a: 1.5581e-03, BC: 1.1962e-04, m: 1.3093e-03, u: 7.7538e-03, v: 1.7872e-02, pde_a: 2.1709e-03
Epoch: 3700/5000 - Time: 7.65s - Loss: 9.1456e-03 | a: 1.5125e-03, BC: 1.0063e-04, m: 1.1756e-03, u: 6.3725e-03, v: 1.5515e-02, pde_a: 2.0781e-03
Epoch: 3710/5000 - Time: 7.69s - Loss: 1.0590e-02 | a: 2.7350e-03, BC: 1.3232e-04, m: 1.2201e-03, u: 6.7112e-03, v: 1.5926e-02, pde_a: 2.0691e-03
Epoch: 3720/5000 - Time: 8.02s - Loss: 1.4291e-02 | a: 3.7558e-03, BC: 2.1409e-04, m: 1.2499e-03, u: 7.3014e-03, v: 1.6973e-02, pde_a: 3.7866e-03
Epoch: 3730/5000 - Time: 8.44s - Loss: 8.8664e-03 | a: 1.3940e-03, BC: 8.9047e-05, m: 1.1635e-03, u: 6.6767e-03, v: 1.5216e-02, pde_a: 1.9026e-03
Epoch: 3740/5000 - Time: 8.43s - Loss: 1.0143e-02 | a: 1.4591e-03, BC: 9.2604e-05, m: 1.2960e-03, u: 8.7821e-03, v: 1.6139e-02, pde_a: 2.0634e-03
Epoch: 3750/5000 - Time: 8.32s - Loss: 9.1916e-03 | a: 1.4340e-03, BC: 1.0665e-04, m: 1.1592e-03, u: 6.1930e-03, v: 1.5024e-02, pde_a: 2.2693e-03
Epoch: 3760/5000 - Time: 8.17s - Loss: 8.8191e-03 | a: 1.4288e-03, BC: 7.5679e-05, m: 1.1441e-03, u: 5.9539e-03, v: 1.5413e-02, pde_a: 2.0592e-03
Epoch: 3770/5000 - Time: 7.72s - Loss: 9.9577e-03 | a: 1.7163e-03, BC: 8.9067e-05, m: 1.2727e-03, u: 7.9039e-03, v: 1.5837e-02, pde_a: 2.0243e-03
Epoch: 3780/5000 - Time: 7.70s - Loss: 8.6458e-03 | a: 1.2491e-03, BC: 7.0534e-05, m: 1.1921e-03, u: 6.2004e-03, v: 1.5490e-02, pde_a: 1.9656e-03
Epoch: 3790/5000 - Time: 8.15s - Loss: 9.2660e-03 | a: 1.5425e-03, BC: 7.1213e-05, m: 1.2423e-03, u: 6.7381e-03, v: 1.6171e-02, pde_a: 1.9770e-03
Epoch: 3800/5000 - Time: 8.43s - Loss: 8.5842e-03 | a: 1.2175e-03, BC: 7.4620e-05, m: 1.1178e-03, u: 5.8629e-03, v: 1.5431e-02, pde_a: 2.0802e-03
Epoch: 3810/5000 - Time: 7.68s - Loss: 1.7904e-02 | a: 3.1774e-03, BC: 4.7800e-04, m: 1.3047e-03, u: 6.7660e-03, v: 1.6931e-02, pde_a: 6.9323e-03
Epoch: 3820/5000 - Time: 7.62s - Loss: 9.0239e-03 | a: 1.7583e-03, BC: 8.9899e-05, m: 1.1598e-03, u: 5.8911e-03, v: 1.5700e-02, pde_a: 1.9413e-03
Epoch: 3830/5000 - Time: 7.85s - Loss: 9.4211e-03 | a: 1.5698e-03, BC: 7.3587e-05, m: 1.2483e-03, u: 7.0791e-03, v: 1.6333e-02, pde_a: 1.9557e-03
Epoch: 3840/5000 - Time: 7.86s - Loss: 1.1224e-02 | a: 2.6838e-03, BC: 1.3986e-04, m: 1.1788e-03, u: 6.4508e-03, v: 1.5749e-02, pde_a: 2.6993e-03
Epoch: 3850/5000 - Time: 7.71s - Loss: 8.7163e-03 | a: 1.2681e-03, BC: 6.6867e-05, m: 1.1806e-03, u: 6.5520e-03, v: 1.5073e-02, pde_a: 1.9415e-03
Epoch: 3860/5000 - Time: 7.78s - Loss: 1.0559e-02 | a: 2.2811e-03, BC: 8.5724e-05, m: 1.2422e-03, u: 7.1513e-03, v: 1.6612e-02, pde_a: 2.2325e-03
Epoch: 3870/5000 - Time: 8.59s - Loss: 8.8292e-03 | a: 1.2921e-03, BC: 7.2899e-05, m: 1.1429e-03, u: 6.0564e-03, v: 1.5220e-02, pde_a: 2.1592e-03
Epoch: 3880/5000 - Time: 8.67s - Loss: 9.7641e-03 | a: 1.3413e-03, BC: 9.5729e-05, m: 1.2260e-03, u: 6.8309e-03, v: 1.6100e-02, pde_a: 2.4798e-03
Epoch: 3890/5000 - Time: 8.70s - Loss: 9.4874e-03 | a: 1.5800e-03, BC: 1.1631e-04, m: 1.1838e-03, u: 6.8696e-03, v: 1.5744e-02, pde_a: 2.1058e-03
Epoch: 3900/5000 - Time: 8.69s - Loss: 8.9546e-03 | a: 1.4161e-03, BC: 1.0133e-04, m: 1.1655e-03, u: 5.8739e-03, v: 1.5783e-02, pde_a: 2.1375e-03
Epoch: 3910/5000 - Time: 8.67s - Loss: 1.0314e-02 | a: 1.6223e-03, BC: 8.5536e-05, m: 1.2560e-03, u: 8.6699e-03, v: 1.6630e-02, pde_a: 2.0887e-03
Epoch: 3920/5000 - Time: 8.60s - Loss: 1.0605e-02 | a: 2.0083e-03, BC: 1.5624e-04, m: 1.2347e-03, u: 7.4788e-03, v: 1.5945e-02, pde_a: 2.3818e-03
Epoch: 3930/5000 - Time: 8.60s - Loss: 9.5951e-03 | a: 1.5174e-03, BC: 1.0031e-04, m: 1.2071e-03, u: 6.7875e-03, v: 1.5555e-02, pde_a: 2.2770e-03
Epoch: 3940/5000 - Time: 8.64s - Loss: 1.1248e-02 | a: 2.7954e-03, BC: 1.1950e-04, m: 1.2151e-03, u: 7.6084e-03, v: 1.6177e-02, pde_a: 2.2516e-03
Epoch: 3950/5000 - Time: 8.63s - Loss: 9.1379e-03 | a: 1.4830e-03, BC: 1.0971e-04, m: 1.1741e-03, u: 6.2263e-03, v: 1.5735e-02, pde_a: 2.1148e-03
Epoch: 3960/5000 - Time: 8.66s - Loss: 9.0740e-03 | a: 1.5188e-03, BC: 1.0903e-04, m: 1.2159e-03, u: 6.3361e-03, v: 1.6067e-02, pde_a: 1.9599e-03
Epoch: 3970/5000 - Time: 8.13s - Loss: 9.5416e-03 | a: 1.4858e-03, BC: 8.4775e-05, m: 1.2089e-03, u: 7.6479e-03, v: 1.5618e-02, pde_a: 2.0095e-03
Epoch: 3980/5000 - Time: 8.00s - Loss: 9.9286e-03 | a: 1.5659e-03, BC: 8.2897e-05, m: 1.2562e-03, u: 8.0090e-03, v: 1.6925e-02, pde_a: 2.0121e-03
Epoch: 3990/5000 - Time: 7.77s - Loss: 1.1536e-02 | a: 2.0767e-03, BC: 1.4414e-04, m: 1.2770e-03, u: 9.0931e-03, v: 1.6744e-02, pde_a: 2.4866e-03
Epoch: 4000/5000 - Time: 8.40s - Loss: 9.9870e-03 | a: 1.8685e-03, BC: 1.0334e-04, m: 1.2040e-03, u: 7.4592e-03, v: 1.5265e-02, pde_a: 2.1300e-03
Epoch: 4010/5000 - Time: 8.12s - Loss: 9.8902e-03 | a: 1.7400e-03, BC: 8.3865e-05, m: 1.2460e-03, u: 7.1625e-03, v: 1.6245e-02, pde_a: 2.1600e-03
Epoch: 4020/5000 - Time: 7.70s - Loss: 8.6282e-03 | a: 1.2879e-03, BC: 8.6814e-05, m: 1.1249e-03, u: 6.0277e-03, v: 1.4911e-02, pde_a: 2.0394e-03
Epoch: 4030/5000 - Time: 7.67s - Loss: 9.6184e-03 | a: 1.7864e-03, BC: 9.7665e-05, m: 1.1863e-03, u: 6.7209e-03, v: 1.5063e-02, pde_a: 2.1595e-03
Epoch: 4040/5000 - Time: 7.85s - Loss: 8.7224e-03 | a: 1.3409e-03, BC: 6.9865e-05, m: 1.1718e-03, u: 6.6195e-03, v: 1.5019e-02, pde_a: 1.8764e-03
Epoch: 4050/5000 - Time: 8.42s - Loss: 9.7370e-03 | a: 1.8344e-03, BC: 8.4892e-05, m: 1.1913e-03, u: 6.7441e-03, v: 1.5733e-02, pde_a: 2.1610e-03
Epoch: 4060/5000 - Time: 7.67s - Loss: 1.1168e-02 | a: 2.7942e-03, BC: 1.8350e-04, m: 1.2138e-03, u: 6.8538e-03, v: 1.5970e-02, pde_a: 2.3845e-03
Epoch: 4070/5000 - Time: 7.70s - Loss: 9.8246e-03 | a: 1.6237e-03, BC: 8.6778e-05, m: 1.2127e-03, u: 7.3786e-03, v: 1.5667e-02, pde_a: 2.1938e-03
Epoch: 4080/5000 - Time: 7.69s - Loss: 9.6261e-03 | a: 1.9374e-03, BC: 9.7286e-05, m: 1.1833e-03, u: 6.0262e-03, v: 1.5712e-02, pde_a: 2.2073e-03
Epoch: 4090/5000 - Time: 8.52s - Loss: 9.9281e-03 | a: 1.5180e-03, BC: 1.0380e-04, m: 1.2127e-03, u: 8.0006e-03, v: 1.5573e-02, pde_a: 2.1630e-03
Epoch: 4100/5000 - Time: 8.58s - Loss: 9.4994e-03 | a: 1.5966e-03, BC: 9.3807e-05, m: 1.2105e-03, u: 7.5979e-03, v: 1.5340e-02, pde_a: 1.9217e-03
Epoch: 4110/5000 - Time: 8.54s - Loss: 8.5518e-03 | a: 1.2029e-03, BC: 7.4793e-05, m: 1.1537e-03, u: 6.1924e-03, v: 1.5157e-02, pde_a: 1.9728e-03
Epoch: 4120/5000 - Time: 8.23s - Loss: 9.2742e-03 | a: 1.5483e-03, BC: 8.2865e-05, m: 1.1586e-03, u: 5.7098e-03, v: 1.5876e-02, pde_a: 2.3400e-03
Epoch: 4130/5000 - Time: 7.88s - Loss: 1.3402e-02 | a: 3.4945e-03, BC: 3.6896e-04, m: 1.2814e-03, u: 9.1851e-03, v: 1.6208e-02, pde_a: 2.6707e-03
Epoch: 4140/5000 - Time: 8.20s - Loss: 9.5825e-03 | a: 1.5045e-03, BC: 8.6829e-05, m: 1.2332e-03, u: 7.0603e-03, v: 1.7009e-02, pde_a: 2.0784e-03
Epoch: 4150/5000 - Time: 8.30s - Loss: 9.4097e-03 | a: 1.4356e-03, BC: 1.4194e-04, m: 1.2079e-03, u: 6.5639e-03, v: 1.6009e-02, pde_a: 2.1960e-03
Epoch: 4160/5000 - Time: 8.32s - Loss: 9.0834e-03 | a: 1.5108e-03, BC: 1.2054e-04, m: 1.1828e-03, u: 6.7067e-03, v: 1.5600e-02, pde_a: 1.9066e-03
Epoch: 4170/5000 - Time: 8.06s - Loss: 1.0087e-02 | a: 1.3265e-03, BC: 8.8462e-05, m: 1.2778e-03, u: 8.8740e-03, v: 1.5759e-02, pde_a: 2.1364e-03
Epoch: 4180/5000 - Time: 7.73s - Loss: 8.6871e-03 | a: 1.3927e-03, BC: 6.1672e-05, m: 1.1566e-03, u: 6.4421e-03, v: 1.5142e-02, pde_a: 1.8664e-03
Epoch: 4190/5000 - Time: 7.67s - Loss: 8.6468e-03 | a: 1.2728e-03, BC: 7.0008e-05, m: 1.1656e-03, u: 6.1533e-03, v: 1.5841e-02, pde_a: 1.9474e-03
Epoch: 4200/5000 - Time: 7.82s - Loss: 9.8780e-03 | a: 1.8854e-03, BC: 9.6096e-05, m: 1.1412e-03, u: 6.5879e-03, v: 1.5509e-02, pde_a: 2.3096e-03
Epoch: 4210/5000 - Time: 8.17s - Loss: 9.5706e-03 | a: 1.7743e-03, BC: 1.6230e-04, m: 1.1474e-03, u: 6.2473e-03, v: 1.5303e-02, pde_a: 2.2236e-03
Epoch: 4220/5000 - Time: 8.61s - Loss: 1.0979e-02 | a: 2.1205e-03, BC: 1.0907e-04, m: 1.1873e-03, u: 6.8378e-03, v: 1.5497e-02, pde_a: 2.8677e-03
Epoch: 4230/5000 - Time: 8.47s - Loss: 9.6819e-03 | a: 1.7938e-03, BC: 9.1650e-05, m: 1.1473e-03, u: 6.3512e-03, v: 1.5574e-02, pde_a: 2.2955e-03
Epoch: 4240/5000 - Time: 7.81s - Loss: 9.9481e-03 | a: 2.0136e-03, BC: 1.2781e-04, m: 1.1565e-03, u: 6.6051e-03, v: 1.5181e-02, pde_a: 2.2545e-03
Epoch: 4250/5000 - Time: 7.75s - Loss: 9.2776e-03 | a: 1.6160e-03, BC: 9.0871e-05, m: 1.1706e-03, u: 6.4842e-03, v: 1.5692e-02, pde_a: 2.0625e-03
Epoch: 4260/5000 - Time: 7.65s - Loss: 1.0832e-02 | a: 1.4357e-03, BC: 1.2785e-04, m: 1.2733e-03, u: 8.0568e-03, v: 1.6732e-02, pde_a: 2.7623e-03
Epoch: 4270/5000 - Time: 7.61s - Loss: 9.3530e-03 | a: 1.7457e-03, BC: 8.1698e-05, m: 1.1360e-03, u: 6.2469e-03, v: 1.4876e-02, pde_a: 2.1799e-03
Epoch: 4280/5000 - Time: 7.92s - Loss: 1.1949e-02 | a: 3.9003e-03, BC: 1.2622e-04, m: 1.1780e-03, u: 6.6773e-03, v: 1.5804e-02, pde_a: 2.2616e-03
Epoch: 4290/5000 - Time: 7.68s - Loss: 8.3360e-03 | a: 1.2300e-03, BC: 6.4361e-05, m: 1.1193e-03, u: 6.0587e-03, v: 1.4711e-02, pde_a: 1.8863e-03
Saving checkpoint at epoch 4290 with loss 8.3360e-03
Epoch: 4300/5000 - Time: 7.71s - Loss: 9.9812e-03 | a: 1.4757e-03, BC: 9.1431e-05, m: 1.2599e-03, u: 8.1082e-03, v: 1.6198e-02, pde_a: 2.1413e-03
Epoch: 4310/5000 - Time: 7.74s - Loss: 9.0429e-03 | a: 1.2916e-03, BC: 7.4043e-05, m: 1.1888e-03, u: 7.3780e-03, v: 1.5386e-02, pde_a: 1.8930e-03
Epoch: 4320/5000 - Time: 7.78s - Loss: 9.4515e-03 | a: 2.0952e-03, BC: 7.2511e-05, m: 1.1262e-03, u: 6.2330e-03, v: 1.5485e-02, pde_a: 1.9552e-03
Epoch: 4330/5000 - Time: 7.90s - Loss: 8.9200e-03 | a: 1.2962e-03, BC: 8.3375e-05, m: 1.1810e-03, u: 6.7792e-03, v: 1.5496e-02, pde_a: 1.9618e-03
Epoch: 4340/5000 - Time: 7.60s - Loss: 1.2720e-02 | a: 3.8980e-03, BC: 1.5137e-04, m: 1.1659e-03, u: 7.0854e-03, v: 1.6646e-02, pde_a: 2.6521e-03
Epoch: 4350/5000 - Time: 8.17s - Loss: 8.9358e-03 | a: 1.3911e-03, BC: 7.5728e-05, m: 1.1312e-03, u: 6.2428e-03, v: 1.5457e-02, pde_a: 2.0940e-03
Epoch: 4360/5000 - Time: 8.49s - Loss: 1.0172e-02 | a: 1.7881e-03, BC: 7.6822e-05, m: 1.2355e-03, u: 8.4922e-03, v: 1.5890e-02, pde_a: 1.9810e-03
Epoch: 4370/5000 - Time: 8.12s - Loss: 9.1759e-03 | a: 1.6008e-03, BC: 7.8929e-05, m: 1.1433e-03, u: 6.3147e-03, v: 1.4941e-02, pde_a: 2.1285e-03
Epoch: 4380/5000 - Time: 7.60s - Loss: 1.0116e-02 | a: 1.7671e-03, BC: 8.2833e-05, m: 1.2393e-03, u: 8.6039e-03, v: 1.5113e-02, pde_a: 1.9758e-03
Epoch: 4390/5000 - Time: 7.69s - Loss: 8.9935e-03 | a: 1.3410e-03, BC: 8.3104e-05, m: 1.1271e-03, u: 6.2824e-03, v: 1.5669e-02, pde_a: 2.1442e-03
Epoch: 4400/5000 - Time: 7.67s - Loss: 9.4705e-03 | a: 1.3328e-03, BC: 9.2826e-05, m: 1.2298e-03, u: 8.0162e-03, v: 1.5263e-02, pde_a: 1.9745e-03
Epoch: 4410/5000 - Time: 7.67s - Loss: 1.0858e-02 | a: 2.3592e-03, BC: 2.0165e-04, m: 1.1907e-03, u: 6.3970e-03, v: 1.5478e-02, pde_a: 2.6522e-03
Epoch: 4420/5000 - Time: 7.70s - Loss: 8.2979e-03 | a: 1.1719e-03, BC: 7.3004e-05, m: 1.1424e-03, u: 6.0732e-03, v: 1.4998e-02, pde_a: 1.8569e-03
Saving checkpoint at epoch 4420 with loss 8.2979e-03
Epoch: 4430/5000 - Time: 7.79s - Loss: 9.1061e-03 | a: 1.6132e-03, BC: 8.5682e-05, m: 1.1162e-03, u: 5.9217e-03, v: 1.5207e-02, pde_a: 2.1695e-03
Epoch: 4440/5000 - Time: 7.76s - Loss: 1.6558e-02 | a: 4.6736e-03, BC: 4.6485e-04, m: 1.4163e-03, u: 1.0149e-02, v: 1.7943e-02, pde_a: 3.6221e-03
Epoch: 4450/5000 - Time: 7.75s - Loss: 8.3227e-03 | a: 1.1729e-03, BC: 5.8414e-05, m: 1.1678e-03, u: 6.2012e-03, v: 1.5226e-02, pde_a: 1.8180e-03
Epoch: 4460/5000 - Time: 7.74s - Loss: 8.8260e-03 | a: 1.2566e-03, BC: 7.1001e-05, m: 1.1933e-03, u: 7.3031e-03, v: 1.5312e-02, pde_a: 1.7821e-03
Epoch: 4470/5000 - Time: 7.78s - Loss: 8.3946e-03 | a: 1.3006e-03, BC: 6.0573e-05, m: 1.1116e-03, u: 6.0600e-03, v: 1.4794e-02, pde_a: 1.8768e-03
Epoch: 4480/5000 - Time: 7.71s - Loss: 9.2448e-03 | a: 1.4307e-03, BC: 7.8627e-05, m: 1.1847e-03, u: 7.6266e-03, v: 1.5490e-02, pde_a: 1.8571e-03
Epoch: 4490/5000 - Time: 7.63s - Loss: 9.3150e-03 | a: 1.4939e-03, BC: 8.0236e-05, m: 1.1696e-03, u: 6.6599e-03, v: 1.5556e-02, pde_a: 2.1517e-03
Epoch: 4500/5000 - Time: 7.84s - Loss: 9.0770e-03 | a: 1.3938e-03, BC: 8.4851e-05, m: 1.1563e-03, u: 6.6296e-03, v: 1.5528e-02, pde_a: 2.0601e-03
Epoch: 4510/5000 - Time: 8.48s - Loss: 9.8000e-03 | a: 1.7939e-03, BC: 1.1232e-04, m: 1.1652e-03, u: 6.3877e-03, v: 1.5657e-02, pde_a: 2.3441e-03
Epoch: 4520/5000 - Time: 8.44s - Loss: 9.5045e-03 | a: 1.4957e-03, BC: 1.0335e-04, m: 1.1468e-03, u: 6.6078e-03, v: 1.5466e-02, pde_a: 2.3114e-03
Epoch: 4530/5000 - Time: 7.67s - Loss: 9.4303e-03 | a: 1.1799e-03, BC: 9.7174e-05, m: 1.2573e-03, u: 8.0438e-03, v: 1.6300e-02, pde_a: 1.9539e-03
Epoch: 4540/5000 - Time: 7.71s - Loss: 9.2042e-03 | a: 1.5396e-03, BC: 8.5846e-05, m: 1.1407e-03, u: 7.1843e-03, v: 1.4609e-02, pde_a: 1.9599e-03
Epoch: 4550/5000 - Time: 7.65s - Loss: 8.3789e-03 | a: 1.3024e-03, BC: 7.5401e-05, m: 1.1265e-03, u: 5.8174e-03, v: 1.5010e-02, pde_a: 1.9001e-03
Epoch: 4560/5000 - Time: 8.02s - Loss: 9.1687e-03 | a: 1.4701e-03, BC: 8.4856e-05, m: 1.1260e-03, u: 6.1434e-03, v: 1.4833e-02, pde_a: 2.2865e-03
Epoch: 4570/5000 - Time: 8.39s - Loss: 9.1457e-03 | a: 1.4528e-03, BC: 7.5760e-05, m: 1.0989e-03, u: 6.3205e-03, v: 1.5497e-02, pde_a: 2.1966e-03
Epoch: 4580/5000 - Time: 8.44s - Loss: 1.0331e-02 | a: 2.4262e-03, BC: 1.2414e-04, m: 1.1373e-03, u: 6.5391e-03, v: 1.5215e-02, pde_a: 2.2608e-03
Epoch: 4590/5000 - Time: 7.75s - Loss: 1.0475e-02 | a: 2.2994e-03, BC: 1.0539e-04, m: 1.1518e-03, u: 6.7344e-03, v: 1.5178e-02, pde_a: 2.4204e-03
Epoch: 4600/5000 - Time: 7.75s - Loss: 9.0181e-03 | a: 1.6860e-03, BC: 8.0579e-05, m: 1.1435e-03, u: 6.0808e-03, v: 1.5221e-02, pde_a: 1.9885e-03
Epoch: 4610/5000 - Time: 7.62s - Loss: 1.0367e-02 | a: 1.5057e-03, BC: 1.4769e-04, m: 1.2661e-03, u: 8.1049e-03, v: 1.6680e-02, pde_a: 2.3304e-03
Epoch: 4620/5000 - Time: 7.63s - Loss: 9.2177e-03 | a: 1.3009e-03, BC: 8.6440e-05, m: 1.1984e-03, u: 7.8523e-03, v: 1.5361e-02, pde_a: 1.8662e-03
Epoch: 4630/5000 - Time: 7.69s - Loss: 1.0511e-02 | a: 1.7836e-03, BC: 1.0283e-04, m: 1.2205e-03, u: 8.5253e-03, v: 1.5937e-02, pde_a: 2.2174e-03
Epoch: 4640/5000 - Time: 7.64s - Loss: 9.2930e-03 | a: 1.4959e-03, BC: 9.5737e-05, m: 1.1765e-03, u: 6.7490e-03, v: 1.5516e-02, pde_a: 2.0947e-03
Epoch: 4650/5000 - Time: 7.59s - Loss: 8.8362e-03 | a: 1.4115e-03, BC: 8.6067e-05, m: 1.1194e-03, u: 6.1501e-03, v: 1.4903e-02, pde_a: 2.0713e-03
Epoch: 4660/5000 - Time: 7.64s - Loss: 8.8691e-03 | a: 1.4452e-03, BC: 7.4096e-05, m: 1.1038e-03, u: 6.2114e-03, v: 1.5130e-02, pde_a: 2.0511e-03
Epoch: 4670/5000 - Time: 7.77s - Loss: 8.1988e-03 | a: 1.2896e-03, BC: 6.5033e-05, m: 1.1006e-03, u: 5.7466e-03, v: 1.4374e-02, pde_a: 1.8639e-03
Saving checkpoint at epoch 4670 with loss 8.1988e-03
Epoch: 4680/5000 - Time: 8.64s - Loss: 9.6628e-03 | a: 1.4409e-03, BC: 1.0529e-04, m: 1.2240e-03, u: 7.4862e-03, v: 1.5379e-02, pde_a: 2.1812e-03
Epoch: 4690/5000 - Time: 8.69s - Loss: 8.6061e-03 | a: 1.2527e-03, BC: 8.5590e-05, m: 1.1096e-03, u: 6.1863e-03, v: 1.4962e-02, pde_a: 2.0063e-03
Epoch: 4700/5000 - Time: 7.65s - Loss: 9.6380e-03 | a: 1.7491e-03, BC: 9.5984e-05, m: 1.1348e-03, u: 6.2134e-03, v: 1.4827e-02, pde_a: 2.3992e-03
Epoch: 4710/5000 - Time: 8.39s - Loss: 9.3397e-03 | a: 1.5434e-03, BC: 8.0462e-05, m: 1.1774e-03, u: 7.5097e-03, v: 1.5271e-02, pde_a: 1.8978e-03
Epoch: 4720/5000 - Time: 8.57s - Loss: 1.0297e-02 | a: 1.5933e-03, BC: 1.1296e-04, m: 1.2607e-03, u: 7.5486e-03, v: 1.6567e-02, pde_a: 2.4142e-03
Epoch: 4730/5000 - Time: 8.62s - Loss: 8.3968e-03 | a: 1.4169e-03, BC: 8.1414e-05, m: 1.0923e-03, u: 5.8489e-03, v: 1.4706e-02, pde_a: 1.8525e-03
Epoch: 4740/5000 - Time: 8.48s - Loss: 8.5564e-03 | a: 1.2737e-03, BC: 6.5797e-05, m: 1.1083e-03, u: 6.3181e-03, v: 1.4867e-02, pde_a: 1.9361e-03
Epoch: 4750/5000 - Time: 8.70s - Loss: 8.1829e-03 | a: 1.2781e-03, BC: 6.3419e-05, m: 1.1199e-03, u: 5.8187e-03, v: 1.5127e-02, pde_a: 1.7713e-03
Saving checkpoint at epoch 4750 with loss 8.1829e-03
Epoch: 4760/5000 - Time: 8.65s - Loss: 8.4625e-03 | a: 1.3681e-03, BC: 9.3577e-05, m: 1.1139e-03, u: 5.8654e-03, v: 1.4653e-02, pde_a: 1.9200e-03
Epoch: 4770/5000 - Time: 8.73s - Loss: 1.0096e-02 | a: 1.5513e-03, BC: 9.1964e-05, m: 1.2037e-03, u: 6.7082e-03, v: 1.6179e-02, pde_a: 2.6168e-03
Epoch: 4780/5000 - Time: 8.61s - Loss: 9.6362e-03 | a: 1.8174e-03, BC: 7.4392e-05, m: 1.1334e-03, u: 6.5980e-03, v: 1.4719e-02, pde_a: 2.2566e-03
Epoch: 4790/5000 - Time: 8.61s - Loss: 9.3729e-03 | a: 1.7127e-03, BC: 8.1918e-05, m: 1.1191e-03, u: 6.5051e-03, v: 1.5141e-02, pde_a: 2.1304e-03
Epoch: 4800/5000 - Time: 8.48s - Loss: 9.7596e-03 | a: 1.7599e-03, BC: 7.7177e-05, m: 1.2003e-03, u: 7.1934e-03, v: 1.6131e-02, pde_a: 2.0713e-03
Epoch: 4810/5000 - Time: 8.41s - Loss: 8.6544e-03 | a: 1.2318e-03, BC: 6.8693e-05, m: 1.1960e-03, u: 6.3588e-03, v: 1.5837e-02, pde_a: 1.9101e-03
Epoch: 4820/5000 - Time: 8.38s - Loss: 9.8424e-03 | a: 1.4712e-03, BC: 1.0246e-04, m: 1.1956e-03, u: 8.5032e-03, v: 1.6185e-02, pde_a: 1.9438e-03
Epoch: 4830/5000 - Time: 7.87s - Loss: 9.4000e-03 | a: 1.8249e-03, BC: 1.3326e-04, m: 1.1094e-03, u: 6.2058e-03, v: 1.4761e-02, pde_a: 2.1497e-03
Epoch: 4840/5000 - Time: 7.61s - Loss: 8.7746e-03 | a: 1.4050e-03, BC: 7.6098e-05, m: 1.1058e-03, u: 6.2974e-03, v: 1.4741e-02, pde_a: 2.0121e-03
Epoch: 4850/5000 - Time: 8.01s - Loss: 9.1178e-03 | a: 1.6005e-03, BC: 1.0904e-04, m: 1.1017e-03, u: 6.1559e-03, v: 1.5008e-02, pde_a: 2.1231e-03
Epoch: 4860/5000 - Time: 8.60s - Loss: 9.0289e-03 | a: 1.5284e-03, BC: 7.0389e-05, m: 1.1281e-03, u: 6.7198e-03, v: 1.4732e-02, pde_a: 1.9809e-03
Epoch: 4870/5000 - Time: 7.89s - Loss: 8.6737e-03 | a: 1.5087e-03, BC: 7.1471e-05, m: 1.0973e-03, u: 5.9669e-03, v: 1.4606e-02, pde_a: 1.9723e-03
Epoch: 4880/5000 - Time: 7.69s - Loss: 1.0797e-02 | a: 2.5989e-03, BC: 1.2769e-04, m: 1.1596e-03, u: 6.7343e-03, v: 1.5382e-02, pde_a: 2.4007e-03
Epoch: 4890/5000 - Time: 7.69s - Loss: 9.5215e-03 | a: 1.8844e-03, BC: 1.0811e-04, m: 1.1188e-03, u: 6.7698e-03, v: 1.4993e-02, pde_a: 2.0253e-03
Epoch: 4900/5000 - Time: 7.72s - Loss: 9.2585e-03 | a: 1.5571e-03, BC: 8.1778e-05, m: 1.1494e-03, u: 7.0417e-03, v: 1.5390e-02, pde_a: 1.9677e-03
Epoch: 4910/5000 - Time: 7.67s - Loss: 8.3853e-03 | a: 1.3514e-03, BC: 6.6247e-05, m: 1.1079e-03, u: 6.0368e-03, v: 1.4601e-02, pde_a: 1.8504e-03
Epoch: 4920/5000 - Time: 8.01s - Loss: 9.7925e-03 | a: 2.0962e-03, BC: 1.6140e-04, m: 1.1297e-03, u: 6.1345e-03, v: 1.5166e-02, pde_a: 2.2006e-03
Epoch: 4930/5000 - Time: 8.15s - Loss: 8.9962e-03 | a: 1.3708e-03, BC: 9.8817e-05, m: 1.1241e-03, u: 6.2337e-03, v: 1.5049e-02, pde_a: 2.1765e-03
Epoch: 4940/5000 - Time: 7.79s - Loss: 9.0611e-03 | a: 1.7427e-03, BC: 8.8778e-05, m: 1.1251e-03, u: 6.3610e-03, v: 1.4845e-02, pde_a: 1.9269e-03
Epoch: 4950/5000 - Time: 7.69s - Loss: 9.0653e-03 | a: 1.2898e-03, BC: 7.5110e-05, m: 1.1417e-03, u: 7.3704e-03, v: 1.5513e-02, pde_a: 1.9254e-03
Epoch: 4960/5000 - Time: 7.70s - Loss: 9.0208e-03 | a: 1.6922e-03, BC: 9.1987e-05, m: 1.1029e-03, u: 6.3079e-03, v: 1.5160e-02, pde_a: 1.9336e-03
Epoch: 4970/5000 - Time: 7.64s - Loss: 8.2998e-03 | a: 1.3911e-03, BC: 6.8814e-05, m: 1.0756e-03, u: 5.6292e-03, v: 1.4810e-02, pde_a: 1.8729e-03
Epoch: 4980/5000 - Time: 8.03s - Loss: 1.2307e-02 | a: 2.2506e-03, BC: 1.7657e-04, m: 1.2151e-03, u: 7.1082e-03, v: 1.6782e-02, pde_a: 3.5381e-03
Epoch: 4990/5000 - Time: 8.14s - Loss: 1.0663e-02 | a: 1.3149e-03, BC: 7.8493e-05, m: 1.2993e-03, u: 1.0341e-02, v: 1.6180e-02, pde_a: 2.1130e-03
Epoch: 5000/5000 - Time: 7.80s - Loss: 9.0728e-03 | a: 1.6402e-03, BC: 9.2713e-05, m: 1.1196e-03, u: 6.2659e-03, v: 1.4841e-02, pde_a: 2.0426e-03

--- Starting Training Phase 4/5 ---
Epochs: 5000, Learning Rate: 5e-06
Total samples: 185940, Desired batch size: 9297
Calculated num_batches: 20, Proportional batch sizes: {'A': 1305, 'PDE': 7910, 'N': 20, 'EW': 20, 'NSEW': 42}
Epoch: 10/5000 - Time: 7.74s - Loss: 7.6086e-03 | a: 1.1219e-03, BC: 5.0443e-05, m: 1.0463e-03, u: 5.4171e-03, v: 1.4236e-02, pde_a: 1.6865e-03
Saving checkpoint at epoch 10 with loss 7.6086e-03
Epoch: 20/5000 - Time: 7.71s - Loss: 7.7723e-03 | a: 1.2032e-03, BC: 5.5947e-05, m: 1.0574e-03, u: 5.5467e-03, v: 1.4525e-02, pde_a: 1.6784e-03
Epoch: 30/5000 - Time: 8.33s - Loss: 7.8622e-03 | a: 1.1380e-03, BC: 5.1132e-05, m: 1.0862e-03, u: 5.7872e-03, v: 1.4166e-02, pde_a: 1.7441e-03
Epoch: 40/5000 - Time: 8.29s - Loss: 7.8191e-03 | a: 1.2652e-03, BC: 5.2970e-05, m: 1.0373e-03, u: 5.4354e-03, v: 1.4329e-02, pde_a: 1.7274e-03
Epoch: 50/5000 - Time: 8.44s - Loss: 7.9301e-03 | a: 1.1465e-03, BC: 5.7123e-05, m: 1.0803e-03, u: 6.1916e-03, v: 1.4202e-02, pde_a: 1.6643e-03
Epoch: 60/5000 - Time: 8.36s - Loss: 7.9625e-03 | a: 1.1857e-03, BC: 5.3053e-05, m: 1.0973e-03, u: 5.6185e-03, v: 1.4920e-02, pde_a: 1.7681e-03
Epoch: 70/5000 - Time: 7.67s - Loss: 8.0007e-03 | a: 1.1982e-03, BC: 5.4375e-05, m: 1.0549e-03, u: 5.8892e-03, v: 1.4484e-02, pde_a: 1.7607e-03
Epoch: 80/5000 - Time: 7.73s - Loss: 8.0001e-03 | a: 1.2059e-03, BC: 6.3907e-05, m: 1.0616e-03, u: 6.0084e-03, v: 1.4350e-02, pde_a: 1.7189e-03
Epoch: 90/5000 - Time: 7.64s - Loss: 8.4744e-03 | a: 1.4737e-03, BC: 7.4958e-05, m: 1.0879e-03, u: 5.7586e-03, v: 1.4375e-02, pde_a: 1.9287e-03
Epoch: 100/5000 - Time: 8.48s - Loss: 8.6744e-03 | a: 1.5090e-03, BC: 9.7853e-05, m: 1.0895e-03, u: 6.1734e-03, v: 1.4509e-02, pde_a: 1.9022e-03
Epoch: 110/5000 - Time: 8.38s - Loss: 8.0630e-03 | a: 1.2971e-03, BC: 5.7669e-05, m: 1.0541e-03, u: 5.5809e-03, v: 1.4174e-02, pde_a: 1.8472e-03
Epoch: 120/5000 - Time: 7.68s - Loss: 7.8716e-03 | a: 1.1741e-03, BC: 7.1445e-05, m: 1.0616e-03, u: 5.7642e-03, v: 1.4148e-02, pde_a: 1.7280e-03
Epoch: 130/5000 - Time: 7.67s - Loss: 8.0208e-03 | a: 1.1264e-03, BC: 6.0247e-05, m: 1.0572e-03, u: 5.9271e-03, v: 1.4346e-02, pde_a: 1.8252e-03
Epoch: 140/5000 - Time: 7.60s - Loss: 8.4478e-03 | a: 1.2560e-03, BC: 6.0862e-05, m: 1.1081e-03, u: 6.3739e-03, v: 1.5103e-02, pde_a: 1.8349e-03
Epoch: 150/5000 - Time: 7.73s - Loss: 8.6859e-03 | a: 1.3865e-03, BC: 5.6582e-05, m: 1.0966e-03, u: 6.4873e-03, v: 1.4611e-02, pde_a: 1.9314e-03
Epoch: 160/5000 - Time: 8.20s - Loss: 8.1549e-03 | a: 1.1832e-03, BC: 5.9564e-05, m: 1.0999e-03, u: 6.2831e-03, v: 1.4690e-02, pde_a: 1.7311e-03
Epoch: 170/5000 - Time: 8.22s - Loss: 8.8897e-03 | a: 1.2313e-03, BC: 7.4279e-05, m: 1.1418e-03, u: 7.5419e-03, v: 1.4824e-02, pde_a: 1.8397e-03
Epoch: 180/5000 - Time: 8.35s - Loss: 8.3910e-03 | a: 1.2157e-03, BC: 5.9905e-05, m: 1.0881e-03, u: 6.6457e-03, v: 1.4375e-02, pde_a: 1.8093e-03
Epoch: 190/5000 - Time: 8.36s - Loss: 8.2361e-03 | a: 1.4614e-03, BC: 6.8523e-05, m: 1.0603e-03, u: 5.8317e-03, v: 1.4540e-02, pde_a: 1.7388e-03
Epoch: 200/5000 - Time: 8.35s - Loss: 8.5550e-03 | a: 1.7130e-03, BC: 7.1850e-05, m: 1.0593e-03, u: 5.9546e-03, v: 1.4279e-02, pde_a: 1.7723e-03
Epoch: 210/5000 - Time: 8.40s - Loss: 7.8048e-03 | a: 1.2280e-03, BC: 6.3544e-05, m: 1.0615e-03, u: 5.3658e-03, v: 1.4335e-02, pde_a: 1.7457e-03
Epoch: 220/5000 - Time: 8.37s - Loss: 8.2027e-03 | a: 1.4584e-03, BC: 6.6025e-05, m: 1.0608e-03, u: 5.6713e-03, v: 1.4422e-02, pde_a: 1.7744e-03
Epoch: 230/5000 - Time: 8.48s - Loss: 8.4439e-03 | a: 1.3252e-03, BC: 6.3833e-05, m: 1.0409e-03, u: 6.0591e-03, v: 1.4436e-02, pde_a: 1.9555e-03
Epoch: 240/5000 - Time: 8.54s - Loss: 7.9386e-03 | a: 1.2366e-03, BC: 6.3504e-05, m: 1.1012e-03, u: 5.5655e-03, v: 1.4924e-02, pde_a: 1.7164e-03
Epoch: 250/5000 - Time: 8.52s - Loss: 8.1303e-03 | a: 1.2210e-03, BC: 6.2061e-05, m: 1.0443e-03, u: 6.1241e-03, v: 1.4039e-02, pde_a: 1.8070e-03
Epoch: 260/5000 - Time: 7.68s - Loss: 8.5186e-03 | a: 1.2783e-03, BC: 7.7992e-05, m: 1.0999e-03, u: 7.0152e-03, v: 1.4383e-02, pde_a: 1.7287e-03
Epoch: 270/5000 - Time: 7.64s - Loss: 8.2158e-03 | a: 1.4252e-03, BC: 5.9882e-05, m: 1.0637e-03, u: 5.8846e-03, v: 1.4420e-02, pde_a: 1.7497e-03
Epoch: 280/5000 - Time: 7.64s - Loss: 8.3265e-03 | a: 1.4057e-03, BC: 5.9979e-05, m: 1.0410e-03, u: 5.8770e-03, v: 1.4421e-02, pde_a: 1.8624e-03
Epoch: 290/5000 - Time: 7.66s - Loss: 8.0595e-03 | a: 1.2225e-03, BC: 6.1408e-05, m: 1.0610e-03, u: 5.9916e-03, v: 1.4292e-02, pde_a: 1.7636e-03
Epoch: 300/5000 - Time: 8.52s - Loss: 8.0439e-03 | a: 1.2161e-03, BC: 7.0390e-05, m: 1.0520e-03, u: 5.8009e-03, v: 1.4084e-02, pde_a: 1.8273e-03
Epoch: 310/5000 - Time: 8.45s - Loss: 7.6994e-03 | a: 1.1640e-03, BC: 5.3909e-05, m: 1.0355e-03, u: 5.4590e-03, v: 1.4175e-02, pde_a: 1.7186e-03
Epoch: 320/5000 - Time: 7.70s - Loss: 7.8540e-03 | a: 1.1696e-03, BC: 6.2433e-05, m: 1.0716e-03, u: 5.8023e-03, v: 1.4159e-02, pde_a: 1.7079e-03
Epoch: 330/5000 - Time: 8.28s - Loss: 8.7211e-03 | a: 1.6175e-03, BC: 6.9487e-05, m: 1.0786e-03, u: 6.2710e-03, v: 1.4511e-02, pde_a: 1.8525e-03
Epoch: 340/5000 - Time: 8.45s - Loss: 8.3095e-03 | a: 1.2613e-03, BC: 6.2093e-05, m: 1.0555e-03, u: 5.9385e-03, v: 1.4201e-02, pde_a: 1.9506e-03
Epoch: 350/5000 - Time: 7.82s - Loss: 7.8308e-03 | a: 1.1402e-03, BC: 5.7512e-05, m: 1.0687e-03, u: 5.5018e-03, v: 1.4558e-02, pde_a: 1.7758e-03
Epoch: 360/5000 - Time: 7.75s - Loss: 8.7007e-03 | a: 1.3853e-03, BC: 6.4648e-05, m: 1.1265e-03, u: 7.0055e-03, v: 1.5063e-02, pde_a: 1.7328e-03
Epoch: 370/5000 - Time: 7.66s - Loss: 8.5057e-03 | a: 1.3292e-03, BC: 7.4313e-05, m: 1.1259e-03, u: 6.1711e-03, v: 1.5042e-02, pde_a: 1.8698e-03
Epoch: 380/5000 - Time: 8.57s - Loss: 8.4769e-03 | a: 1.2938e-03, BC: 6.7073e-05, m: 1.0721e-03, u: 6.5352e-03, v: 1.4107e-02, pde_a: 1.8717e-03
Epoch: 390/5000 - Time: 8.03s - Loss: 7.9531e-03 | a: 1.1766e-03, BC: 6.2534e-05, m: 1.0750e-03, u: 6.1262e-03, v: 1.4534e-02, pde_a: 1.6503e-03
Epoch: 400/5000 - Time: 7.61s - Loss: 8.3087e-03 | a: 1.2602e-03, BC: 6.3798e-05, m: 1.0843e-03, u: 6.4546e-03, v: 1.4430e-02, pde_a: 1.7636e-03
Epoch: 410/5000 - Time: 7.62s - Loss: 7.9728e-03 | a: 1.1628e-03, BC: 5.6989e-05, m: 1.0499e-03, u: 6.0262e-03, v: 1.4521e-02, pde_a: 1.7230e-03
Epoch: 420/5000 - Time: 7.67s - Loss: 8.6532e-03 | a: 1.5527e-03, BC: 9.7740e-05, m: 1.0746e-03, u: 6.2136e-03, v: 1.4491e-02, pde_a: 1.8492e-03
Epoch: 430/5000 - Time: 7.71s - Loss: 8.7065e-03 | a: 1.2815e-03, BC: 6.7650e-05, m: 1.1289e-03, u: 7.2888e-03, v: 1.4550e-02, pde_a: 1.7694e-03
Epoch: 440/5000 - Time: 8.21s - Loss: 7.8860e-03 | a: 1.1603e-03, BC: 5.7587e-05, m: 1.0296e-03, u: 5.5405e-03, v: 1.4096e-02, pde_a: 1.8464e-03
Epoch: 450/5000 - Time: 7.98s - Loss: 7.9014e-03 | a: 1.1501e-03, BC: 5.7259e-05, m: 1.0693e-03, u: 6.1721e-03, v: 1.4375e-02, pde_a: 1.6366e-03
Epoch: 460/5000 - Time: 7.63s - Loss: 8.0291e-03 | a: 1.2873e-03, BC: 6.3147e-05, m: 1.0501e-03, u: 6.0054e-03, v: 1.4200e-02, pde_a: 1.6977e-03
Epoch: 470/5000 - Time: 7.72s - Loss: 9.1709e-03 | a: 1.4926e-03, BC: 8.3291e-05, m: 1.1116e-03, u: 7.4368e-03, v: 1.4975e-02, pde_a: 1.8818e-03
Epoch: 480/5000 - Time: 7.78s - Loss: 7.7894e-03 | a: 1.0476e-03, BC: 5.8390e-05, m: 1.0478e-03, u: 6.0307e-03, v: 1.4231e-02, pde_a: 1.6925e-03
Epoch: 490/5000 - Time: 8.46s - Loss: 7.6075e-03 | a: 1.1147e-03, BC: 5.4509e-05, m: 1.0476e-03, u: 5.5016e-03, v: 1.4211e-02, pde_a: 1.6641e-03
Saving checkpoint at epoch 490 with loss 7.6075e-03
Epoch: 500/5000 - Time: 8.43s - Loss: 7.9296e-03 | a: 1.2105e-03, BC: 5.6652e-05, m: 1.0262e-03, u: 5.7591e-03, v: 1.4406e-02, pde_a: 1.7538e-03
Epoch: 510/5000 - Time: 7.83s - Loss: 8.3508e-03 | a: 1.4794e-03, BC: 6.6501e-05, m: 1.0648e-03, u: 5.9308e-03, v: 1.4360e-02, pde_a: 1.7970e-03
Epoch: 520/5000 - Time: 7.82s - Loss: 7.8398e-03 | a: 1.1299e-03, BC: 6.1291e-05, m: 1.0235e-03, u: 5.7329e-03, v: 1.4207e-02, pde_a: 1.7681e-03
Epoch: 530/5000 - Time: 7.85s - Loss: 9.2958e-03 | a: 1.1859e-03, BC: 7.6286e-05, m: 1.1568e-03, u: 8.4089e-03, v: 1.4868e-02, pde_a: 1.9148e-03
Epoch: 540/5000 - Time: 8.29s - Loss: 8.5962e-03 | a: 1.8229e-03, BC: 6.7888e-05, m: 1.0346e-03, u: 5.7732e-03, v: 1.4089e-02, pde_a: 1.8037e-03
Epoch: 550/5000 - Time: 8.48s - Loss: 8.0661e-03 | a: 1.2918e-03, BC: 5.8435e-05, m: 1.0605e-03, u: 5.9180e-03, v: 1.4213e-02, pde_a: 1.7464e-03
Epoch: 560/5000 - Time: 8.45s - Loss: 7.9628e-03 | a: 1.1746e-03, BC: 6.8869e-05, m: 1.0638e-03, u: 5.7976e-03, v: 1.4307e-02, pde_a: 1.7759e-03
Epoch: 570/5000 - Time: 8.59s - Loss: 8.6981e-03 | a: 1.4025e-03, BC: 6.2640e-05, m: 1.0841e-03, u: 6.9755e-03, v: 1.4371e-02, pde_a: 1.8032e-03
Epoch: 580/5000 - Time: 7.91s - Loss: 7.8964e-03 | a: 1.2048e-03, BC: 6.2849e-05, m: 1.0370e-03, u: 5.8801e-03, v: 1.4247e-02, pde_a: 1.6994e-03
Epoch: 590/5000 - Time: 7.65s - Loss: 7.8910e-03 | a: 1.0885e-03, BC: 5.7260e-05, m: 1.0584e-03, u: 5.7641e-03, v: 1.4116e-02, pde_a: 1.8234e-03
Epoch: 600/5000 - Time: 7.67s - Loss: 8.1047e-03 | a: 1.3450e-03, BC: 5.7460e-05, m: 1.0467e-03, u: 5.7895e-03, v: 1.4078e-02, pde_a: 1.7915e-03
Epoch: 610/5000 - Time: 7.63s - Loss: 8.2209e-03 | a: 1.1944e-03, BC: 6.1298e-05, m: 1.0772e-03, u: 6.0547e-03, v: 1.4223e-02, pde_a: 1.8878e-03
Epoch: 620/5000 - Time: 7.72s - Loss: 7.5677e-03 | a: 1.0565e-03, BC: 5.7904e-05, m: 1.0568e-03, u: 5.7062e-03, v: 1.4255e-02, pde_a: 1.6067e-03
Saving checkpoint at epoch 620 with loss 7.5677e-03
Epoch: 630/5000 - Time: 7.60s - Loss: 7.8038e-03 | a: 1.1188e-03, BC: 5.4494e-05, m: 1.0409e-03, u: 5.6086e-03, v: 1.4249e-02, pde_a: 1.7797e-03
Epoch: 640/5000 - Time: 7.71s - Loss: 8.4610e-03 | a: 1.3071e-03, BC: 6.5144e-05, m: 1.0589e-03, u: 6.6412e-03, v: 1.4445e-02, pde_a: 1.7985e-03
Epoch: 650/5000 - Time: 7.55s - Loss: 8.1049e-03 | a: 1.2401e-03, BC: 6.6692e-05, m: 1.1091e-03, u: 6.1040e-03, v: 1.5162e-02, pde_a: 1.6554e-03
Epoch: 660/5000 - Time: 8.02s - Loss: 7.7442e-03 | a: 1.1112e-03, BC: 6.1285e-05, m: 1.0401e-03, u: 5.7038e-03, v: 1.4203e-02, pde_a: 1.7103e-03
Epoch: 670/5000 - Time: 8.60s - Loss: 8.8698e-03 | a: 1.7938e-03, BC: 7.9421e-05, m: 1.0564e-03, u: 6.1435e-03, v: 1.4643e-02, pde_a: 1.8620e-03
Epoch: 680/5000 - Time: 8.43s - Loss: 8.1199e-03 | a: 1.2772e-03, BC: 8.5258e-05, m: 1.0426e-03, u: 5.8341e-03, v: 1.4244e-02, pde_a: 1.8093e-03
Epoch: 690/5000 - Time: 8.62s - Loss: 8.4223e-03 | a: 1.4620e-03, BC: 5.6822e-05, m: 1.0435e-03, u: 6.1067e-03, v: 1.4119e-02, pde_a: 1.8493e-03
Epoch: 700/5000 - Time: 8.25s - Loss: 7.9047e-03 | a: 1.0669e-03, BC: 5.5418e-05, m: 1.0612e-03, u: 6.2892e-03, v: 1.4189e-02, pde_a: 1.6881e-03
Epoch: 710/5000 - Time: 8.27s - Loss: 7.9314e-03 | a: 1.1974e-03, BC: 5.5190e-05, m: 1.0448e-03, u: 5.5956e-03, v: 1.4169e-02, pde_a: 1.8250e-03
Epoch: 720/5000 - Time: 8.58s - Loss: 8.2432e-03 | a: 1.2241e-03, BC: 7.0420e-05, m: 1.0780e-03, u: 6.3740e-03, v: 1.4215e-02, pde_a: 1.7802e-03
Epoch: 730/5000 - Time: 8.02s - Loss: 7.5650e-03 | a: 1.1099e-03, BC: 6.0038e-05, m: 1.0373e-03, u: 5.4500e-03, v: 1.4430e-02, pde_a: 1.6341e-03
Saving checkpoint at epoch 730 with loss 7.5650e-03
Epoch: 740/5000 - Time: 7.85s - Loss: 7.8978e-03 | a: 1.1565e-03, BC: 6.1356e-05, m: 1.0425e-03, u: 5.7773e-03, v: 1.4296e-02, pde_a: 1.7627e-03
Epoch: 750/5000 - Time: 7.71s - Loss: 8.3063e-03 | a: 1.4067e-03, BC: 6.0730e-05, m: 1.0813e-03, u: 6.0652e-03, v: 1.4934e-02, pde_a: 1.7295e-03
Epoch: 760/5000 - Time: 7.92s - Loss: 7.8401e-03 | a: 1.1327e-03, BC: 5.9643e-05, m: 1.0529e-03, u: 5.9647e-03, v: 1.4420e-02, pde_a: 1.6674e-03
Epoch: 770/5000 - Time: 8.71s - Loss: 8.1737e-03 | a: 1.2287e-03, BC: 5.7389e-05, m: 1.0485e-03, u: 6.1128e-03, v: 1.4260e-02, pde_a: 1.8218e-03
Epoch: 780/5000 - Time: 8.14s - Loss: 7.8817e-03 | a: 1.2336e-03, BC: 5.6469e-05, m: 1.0369e-03, u: 5.7811e-03, v: 1.4070e-02, pde_a: 1.7146e-03
Epoch: 790/5000 - Time: 7.84s - Loss: 7.6246e-03 | a: 1.0835e-03, BC: 6.0092e-05, m: 1.0405e-03, u: 5.7701e-03, v: 1.4016e-02, pde_a: 1.6356e-03
Epoch: 800/5000 - Time: 7.72s - Loss: 8.7260e-03 | a: 1.1139e-03, BC: 6.2910e-05, m: 1.1136e-03, u: 8.0565e-03, v: 1.4484e-02, pde_a: 1.6998e-03
Epoch: 810/5000 - Time: 7.69s - Loss: 8.2858e-03 | a: 1.3040e-03, BC: 6.4853e-05, m: 1.0887e-03, u: 6.5638e-03, v: 1.4307e-02, pde_a: 1.6868e-03
Epoch: 820/5000 - Time: 7.72s - Loss: 8.0208e-03 | a: 1.1062e-03, BC: 6.1741e-05, m: 1.0505e-03, u: 6.4341e-03, v: 1.4256e-02, pde_a: 1.6987e-03
Epoch: 830/5000 - Time: 7.81s - Loss: 8.1645e-03 | a: 1.4285e-03, BC: 7.1067e-05, m: 1.0415e-03, u: 5.8126e-03, v: 1.4188e-02, pde_a: 1.7497e-03
Epoch: 840/5000 - Time: 7.70s - Loss: 8.7091e-03 | a: 1.7232e-03, BC: 6.8996e-05, m: 1.0246e-03, u: 5.8060e-03, v: 1.4469e-02, pde_a: 1.9305e-03
Epoch: 850/5000 - Time: 7.63s - Loss: 7.9322e-03 | a: 1.2073e-03, BC: 5.6559e-05, m: 1.0365e-03, u: 6.0195e-03, v: 1.4121e-02, pde_a: 1.6983e-03
Epoch: 860/5000 - Time: 7.69s - Loss: 8.1163e-03 | a: 1.2998e-03, BC: 6.4804e-05, m: 1.0360e-03, u: 5.9248e-03, v: 1.4327e-02, pde_a: 1.7744e-03
Epoch: 870/5000 - Time: 7.78s - Loss: 7.7575e-03 | a: 1.1374e-03, BC: 5.4299e-05, m: 1.0582e-03, u: 5.7498e-03, v: 1.4300e-02, pde_a: 1.6757e-03
Epoch: 880/5000 - Time: 7.99s - Loss: 8.2534e-03 | a: 1.4363e-03, BC: 6.5457e-05, m: 1.0216e-03, u: 5.7435e-03, v: 1.4212e-02, pde_a: 1.8444e-03
Epoch: 890/5000 - Time: 8.63s - Loss: 7.6778e-03 | a: 1.0764e-03, BC: 6.6481e-05, m: 1.0271e-03, u: 5.7116e-03, v: 1.4037e-02, pde_a: 1.6991e-03
Epoch: 900/5000 - Time: 8.45s - Loss: 8.3993e-03 | a: 1.5826e-03, BC: 7.5705e-05, m: 1.0381e-03, u: 5.9706e-03, v: 1.4191e-02, pde_a: 1.7623e-03
Epoch: 910/5000 - Time: 8.44s - Loss: 8.0377e-03 | a: 1.0699e-03, BC: 5.9390e-05, m: 1.0875e-03, u: 6.2341e-03, v: 1.4838e-02, pde_a: 1.7370e-03
Epoch: 920/5000 - Time: 7.83s - Loss: 8.0822e-03 | a: 1.1941e-03, BC: 6.0697e-05, m: 1.0349e-03, u: 6.4426e-03, v: 1.3941e-02, pde_a: 1.7090e-03
Epoch: 930/5000 - Time: 7.71s - Loss: 8.2424e-03 | a: 1.5327e-03, BC: 6.4855e-05, m: 1.0596e-03, u: 5.8127e-03, v: 1.4569e-02, pde_a: 1.6955e-03
Epoch: 940/5000 - Time: 7.56s - Loss: 7.8196e-03 | a: 1.1205e-03, BC: 5.9496e-05, m: 1.0389e-03, u: 5.7554e-03, v: 1.4637e-02, pde_a: 1.7130e-03
Epoch: 950/5000 - Time: 7.65s - Loss: 7.8248e-03 | a: 1.1517e-03, BC: 5.6642e-05, m: 1.0630e-03, u: 5.9271e-03, v: 1.4216e-02, pde_a: 1.6660e-03
Epoch: 960/5000 - Time: 7.65s - Loss: 7.8746e-03 | a: 1.2220e-03, BC: 5.3331e-05, m: 1.0312e-03, u: 5.7090e-03, v: 1.4263e-02, pde_a: 1.7293e-03
Epoch: 970/5000 - Time: 7.71s - Loss: 8.0444e-03 | a: 1.1439e-03, BC: 5.7597e-05, m: 1.0623e-03, u: 6.5209e-03, v: 1.4172e-02, pde_a: 1.6661e-03
Epoch: 980/5000 - Time: 7.62s - Loss: 7.9604e-03 | a: 1.2872e-03, BC: 6.1515e-05, m: 1.0435e-03, u: 5.8527e-03, v: 1.4550e-02, pde_a: 1.6673e-03
Epoch: 990/5000 - Time: 7.62s - Loss: 8.2285e-03 | a: 1.2914e-03, BC: 6.5675e-05, m: 1.0350e-03, u: 6.2372e-03, v: 1.4510e-02, pde_a: 1.7589e-03
Epoch: 1000/5000 - Time: 7.78s - Loss: 8.9631e-03 | a: 1.3331e-03, BC: 7.2456e-05, m: 1.1506e-03, u: 7.9806e-03, v: 1.4887e-02, pde_a: 1.6793e-03
Epoch: 1010/5000 - Time: 7.74s - Loss: 7.9087e-03 | a: 1.1453e-03, BC: 5.1192e-05, m: 1.0388e-03, u: 6.0949e-03, v: 1.4429e-02, pde_a: 1.6840e-03
Epoch: 1020/5000 - Time: 7.73s - Loss: 7.6392e-03 | a: 1.0494e-03, BC: 5.2295e-05, m: 1.0348e-03, u: 5.7351e-03, v: 1.4281e-02, pde_a: 1.6711e-03
Epoch: 1030/5000 - Time: 7.88s - Loss: 8.3949e-03 | a: 1.3184e-03, BC: 8.0234e-05, m: 1.0937e-03, u: 6.4707e-03, v: 1.4789e-02, pde_a: 1.7346e-03
Epoch: 1040/5000 - Time: 8.47s - Loss: 8.6380e-03 | a: 1.7182e-03, BC: 7.4941e-05, m: 1.0561e-03, u: 6.0286e-03, v: 1.4465e-02, pde_a: 1.7943e-03
Epoch: 1050/5000 - Time: 8.36s - Loss: 8.7089e-03 | a: 1.5912e-03, BC: 7.8739e-05, m: 1.0402e-03, u: 6.4051e-03, v: 1.4381e-02, pde_a: 1.8448e-03
Epoch: 1060/5000 - Time: 8.42s - Loss: 7.8025e-03 | a: 1.0465e-03, BC: 5.6490e-05, m: 1.0192e-03, u: 5.9285e-03, v: 1.4085e-02, pde_a: 1.7605e-03
Epoch: 1070/5000 - Time: 8.70s - Loss: 7.7601e-03 | a: 1.1778e-03, BC: 5.7109e-05, m: 1.0315e-03, u: 5.7670e-03, v: 1.4105e-02, pde_a: 1.6678e-03
Epoch: 1080/5000 - Time: 8.45s - Loss: 7.8883e-03 | a: 1.1152e-03, BC: 5.7853e-05, m: 1.0375e-03, u: 6.1076e-03, v: 1.4630e-02, pde_a: 1.6671e-03
Epoch: 1090/5000 - Time: 8.76s - Loss: 8.0978e-03 | a: 1.2463e-03, BC: 6.6920e-05, m: 1.0446e-03, u: 6.2967e-03, v: 1.4286e-02, pde_a: 1.6878e-03
Epoch: 1100/5000 - Time: 8.67s - Loss: 7.4004e-03 | a: 1.0525e-03, BC: 5.0426e-05, m: 1.0146e-03, u: 5.4947e-03, v: 1.4009e-02, pde_a: 1.5901e-03
Saving checkpoint at epoch 1100 with loss 7.4004e-03
Epoch: 1110/5000 - Time: 8.10s - Loss: 7.8174e-03 | a: 1.3342e-03, BC: 6.2250e-05, m: 1.0203e-03, u: 5.7625e-03, v: 1.3914e-02, pde_a: 1.6096e-03
Epoch: 1120/5000 - Time: 7.67s - Loss: 8.0346e-03 | a: 1.3035e-03, BC: 6.7472e-05, m: 1.0343e-03, u: 5.9923e-03, v: 1.4558e-02, pde_a: 1.6693e-03
Epoch: 1130/5000 - Time: 7.73s - Loss: 8.0507e-03 | a: 1.3765e-03, BC: 6.1235e-05, m: 1.0341e-03, u: 5.9800e-03, v: 1.3974e-02, pde_a: 1.6805e-03
Epoch: 1140/5000 - Time: 7.70s - Loss: 7.8420e-03 | a: 1.0977e-03, BC: 6.3247e-05, m: 1.0350e-03, u: 5.8510e-03, v: 1.4302e-02, pde_a: 1.7447e-03
Epoch: 1150/5000 - Time: 7.66s - Loss: 7.8438e-03 | a: 1.1222e-03, BC: 5.5206e-05, m: 1.0096e-03, u: 5.9220e-03, v: 1.4160e-02, pde_a: 1.7356e-03
Epoch: 1160/5000 - Time: 8.02s - Loss: 7.7588e-03 | a: 1.0326e-03, BC: 5.3770e-05, m: 1.0468e-03, u: 6.0534e-03, v: 1.3870e-02, pde_a: 1.7064e-03
Epoch: 1170/5000 - Time: 8.29s - Loss: 8.1897e-03 | a: 1.2183e-03, BC: 5.8628e-05, m: 1.0410e-03, u: 6.4194e-03, v: 1.4072e-02, pde_a: 1.7680e-03
Epoch: 1180/5000 - Time: 8.37s - Loss: 8.7087e-03 | a: 1.4626e-03, BC: 9.8049e-05, m: 1.0239e-03, u: 6.1176e-03, v: 1.4208e-02, pde_a: 2.0357e-03
Epoch: 1190/5000 - Time: 8.45s - Loss: 7.8650e-03 | a: 1.1596e-03, BC: 5.2824e-05, m: 1.0471e-03, u: 6.0529e-03, v: 1.4438e-02, pde_a: 1.6461e-03
Epoch: 1200/5000 - Time: 8.44s - Loss: 7.7484e-03 | a: 1.0030e-03, BC: 5.1345e-05, m: 1.0263e-03, u: 6.0327e-03, v: 1.4225e-02, pde_a: 1.7107e-03
Epoch: 1210/5000 - Time: 8.65s - Loss: 7.4699e-03 | a: 1.0274e-03, BC: 5.3344e-05, m: 1.0228e-03, u: 5.6427e-03, v: 1.3917e-02, pde_a: 1.6196e-03
Epoch: 1220/5000 - Time: 8.29s - Loss: 8.3931e-03 | a: 1.4987e-03, BC: 7.2657e-05, m: 1.0214e-03, u: 5.8800e-03, v: 1.4400e-02, pde_a: 1.8426e-03
Epoch: 1230/5000 - Time: 8.47s - Loss: 7.8291e-03 | a: 1.1920e-03, BC: 5.9452e-05, m: 1.0202e-03, u: 5.9170e-03, v: 1.4276e-02, pde_a: 1.6548e-03
Epoch: 1240/5000 - Time: 8.49s - Loss: 7.6853e-03 | a: 1.0620e-03, BC: 5.1861e-05, m: 1.0257e-03, u: 5.8147e-03, v: 1.4218e-02, pde_a: 1.6827e-03
Epoch: 1250/5000 - Time: 8.60s - Loss: 8.3936e-03 | a: 1.5775e-03, BC: 5.7219e-05, m: 1.0414e-03, u: 6.1644e-03, v: 1.4208e-02, pde_a: 1.7153e-03
Epoch: 1260/5000 - Time: 8.45s - Loss: 8.0702e-03 | a: 1.1503e-03, BC: 5.9263e-05, m: 1.0618e-03, u: 6.3996e-03, v: 1.4377e-02, pde_a: 1.6999e-03
Epoch: 1270/5000 - Time: 7.72s - Loss: 7.9172e-03 | a: 1.2161e-03, BC: 5.6062e-05, m: 1.0186e-03, u: 5.9205e-03, v: 1.4239e-02, pde_a: 1.7091e-03
Epoch: 1280/5000 - Time: 7.59s - Loss: 7.9358e-03 | a: 1.2613e-03, BC: 7.2054e-05, m: 1.0334e-03, u: 5.6765e-03, v: 1.4037e-02, pde_a: 1.7584e-03
Epoch: 1290/5000 - Time: 7.72s - Loss: 7.9548e-03 | a: 1.1396e-03, BC: 5.4766e-05, m: 1.0366e-03, u: 6.1267e-03, v: 1.4410e-02, pde_a: 1.7139e-03
Epoch: 1300/5000 - Time: 7.91s - Loss: 8.0464e-03 | a: 1.0732e-03, BC: 5.9856e-05, m: 1.0475e-03, u: 6.4277e-03, v: 1.4205e-02, pde_a: 1.7523e-03
Epoch: 1310/5000 - Time: 8.05s - Loss: 7.9797e-03 | a: 1.1729e-03, BC: 6.1235e-05, m: 1.0314e-03, u: 6.1960e-03, v: 1.4361e-02, pde_a: 1.6882e-03
Epoch: 1320/5000 - Time: 7.65s - Loss: 8.0401e-03 | a: 1.2537e-03, BC: 6.4218e-05, m: 1.0359e-03, u: 5.9308e-03, v: 1.4289e-02, pde_a: 1.7530e-03
Epoch: 1330/5000 - Time: 7.64s - Loss: 8.0107e-03 | a: 1.1505e-03, BC: 6.1938e-05, m: 1.0409e-03, u: 5.9726e-03, v: 1.4238e-02, pde_a: 1.8004e-03
Epoch: 1340/5000 - Time: 7.63s - Loss: 7.8288e-03 | a: 1.1313e-03, BC: 6.1761e-05, m: 9.9826e-04, u: 5.9252e-03, v: 1.4072e-02, pde_a: 1.7237e-03
Epoch: 1350/5000 - Time: 7.64s - Loss: 7.6760e-03 | a: 1.0621e-03, BC: 5.7163e-05, m: 1.0228e-03, u: 5.8294e-03, v: 1.4380e-02, pde_a: 1.6555e-03
Epoch: 1360/5000 - Time: 7.58s - Loss: 8.2870e-03 | a: 1.2153e-03, BC: 7.1268e-05, m: 1.0560e-03, u: 6.5087e-03, v: 1.4469e-02, pde_a: 1.7700e-03
Epoch: 1370/5000 - Time: 7.61s - Loss: 8.1708e-03 | a: 1.4247e-03, BC: 6.5485e-05, m: 1.0278e-03, u: 5.7371e-03, v: 1.4041e-02, pde_a: 1.8026e-03
Epoch: 1380/5000 - Time: 7.61s - Loss: 8.2440e-03 | a: 1.4143e-03, BC: 6.2922e-05, m: 1.0306e-03, u: 5.9540e-03, v: 1.4158e-02, pde_a: 1.7932e-03
Epoch: 1390/5000 - Time: 7.63s - Loss: 7.8174e-03 | a: 1.1242e-03, BC: 6.2630e-05, m: 1.0129e-03, u: 5.7892e-03, v: 1.4263e-02, pde_a: 1.7381e-03
Epoch: 1400/5000 - Time: 7.67s - Loss: 8.6529e-03 | a: 1.5669e-03, BC: 5.6392e-05, m: 1.0278e-03, u: 5.9775e-03, v: 1.4038e-02, pde_a: 1.9984e-03
Epoch: 1410/5000 - Time: 7.73s - Loss: 7.6751e-03 | a: 1.0743e-03, BC: 5.4686e-05, m: 1.0372e-03, u: 6.0351e-03, v: 1.4254e-02, pde_a: 1.5891e-03
Epoch: 1420/5000 - Time: 7.62s - Loss: 7.8968e-03 | a: 1.3312e-03, BC: 4.8630e-05, m: 1.0296e-03, u: 5.7346e-03, v: 1.4095e-02, pde_a: 1.6727e-03
Epoch: 1430/5000 - Time: 7.65s - Loss: 7.8724e-03 | a: 1.0357e-03, BC: 5.5795e-05, m: 1.0169e-03, u: 6.0484e-03, v: 1.4263e-02, pde_a: 1.7741e-03
Epoch: 1440/5000 - Time: 7.69s - Loss: 7.9394e-03 | a: 1.2302e-03, BC: 6.3637e-05, m: 1.0187e-03, u: 6.0677e-03, v: 1.4175e-02, pde_a: 1.6707e-03
Epoch: 1450/5000 - Time: 7.69s - Loss: 8.1785e-03 | a: 1.2382e-03, BC: 7.4436e-05, m: 1.0318e-03, u: 5.8926e-03, v: 1.4396e-02, pde_a: 1.8680e-03
Epoch: 1460/5000 - Time: 7.72s - Loss: 8.0231e-03 | a: 1.1365e-03, BC: 5.8849e-05, m: 1.0533e-03, u: 6.1383e-03, v: 1.4065e-02, pde_a: 1.7814e-03
Epoch: 1470/5000 - Time: 7.70s - Loss: 9.0152e-03 | a: 1.3278e-03, BC: 7.9287e-05, m: 1.1269e-03, u: 7.8158e-03, v: 1.4491e-02, pde_a: 1.8099e-03
Epoch: 1480/5000 - Time: 7.72s - Loss: 7.6538e-03 | a: 1.0813e-03, BC: 5.9842e-05, m: 1.0448e-03, u: 5.7598e-03, v: 1.4040e-02, pde_a: 1.6590e-03
Epoch: 1490/5000 - Time: 7.83s - Loss: 7.7923e-03 | a: 1.1778e-03, BC: 6.4194e-05, m: 1.0370e-03, u: 5.8015e-03, v: 1.4375e-02, pde_a: 1.6526e-03
Epoch: 1500/5000 - Time: 8.37s - Loss: 8.1611e-03 | a: 1.1108e-03, BC: 5.6892e-05, m: 1.0601e-03, u: 6.7534e-03, v: 1.4332e-02, pde_a: 1.7004e-03
Epoch: 1510/5000 - Time: 8.27s - Loss: 8.0135e-03 | a: 1.1282e-03, BC: 5.4150e-05, m: 1.0536e-03, u: 6.4116e-03, v: 1.4379e-02, pde_a: 1.6774e-03
Epoch: 1520/5000 - Time: 8.38s - Loss: 8.0108e-03 | a: 1.3141e-03, BC: 6.4640e-05, m: 1.0269e-03, u: 5.5367e-03, v: 1.4155e-02, pde_a: 1.8165e-03
Epoch: 1530/5000 - Time: 8.51s - Loss: 7.9862e-03 | a: 1.0641e-03, BC: 5.8634e-05, m: 1.0730e-03, u: 6.6038e-03, v: 1.4279e-02, pde_a: 1.6436e-03
Epoch: 1540/5000 - Time: 8.52s - Loss: 7.6832e-03 | a: 1.0450e-03, BC: 6.0782e-05, m: 1.0377e-03, u: 6.0011e-03, v: 1.4036e-02, pde_a: 1.6404e-03
Epoch: 1550/5000 - Time: 8.52s - Loss: 8.3331e-03 | a: 1.2104e-03, BC: 6.4678e-05, m: 1.0415e-03, u: 6.5571e-03, v: 1.4095e-02, pde_a: 1.8362e-03
Epoch: 1560/5000 - Time: 7.68s - Loss: 7.9728e-03 | a: 1.1762e-03, BC: 5.4451e-05, m: 1.0382e-03, u: 6.2848e-03, v: 1.4493e-02, pde_a: 1.6454e-03
Epoch: 1570/5000 - Time: 7.75s - Loss: 8.2965e-03 | a: 1.3141e-03, BC: 6.9841e-05, m: 1.0211e-03, u: 6.4101e-03, v: 1.4008e-02, pde_a: 1.7852e-03
Epoch: 1580/5000 - Time: 7.69s - Loss: 7.8086e-03 | a: 1.2163e-03, BC: 5.7367e-05, m: 1.0405e-03, u: 6.0705e-03, v: 1.4356e-02, pde_a: 1.5604e-03
Epoch: 1590/5000 - Time: 8.40s - Loss: 8.1303e-03 | a: 1.4152e-03, BC: 5.6538e-05, m: 1.0338e-03, u: 6.1745e-03, v: 1.4014e-02, pde_a: 1.6544e-03
Epoch: 1600/5000 - Time: 8.15s - Loss: 7.5764e-03 | a: 1.0724e-03, BC: 6.0450e-05, m: 1.0073e-03, u: 5.7206e-03, v: 1.3956e-02, pde_a: 1.6423e-03
Epoch: 1610/5000 - Time: 7.69s - Loss: 7.6879e-03 | a: 1.1968e-03, BC: 6.2060e-05, m: 1.0147e-03, u: 5.7020e-03, v: 1.3900e-02, pde_a: 1.6377e-03
Epoch: 1620/5000 - Time: 7.62s - Loss: 7.7405e-03 | a: 1.0975e-03, BC: 5.9318e-05, m: 1.0261e-03, u: 5.8469e-03, v: 1.4149e-02, pde_a: 1.6877e-03
Epoch: 1630/5000 - Time: 7.60s - Loss: 7.6722e-03 | a: 1.1539e-03, BC: 5.5615e-05, m: 1.0096e-03, u: 5.6258e-03, v: 1.4079e-02, pde_a: 1.6745e-03
Epoch: 1640/5000 - Time: 8.35s - Loss: 7.9591e-03 | a: 1.4050e-03, BC: 7.9310e-05, m: 1.0181e-03, u: 5.7356e-03, v: 1.4076e-02, pde_a: 1.6471e-03
Epoch: 1650/5000 - Time: 8.26s - Loss: 7.7880e-03 | a: 1.2077e-03, BC: 6.3760e-05, m: 1.0250e-03, u: 5.8925e-03, v: 1.4366e-02, pde_a: 1.6060e-03
Epoch: 1660/5000 - Time: 7.79s - Loss: 8.2173e-03 | a: 1.2342e-03, BC: 6.1706e-05, m: 1.0500e-03, u: 6.6212e-03, v: 1.4095e-02, pde_a: 1.7084e-03
Epoch: 1670/5000 - Time: 7.74s - Loss: 7.8226e-03 | a: 1.1151e-03, BC: 5.3001e-05, m: 1.0219e-03, u: 5.9142e-03, v: 1.3645e-02, pde_a: 1.7639e-03
Epoch: 1680/5000 - Time: 7.81s - Loss: 7.8423e-03 | a: 1.2414e-03, BC: 5.8291e-05, m: 1.0173e-03, u: 5.7740e-03, v: 1.4167e-02, pde_a: 1.6808e-03
Epoch: 1690/5000 - Time: 8.52s - Loss: 8.4220e-03 | a: 1.2985e-03, BC: 6.4061e-05, m: 1.0597e-03, u: 7.0894e-03, v: 1.4154e-02, pde_a: 1.6650e-03
Epoch: 1700/5000 - Time: 8.47s - Loss: 8.2897e-03 | a: 1.2343e-03, BC: 6.3565e-05, m: 1.0449e-03, u: 6.7895e-03, v: 1.4571e-02, pde_a: 1.6767e-03
Epoch: 1710/5000 - Time: 8.66s - Loss: 7.7397e-03 | a: 1.1298e-03, BC: 5.9753e-05, m: 1.0088e-03, u: 5.9189e-03, v: 1.3803e-02, pde_a: 1.6762e-03
Epoch: 1720/5000 - Time: 8.56s - Loss: 7.7327e-03 | a: 1.1647e-03, BC: 5.4507e-05, m: 1.0469e-03, u: 5.9569e-03, v: 1.4453e-02, pde_a: 1.5671e-03
Epoch: 1730/5000 - Time: 8.58s - Loss: 7.8277e-03 | a: 1.1369e-03, BC: 6.0305e-05, m: 1.0313e-03, u: 6.2330e-03, v: 1.4068e-02, pde_a: 1.6123e-03
Epoch: 1740/5000 - Time: 8.56s - Loss: 8.0229e-03 | a: 1.2339e-03, BC: 5.9167e-05, m: 1.0324e-03, u: 6.5000e-03, v: 1.3987e-02, pde_a: 1.6147e-03
Epoch: 1750/5000 - Time: 8.60s - Loss: 7.5286e-03 | a: 1.0355e-03, BC: 5.9445e-05, m: 9.9494e-04, u: 5.7398e-03, v: 1.4084e-02, pde_a: 1.6248e-03
Epoch: 1760/5000 - Time: 8.48s - Loss: 8.6578e-03 | a: 1.4535e-03, BC: 8.8080e-05, m: 1.0488e-03, u: 6.4112e-03, v: 1.4246e-02, pde_a: 1.9087e-03
Epoch: 1770/5000 - Time: 8.40s - Loss: 8.1093e-03 | a: 1.3699e-03, BC: 6.2930e-05, m: 1.0103e-03, u: 5.9056e-03, v: 1.4070e-02, pde_a: 1.7551e-03
Epoch: 1780/5000 - Time: 8.44s - Loss: 8.0316e-03 | a: 1.2802e-03, BC: 6.7040e-05, m: 1.0135e-03, u: 6.3871e-03, v: 1.4344e-02, pde_a: 1.5942e-03
Epoch: 1790/5000 - Time: 8.37s - Loss: 7.6019e-03 | a: 1.0583e-03, BC: 5.7077e-05, m: 1.0127e-03, u: 5.8206e-03, v: 1.3910e-02, pde_a: 1.6464e-03
Epoch: 1800/5000 - Time: 8.50s - Loss: 8.3430e-03 | a: 1.3711e-03, BC: 6.5602e-05, m: 1.0256e-03, u: 6.0140e-03, v: 1.4097e-02, pde_a: 1.8894e-03
Epoch: 1810/5000 - Time: 8.52s - Loss: 7.8820e-03 | a: 1.0442e-03, BC: 5.6768e-05, m: 1.0231e-03, u: 6.4261e-03, v: 1.4170e-02, pde_a: 1.6659e-03
Epoch: 1820/5000 - Time: 7.96s - Loss: 8.1953e-03 | a: 1.2819e-03, BC: 5.4147e-05, m: 1.0195e-03, u: 6.3093e-03, v: 1.3956e-02, pde_a: 1.7793e-03
Epoch: 1830/5000 - Time: 7.78s - Loss: 7.9271e-03 | a: 1.1649e-03, BC: 6.9966e-05, m: 1.0147e-03, u: 6.1766e-03, v: 1.4388e-02, pde_a: 1.6589e-03
Epoch: 1840/5000 - Time: 7.76s - Loss: 8.1948e-03 | a: 1.1155e-03, BC: 5.7768e-05, m: 1.0482e-03, u: 6.9872e-03, v: 1.4274e-02, pde_a: 1.6625e-03
Epoch: 1850/5000 - Time: 7.86s - Loss: 8.2807e-03 | a: 1.1107e-03, BC: 6.0415e-05, m: 1.0544e-03, u: 7.1127e-03, v: 1.4325e-02, pde_a: 1.6855e-03
Epoch: 1860/5000 - Time: 8.64s - Loss: 7.9427e-03 | a: 1.0780e-03, BC: 5.4090e-05, m: 1.0571e-03, u: 6.5550e-03, v: 1.4196e-02, pde_a: 1.6318e-03
Epoch: 1870/5000 - Time: 8.48s - Loss: 7.7323e-03 | a: 1.0992e-03, BC: 6.0826e-05, m: 1.0085e-03, u: 6.1027e-03, v: 1.4037e-02, pde_a: 1.6199e-03
Epoch: 1880/5000 - Time: 8.66s - Loss: 8.7295e-03 | a: 1.5242e-03, BC: 7.3013e-05, m: 1.0387e-03, u: 6.4979e-03, v: 1.4422e-02, pde_a: 1.8861e-03
Epoch: 1890/5000 - Time: 8.68s - Loss: 7.3557e-03 | a: 1.0252e-03, BC: 5.1559e-05, m: 9.8173e-04, u: 5.5742e-03, v: 1.3724e-02, pde_a: 1.5904e-03
Saving checkpoint at epoch 1890 with loss 7.3557e-03
Epoch: 1900/5000 - Time: 8.61s - Loss: 8.0441e-03 | a: 1.1035e-03, BC: 6.2339e-05, m: 9.9484e-04, u: 6.3270e-03, v: 1.3932e-02, pde_a: 1.8022e-03
Epoch: 1910/5000 - Time: 8.65s - Loss: 7.6527e-03 | a: 1.0266e-03, BC: 5.1606e-05, m: 9.8601e-04, u: 5.9624e-03, v: 1.3813e-02, pde_a: 1.6920e-03
Epoch: 1920/5000 - Time: 8.61s - Loss: 7.9329e-03 | a: 1.2912e-03, BC: 6.4194e-05, m: 1.0203e-03, u: 6.0276e-03, v: 1.4168e-02, pde_a: 1.6303e-03
Epoch: 1930/5000 - Time: 8.53s - Loss: 7.7784e-03 | a: 1.1012e-03, BC: 5.6654e-05, m: 1.0172e-03, u: 6.3495e-03, v: 1.3993e-02, pde_a: 1.5826e-03
Epoch: 1940/5000 - Time: 8.53s - Loss: 7.6342e-03 | a: 1.0454e-03, BC: 5.3977e-05, m: 9.9276e-04, u: 5.7927e-03, v: 1.3840e-02, pde_a: 1.7069e-03
Epoch: 1950/5000 - Time: 8.63s - Loss: 7.6028e-03 | a: 1.0785e-03, BC: 5.9624e-05, m: 1.0138e-03, u: 5.8701e-03, v: 1.3840e-02, pde_a: 1.6200e-03
Epoch: 1960/5000 - Time: 8.53s - Loss: 7.7418e-03 | a: 1.0106e-03, BC: 7.3071e-05, m: 1.0086e-03, u: 5.8709e-03, v: 1.4021e-02, pde_a: 1.7561e-03
Epoch: 1970/5000 - Time: 8.54s - Loss: 7.9383e-03 | a: 1.1506e-03, BC: 5.9198e-05, m: 1.0031e-03, u: 5.9826e-03, v: 1.3964e-02, pde_a: 1.7839e-03
Epoch: 1980/5000 - Time: 8.46s - Loss: 7.9692e-03 | a: 1.2214e-03, BC: 5.7766e-05, m: 1.0205e-03, u: 6.1818e-03, v: 1.4160e-02, pde_a: 1.6710e-03
Epoch: 1990/5000 - Time: 8.40s - Loss: 8.2657e-03 | a: 1.2906e-03, BC: 5.8848e-05, m: 1.0535e-03, u: 6.4607e-03, v: 1.4792e-02, pde_a: 1.6953e-03
Epoch: 2000/5000 - Time: 8.32s - Loss: 9.0233e-03 | a: 1.7240e-03, BC: 1.1599e-04, m: 1.0467e-03, u: 5.9987e-03, v: 1.4616e-02, pde_a: 2.0550e-03
Epoch: 2010/5000 - Time: 7.81s - Loss: 7.6812e-03 | a: 1.0788e-03, BC: 5.4413e-05, m: 9.9992e-04, u: 5.6622e-03, v: 1.3963e-02, pde_a: 1.7427e-03
Epoch: 2020/5000 - Time: 7.75s - Loss: 8.1881e-03 | a: 1.1545e-03, BC: 6.3368e-05, m: 1.0396e-03, u: 6.6580e-03, v: 1.4004e-02, pde_a: 1.7469e-03
Epoch: 2030/5000 - Time: 7.68s - Loss: 7.7143e-03 | a: 1.1584e-03, BC: 5.4000e-05, m: 1.0071e-03, u: 5.8032e-03, v: 1.4027e-02, pde_a: 1.6568e-03
Epoch: 2040/5000 - Time: 8.16s - Loss: 7.7390e-03 | a: 1.0893e-03, BC: 5.8053e-05, m: 9.9011e-04, u: 6.0599e-03, v: 1.4166e-02, pde_a: 1.6461e-03
Epoch: 2050/5000 - Time: 8.49s - Loss: 7.6934e-03 | a: 1.1912e-03, BC: 6.0446e-05, m: 1.0028e-03, u: 5.6809e-03, v: 1.3888e-02, pde_a: 1.6603e-03
Epoch: 2060/5000 - Time: 7.75s - Loss: 8.1368e-03 | a: 1.2385e-03, BC: 7.0877e-05, m: 1.0241e-03, u: 6.2338e-03, v: 1.4340e-02, pde_a: 1.7449e-03
Epoch: 2070/5000 - Time: 7.76s - Loss: 7.9693e-03 | a: 1.1990e-03, BC: 5.6732e-05, m: 1.0179e-03, u: 6.3362e-03, v: 1.3951e-02, pde_a: 1.6609e-03
Epoch: 2080/5000 - Time: 7.62s - Loss: 8.0223e-03 | a: 1.4520e-03, BC: 5.5076e-05, m: 1.0110e-03, u: 5.8592e-03, v: 1.3795e-02, pde_a: 1.6669e-03
Epoch: 2090/5000 - Time: 7.65s - Loss: 7.9082e-03 | a: 1.0033e-03, BC: 5.8745e-05, m: 1.0353e-03, u: 6.4521e-03, v: 1.3973e-02, pde_a: 1.7179e-03
Epoch: 2100/5000 - Time: 7.63s - Loss: 7.7317e-03 | a: 1.0389e-03, BC: 5.8702e-05, m: 1.0164e-03, u: 6.3154e-03, v: 1.3886e-02, pde_a: 1.6120e-03
Epoch: 2110/5000 - Time: 7.92s - Loss: 7.8159e-03 | a: 1.1105e-03, BC: 5.5360e-05, m: 1.0041e-03, u: 5.9204e-03, v: 1.3852e-02, pde_a: 1.7506e-03
Epoch: 2120/5000 - Time: 7.71s - Loss: 7.6383e-03 | a: 1.1129e-03, BC: 5.3551e-05, m: 9.7617e-04, u: 6.0366e-03, v: 1.3792e-02, pde_a: 1.5976e-03
Epoch: 2130/5000 - Time: 7.64s - Loss: 7.3938e-03 | a: 9.9922e-04, BC: 4.9444e-05, m: 9.8774e-04, u: 5.7369e-03, v: 1.3809e-02, pde_a: 1.5830e-03
Epoch: 2140/5000 - Time: 7.65s - Loss: 7.9954e-03 | a: 1.3017e-03, BC: 6.5850e-05, m: 1.0088e-03, u: 6.0251e-03, v: 1.4152e-02, pde_a: 1.6763e-03
Epoch: 2150/5000 - Time: 8.15s - Loss: 7.9132e-03 | a: 1.3587e-03, BC: 5.1048e-05, m: 9.8727e-04, u: 5.9094e-03, v: 1.3964e-02, pde_a: 1.6409e-03
Epoch: 2160/5000 - Time: 8.64s - Loss: 8.1566e-03 | a: 1.1780e-03, BC: 6.7326e-05, m: 1.0591e-03, u: 6.6329e-03, v: 1.4471e-02, pde_a: 1.6629e-03
Epoch: 2170/5000 - Time: 8.66s - Loss: 8.8497e-03 | a: 1.5662e-03, BC: 9.0748e-05, m: 1.0449e-03, u: 5.9185e-03, v: 1.4677e-02, pde_a: 2.0822e-03
Epoch: 2180/5000 - Time: 8.46s - Loss: 7.9615e-03 | a: 1.1813e-03, BC: 6.3944e-05, m: 9.9623e-04, u: 5.9094e-03, v: 1.3998e-02, pde_a: 1.7969e-03
Epoch: 2190/5000 - Time: 8.44s - Loss: 7.6095e-03 | a: 1.1183e-03, BC: 5.4178e-05, m: 1.0048e-03, u: 5.6472e-03, v: 1.3942e-02, pde_a: 1.6615e-03
Epoch: 2200/5000 - Time: 8.31s - Loss: 7.7188e-03 | a: 1.0825e-03, BC: 5.8282e-05, m: 9.7659e-04, u: 5.8729e-03, v: 1.3794e-02, pde_a: 1.7274e-03
Epoch: 2210/5000 - Time: 7.86s - Loss: 8.3125e-03 | a: 1.4954e-03, BC: 6.5938e-05, m: 1.0070e-03, u: 6.1388e-03, v: 1.3931e-02, pde_a: 1.7554e-03
Epoch: 2220/5000 - Time: 7.74s - Loss: 7.7287e-03 | a: 1.0265e-03, BC: 5.5373e-05, m: 1.0141e-03, u: 6.2099e-03, v: 1.3931e-02, pde_a: 1.6508e-03
Epoch: 2230/5000 - Time: 8.34s - Loss: 8.0155e-03 | a: 1.0881e-03, BC: 6.0630e-05, m: 1.0246e-03, u: 6.4581e-03, v: 1.3947e-02, pde_a: 1.7390e-03
Epoch: 2240/5000 - Time: 8.36s - Loss: 7.7477e-03 | a: 1.2022e-03, BC: 5.0965e-05, m: 9.9552e-04, u: 5.7264e-03, v: 1.4083e-02, pde_a: 1.6752e-03
Epoch: 2250/5000 - Time: 7.62s - Loss: 8.3330e-03 | a: 1.5421e-03, BC: 7.0673e-05, m: 1.0087e-03, u: 6.0573e-03, v: 1.4041e-02, pde_a: 1.7465e-03
Epoch: 2260/5000 - Time: 7.68s - Loss: 1.0907e-02 | a: 2.7767e-03, BC: 2.0885e-04, m: 1.0235e-03, u: 6.5922e-03, v: 1.4286e-02, pde_a: 2.4806e-03
Epoch: 2270/5000 - Time: 7.65s - Loss: 7.8627e-03 | a: 1.2288e-03, BC: 8.0166e-05, m: 9.8710e-04, u: 5.6405e-03, v: 1.4128e-02, pde_a: 1.7466e-03
Epoch: 2280/5000 - Time: 7.66s - Loss: 8.5100e-03 | a: 1.4038e-03, BC: 7.3226e-05, m: 1.0051e-03, u: 6.6587e-03, v: 1.4113e-02, pde_a: 1.8026e-03
Epoch: 2290/5000 - Time: 7.69s - Loss: 7.5717e-03 | a: 9.6512e-04, BC: 6.2492e-05, m: 9.9318e-04, u: 5.8829e-03, v: 1.4117e-02, pde_a: 1.6649e-03
Epoch: 2300/5000 - Time: 7.70s - Loss: 7.9766e-03 | a: 1.2308e-03, BC: 5.7588e-05, m: 1.0042e-03, u: 6.3890e-03, v: 1.4086e-02, pde_a: 1.6216e-03
Epoch: 2310/5000 - Time: 8.31s - Loss: 7.8685e-03 | a: 1.1590e-03, BC: 5.8989e-05, m: 9.9649e-04, u: 6.2030e-03, v: 1.3891e-02, pde_a: 1.6673e-03
Epoch: 2320/5000 - Time: 7.74s - Loss: 7.8164e-03 | a: 1.1526e-03, BC: 5.5162e-05, m: 1.0192e-03, u: 6.0619e-03, v: 1.3826e-02, pde_a: 1.6716e-03
Epoch: 2330/5000 - Time: 8.26s - Loss: 7.5875e-03 | a: 1.0898e-03, BC: 6.2722e-05, m: 9.9728e-04, u: 5.7247e-03, v: 1.3730e-02, pde_a: 1.6572e-03
Epoch: 2340/5000 - Time: 8.36s - Loss: 8.1689e-03 | a: 1.2203e-03, BC: 6.3913e-05, m: 1.0100e-03, u: 5.8933e-03, v: 1.4111e-02, pde_a: 1.9152e-03
Epoch: 2350/5000 - Time: 8.38s - Loss: 7.8567e-03 | a: 1.3168e-03, BC: 5.2789e-05, m: 9.9263e-04, u: 5.9607e-03, v: 1.3826e-02, pde_a: 1.6214e-03
Epoch: 2360/5000 - Time: 8.29s - Loss: 8.2928e-03 | a: 1.1035e-03, BC: 6.3916e-05, m: 1.0528e-03, u: 7.2254e-03, v: 1.3976e-02, pde_a: 1.6924e-03
Epoch: 2370/5000 - Time: 8.64s - Loss: 8.3103e-03 | a: 1.0579e-03, BC: 5.9179e-05, m: 1.0591e-03, u: 6.9385e-03, v: 1.4320e-02, pde_a: 1.7997e-03
Epoch: 2380/5000 - Time: 7.86s - Loss: 8.3107e-03 | a: 1.3114e-03, BC: 6.3167e-05, m: 1.0335e-03, u: 6.7535e-03, v: 1.4096e-02, pde_a: 1.6879e-03
Epoch: 2390/5000 - Time: 7.64s - Loss: 8.5889e-03 | a: 1.3220e-03, BC: 6.7842e-05, m: 1.0532e-03, u: 7.2356e-03, v: 1.4163e-02, pde_a: 1.7308e-03
Epoch: 2400/5000 - Time: 7.60s - Loss: 7.7034e-03 | a: 1.0425e-03, BC: 5.6273e-05, m: 1.0106e-03, u: 6.0448e-03, v: 1.3925e-02, pde_a: 1.6698e-03
Epoch: 2410/5000 - Time: 8.15s - Loss: 7.6406e-03 | a: 1.0603e-03, BC: 5.1153e-05, m: 1.0242e-03, u: 5.9949e-03, v: 1.4095e-02, pde_a: 1.6070e-03
Epoch: 2420/5000 - Time: 8.28s - Loss: 7.7791e-03 | a: 1.0048e-03, BC: 6.0805e-05, m: 1.0149e-03, u: 6.4552e-03, v: 1.3929e-02, pde_a: 1.6285e-03
Epoch: 2430/5000 - Time: 7.61s - Loss: 7.9702e-03 | a: 1.1319e-03, BC: 5.4210e-05, m: 9.9519e-04, u: 6.1255e-03, v: 1.4016e-02, pde_a: 1.7834e-03
Epoch: 2440/5000 - Time: 7.60s - Loss: 8.2789e-03 | a: 1.2349e-03, BC: 5.9181e-05, m: 1.0515e-03, u: 6.5755e-03, v: 1.4411e-02, pde_a: 1.7447e-03
Epoch: 2450/5000 - Time: 7.61s - Loss: 8.2053e-03 | a: 1.1613e-03, BC: 7.6893e-05, m: 1.0248e-03, u: 6.6054e-03, v: 1.3915e-02, pde_a: 1.7743e-03
Epoch: 2460/5000 - Time: 8.28s - Loss: 8.4082e-03 | a: 1.4052e-03, BC: 8.3432e-05, m: 1.0246e-03, u: 6.2863e-03, v: 1.4360e-02, pde_a: 1.7979e-03
Epoch: 2470/5000 - Time: 8.52s - Loss: 7.5936e-03 | a: 1.1107e-03, BC: 5.0542e-05, m: 1.0024e-03, u: 5.8658e-03, v: 1.4065e-02, pde_a: 1.5840e-03
Epoch: 2480/5000 - Time: 8.07s - Loss: 8.0662e-03 | a: 1.1685e-03, BC: 5.6189e-05, m: 1.0027e-03, u: 6.5135e-03, v: 1.3723e-02, pde_a: 1.7314e-03
Epoch: 2490/5000 - Time: 7.62s - Loss: 7.6144e-03 | a: 1.0472e-03, BC: 5.3596e-05, m: 1.0007e-03, u: 6.0221e-03, v: 1.3556e-02, pde_a: 1.6409e-03
Epoch: 2500/5000 - Time: 7.76s - Loss: 7.5477e-03 | a: 1.0300e-03, BC: 4.8766e-05, m: 9.7915e-04, u: 5.6742e-03, v: 1.3590e-02, pde_a: 1.7180e-03
Epoch: 2510/5000 - Time: 7.78s - Loss: 8.1586e-03 | a: 1.3297e-03, BC: 6.9254e-05, m: 1.0042e-03, u: 6.2718e-03, v: 1.4139e-02, pde_a: 1.7069e-03
Epoch: 2520/5000 - Time: 7.82s - Loss: 8.1341e-03 | a: 1.3813e-03, BC: 6.2572e-05, m: 9.9746e-04, u: 5.7615e-03, v: 1.3937e-02, pde_a: 1.8253e-03
Epoch: 2530/5000 - Time: 7.59s - Loss: 7.4021e-03 | a: 9.8517e-04, BC: 5.4987e-05, m: 9.8353e-04, u: 5.7288e-03, v: 1.3765e-02, pde_a: 1.6038e-03
Epoch: 2540/5000 - Time: 8.46s - Loss: 7.8666e-03 | a: 1.2165e-03, BC: 6.7653e-05, m: 1.0088e-03, u: 6.0423e-03, v: 1.4144e-02, pde_a: 1.6371e-03
Epoch: 2550/5000 - Time: 7.78s - Loss: 7.8723e-03 | a: 1.2065e-03, BC: 6.4990e-05, m: 9.8837e-04, u: 6.3170e-03, v: 1.3959e-02, pde_a: 1.5937e-03
Epoch: 2560/5000 - Time: 7.75s - Loss: 7.6229e-03 | a: 1.0406e-03, BC: 6.1882e-05, m: 9.8554e-04, u: 6.1438e-03, v: 1.3909e-02, pde_a: 1.5890e-03
Epoch: 2570/5000 - Time: 7.73s - Loss: 8.2615e-03 | a: 1.4794e-03, BC: 5.9231e-05, m: 9.9937e-04, u: 6.1324e-03, v: 1.4145e-02, pde_a: 1.7222e-03
Epoch: 2580/5000 - Time: 7.82s - Loss: 8.1409e-03 | a: 1.1285e-03, BC: 6.3924e-05, m: 1.0215e-03, u: 6.2217e-03, v: 1.4536e-02, pde_a: 1.8268e-03
Epoch: 2590/5000 - Time: 7.72s - Loss: 7.7584e-03 | a: 1.0130e-03, BC: 5.6539e-05, m: 1.0225e-03, u: 6.3149e-03, v: 1.3884e-02, pde_a: 1.6514e-03
Epoch: 2600/5000 - Time: 7.69s - Loss: 8.6143e-03 | a: 1.5739e-03, BC: 7.0396e-05, m: 9.9939e-04, u: 6.6324e-03, v: 1.3907e-02, pde_a: 1.7812e-03
Epoch: 2610/5000 - Time: 7.72s - Loss: 7.5714e-03 | a: 1.0811e-03, BC: 5.1998e-05, m: 9.8325e-04, u: 5.9414e-03, v: 1.3667e-02, pde_a: 1.6068e-03
Epoch: 2620/5000 - Time: 7.63s - Loss: 8.1395e-03 | a: 1.3567e-03, BC: 7.6169e-05, m: 9.9847e-04, u: 6.0345e-03, v: 1.3801e-02, pde_a: 1.7668e-03
Epoch: 2630/5000 - Time: 8.12s - Loss: 7.7122e-03 | a: 1.0563e-03, BC: 5.8464e-05, m: 9.8474e-04, u: 6.1293e-03, v: 1.4097e-02, pde_a: 1.6378e-03
Epoch: 2640/5000 - Time: 8.45s - Loss: 8.6074e-03 | a: 1.6697e-03, BC: 7.8038e-05, m: 1.0159e-03, u: 6.1245e-03, v: 1.4734e-02, pde_a: 1.7747e-03
Epoch: 2650/5000 - Time: 8.53s - Loss: 7.5394e-03 | a: 1.0425e-03, BC: 5.8237e-05, m: 9.9021e-04, u: 5.9741e-03, v: 1.3715e-02, pde_a: 1.5902e-03
Epoch: 2660/5000 - Time: 8.33s - Loss: 7.5546e-03 | a: 1.0352e-03, BC: 5.3538e-05, m: 9.9371e-04, u: 5.8830e-03, v: 1.3793e-02, pde_a: 1.6303e-03
Epoch: 2670/5000 - Time: 7.71s - Loss: 7.8207e-03 | a: 1.1544e-03, BC: 5.8684e-05, m: 9.8496e-04, u: 5.9711e-03, v: 1.3756e-02, pde_a: 1.7198e-03
Epoch: 2680/5000 - Time: 8.39s - Loss: 8.3714e-03 | a: 1.0740e-03, BC: 5.7297e-05, m: 1.0481e-03, u: 7.6700e-03, v: 1.4226e-02, pde_a: 1.6301e-03
Epoch: 2690/5000 - Time: 7.84s - Loss: 8.1822e-03 | a: 1.3403e-03, BC: 6.5797e-05, m: 1.0052e-03, u: 6.3502e-03, v: 1.4170e-02, pde_a: 1.6932e-03
Epoch: 2700/5000 - Time: 7.76s - Loss: 8.7297e-03 | a: 1.2799e-03, BC: 6.9757e-05, m: 1.0574e-03, u: 7.4347e-03, v: 1.4394e-02, pde_a: 1.7898e-03
Epoch: 2710/5000 - Time: 7.88s - Loss: 7.9532e-03 | a: 1.4463e-03, BC: 5.7342e-05, m: 9.7946e-04, u: 5.8141e-03, v: 1.3855e-02, pde_a: 1.6403e-03
Epoch: 2720/5000 - Time: 8.78s - Loss: 7.4459e-03 | a: 1.0266e-03, BC: 5.5619e-05, m: 9.7662e-04, u: 5.6645e-03, v: 1.3735e-02, pde_a: 1.6300e-03
Epoch: 2730/5000 - Time: 8.69s - Loss: 7.7454e-03 | a: 1.0399e-03, BC: 5.3001e-05, m: 9.7880e-04, u: 5.9230e-03, v: 1.3898e-02, pde_a: 1.7602e-03
Epoch: 2740/5000 - Time: 8.71s - Loss: 8.2350e-03 | a: 1.1644e-03, BC: 6.2000e-05, m: 1.0490e-03, u: 7.0809e-03, v: 1.3887e-02, pde_a: 1.6550e-03
Epoch: 2750/5000 - Time: 8.33s - Loss: 8.5443e-03 | a: 1.3730e-03, BC: 6.3893e-05, m: 1.0403e-03, u: 6.8864e-03, v: 1.4425e-02, pde_a: 1.7501e-03
Epoch: 2760/5000 - Time: 7.66s - Loss: 7.9392e-03 | a: 1.0098e-03, BC: 5.5073e-05, m: 1.0109e-03, u: 6.7259e-03, v: 1.4125e-02, pde_a: 1.6573e-03
Epoch: 2770/5000 - Time: 8.24s - Loss: 7.9536e-03 | a: 1.1367e-03, BC: 6.7576e-05, m: 1.0130e-03, u: 6.0331e-03, v: 1.4503e-02, pde_a: 1.7372e-03
Epoch: 2780/5000 - Time: 8.46s - Loss: 7.7881e-03 | a: 1.1021e-03, BC: 5.3912e-05, m: 9.9315e-04, u: 6.2268e-03, v: 1.3762e-02, pde_a: 1.6578e-03
Epoch: 2790/5000 - Time: 8.54s - Loss: 8.1510e-03 | a: 1.1603e-03, BC: 5.8296e-05, m: 1.0349e-03, u: 7.0703e-03, v: 1.3909e-02, pde_a: 1.6047e-03
Epoch: 2800/5000 - Time: 8.41s - Loss: 7.4275e-03 | a: 9.7932e-04, BC: 5.1684e-05, m: 9.9207e-04, u: 5.8090e-03, v: 1.3811e-02, pde_a: 1.5987e-03
Epoch: 2810/5000 - Time: 8.51s - Loss: 7.8506e-03 | a: 1.1031e-03, BC: 5.4652e-05, m: 9.9692e-04, u: 6.4643e-03, v: 1.4024e-02, pde_a: 1.6110e-03
Epoch: 2820/5000 - Time: 8.51s - Loss: 7.8243e-03 | a: 1.1128e-03, BC: 6.4162e-05, m: 1.0253e-03, u: 6.1295e-03, v: 1.4334e-02, pde_a: 1.6379e-03
Epoch: 2830/5000 - Time: 8.40s - Loss: 7.6266e-03 | a: 1.0715e-03, BC: 5.8621e-05, m: 9.9188e-04, u: 5.8804e-03, v: 1.4041e-02, pde_a: 1.6358e-03
Epoch: 2840/5000 - Time: 8.59s - Loss: 7.5349e-03 | a: 1.1055e-03, BC: 5.4542e-05, m: 9.7659e-04, u: 5.8347e-03, v: 1.3938e-02, pde_a: 1.5717e-03
Epoch: 2850/5000 - Time: 8.58s - Loss: 7.9131e-03 | a: 1.0324e-03, BC: 5.5133e-05, m: 9.9300e-04, u: 6.2792e-03, v: 1.3812e-02, pde_a: 1.7866e-03
Epoch: 2860/5000 - Time: 8.51s - Loss: 7.8615e-03 | a: 1.1568e-03, BC: 5.4705e-05, m: 1.0142e-03, u: 6.1118e-03, v: 1.4304e-02, pde_a: 1.6529e-03
Epoch: 2870/5000 - Time: 7.86s - Loss: 7.8202e-03 | a: 1.0867e-03, BC: 5.8288e-05, m: 9.9957e-04, u: 6.5103e-03, v: 1.4089e-02, pde_a: 1.5773e-03
Epoch: 2880/5000 - Time: 7.68s - Loss: 8.3381e-03 | a: 1.1543e-03, BC: 6.5392e-05, m: 1.0089e-03, u: 6.9373e-03, v: 1.3852e-02, pde_a: 1.8038e-03
Epoch: 2890/5000 - Time: 7.83s - Loss: 7.6109e-03 | a: 9.7785e-04, BC: 6.5716e-05, m: 9.8727e-04, u: 6.2181e-03, v: 1.3926e-02, pde_a: 1.6006e-03
Epoch: 2900/5000 - Time: 8.65s - Loss: 7.6749e-03 | a: 1.2000e-03, BC: 5.5971e-05, m: 9.7091e-04, u: 5.9655e-03, v: 1.3795e-02, pde_a: 1.5805e-03
Epoch: 2910/5000 - Time: 8.04s - Loss: 9.7080e-03 | a: 2.0324e-03, BC: 1.0712e-04, m: 1.0548e-03, u: 6.9269e-03, v: 1.4995e-02, pde_a: 2.0393e-03
Epoch: 2920/5000 - Time: 7.64s - Loss: 7.5960e-03 | a: 1.0123e-03, BC: 6.0545e-05, m: 9.8387e-04, u: 5.6927e-03, v: 1.3800e-02, pde_a: 1.7352e-03
Epoch: 2930/5000 - Time: 7.73s - Loss: 7.8065e-03 | a: 9.2822e-04, BC: 6.0002e-05, m: 1.0344e-03, u: 6.9173e-03, v: 1.4013e-02, pde_a: 1.5550e-03
Epoch: 2940/5000 - Time: 7.66s - Loss: 7.7848e-03 | a: 1.0729e-03, BC: 6.5780e-05, m: 9.9221e-04, u: 6.2850e-03, v: 1.3774e-02, pde_a: 1.6508e-03
Epoch: 2950/5000 - Time: 7.71s - Loss: 7.6941e-03 | a: 1.1193e-03, BC: 5.5416e-05, m: 9.8226e-04, u: 6.2206e-03, v: 1.3866e-02, pde_a: 1.5703e-03
Epoch: 2960/5000 - Time: 7.69s - Loss: 8.4540e-03 | a: 1.1546e-03, BC: 6.2691e-05, m: 1.0359e-03, u: 7.4494e-03, v: 1.4053e-02, pde_a: 1.7128e-03
Epoch: 2970/5000 - Time: 7.63s - Loss: 7.8625e-03 | a: 1.0980e-03, BC: 5.6482e-05, m: 9.9580e-04, u: 6.1331e-03, v: 1.4068e-02, pde_a: 1.7185e-03
Epoch: 2980/5000 - Time: 7.62s - Loss: 7.3984e-03 | a: 1.0192e-03, BC: 5.3242e-05, m: 9.7313e-04, u: 5.7170e-03, v: 1.3753e-02, pde_a: 1.5856e-03
Epoch: 2990/5000 - Time: 7.72s - Loss: 7.5077e-03 | a: 1.0564e-03, BC: 5.5180e-05, m: 9.8392e-04, u: 5.7260e-03, v: 1.3840e-02, pde_a: 1.6247e-03
Epoch: 3000/5000 - Time: 7.85s - Loss: 7.8865e-03 | a: 9.7491e-04, BC: 5.9266e-05, m: 1.0029e-03, u: 6.6647e-03, v: 1.4320e-02, pde_a: 1.6470e-03
Epoch: 3010/5000 - Time: 7.84s - Loss: 7.5616e-03 | a: 9.4023e-04, BC: 5.9379e-05, m: 9.7367e-04, u: 5.9669e-03, v: 1.3652e-02, pde_a: 1.6997e-03
Epoch: 3020/5000 - Time: 7.65s - Loss: 7.9073e-03 | a: 1.0669e-03, BC: 5.5980e-05, m: 1.0126e-03, u: 6.7646e-03, v: 1.3849e-02, pde_a: 1.5980e-03
Epoch: 3030/5000 - Time: 7.73s - Loss: 7.5570e-03 | a: 1.1079e-03, BC: 5.9299e-05, m: 1.0005e-03, u: 5.6969e-03, v: 1.4108e-02, pde_a: 1.5994e-03
Epoch: 3040/5000 - Time: 7.69s - Loss: 8.4763e-03 | a: 1.1478e-03, BC: 6.3035e-05, m: 1.0383e-03, u: 7.4274e-03, v: 1.4713e-02, pde_a: 1.6879e-03
Epoch: 3050/5000 - Time: 8.02s - Loss: 7.6915e-03 | a: 1.1000e-03, BC: 5.9931e-05, m: 9.7144e-04, u: 6.2387e-03, v: 1.3478e-02, pde_a: 1.6101e-03
Epoch: 3060/5000 - Time: 7.82s - Loss: 8.1609e-03 | a: 1.1103e-03, BC: 6.9223e-05, m: 1.0252e-03, u: 6.8151e-03, v: 1.4319e-02, pde_a: 1.6905e-03
Epoch: 3070/5000 - Time: 7.85s - Loss: 7.7836e-03 | a: 1.2858e-03, BC: 5.4779e-05, m: 9.6499e-04, u: 5.8052e-03, v: 1.3622e-02, pde_a: 1.6633e-03
Epoch: 3080/5000 - Time: 7.71s - Loss: 7.9320e-03 | a: 1.0398e-03, BC: 7.2150e-05, m: 1.0131e-03, u: 6.6958e-03, v: 1.3795e-02, pde_a: 1.6498e-03
Epoch: 3090/5000 - Time: 7.69s - Loss: 8.2942e-03 | a: 1.3680e-03, BC: 7.2656e-05, m: 1.0252e-03, u: 6.6020e-03, v: 1.4514e-02, pde_a: 1.6407e-03
Epoch: 3100/5000 - Time: 8.51s - Loss: 7.5068e-03 | a: 1.0036e-03, BC: 6.2324e-05, m: 9.8887e-04, u: 5.9126e-03, v: 1.3939e-02, pde_a: 1.5931e-03
Epoch: 3110/5000 - Time: 8.50s - Loss: 7.8161e-03 | a: 1.1546e-03, BC: 5.1255e-05, m: 9.7946e-04, u: 5.8767e-03, v: 1.3494e-02, pde_a: 1.7734e-03
Epoch: 3120/5000 - Time: 7.69s - Loss: 7.6003e-03 | a: 9.8830e-04, BC: 6.1157e-05, m: 9.9955e-04, u: 6.2075e-03, v: 1.4005e-02, pde_a: 1.5791e-03
Epoch: 3130/5000 - Time: 7.62s - Loss: 7.7760e-03 | a: 1.0010e-03, BC: 5.9911e-05, m: 9.8618e-04, u: 6.6733e-03, v: 1.3846e-02, pde_a: 1.5849e-03
Epoch: 3140/5000 - Time: 7.68s - Loss: 7.5391e-03 | a: 1.1046e-03, BC: 5.0100e-05, m: 9.8055e-04, u: 5.9571e-03, v: 1.3697e-02, pde_a: 1.5598e-03
Epoch: 3150/5000 - Time: 7.61s - Loss: 7.9322e-03 | a: 1.1658e-03, BC: 6.5268e-05, m: 9.6935e-04, u: 6.2776e-03, v: 1.3756e-02, pde_a: 1.7074e-03
Epoch: 3160/5000 - Time: 7.63s - Loss: 7.6476e-03 | a: 1.0228e-03, BC: 5.3484e-05, m: 9.9468e-04, u: 5.9325e-03, v: 1.3963e-02, pde_a: 1.6825e-03
Epoch: 3170/5000 - Time: 7.76s - Loss: 8.9946e-03 | a: 1.8504e-03, BC: 1.0792e-04, m: 1.0148e-03, u: 6.7833e-03, v: 1.3989e-02, pde_a: 1.7732e-03
Epoch: 3180/5000 - Time: 8.37s - Loss: 7.9425e-03 | a: 1.2320e-03, BC: 6.1649e-05, m: 9.7602e-04, u: 6.3132e-03, v: 1.3679e-02, pde_a: 1.6597e-03
Epoch: 3190/5000 - Time: 7.79s - Loss: 7.9108e-03 | a: 1.0641e-03, BC: 5.4586e-05, m: 9.7684e-04, u: 6.3644e-03, v: 1.3444e-02, pde_a: 1.7724e-03
Epoch: 3200/5000 - Time: 7.79s - Loss: 8.0956e-03 | a: 1.2549e-03, BC: 6.3560e-05, m: 1.0081e-03, u: 6.5580e-03, v: 1.4206e-02, pde_a: 1.6279e-03
Epoch: 3210/5000 - Time: 7.64s - Loss: 7.8870e-03 | a: 1.2597e-03, BC: 6.1992e-05, m: 9.9103e-04, u: 6.1752e-03, v: 1.4240e-02, pde_a: 1.5852e-03
Epoch: 3220/5000 - Time: 7.90s - Loss: 7.4080e-03 | a: 9.9838e-04, BC: 4.8592e-05, m: 9.6928e-04, u: 5.9569e-03, v: 1.3515e-02, pde_a: 1.5617e-03
Epoch: 3230/5000 - Time: 8.53s - Loss: 8.0518e-03 | a: 1.1881e-03, BC: 6.0879e-05, m: 1.0060e-03, u: 6.6208e-03, v: 1.3811e-02, pde_a: 1.6611e-03
Epoch: 3240/5000 - Time: 8.51s - Loss: 7.6964e-03 | a: 1.0502e-03, BC: 6.6182e-05, m: 9.7990e-04, u: 6.0926e-03, v: 1.3697e-02, pde_a: 1.6695e-03
Epoch: 3250/5000 - Time: 7.81s - Loss: 7.3868e-03 | a: 9.7273e-04, BC: 5.5439e-05, m: 9.7764e-04, u: 5.7201e-03, v: 1.3554e-02, pde_a: 1.6234e-03
Epoch: 3260/5000 - Time: 7.66s - Loss: 7.5666e-03 | a: 1.1125e-03, BC: 4.9973e-05, m: 9.5029e-04, u: 5.8123e-03, v: 1.3500e-02, pde_a: 1.6481e-03
Epoch: 3270/5000 - Time: 7.65s - Loss: 7.3936e-03 | a: 9.7842e-04, BC: 5.2764e-05, m: 9.8008e-04, u: 6.1773e-03, v: 1.3453e-02, pde_a: 1.4968e-03
Epoch: 3280/5000 - Time: 7.87s - Loss: 7.5063e-03 | a: 1.0070e-03, BC: 5.2976e-05, m: 9.9194e-04, u: 6.0911e-03, v: 1.3776e-02, pde_a: 1.5555e-03
Epoch: 3290/5000 - Time: 8.19s - Loss: 7.4508e-03 | a: 1.0211e-03, BC: 4.7516e-05, m: 9.8057e-04, u: 5.9539e-03, v: 1.3886e-02, pde_a: 1.5440e-03
Epoch: 3300/5000 - Time: 7.73s - Loss: 8.7110e-03 | a: 1.7886e-03, BC: 7.3650e-05, m: 1.0022e-03, u: 6.2981e-03, v: 1.4047e-02, pde_a: 1.7757e-03
Epoch: 3310/5000 - Time: 7.69s - Loss: 7.9249e-03 | a: 1.3226e-03, BC: 6.0808e-05, m: 9.7905e-04, u: 6.2523e-03, v: 1.3824e-02, pde_a: 1.5826e-03
Epoch: 3320/5000 - Time: 7.68s - Loss: 7.6858e-03 | a: 1.0122e-03, BC: 5.4134e-05, m: 9.8249e-04, u: 6.3466e-03, v: 1.3738e-02, pde_a: 1.6195e-03
Epoch: 3330/5000 - Time: 8.47s - Loss: 7.9745e-03 | a: 1.0420e-03, BC: 5.1353e-05, m: 9.7557e-04, u: 6.6931e-03, v: 1.3665e-02, pde_a: 1.7256e-03
Epoch: 3340/5000 - Time: 8.44s - Loss: 8.4233e-03 | a: 1.2569e-03, BC: 5.8863e-05, m: 1.0522e-03, u: 7.3456e-03, v: 1.4410e-02, pde_a: 1.6088e-03
Epoch: 3350/5000 - Time: 8.42s - Loss: 7.9589e-03 | a: 1.1299e-03, BC: 5.6696e-05, m: 9.9209e-04, u: 6.0887e-03, v: 1.3817e-02, pde_a: 1.8027e-03
Epoch: 3360/5000 - Time: 8.43s - Loss: 7.7328e-03 | a: 1.0979e-03, BC: 6.4654e-05, m: 9.6754e-04, u: 6.2665e-03, v: 1.3717e-02, pde_a: 1.6144e-03
Epoch: 3370/5000 - Time: 8.44s - Loss: 8.1638e-03 | a: 1.4050e-03, BC: 6.7200e-05, m: 1.0072e-03, u: 6.5027e-03, v: 1.3932e-02, pde_a: 1.6009e-03
Epoch: 3380/5000 - Time: 8.52s - Loss: 8.2067e-03 | a: 9.7024e-04, BC: 6.5546e-05, m: 1.0473e-03, u: 7.5120e-03, v: 1.4128e-02, pde_a: 1.6323e-03
Epoch: 3390/5000 - Time: 8.38s - Loss: 7.3330e-03 | a: 9.3949e-04, BC: 4.9745e-05, m: 9.7423e-04, u: 5.8027e-03, v: 1.3902e-02, pde_a: 1.5614e-03
Saving checkpoint at epoch 3390 with loss 7.3330e-03
Epoch: 3400/5000 - Time: 7.86s - Loss: 7.4710e-03 | a: 1.0258e-03, BC: 5.3686e-05, m: 9.4526e-04, u: 5.9194e-03, v: 1.3519e-02, pde_a: 1.6074e-03
Epoch: 3410/5000 - Time: 7.59s - Loss: 7.4689e-03 | a: 1.0534e-03, BC: 5.6974e-05, m: 9.6890e-04, u: 5.9442e-03, v: 1.3756e-02, pde_a: 1.5447e-03
Epoch: 3420/5000 - Time: 7.68s - Loss: 8.0047e-03 | a: 1.3451e-03, BC: 5.5394e-05, m: 9.9376e-04, u: 6.2490e-03, v: 1.3654e-02, pde_a: 1.6381e-03
Epoch: 3430/5000 - Time: 7.63s - Loss: 7.9976e-03 | a: 1.3037e-03, BC: 7.2559e-05, m: 9.7480e-04, u: 6.1415e-03, v: 1.3863e-02, pde_a: 1.6758e-03
Epoch: 3440/5000 - Time: 7.70s - Loss: 7.5911e-03 | a: 1.0628e-03, BC: 5.2685e-05, m: 9.7817e-04, u: 6.0417e-03, v: 1.4035e-02, pde_a: 1.5786e-03
Epoch: 3450/5000 - Time: 7.70s - Loss: 7.5325e-03 | a: 1.1487e-03, BC: 5.5964e-05, m: 9.6181e-04, u: 5.7970e-03, v: 1.3488e-02, pde_a: 1.5896e-03
Epoch: 3460/5000 - Time: 7.88s - Loss: 7.8211e-03 | a: 1.2497e-03, BC: 6.4149e-05, m: 9.8695e-04, u: 6.1784e-03, v: 1.3796e-02, pde_a: 1.5769e-03
Epoch: 3470/5000 - Time: 8.31s - Loss: 7.3640e-03 | a: 1.0252e-03, BC: 5.2104e-05, m: 9.6412e-04, u: 5.7367e-03, v: 1.3532e-02, pde_a: 1.5716e-03
Epoch: 3480/5000 - Time: 8.47s - Loss: 8.5839e-03 | a: 1.0885e-03, BC: 6.5191e-05, m: 1.0515e-03, u: 7.7881e-03, v: 1.4046e-02, pde_a: 1.7531e-03
Epoch: 3490/5000 - Time: 8.55s - Loss: 7.5248e-03 | a: 9.5687e-04, BC: 5.5297e-05, m: 1.0121e-03, u: 6.1822e-03, v: 1.3843e-02, pde_a: 1.5641e-03
Epoch: 3500/5000 - Time: 8.50s - Loss: 7.5279e-03 | a: 1.0297e-03, BC: 5.4414e-05, m: 9.7647e-04, u: 6.1071e-03, v: 1.3630e-02, pde_a: 1.5677e-03
Epoch: 3510/5000 - Time: 8.39s - Loss: 8.0800e-03 | a: 1.3226e-03, BC: 5.6849e-05, m: 9.7981e-04, u: 6.7200e-03, v: 1.3872e-02, pde_a: 1.5608e-03
Epoch: 3520/5000 - Time: 8.32s - Loss: 7.8131e-03 | a: 1.1317e-03, BC: 5.7046e-05, m: 9.8672e-04, u: 6.4029e-03, v: 1.3921e-02, pde_a: 1.5899e-03
Epoch: 3530/5000 - Time: 7.68s - Loss: 8.3471e-03 | a: 1.3633e-03, BC: 8.1160e-05, m: 1.0005e-03, u: 6.6118e-03, v: 1.4032e-02, pde_a: 1.7254e-03
Epoch: 3540/5000 - Time: 7.58s - Loss: 8.8336e-03 | a: 1.8111e-03, BC: 1.0052e-04, m: 9.9349e-04, u: 6.3086e-03, v: 1.3622e-02, pde_a: 1.8665e-03
Epoch: 3550/5000 - Time: 7.66s - Loss: 7.9361e-03 | a: 1.1340e-03, BC: 5.5392e-05, m: 1.0166e-03, u: 6.4675e-03, v: 1.3737e-02, pde_a: 1.6646e-03
Epoch: 3560/5000 - Time: 8.07s - Loss: 7.6673e-03 | a: 1.1089e-03, BC: 5.4807e-05, m: 9.6771e-04, u: 6.0108e-03, v: 1.3454e-02, pde_a: 1.6605e-03
Epoch: 3570/5000 - Time: 8.44s - Loss: 7.8645e-03 | a: 1.1171e-03, BC: 5.8753e-05, m: 9.9304e-04, u: 6.3205e-03, v: 1.4101e-02, pde_a: 1.6465e-03
Epoch: 3580/5000 - Time: 8.43s - Loss: 7.4677e-03 | a: 9.7402e-04, BC: 5.7582e-05, m: 9.5778e-04, u: 5.8855e-03, v: 1.3794e-02, pde_a: 1.6239e-03
Epoch: 3590/5000 - Time: 8.42s - Loss: 8.1678e-03 | a: 1.3030e-03, BC: 6.8088e-05, m: 9.9467e-04, u: 6.1734e-03, v: 1.4085e-02, pde_a: 1.7736e-03
Epoch: 3600/5000 - Time: 8.42s - Loss: 8.1937e-03 | a: 1.4584e-03, BC: 5.5493e-05, m: 9.6680e-04, u: 6.4337e-03, v: 1.3699e-02, pde_a: 1.6502e-03
Epoch: 3610/5000 - Time: 8.43s - Loss: 7.5151e-03 | a: 1.0606e-03, BC: 6.9765e-05, m: 9.5308e-04, u: 5.8648e-03, v: 1.3536e-02, pde_a: 1.6133e-03
Epoch: 3620/5000 - Time: 8.37s - Loss: 7.6386e-03 | a: 9.8921e-04, BC: 5.7337e-05, m: 9.7833e-04, u: 6.4496e-03, v: 1.3861e-02, pde_a: 1.5599e-03
Epoch: 3630/5000 - Time: 7.79s - Loss: 7.6220e-03 | a: 9.5086e-04, BC: 5.2722e-05, m: 9.9512e-04, u: 6.1186e-03, v: 1.4186e-02, pde_a: 1.6450e-03
Epoch: 3640/5000 - Time: 7.66s - Loss: 7.5401e-03 | a: 9.9819e-04, BC: 5.4569e-05, m: 9.6031e-04, u: 5.8312e-03, v: 1.3545e-02, pde_a: 1.6979e-03
Epoch: 3650/5000 - Time: 7.80s - Loss: 7.7012e-03 | a: 1.1476e-03, BC: 5.2662e-05, m: 9.6540e-04, u: 6.2750e-03, v: 1.3746e-02, pde_a: 1.5575e-03
Epoch: 3660/5000 - Time: 7.95s - Loss: 7.7123e-03 | a: 1.0181e-03, BC: 5.5679e-05, m: 9.9044e-04, u: 6.6102e-03, v: 1.3507e-02, pde_a: 1.5699e-03
Epoch: 3670/5000 - Time: 7.70s - Loss: 7.9150e-03 | a: 1.1189e-03, BC: 5.8945e-05, m: 1.0046e-03, u: 6.2536e-03, v: 1.4201e-02, pde_a: 1.6901e-03
Epoch: 3680/5000 - Time: 7.74s - Loss: 7.5008e-03 | a: 9.8738e-04, BC: 5.4827e-05, m: 9.7188e-04, u: 6.2144e-03, v: 1.3519e-02, pde_a: 1.5581e-03
Epoch: 3690/5000 - Time: 7.74s - Loss: 7.2446e-03 | a: 9.7407e-04, BC: 6.0784e-05, m: 9.6191e-04, u: 5.6678e-03, v: 1.3447e-02, pde_a: 1.5410e-03
Saving checkpoint at epoch 3690 with loss 7.2446e-03
Epoch: 3700/5000 - Time: 8.04s - Loss: 7.7710e-03 | a: 1.1196e-03, BC: 5.7675e-05, m: 9.5002e-04, u: 6.2668e-03, v: 1.3469e-02, pde_a: 1.6604e-03
Epoch: 3710/5000 - Time: 8.39s - Loss: 7.8542e-03 | a: 1.1641e-03, BC: 5.6249e-05, m: 9.6477e-04, u: 6.4752e-03, v: 1.3899e-02, pde_a: 1.5877e-03
Epoch: 3720/5000 - Time: 7.90s - Loss: 7.9809e-03 | a: 1.3881e-03, BC: 5.8662e-05, m: 9.8750e-04, u: 6.0894e-03, v: 1.4017e-02, pde_a: 1.6063e-03
Epoch: 3730/5000 - Time: 7.71s - Loss: 7.9271e-03 | a: 1.0407e-03, BC: 6.4155e-05, m: 1.0002e-03, u: 6.9218e-03, v: 1.3641e-02, pde_a: 1.6024e-03
Epoch: 3740/5000 - Time: 7.69s - Loss: 7.3176e-03 | a: 9.6788e-04, BC: 5.1582e-05, m: 9.6493e-04, u: 5.7513e-03, v: 1.3647e-02, pde_a: 1.5665e-03
Epoch: 3750/5000 - Time: 7.68s - Loss: 8.1206e-03 | a: 1.0962e-03, BC: 6.7375e-05, m: 1.0269e-03, u: 7.1644e-03, v: 1.4305e-02, pde_a: 1.5679e-03
Epoch: 3760/5000 - Time: 8.10s - Loss: 7.9910e-03 | a: 1.0697e-03, BC: 5.7669e-05, m: 9.7857e-04, u: 6.5039e-03, v: 1.3796e-02, pde_a: 1.7569e-03
Epoch: 3770/5000 - Time: 7.75s - Loss: 7.4611e-03 | a: 1.0545e-03, BC: 4.8741e-05, m: 9.4741e-04, u: 5.8460e-03, v: 1.3601e-02, pde_a: 1.5960e-03
Epoch: 3780/5000 - Time: 7.67s - Loss: 7.8047e-03 | a: 1.0240e-03, BC: 6.1001e-05, m: 9.6782e-04, u: 6.2835e-03, v: 1.3941e-02, pde_a: 1.7060e-03
Epoch: 3790/5000 - Time: 7.71s - Loss: 7.6872e-03 | a: 1.1948e-03, BC: 6.7018e-05, m: 9.7260e-04, u: 5.9375e-03, v: 1.3453e-02, pde_a: 1.6201e-03
Epoch: 3800/5000 - Time: 7.75s - Loss: 7.4933e-03 | a: 1.0357e-03, BC: 6.0783e-05, m: 9.5797e-04, u: 5.7984e-03, v: 1.3760e-02, pde_a: 1.6223e-03
Epoch: 3810/5000 - Time: 7.71s - Loss: 7.5885e-03 | a: 1.0583e-03, BC: 5.6609e-05, m: 9.5993e-04, u: 5.9386e-03, v: 1.3820e-02, pde_a: 1.6337e-03
Epoch: 3820/5000 - Time: 7.69s - Loss: 8.0351e-03 | a: 1.2387e-03, BC: 6.2151e-05, m: 9.4996e-04, u: 6.0885e-03, v: 1.3593e-02, pde_a: 1.8114e-03
Epoch: 3830/5000 - Time: 8.73s - Loss: 7.8338e-03 | a: 1.0487e-03, BC: 5.5684e-05, m: 9.6329e-04, u: 6.0348e-03, v: 1.3917e-02, pde_a: 1.7917e-03
Epoch: 3840/5000 - Time: 8.97s - Loss: 7.3156e-03 | a: 9.8250e-04, BC: 5.5339e-05, m: 9.5982e-04, u: 5.8485e-03, v: 1.3604e-02, pde_a: 1.5277e-03
Epoch: 3850/5000 - Time: 8.54s - Loss: 7.8484e-03 | a: 1.0368e-03, BC: 5.7592e-05, m: 1.0416e-03, u: 6.4172e-03, v: 1.4200e-02, pde_a: 1.6366e-03
Epoch: 3860/5000 - Time: 8.60s - Loss: 7.7221e-03 | a: 1.0068e-03, BC: 5.8258e-05, m: 1.0016e-03, u: 6.4943e-03, v: 1.4060e-02, pde_a: 1.5695e-03
Epoch: 3870/5000 - Time: 8.62s - Loss: 7.4981e-03 | a: 9.7907e-04, BC: 5.9930e-05, m: 9.5147e-04, u: 6.1704e-03, v: 1.3573e-02, pde_a: 1.5771e-03
Epoch: 3880/5000 - Time: 8.59s - Loss: 7.9811e-03 | a: 1.0269e-03, BC: 6.4884e-05, m: 9.7837e-04, u: 5.8902e-03, v: 1.3480e-02, pde_a: 1.9847e-03
Epoch: 3890/5000 - Time: 8.69s - Loss: 7.7026e-03 | a: 1.0930e-03, BC: 5.3143e-05, m: 9.8736e-04, u: 6.4035e-03, v: 1.3605e-02, pde_a: 1.5625e-03
Epoch: 3900/5000 - Time: 7.96s - Loss: 8.4107e-03 | a: 1.2012e-03, BC: 7.0238e-05, m: 9.6614e-04, u: 6.3481e-03, v: 1.3871e-02, pde_a: 2.0145e-03
Epoch: 3910/5000 - Time: 7.72s - Loss: 7.8832e-03 | a: 1.1104e-03, BC: 6.4129e-05, m: 9.9534e-04, u: 6.4785e-03, v: 1.4002e-02, pde_a: 1.6214e-03
Epoch: 3920/5000 - Time: 7.70s - Loss: 7.6560e-03 | a: 1.0825e-03, BC: 5.4661e-05, m: 9.6918e-04, u: 6.1748e-03, v: 1.3997e-02, pde_a: 1.5794e-03
Epoch: 3930/5000 - Time: 7.74s - Loss: 7.4652e-03 | a: 1.0330e-03, BC: 5.9284e-05, m: 9.7528e-04, u: 6.0029e-03, v: 1.3366e-02, pde_a: 1.5660e-03
Epoch: 3940/5000 - Time: 7.70s - Loss: 7.8281e-03 | a: 1.0933e-03, BC: 5.1364e-05, m: 9.9046e-04, u: 6.5690e-03, v: 1.3777e-02, pde_a: 1.5952e-03
Epoch: 3950/5000 - Time: 7.68s - Loss: 8.2823e-03 | a: 1.1990e-03, BC: 6.3370e-05, m: 9.9548e-04, u: 7.2604e-03, v: 1.3730e-02, pde_a: 1.6481e-03
Epoch: 3960/5000 - Time: 8.21s - Loss: 8.3841e-03 | a: 1.8498e-03, BC: 6.7578e-05, m: 9.6839e-04, u: 5.9194e-03, v: 1.3436e-02, pde_a: 1.6605e-03
Epoch: 3970/5000 - Time: 8.48s - Loss: 7.5736e-03 | a: 1.0222e-03, BC: 5.6950e-05, m: 9.6081e-04, u: 6.2220e-03, v: 1.3416e-02, pde_a: 1.5967e-03
Epoch: 3980/5000 - Time: 7.85s - Loss: 8.2364e-03 | a: 1.0319e-03, BC: 6.0563e-05, m: 1.0310e-03, u: 7.2231e-03, v: 1.4273e-02, pde_a: 1.6942e-03
Epoch: 3990/5000 - Time: 7.77s - Loss: 8.6773e-03 | a: 1.3853e-03, BC: 6.7680e-05, m: 1.0693e-03, u: 7.7299e-03, v: 1.4134e-02, pde_a: 1.5973e-03
Epoch: 4000/5000 - Time: 7.73s - Loss: 7.5494e-03 | a: 9.9770e-04, BC: 5.6991e-05, m: 9.6354e-04, u: 6.3433e-03, v: 1.3316e-02, pde_a: 1.5674e-03
Epoch: 4010/5000 - Time: 7.91s - Loss: 8.2687e-03 | a: 1.2937e-03, BC: 7.0892e-05, m: 9.7369e-04, u: 6.6053e-03, v: 1.3584e-02, pde_a: 1.7767e-03
Epoch: 4020/5000 - Time: 8.19s - Loss: 7.8363e-03 | a: 1.1137e-03, BC: 8.2740e-05, m: 9.6993e-04, u: 6.4254e-03, v: 1.3409e-02, pde_a: 1.6437e-03
Epoch: 4030/5000 - Time: 7.69s - Loss: 7.3133e-03 | a: 9.4659e-04, BC: 5.1467e-05, m: 9.4171e-04, u: 5.8528e-03, v: 1.3426e-02, pde_a: 1.5778e-03
Epoch: 4040/5000 - Time: 7.86s - Loss: 7.3084e-03 | a: 9.8286e-04, BC: 5.5061e-05, m: 9.3668e-04, u: 5.7345e-03, v: 1.3281e-02, pde_a: 1.5928e-03
Epoch: 4050/5000 - Time: 8.00s - Loss: 9.2306e-03 | a: 1.2632e-03, BC: 7.0120e-05, m: 1.0673e-03, u: 9.1234e-03, v: 1.5140e-02, pde_a: 1.6183e-03
Epoch: 4060/5000 - Time: 8.74s - Loss: 7.4142e-03 | a: 1.0775e-03, BC: 5.4001e-05, m: 9.4484e-04, u: 5.9388e-03, v: 1.3495e-02, pde_a: 1.5203e-03
Epoch: 4070/5000 - Time: 8.74s - Loss: 8.2790e-03 | a: 1.2849e-03, BC: 6.8042e-05, m: 9.9708e-04, u: 7.0697e-03, v: 1.3690e-02, pde_a: 1.6354e-03
Epoch: 4080/5000 - Time: 8.76s - Loss: 7.4617e-03 | a: 9.5247e-04, BC: 5.6295e-05, m: 9.6918e-04, u: 6.0815e-03, v: 1.3661e-02, pde_a: 1.5834e-03
Epoch: 4090/5000 - Time: 8.63s - Loss: 7.6528e-03 | a: 9.6360e-04, BC: 6.0727e-05, m: 9.4611e-04, u: 6.5145e-03, v: 1.3496e-02, pde_a: 1.6128e-03
Epoch: 4100/5000 - Time: 8.71s - Loss: 7.4209e-03 | a: 1.0348e-03, BC: 5.1670e-05, m: 9.5040e-04, u: 5.7059e-03, v: 1.3201e-02, pde_a: 1.6502e-03
Epoch: 4110/5000 - Time: 8.70s - Loss: 7.5359e-03 | a: 9.3532e-04, BC: 6.0694e-05, m: 9.7562e-04, u: 6.2095e-03, v: 1.4224e-02, pde_a: 1.5642e-03
Epoch: 4120/5000 - Time: 8.65s - Loss: 8.2000e-03 | a: 1.3809e-03, BC: 5.7635e-05, m: 9.5985e-04, u: 6.2016e-03, v: 1.3423e-02, pde_a: 1.8073e-03
Epoch: 4130/5000 - Time: 8.72s - Loss: 7.7676e-03 | a: 1.0807e-03, BC: 5.8798e-05, m: 9.6855e-04, u: 6.4285e-03, v: 1.3563e-02, pde_a: 1.6221e-03
Epoch: 4140/5000 - Time: 8.56s - Loss: 8.4894e-03 | a: 1.4349e-03, BC: 7.9710e-05, m: 1.0049e-03, u: 6.7163e-03, v: 1.4381e-02, pde_a: 1.7196e-03
Epoch: 4150/5000 - Time: 8.52s - Loss: 7.3892e-03 | a: 9.5996e-04, BC: 5.2821e-05, m: 9.5214e-04, u: 6.2042e-03, v: 1.3340e-02, pde_a: 1.5218e-03
Epoch: 4160/5000 - Time: 8.58s - Loss: 7.9176e-03 | a: 1.0410e-03, BC: 5.8799e-05, m: 1.0117e-03, u: 6.9915e-03, v: 1.3708e-02, pde_a: 1.5675e-03
Epoch: 4170/5000 - Time: 8.72s - Loss: 7.6940e-03 | a: 1.1910e-03, BC: 5.6348e-05, m: 9.8331e-04, u: 5.9636e-03, v: 1.4405e-02, pde_a: 1.5480e-03
Epoch: 4180/5000 - Time: 8.62s - Loss: 7.6617e-03 | a: 1.0161e-03, BC: 5.5579e-05, m: 9.6200e-04, u: 6.2439e-03, v: 1.3430e-02, pde_a: 1.6618e-03
Epoch: 4190/5000 - Time: 8.62s - Loss: 8.7469e-03 | a: 1.3183e-03, BC: 8.0339e-05, m: 1.0533e-03, u: 7.8496e-03, v: 1.4210e-02, pde_a: 1.6582e-03
Epoch: 4200/5000 - Time: 8.62s - Loss: 7.3096e-03 | a: 9.8979e-04, BC: 5.0291e-05, m: 9.7231e-04, u: 5.7987e-03, v: 1.3734e-02, pde_a: 1.5200e-03
Epoch: 4210/5000 - Time: 8.40s - Loss: 7.8618e-03 | a: 1.0885e-03, BC: 6.3714e-05, m: 9.6589e-04, u: 6.5528e-03, v: 1.4025e-02, pde_a: 1.6121e-03
Epoch: 4220/5000 - Time: 8.43s - Loss: 8.2958e-03 | a: 1.4050e-03, BC: 6.8985e-05, m: 1.0118e-03, u: 7.0351e-03, v: 1.3551e-02, pde_a: 1.5699e-03
Epoch: 4230/5000 - Time: 7.99s - Loss: 7.4018e-03 | a: 1.0035e-03, BC: 5.2370e-05, m: 9.5960e-04, u: 5.9996e-03, v: 1.3506e-02, pde_a: 1.5428e-03
Epoch: 4240/5000 - Time: 7.72s - Loss: 7.4838e-03 | a: 9.9217e-04, BC: 5.2359e-05, m: 9.5786e-04, u: 6.0181e-03, v: 1.3611e-02, pde_a: 1.6012e-03
Epoch: 4250/5000 - Time: 7.66s - Loss: 7.5768e-03 | a: 1.0086e-03, BC: 6.5619e-05, m: 9.9997e-04, u: 5.9742e-03, v: 1.4183e-02, pde_a: 1.5973e-03
Epoch: 4260/5000 - Time: 7.83s - Loss: 7.3347e-03 | a: 1.0917e-03, BC: 4.9842e-05, m: 9.4206e-04, u: 5.5624e-03, v: 1.3374e-02, pde_a: 1.5750e-03
Epoch: 4270/5000 - Time: 8.43s - Loss: 7.4913e-03 | a: 1.0583e-03, BC: 4.9894e-05, m: 9.5546e-04, u: 5.8579e-03, v: 1.3277e-02, pde_a: 1.6336e-03
Epoch: 4280/5000 - Time: 8.41s - Loss: 8.2256e-03 | a: 1.0713e-03, BC: 5.4139e-05, m: 9.9777e-04, u: 7.0490e-03, v: 1.4271e-02, pde_a: 1.7285e-03
Epoch: 4290/5000 - Time: 8.44s - Loss: 7.9555e-03 | a: 1.0129e-03, BC: 5.8844e-05, m: 1.0109e-03, u: 7.0152e-03, v: 1.3725e-02, pde_a: 1.6100e-03
Epoch: 4300/5000 - Time: 8.40s - Loss: 8.0833e-03 | a: 1.3377e-03, BC: 8.1062e-05, m: 9.4169e-04, u: 5.9887e-03, v: 1.3595e-02, pde_a: 1.7915e-03
Epoch: 4310/5000 - Time: 8.57s - Loss: 7.5154e-03 | a: 9.8526e-04, BC: 5.2465e-05, m: 9.5394e-04, u: 5.9564e-03, v: 1.3603e-02, pde_a: 1.6515e-03
Epoch: 4320/5000 - Time: 8.68s - Loss: 7.4621e-03 | a: 1.0749e-03, BC: 5.4318e-05, m: 9.3825e-04, u: 5.8985e-03, v: 1.3447e-02, pde_a: 1.5778e-03
Epoch: 4330/5000 - Time: 8.46s - Loss: 7.5768e-03 | a: 1.0933e-03, BC: 5.7421e-05, m: 9.5468e-04, u: 5.9397e-03, v: 1.3398e-02, pde_a: 1.6330e-03
Epoch: 4340/5000 - Time: 7.75s - Loss: 7.6725e-03 | a: 1.0539e-03, BC: 5.0388e-05, m: 9.5454e-04, u: 6.3247e-03, v: 1.3517e-02, pde_a: 1.6175e-03
Epoch: 4350/5000 - Time: 7.70s - Loss: 8.2298e-03 | a: 1.0014e-03, BC: 6.2557e-05, m: 1.0217e-03, u: 7.6387e-03, v: 1.3833e-02, pde_a: 1.6263e-03
Epoch: 4360/5000 - Time: 7.68s - Loss: 8.6623e-03 | a: 1.4458e-03, BC: 7.7905e-05, m: 9.9193e-04, u: 7.6118e-03, v: 1.4069e-02, pde_a: 1.6089e-03
Epoch: 4370/5000 - Time: 8.07s - Loss: 8.1254e-03 | a: 1.2518e-03, BC: 6.4148e-05, m: 9.4782e-04, u: 6.3394e-03, v: 1.3705e-02, pde_a: 1.7863e-03
Epoch: 4380/5000 - Time: 8.17s - Loss: 7.4641e-03 | a: 1.0850e-03, BC: 5.1447e-05, m: 9.4556e-04, u: 5.9834e-03, v: 1.3593e-02, pde_a: 1.5333e-03
Epoch: 4390/5000 - Time: 7.71s - Loss: 8.7986e-03 | a: 1.1854e-03, BC: 7.6721e-05, m: 1.0639e-03, u: 8.5669e-03, v: 1.4148e-02, pde_a: 1.5882e-03
Epoch: 4400/5000 - Time: 7.74s - Loss: 7.5737e-03 | a: 1.0451e-03, BC: 6.8694e-05, m: 9.7188e-04, u: 6.0222e-03, v: 1.3842e-02, pde_a: 1.5908e-03
Epoch: 4410/5000 - Time: 7.87s - Loss: 8.0202e-03 | a: 1.4142e-03, BC: 5.2787e-05, m: 9.5922e-04, u: 6.2668e-03, v: 1.3702e-02, pde_a: 1.6064e-03
Epoch: 4420/5000 - Time: 7.77s - Loss: 7.7422e-03 | a: 1.0496e-03, BC: 6.1073e-05, m: 9.5442e-04, u: 6.3126e-03, v: 1.3693e-02, pde_a: 1.6558e-03
Epoch: 4430/5000 - Time: 8.54s - Loss: 7.7268e-03 | a: 1.2002e-03, BC: 6.1294e-05, m: 9.5081e-04, u: 6.1021e-03, v: 1.3337e-02, pde_a: 1.6212e-03
Epoch: 4440/5000 - Time: 8.52s - Loss: 7.6413e-03 | a: 1.0123e-03, BC: 6.6948e-05, m: 9.6261e-04, u: 6.6711e-03, v: 1.3433e-02, pde_a: 1.5123e-03
Epoch: 4450/5000 - Time: 7.99s - Loss: 7.3741e-03 | a: 1.0560e-03, BC: 5.7740e-05, m: 9.4925e-04, u: 5.8102e-03, v: 1.3817e-02, pde_a: 1.5139e-03
Epoch: 4460/5000 - Time: 7.73s - Loss: 7.3180e-03 | a: 1.0247e-03, BC: 5.2590e-05, m: 9.4316e-04, u: 5.8180e-03, v: 1.3501e-02, pde_a: 1.5245e-03
Epoch: 4470/5000 - Time: 7.75s - Loss: 7.4137e-03 | a: 1.0107e-03, BC: 4.9916e-05, m: 9.4039e-04, u: 6.0676e-03, v: 1.3303e-02, pde_a: 1.5531e-03
Epoch: 4480/5000 - Time: 7.84s - Loss: 7.3819e-03 | a: 9.3847e-04, BC: 4.9931e-05, m: 9.4184e-04, u: 6.0983e-03, v: 1.3587e-02, pde_a: 1.5518e-03
Epoch: 4490/5000 - Time: 8.37s - Loss: 8.2721e-03 | a: 1.4367e-03, BC: 6.8059e-05, m: 9.7754e-04, u: 6.1984e-03, v: 1.4770e-02, pde_a: 1.6974e-03
Epoch: 4500/5000 - Time: 8.57s - Loss: 7.4576e-03 | a: 9.4834e-04, BC: 5.2538e-05, m: 9.4751e-04, u: 6.3837e-03, v: 1.3334e-02, pde_a: 1.5324e-03
Epoch: 4510/5000 - Time: 8.56s - Loss: 7.8568e-03 | a: 1.3228e-03, BC: 5.6426e-05, m: 9.5874e-04, u: 6.2408e-03, v: 1.3538e-02, pde_a: 1.5694e-03
Epoch: 4520/5000 - Time: 8.28s - Loss: 7.7626e-03 | a: 9.9373e-04, BC: 4.8736e-05, m: 1.0077e-03, u: 6.7050e-03, v: 1.4149e-02, pde_a: 1.5450e-03
Epoch: 4530/5000 - Time: 7.77s - Loss: 7.6027e-03 | a: 1.0144e-03, BC: 5.3285e-05, m: 9.6438e-04, u: 6.5463e-03, v: 1.3743e-02, pde_a: 1.5034e-03
Epoch: 4540/5000 - Time: 7.80s - Loss: 8.0291e-03 | a: 1.2793e-03, BC: 5.4479e-05, m: 9.6260e-04, u: 6.8513e-03, v: 1.3756e-02, pde_a: 1.5349e-03
Epoch: 4550/5000 - Time: 7.81s - Loss: 7.5381e-03 | a: 9.8861e-04, BC: 6.1519e-05, m: 9.6587e-04, u: 6.2602e-03, v: 1.3500e-02, pde_a: 1.5713e-03
Epoch: 4560/5000 - Time: 7.77s - Loss: 7.4497e-03 | a: 1.0291e-03, BC: 5.3618e-05, m: 9.5544e-04, u: 5.9321e-03, v: 1.3367e-02, pde_a: 1.5920e-03
Epoch: 4570/5000 - Time: 8.24s - Loss: 7.6682e-03 | a: 1.0343e-03, BC: 5.7420e-05, m: 9.5536e-04, u: 6.2854e-03, v: 1.3407e-02, pde_a: 1.6439e-03
Epoch: 4580/5000 - Time: 8.67s - Loss: 7.8514e-03 | a: 9.9122e-04, BC: 5.9678e-05, m: 9.8073e-04, u: 6.8694e-03, v: 1.3451e-02, pde_a: 1.6257e-03
Epoch: 4590/5000 - Time: 8.37s - Loss: 8.2847e-03 | a: 1.2916e-03, BC: 6.4693e-05, m: 9.8244e-04, u: 7.0569e-03, v: 1.3752e-02, pde_a: 1.6431e-03
Epoch: 4600/5000 - Time: 8.43s - Loss: 8.1707e-03 | a: 1.2050e-03, BC: 5.6808e-05, m: 1.0033e-03, u: 6.9813e-03, v: 1.4148e-02, pde_a: 1.6093e-03
Epoch: 4610/5000 - Time: 8.49s - Loss: 7.6128e-03 | a: 1.1216e-03, BC: 5.6998e-05, m: 9.5951e-04, u: 5.8044e-03, v: 1.3937e-02, pde_a: 1.6344e-03
Epoch: 4620/5000 - Time: 8.34s - Loss: 8.3623e-03 | a: 1.4138e-03, BC: 7.3466e-05, m: 9.6417e-04, u: 6.4124e-03, v: 1.4024e-02, pde_a: 1.7817e-03
Epoch: 4630/5000 - Time: 7.94s - Loss: 7.4556e-03 | a: 9.6669e-04, BC: 4.8075e-05, m: 9.3917e-04, u: 6.0864e-03, v: 1.3472e-02, pde_a: 1.6019e-03
Epoch: 4640/5000 - Time: 8.54s - Loss: 8.0739e-03 | a: 9.6016e-04, BC: 5.5524e-05, m: 9.8676e-04, u: 7.2281e-03, v: 1.3523e-02, pde_a: 1.7076e-03
Epoch: 4650/5000 - Time: 8.46s - Loss: 7.5238e-03 | a: 1.0585e-03, BC: 5.3222e-05, m: 9.3992e-04, u: 6.2101e-03, v: 1.3209e-02, pde_a: 1.5635e-03
Epoch: 4660/5000 - Time: 8.39s - Loss: 7.5995e-03 | a: 1.0231e-03, BC: 5.9405e-05, m: 9.5170e-04, u: 5.9791e-03, v: 1.4035e-02, pde_a: 1.6417e-03
Epoch: 4670/5000 - Time: 8.14s - Loss: 7.9689e-03 | a: 1.1217e-03, BC: 6.9158e-05, m: 9.6089e-04, u: 6.3930e-03, v: 1.3569e-02, pde_a: 1.7508e-03
Epoch: 4680/5000 - Time: 8.52s - Loss: 7.9444e-03 | a: 9.5054e-04, BC: 6.0238e-05, m: 9.8924e-04, u: 6.9820e-03, v: 1.3886e-02, pde_a: 1.6556e-03
Epoch: 4690/5000 - Time: 8.38s - Loss: 7.4828e-03 | a: 1.0104e-03, BC: 5.4403e-05, m: 9.4722e-04, u: 6.1736e-03, v: 1.3539e-02, pde_a: 1.5493e-03
Epoch: 4700/5000 - Time: 8.33s - Loss: 8.0431e-03 | a: 1.2076e-03, BC: 6.2081e-05, m: 9.8723e-04, u: 7.0765e-03, v: 1.3845e-02, pde_a: 1.5089e-03
Epoch: 4710/5000 - Time: 8.38s - Loss: 7.9510e-03 | a: 1.5213e-03, BC: 6.1937e-05, m: 9.3659e-04, u: 6.0443e-03, v: 1.3512e-02, pde_a: 1.5566e-03
Epoch: 4720/5000 - Time: 8.04s - Loss: 7.8140e-03 | a: 1.1702e-03, BC: 5.6442e-05, m: 9.8175e-04, u: 6.4452e-03, v: 1.3715e-02, pde_a: 1.5676e-03
Epoch: 4730/5000 - Time: 7.70s - Loss: 7.7040e-03 | a: 1.0466e-03, BC: 6.1024e-05, m: 9.5417e-04, u: 6.2658e-03, v: 1.3419e-02, pde_a: 1.6647e-03
Epoch: 4740/5000 - Time: 7.59s - Loss: 7.5830e-03 | a: 1.1495e-03, BC: 6.2014e-05, m: 9.2925e-04, u: 6.1063e-03, v: 1.3277e-02, pde_a: 1.5631e-03
Epoch: 4750/5000 - Time: 7.68s - Loss: 7.7738e-03 | a: 1.1967e-03, BC: 6.7982e-05, m: 9.6216e-04, u: 6.2856e-03, v: 1.3469e-02, pde_a: 1.5841e-03
Epoch: 4760/5000 - Time: 7.75s - Loss: 7.6919e-03 | a: 1.0031e-03, BC: 5.1110e-05, m: 9.5468e-04, u: 6.5533e-03, v: 1.3657e-02, pde_a: 1.5914e-03
Epoch: 4770/5000 - Time: 7.65s - Loss: 7.3825e-03 | a: 9.7305e-04, BC: 5.3500e-05, m: 9.4910e-04, u: 6.0349e-03, v: 1.3353e-02, pde_a: 1.5570e-03
Epoch: 4780/5000 - Time: 7.60s - Loss: 7.4051e-03 | a: 9.8054e-04, BC: 6.2641e-05, m: 9.2723e-04, u: 6.0509e-03, v: 1.3258e-02, pde_a: 1.5748e-03
Epoch: 4790/5000 - Time: 7.80s - Loss: 7.6194e-03 | a: 9.6338e-04, BC: 4.7522e-05, m: 9.5067e-04, u: 6.6445e-03, v: 1.3547e-02, pde_a: 1.5525e-03
Epoch: 4800/5000 - Time: 8.43s - Loss: 8.1851e-03 | a: 1.4594e-03, BC: 6.8828e-05, m: 9.4278e-04, u: 6.2024e-03, v: 1.3718e-02, pde_a: 1.7117e-03
Epoch: 4810/5000 - Time: 8.44s - Loss: 8.1264e-03 | a: 1.1742e-03, BC: 5.7094e-05, m: 9.8124e-04, u: 5.9789e-03, v: 1.3845e-02, pde_a: 1.9324e-03
Epoch: 4820/5000 - Time: 8.40s - Loss: 8.2601e-03 | a: 1.2044e-03, BC: 6.7296e-05, m: 9.9369e-04, u: 7.0657e-03, v: 1.3534e-02, pde_a: 1.6984e-03
Epoch: 4830/5000 - Time: 8.41s - Loss: 7.7885e-03 | a: 1.0648e-03, BC: 5.8498e-05, m: 9.6018e-04, u: 6.4054e-03, v: 1.3544e-02, pde_a: 1.6629e-03
Epoch: 4840/5000 - Time: 8.40s - Loss: 8.0131e-03 | a: 1.0550e-03, BC: 6.6070e-05, m: 9.8701e-04, u: 7.3489e-03, v: 1.3508e-02, pde_a: 1.5453e-03
Epoch: 4850/5000 - Time: 8.14s - Loss: 7.7091e-03 | a: 1.0590e-03, BC: 5.5898e-05, m: 9.5818e-04, u: 6.4168e-03, v: 1.3690e-02, pde_a: 1.5945e-03
Epoch: 4860/5000 - Time: 7.85s - Loss: 8.1037e-03 | a: 1.1581e-03, BC: 5.4743e-05, m: 9.9160e-04, u: 6.9702e-03, v: 1.4338e-02, pde_a: 1.5893e-03
Epoch: 4870/5000 - Time: 7.73s - Loss: 7.5400e-03 | a: 1.0452e-03, BC: 5.3129e-05, m: 9.2912e-04, u: 5.8504e-03, v: 1.3155e-02, pde_a: 1.7029e-03
Epoch: 4880/5000 - Time: 7.68s - Loss: 7.9176e-03 | a: 1.0989e-03, BC: 5.4882e-05, m: 9.4105e-04, u: 6.2283e-03, v: 1.3514e-02, pde_a: 1.8029e-03
Epoch: 4890/5000 - Time: 8.40s - Loss: 7.9098e-03 | a: 1.2015e-03, BC: 5.7975e-05, m: 1.0004e-03, u: 6.7344e-03, v: 1.4174e-02, pde_a: 1.4842e-03
Epoch: 4900/5000 - Time: 8.44s - Loss: 7.4183e-03 | a: 9.8524e-04, BC: 5.3253e-05, m: 9.5059e-04, u: 5.9092e-03, v: 1.3426e-02, pde_a: 1.6062e-03
Epoch: 4910/5000 - Time: 8.42s - Loss: 7.5295e-03 | a: 9.3192e-04, BC: 6.2252e-05, m: 9.3951e-04, u: 6.2674e-03, v: 1.3499e-02, pde_a: 1.6180e-03
Epoch: 4920/5000 - Time: 8.60s - Loss: 7.6644e-03 | a: 1.0869e-03, BC: 5.3914e-05, m: 9.5754e-04, u: 6.1678e-03, v: 1.3659e-02, pde_a: 1.6174e-03
Epoch: 4930/5000 - Time: 8.58s - Loss: 7.9276e-03 | a: 9.8944e-04, BC: 5.1931e-05, m: 9.8375e-04, u: 6.9875e-03, v: 1.3588e-02, pde_a: 1.6439e-03
Epoch: 4940/5000 - Time: 8.41s - Loss: 8.9188e-03 | a: 1.2608e-03, BC: 1.0457e-04, m: 1.0290e-03, u: 8.1284e-03, v: 1.4217e-02, pde_a: 1.7432e-03
Epoch: 4950/5000 - Time: 8.40s - Loss: 7.4544e-03 | a: 1.1840e-03, BC: 4.9164e-05, m: 9.5806e-04, u: 5.9395e-03, v: 1.3605e-02, pde_a: 1.4580e-03
Epoch: 4960/5000 - Time: 7.83s - Loss: 7.5285e-03 | a: 1.0348e-03, BC: 4.7806e-05, m: 9.7004e-04, u: 6.1625e-03, v: 1.3613e-02, pde_a: 1.5572e-03
Epoch: 4970/5000 - Time: 7.77s - Loss: 7.4391e-03 | a: 9.8077e-04, BC: 6.4496e-05, m: 9.3975e-04, u: 6.1122e-03, v: 1.3280e-02, pde_a: 1.5732e-03
Epoch: 4980/5000 - Time: 7.79s - Loss: 7.9420e-03 | a: 1.1911e-03, BC: 6.9508e-05, m: 9.4492e-04, u: 6.3002e-03, v: 1.3746e-02, pde_a: 1.6980e-03
Epoch: 4990/5000 - Time: 7.77s - Loss: 7.5978e-03 | a: 1.1005e-03, BC: 5.0592e-05, m: 9.3976e-04, u: 6.2642e-03, v: 1.3418e-02, pde_a: 1.5575e-03
Epoch: 5000/5000 - Time: 7.71s - Loss: 7.4012e-03 | a: 1.0176e-03, BC: 4.5587e-05, m: 9.1913e-04, u: 6.0235e-03, v: 1.3141e-02, pde_a: 1.5778e-03

--- Starting Training Phase 5/5 ---
Epochs: 5000, Learning Rate: 1e-06
Total samples: 185940, Desired batch size: 9297
Calculated num_batches: 20, Proportional batch sizes: {'A': 1305, 'PDE': 7910, 'N': 20, 'EW': 20, 'NSEW': 42}
Epoch: 10/5000 - Time: 7.91s - Loss: 6.6574e-03 | a: 8.7274e-04, BC: 3.8030e-05, m: 9.0024e-04, u: 5.3964e-03, v: 1.2764e-02, pde_a: 1.3507e-03
Saving checkpoint at epoch 10 with loss 6.6574e-03
Epoch: 20/5000 - Time: 8.47s - Loss: 6.6345e-03 | a: 8.4125e-04, BC: 3.7542e-05, m: 9.0097e-04, u: 5.4354e-03, v: 1.2524e-02, pde_a: 1.3648e-03
Saving checkpoint at epoch 20 with loss 6.6345e-03
Epoch: 30/5000 - Time: 8.13s - Loss: 6.6339e-03 | a: 8.7302e-04, BC: 3.7859e-05, m: 8.9647e-04, u: 5.3661e-03, v: 1.2806e-02, pde_a: 1.3401e-03
Saving checkpoint at epoch 30 with loss 6.6339e-03
Epoch: 40/5000 - Time: 7.84s - Loss: 6.6422e-03 | a: 8.6793e-04, BC: 3.7920e-05, m: 9.0556e-04, u: 5.3648e-03, v: 1.2675e-02, pde_a: 1.3568e-03
Epoch: 50/5000 - Time: 7.75s - Loss: 6.7146e-03 | a: 9.1614e-04, BC: 3.5838e-05, m: 8.8944e-04, u: 5.3851e-03, v: 1.2821e-02, pde_a: 1.3670e-03
Epoch: 60/5000 - Time: 7.77s - Loss: 6.6339e-03 | a: 8.8172e-04, BC: 3.9300e-05, m: 8.9194e-04, u: 5.2996e-03, v: 1.2784e-02, pde_a: 1.3561e-03
Epoch: 70/5000 - Time: 8.27s - Loss: 6.6461e-03 | a: 8.8214e-04, BC: 3.9618e-05, m: 9.0341e-04, u: 5.2707e-03, v: 1.2946e-02, pde_a: 1.3552e-03
Epoch: 80/5000 - Time: 8.01s - Loss: 6.7835e-03 | a: 9.2414e-04, BC: 4.0076e-05, m: 9.0285e-04, u: 5.4972e-03, v: 1.2792e-02, pde_a: 1.3728e-03
Epoch: 90/5000 - Time: 7.67s - Loss: 6.7150e-03 | a: 9.4498e-04, BC: 3.8897e-05, m: 8.9844e-04, u: 5.3358e-03, v: 1.2810e-02, pde_a: 1.3542e-03
Epoch: 100/5000 - Time: 7.71s - Loss: 6.7230e-03 | a: 8.8867e-04, BC: 3.7526e-05, m: 8.9771e-04, u: 5.4938e-03, v: 1.2782e-02, pde_a: 1.3599e-03
Epoch: 110/5000 - Time: 7.70s - Loss: 6.6779e-03 | a: 8.5847e-04, BC: 3.8086e-05, m: 8.9064e-04, u: 5.4818e-03, v: 1.2697e-02, pde_a: 1.3618e-03
Epoch: 120/5000 - Time: 8.22s - Loss: 6.5858e-03 | a: 9.1371e-04, BC: 3.9018e-05, m: 8.9428e-04, u: 5.0341e-03, v: 1.2692e-02, pde_a: 1.3804e-03
Saving checkpoint at epoch 120 with loss 6.5858e-03
Epoch: 130/5000 - Time: 8.66s - Loss: 6.7195e-03 | a: 8.7976e-04, BC: 3.8208e-05, m: 8.9757e-04, u: 5.5359e-03, v: 1.2745e-02, pde_a: 1.3539e-03
Epoch: 140/5000 - Time: 7.75s - Loss: 6.6785e-03 | a: 8.6921e-04, BC: 3.8493e-05, m: 8.9697e-04, u: 5.4043e-03, v: 1.2687e-02, pde_a: 1.3745e-03
Epoch: 150/5000 - Time: 7.68s - Loss: 6.5570e-03 | a: 8.5776e-04, BC: 3.8238e-05, m: 8.9498e-04, u: 5.2251e-03, v: 1.2588e-02, pde_a: 1.3527e-03
Saving checkpoint at epoch 150 with loss 6.5570e-03
Epoch: 160/5000 - Time: 7.84s - Loss: 6.7539e-03 | a: 8.8615e-04, BC: 3.9461e-05, m: 9.1128e-04, u: 5.5690e-03, v: 1.2756e-02, pde_a: 1.3571e-03
Epoch: 170/5000 - Time: 7.74s - Loss: 6.7297e-03 | a: 8.8015e-04, BC: 3.8875e-05, m: 8.9637e-04, u: 5.4265e-03, v: 1.2697e-02, pde_a: 1.3980e-03
Epoch: 180/5000 - Time: 7.83s - Loss: 6.7087e-03 | a: 8.7635e-04, BC: 3.9340e-05, m: 9.0091e-04, u: 5.3740e-03, v: 1.2808e-02, pde_a: 1.3891e-03
Epoch: 190/5000 - Time: 7.70s - Loss: 6.7448e-03 | a: 9.1426e-04, BC: 3.7912e-05, m: 8.9853e-04, u: 5.4481e-03, v: 1.2734e-02, pde_a: 1.3737e-03
Epoch: 200/5000 - Time: 7.75s - Loss: 6.6191e-03 | a: 8.6667e-04, BC: 3.9027e-05, m: 8.9470e-04, u: 5.3090e-03, v: 1.2720e-02, pde_a: 1.3574e-03
Epoch: 210/5000 - Time: 8.13s - Loss: 6.6720e-03 | a: 8.7002e-04, BC: 3.7703e-05, m: 8.9094e-04, u: 5.4739e-03, v: 1.2731e-02, pde_a: 1.3482e-03
Epoch: 220/5000 - Time: 8.82s - Loss: 6.6937e-03 | a: 8.8147e-04, BC: 3.8612e-05, m: 9.0005e-04, u: 5.3497e-03, v: 1.2815e-02, pde_a: 1.3813e-03
Epoch: 230/5000 - Time: 8.36s - Loss: 6.8715e-03 | a: 9.3926e-04, BC: 4.0765e-05, m: 9.0273e-04, u: 5.5855e-03, v: 1.2741e-02, pde_a: 1.4059e-03
Epoch: 240/5000 - Time: 8.24s - Loss: 6.7517e-03 | a: 8.9261e-04, BC: 4.0111e-05, m: 8.9666e-04, u: 5.4979e-03, v: 1.2803e-02, pde_a: 1.3745e-03
Epoch: 250/5000 - Time: 8.46s - Loss: 6.6578e-03 | a: 8.9047e-04, BC: 3.6780e-05, m: 8.9669e-04, u: 5.3413e-03, v: 1.2619e-02, pde_a: 1.3680e-03
Epoch: 260/5000 - Time: 7.99s - Loss: 6.7145e-03 | a: 8.8752e-04, BC: 4.0047e-05, m: 8.8374e-04, u: 5.3925e-03, v: 1.2859e-02, pde_a: 1.3831e-03
Epoch: 270/5000 - Time: 7.58s - Loss: 6.8168e-03 | a: 9.3186e-04, BC: 3.8941e-05, m: 8.9389e-04, u: 5.5375e-03, v: 1.2756e-02, pde_a: 1.3884e-03
Epoch: 280/5000 - Time: 7.63s - Loss: 6.7354e-03 | a: 8.7552e-04, BC: 3.8783e-05, m: 8.9361e-04, u: 5.5191e-03, v: 1.2821e-02, pde_a: 1.3698e-03
Epoch: 290/5000 - Time: 7.70s - Loss: 6.6186e-03 | a: 8.5123e-04, BC: 3.8952e-05, m: 8.9197e-04, u: 5.3229e-03, v: 1.2671e-02, pde_a: 1.3700e-03
Epoch: 300/5000 - Time: 8.41s - Loss: 6.6355e-03 | a: 8.5549e-04, BC: 3.9206e-05, m: 8.9840e-04, u: 5.3568e-03, v: 1.2812e-02, pde_a: 1.3551e-03
Epoch: 310/5000 - Time: 8.49s - Loss: 6.6523e-03 | a: 8.7414e-04, BC: 3.8889e-05, m: 8.9811e-04, u: 5.4311e-03, v: 1.2698e-02, pde_a: 1.3409e-03
Epoch: 320/5000 - Time: 8.41s - Loss: 6.7698e-03 | a: 9.0107e-04, BC: 3.8615e-05, m: 8.9627e-04, u: 5.4878e-03, v: 1.2700e-02, pde_a: 1.3944e-03
Epoch: 330/5000 - Time: 8.20s - Loss: 6.6475e-03 | a: 8.9512e-04, BC: 3.8765e-05, m: 8.9959e-04, u: 5.3433e-03, v: 1.2682e-02, pde_a: 1.3481e-03
Epoch: 340/5000 - Time: 7.58s - Loss: 6.6220e-03 | a: 8.5342e-04, BC: 3.7980e-05, m: 8.9648e-04, u: 5.3448e-03, v: 1.2774e-02, pde_a: 1.3548e-03
Epoch: 350/5000 - Time: 7.62s - Loss: 6.7938e-03 | a: 8.9375e-04, BC: 3.8212e-05, m: 9.0063e-04, u: 5.6569e-03, v: 1.2637e-02, pde_a: 1.3712e-03
Epoch: 360/5000 - Time: 7.61s - Loss: 6.7858e-03 | a: 9.2622e-04, BC: 4.1686e-05, m: 8.8458e-04, u: 5.5114e-03, v: 1.2814e-02, pde_a: 1.3745e-03
Epoch: 370/5000 - Time: 7.73s - Loss: 6.7095e-03 | a: 8.6913e-04, BC: 4.0076e-05, m: 8.9420e-04, u: 5.4771e-03, v: 1.2806e-02, pde_a: 1.3673e-03
Epoch: 380/5000 - Time: 7.64s - Loss: 6.6931e-03 | a: 8.6012e-04, BC: 3.7856e-05, m: 9.0231e-04, u: 5.5258e-03, v: 1.2780e-02, pde_a: 1.3470e-03
Epoch: 390/5000 - Time: 7.70s - Loss: 6.6728e-03 | a: 8.7632e-04, BC: 3.8667e-05, m: 8.8989e-04, u: 5.3969e-03, v: 1.2874e-02, pde_a: 1.3553e-03
Epoch: 400/5000 - Time: 7.76s - Loss: 6.7360e-03 | a: 8.9056e-04, BC: 4.0553e-05, m: 8.8867e-04, u: 5.4949e-03, v: 1.2868e-02, pde_a: 1.3632e-03
Epoch: 410/5000 - Time: 7.67s - Loss: 6.6550e-03 | a: 8.5832e-04, BC: 3.9326e-05, m: 8.9627e-04, u: 5.3880e-03, v: 1.2652e-02, pde_a: 1.3722e-03
Epoch: 420/5000 - Time: 8.32s - Loss: 6.8701e-03 | a: 9.1172e-04, BC: 3.9237e-05, m: 9.0235e-04, u: 5.6620e-03, v: 1.2811e-02, pde_a: 1.3989e-03
Epoch: 430/5000 - Time: 8.48s - Loss: 6.6272e-03 | a: 8.4434e-04, BC: 3.9241e-05, m: 8.8556e-04, u: 5.4245e-03, v: 1.2617e-02, pde_a: 1.3587e-03
Epoch: 440/5000 - Time: 7.60s - Loss: 6.6603e-03 | a: 8.7754e-04, BC: 3.7810e-05, m: 8.9417e-04, u: 5.3235e-03, v: 1.2808e-02, pde_a: 1.3706e-03
Epoch: 450/5000 - Time: 8.44s - Loss: 6.6935e-03 | a: 8.5273e-04, BC: 4.1327e-05, m: 9.0961e-04, u: 5.4777e-03, v: 1.2716e-02, pde_a: 1.3662e-03
Epoch: 460/5000 - Time: 8.38s - Loss: 6.6565e-03 | a: 8.7270e-04, BC: 3.8558e-05, m: 8.8772e-04, u: 5.3536e-03, v: 1.2721e-02, pde_a: 1.3719e-03
Epoch: 470/5000 - Time: 8.24s - Loss: 6.6613e-03 | a: 8.8431e-04, BC: 3.7782e-05, m: 8.9188e-04, u: 5.3459e-03, v: 1.2814e-02, pde_a: 1.3601e-03
Epoch: 480/5000 - Time: 8.40s - Loss: 6.8160e-03 | a: 9.4504e-04, BC: 3.8159e-05, m: 8.9562e-04, u: 5.4963e-03, v: 1.2841e-02, pde_a: 1.3830e-03
Epoch: 490/5000 - Time: 8.36s - Loss: 6.6202e-03 | a: 8.5286e-04, BC: 3.9817e-05, m: 8.8592e-04, u: 5.3496e-03, v: 1.2716e-02, pde_a: 1.3607e-03
Epoch: 500/5000 - Time: 8.46s - Loss: 6.6365e-03 | a: 8.9677e-04, BC: 3.9998e-05, m: 8.9145e-04, u: 5.2803e-03, v: 1.2709e-02, pde_a: 1.3580e-03
Epoch: 510/5000 - Time: 8.38s - Loss: 6.7618e-03 | a: 8.7634e-04, BC: 3.8936e-05, m: 8.9822e-04, u: 5.6286e-03, v: 1.2770e-02, pde_a: 1.3584e-03
Epoch: 520/5000 - Time: 8.61s - Loss: 6.6734e-03 | a: 8.9978e-04, BC: 3.8152e-05, m: 8.9001e-04, u: 5.4191e-03, v: 1.2620e-02, pde_a: 1.3517e-03
Epoch: 530/5000 - Time: 8.60s - Loss: 6.8342e-03 | a: 8.9470e-04, BC: 3.9916e-05, m: 8.8360e-04, u: 5.6846e-03, v: 1.2952e-02, pde_a: 1.3749e-03
Epoch: 540/5000 - Time: 8.14s - Loss: 6.7044e-03 | a: 8.6833e-04, BC: 3.8294e-05, m: 8.8386e-04, u: 5.4480e-03, v: 1.2767e-02, pde_a: 1.3820e-03
Epoch: 550/5000 - Time: 7.62s - Loss: 6.6869e-03 | a: 8.6237e-04, BC: 3.7372e-05, m: 8.9009e-04, u: 5.4962e-03, v: 1.2767e-02, pde_a: 1.3565e-03
Epoch: 560/5000 - Time: 7.64s - Loss: 6.6567e-03 | a: 8.7383e-04, BC: 3.9820e-05, m: 9.0430e-04, u: 5.3990e-03, v: 1.2734e-02, pde_a: 1.3477e-03
Epoch: 570/5000 - Time: 7.67s - Loss: 6.6339e-03 | a: 8.8098e-04, BC: 4.1184e-05, m: 8.8357e-04, u: 5.2727e-03, v: 1.2735e-02, pde_a: 1.3711e-03
Epoch: 580/5000 - Time: 7.59s - Loss: 6.6875e-03 | a: 8.7429e-04, BC: 3.8628e-05, m: 8.8911e-04, u: 5.4548e-03, v: 1.2743e-02, pde_a: 1.3617e-03
Epoch: 590/5000 - Time: 7.68s - Loss: 6.6512e-03 | a: 8.3699e-04, BC: 4.0450e-05, m: 8.8946e-04, u: 5.3549e-03, v: 1.2825e-02, pde_a: 1.3842e-03
Epoch: 600/5000 - Time: 7.77s - Loss: 6.6618e-03 | a: 8.6655e-04, BC: 3.7307e-05, m: 8.9190e-04, u: 5.3673e-03, v: 1.2613e-02, pde_a: 1.3841e-03
Epoch: 610/5000 - Time: 8.54s - Loss: 6.8330e-03 | a: 8.4100e-04, BC: 3.9452e-05, m: 9.0777e-04, u: 5.9259e-03, v: 1.2761e-02, pde_a: 1.3472e-03
Epoch: 620/5000 - Time: 8.38s - Loss: 6.6777e-03 | a: 8.5209e-04, BC: 3.9334e-05, m: 8.9011e-04, u: 5.3578e-03, v: 1.2770e-02, pde_a: 1.3970e-03
Epoch: 630/5000 - Time: 7.74s - Loss: 6.5972e-03 | a: 8.6423e-04, BC: 3.8077e-05, m: 8.8209e-04, u: 5.2734e-03, v: 1.2699e-02, pde_a: 1.3616e-03
Epoch: 640/5000 - Time: 7.84s - Loss: 6.6881e-03 | a: 8.5597e-04, BC: 3.7391e-05, m: 8.9850e-04, u: 5.4877e-03, v: 1.2786e-02, pde_a: 1.3594e-03
Epoch: 650/5000 - Time: 7.73s - Loss: 6.6668e-03 | a: 8.7720e-04, BC: 3.8841e-05, m: 8.9624e-04, u: 5.4445e-03, v: 1.2742e-02, pde_a: 1.3432e-03
Epoch: 660/5000 - Time: 7.65s - Loss: 6.6587e-03 | a: 8.7720e-04, BC: 3.8153e-05, m: 8.9425e-04, u: 5.4185e-03, v: 1.2827e-02, pde_a: 1.3395e-03
Epoch: 670/5000 - Time: 8.41s - Loss: 6.7189e-03 | a: 8.4077e-04, BC: 3.8662e-05, m: 8.9640e-04, u: 5.5936e-03, v: 1.2844e-02, pde_a: 1.3585e-03
Epoch: 680/5000 - Time: 8.00s - Loss: 6.7482e-03 | a: 8.8805e-04, BC: 3.9779e-05, m: 8.9544e-04, u: 5.5477e-03, v: 1.2786e-02, pde_a: 1.3627e-03
Epoch: 690/5000 - Time: 7.55s - Loss: 6.8259e-03 | a: 8.5174e-04, BC: 3.8523e-05, m: 8.8962e-04, u: 5.8157e-03, v: 1.2745e-02, pde_a: 1.3770e-03
Epoch: 700/5000 - Time: 7.53s - Loss: 6.6442e-03 | a: 8.7241e-04, BC: 3.7701e-05, m: 8.8357e-04, u: 5.3775e-03, v: 1.2537e-02, pde_a: 1.3727e-03
Epoch: 710/5000 - Time: 7.58s - Loss: 6.7252e-03 | a: 8.5613e-04, BC: 3.8669e-05, m: 9.0569e-04, u: 5.5911e-03, v: 1.2791e-02, pde_a: 1.3521e-03
Epoch: 720/5000 - Time: 7.59s - Loss: 6.7619e-03 | a: 8.8110e-04, BC: 4.0356e-05, m: 8.8778e-04, u: 5.6097e-03, v: 1.2706e-02, pde_a: 1.3695e-03
Epoch: 730/5000 - Time: 7.72s - Loss: 6.5892e-03 | a: 8.3848e-04, BC: 3.9556e-05, m: 9.0366e-04, u: 5.3286e-03, v: 1.2758e-02, pde_a: 1.3426e-03
Epoch: 740/5000 - Time: 8.20s - Loss: 6.7369e-03 | a: 8.5729e-04, BC: 3.7683e-05, m: 8.8796e-04, u: 5.5373e-03, v: 1.2840e-02, pde_a: 1.3816e-03
Epoch: 750/5000 - Time: 7.57s - Loss: 6.7480e-03 | a: 9.1823e-04, BC: 4.0887e-05, m: 8.8269e-04, u: 5.5063e-03, v: 1.2817e-02, pde_a: 1.3545e-03
Epoch: 760/5000 - Time: 7.65s - Loss: 6.6628e-03 | a: 8.9329e-04, BC: 3.8768e-05, m: 8.9196e-04, u: 5.3786e-03, v: 1.2547e-02, pde_a: 1.3650e-03
Epoch: 770/5000 - Time: 7.55s - Loss: 6.7930e-03 | a: 9.7241e-04, BC: 3.9372e-05, m: 8.9187e-04, u: 5.4572e-03, v: 1.2697e-02, pde_a: 1.3684e-03
Epoch: 780/5000 - Time: 7.79s - Loss: 6.6927e-03 | a: 8.5985e-04, BC: 3.8202e-05, m: 8.9520e-04, u: 5.5250e-03, v: 1.2670e-02, pde_a: 1.3590e-03
Epoch: 790/5000 - Time: 8.27s - Loss: 6.6693e-03 | a: 8.9043e-04, BC: 3.8920e-05, m: 8.9094e-04, u: 5.4111e-03, v: 1.2639e-02, pde_a: 1.3556e-03
Epoch: 800/5000 - Time: 8.30s - Loss: 6.6154e-03 | a: 8.5570e-04, BC: 3.9601e-05, m: 8.8507e-04, u: 5.3244e-03, v: 1.2608e-02, pde_a: 1.3715e-03
Epoch: 810/5000 - Time: 8.58s - Loss: 6.6984e-03 | a: 8.9957e-04, BC: 4.0193e-05, m: 8.9158e-04, u: 5.4834e-03, v: 1.2566e-02, pde_a: 1.3537e-03
Epoch: 820/5000 - Time: 8.26s - Loss: 6.6772e-03 | a: 8.7214e-04, BC: 4.0088e-05, m: 9.0248e-04, u: 5.3666e-03, v: 1.2805e-02, pde_a: 1.3694e-03
Epoch: 830/5000 - Time: 8.45s - Loss: 6.6570e-03 | a: 8.5475e-04, BC: 3.8713e-05, m: 8.7971e-04, u: 5.4505e-03, v: 1.2595e-02, pde_a: 1.3707e-03
Epoch: 840/5000 - Time: 8.44s - Loss: 6.5927e-03 | a: 8.7560e-04, BC: 3.8797e-05, m: 8.8494e-04, u: 5.3402e-03, v: 1.2548e-02, pde_a: 1.3395e-03
Epoch: 850/5000 - Time: 7.85s - Loss: 6.7846e-03 | a: 8.3745e-04, BC: 4.2201e-05, m: 8.9245e-04, u: 5.6762e-03, v: 1.2717e-02, pde_a: 1.3960e-03
Epoch: 860/5000 - Time: 7.64s - Loss: 6.5958e-03 | a: 8.6486e-04, BC: 3.9951e-05, m: 8.9180e-04, u: 5.2710e-03, v: 1.2810e-02, pde_a: 1.3459e-03
Epoch: 870/5000 - Time: 7.68s - Loss: 6.6486e-03 | a: 8.6346e-04, BC: 3.7626e-05, m: 8.7885e-04, u: 5.4686e-03, v: 1.2919e-02, pde_a: 1.3278e-03
Epoch: 880/5000 - Time: 7.59s - Loss: 6.7209e-03 | a: 8.5775e-04, BC: 3.7583e-05, m: 8.9325e-04, u: 5.6126e-03, v: 1.2698e-02, pde_a: 1.3553e-03
Epoch: 890/5000 - Time: 7.60s - Loss: 6.6465e-03 | a: 8.7501e-04, BC: 3.9378e-05, m: 8.8813e-04, u: 5.3170e-03, v: 1.2832e-02, pde_a: 1.3637e-03
Epoch: 900/5000 - Time: 7.74s - Loss: 6.7058e-03 | a: 8.7920e-04, BC: 3.9425e-05, m: 8.9368e-04, u: 5.5362e-03, v: 1.2675e-02, pde_a: 1.3502e-03
Epoch: 910/5000 - Time: 8.52s - Loss: 6.6946e-03 | a: 8.5239e-04, BC: 3.8009e-05, m: 8.8481e-04, u: 5.5320e-03, v: 1.2740e-02, pde_a: 1.3637e-03
Epoch: 920/5000 - Time: 8.20s - Loss: 6.7165e-03 | a: 8.8398e-04, BC: 3.9592e-05, m: 8.9205e-04, u: 5.3808e-03, v: 1.2809e-02, pde_a: 1.3912e-03
Epoch: 930/5000 - Time: 7.79s - Loss: 6.7490e-03 | a: 8.4591e-04, BC: 3.7666e-05, m: 8.9832e-04, u: 5.7656e-03, v: 1.2771e-02, pde_a: 1.3320e-03
Epoch: 940/5000 - Time: 8.34s - Loss: 6.7751e-03 | a: 8.8814e-04, BC: 3.7610e-05, m: 8.9681e-04, u: 5.6466e-03, v: 1.2825e-02, pde_a: 1.3516e-03
Epoch: 950/5000 - Time: 8.32s - Loss: 6.5246e-03 | a: 8.4652e-04, BC: 3.8058e-05, m: 8.8217e-04, u: 5.2245e-03, v: 1.2644e-02, pde_a: 1.3385e-03
Saving checkpoint at epoch 950 with loss 6.5246e-03
Epoch: 960/5000 - Time: 8.51s - Loss: 6.6739e-03 | a: 8.8862e-04, BC: 3.9349e-05, m: 8.9235e-04, u: 5.4287e-03, v: 1.2702e-02, pde_a: 1.3492e-03
Epoch: 970/5000 - Time: 8.46s - Loss: 6.6861e-03 | a: 8.9709e-04, BC: 3.9199e-05, m: 9.0513e-04, u: 5.3905e-03, v: 1.2708e-02, pde_a: 1.3570e-03
Epoch: 980/5000 - Time: 8.53s - Loss: 6.6964e-03 | a: 8.7976e-04, BC: 3.7080e-05, m: 8.8321e-04, u: 5.4748e-03, v: 1.2726e-02, pde_a: 1.3637e-03
Epoch: 990/5000 - Time: 8.58s - Loss: 6.7244e-03 | a: 8.8989e-04, BC: 3.9782e-05, m: 8.9375e-04, u: 5.4799e-03, v: 1.2707e-02, pde_a: 1.3702e-03
Epoch: 1000/5000 - Time: 8.57s - Loss: 6.8097e-03 | a: 8.7978e-04, BC: 4.1358e-05, m: 8.9826e-04, u: 5.5593e-03, v: 1.2983e-02, pde_a: 1.3945e-03
Epoch: 1010/5000 - Time: 8.45s - Loss: 6.6565e-03 | a: 8.6651e-04, BC: 3.8028e-05, m: 8.8921e-04, u: 5.4504e-03, v: 1.2697e-02, pde_a: 1.3493e-03
Epoch: 1020/5000 - Time: 8.30s - Loss: 6.5875e-03 | a: 8.3824e-04, BC: 3.9518e-05, m: 8.7397e-04, u: 5.3768e-03, v: 1.2678e-02, pde_a: 1.3476e-03
Epoch: 1030/5000 - Time: 8.42s - Loss: 6.7938e-03 | a: 8.6208e-04, BC: 3.8028e-05, m: 8.8412e-04, u: 5.7290e-03, v: 1.2863e-02, pde_a: 1.3640e-03
Epoch: 1040/5000 - Time: 8.40s - Loss: 6.6225e-03 | a: 8.9442e-04, BC: 3.8747e-05, m: 8.8615e-04, u: 5.2986e-03, v: 1.2603e-02, pde_a: 1.3555e-03
Epoch: 1050/5000 - Time: 7.75s - Loss: 6.8487e-03 | a: 8.8722e-04, BC: 3.9920e-05, m: 9.0714e-04, u: 5.7143e-03, v: 1.3009e-02, pde_a: 1.3672e-03
Epoch: 1060/5000 - Time: 7.74s - Loss: 6.6841e-03 | a: 8.3361e-04, BC: 3.8764e-05, m: 8.9201e-04, u: 5.5539e-03, v: 1.2663e-02, pde_a: 1.3656e-03
Epoch: 1070/5000 - Time: 7.65s - Loss: 6.6741e-03 | a: 8.7038e-04, BC: 3.9115e-05, m: 8.8980e-04, u: 5.4587e-03, v: 1.2912e-02, pde_a: 1.3391e-03
Epoch: 1080/5000 - Time: 8.41s - Loss: 6.6228e-03 | a: 8.4415e-04, BC: 3.8847e-05, m: 8.9088e-04, u: 5.4506e-03, v: 1.2787e-02, pde_a: 1.3319e-03
Epoch: 1090/5000 - Time: 8.35s - Loss: 6.8098e-03 | a: 9.0569e-04, BC: 3.7875e-05, m: 8.9863e-04, u: 5.5819e-03, v: 1.2920e-02, pde_a: 1.3754e-03
Epoch: 1100/5000 - Time: 8.16s - Loss: 6.7414e-03 | a: 8.6046e-04, BC: 3.8200e-05, m: 8.9685e-04, u: 5.5951e-03, v: 1.2792e-02, pde_a: 1.3645e-03
Epoch: 1110/5000 - Time: 7.77s - Loss: 6.6746e-03 | a: 8.8601e-04, BC: 3.9189e-05, m: 8.8678e-04, u: 5.4140e-03, v: 1.2700e-02, pde_a: 1.3590e-03
Epoch: 1120/5000 - Time: 7.55s - Loss: 6.8449e-03 | a: 9.4257e-04, BC: 3.9933e-05, m: 8.8699e-04, u: 5.6760e-03, v: 1.2697e-02, pde_a: 1.3676e-03
Epoch: 1130/5000 - Time: 7.86s - Loss: 6.7710e-03 | a: 8.7713e-04, BC: 3.9328e-05, m: 8.9114e-04, u: 5.6962e-03, v: 1.2887e-02, pde_a: 1.3386e-03
Epoch: 1140/5000 - Time: 7.81s - Loss: 6.6192e-03 | a: 8.3895e-04, BC: 3.7732e-05, m: 8.8382e-04, u: 5.4160e-03, v: 1.2789e-02, pde_a: 1.3476e-03
Epoch: 1150/5000 - Time: 7.59s - Loss: 6.6647e-03 | a: 8.6314e-04, BC: 3.8919e-05, m: 8.8925e-04, u: 5.4934e-03, v: 1.2633e-02, pde_a: 1.3497e-03
Epoch: 1160/5000 - Time: 7.66s - Loss: 6.7212e-03 | a: 8.6028e-04, BC: 3.9217e-05, m: 8.9009e-04, u: 5.5366e-03, v: 1.2673e-02, pde_a: 1.3785e-03
Epoch: 1170/5000 - Time: 8.51s - Loss: 6.6195e-03 | a: 8.4206e-04, BC: 3.6889e-05, m: 8.8258e-04, u: 5.4910e-03, v: 1.2577e-02, pde_a: 1.3411e-03
Epoch: 1180/5000 - Time: 8.38s - Loss: 6.6721e-03 | a: 8.5197e-04, BC: 3.9189e-05, m: 8.9351e-04, u: 5.5325e-03, v: 1.2874e-02, pde_a: 1.3309e-03
Epoch: 1190/5000 - Time: 8.59s - Loss: 6.6381e-03 | a: 8.3195e-04, BC: 4.0055e-05, m: 8.9708e-04, u: 5.4832e-03, v: 1.2654e-02, pde_a: 1.3500e-03
Epoch: 1200/5000 - Time: 8.50s - Loss: 6.7019e-03 | a: 8.5859e-04, BC: 3.8105e-05, m: 8.8506e-04, u: 5.5974e-03, v: 1.2739e-02, pde_a: 1.3448e-03
Epoch: 1210/5000 - Time: 8.56s - Loss: 6.6170e-03 | a: 8.4434e-04, BC: 3.9164e-05, m: 8.8879e-04, u: 5.4760e-03, v: 1.2656e-02, pde_a: 1.3309e-03
Epoch: 1220/5000 - Time: 8.63s - Loss: 6.9137e-03 | a: 1.0225e-03, BC: 4.1949e-05, m: 8.9059e-04, u: 5.5939e-03, v: 1.2772e-02, pde_a: 1.3744e-03
Epoch: 1230/5000 - Time: 8.65s - Loss: 6.6818e-03 | a: 8.6642e-04, BC: 4.0574e-05, m: 9.0613e-04, u: 5.4648e-03, v: 1.2763e-02, pde_a: 1.3492e-03
Epoch: 1240/5000 - Time: 8.50s - Loss: 6.6344e-03 | a: 8.4659e-04, BC: 4.0221e-05, m: 8.9471e-04, u: 5.3670e-03, v: 1.2932e-02, pde_a: 1.3496e-03
Epoch: 1250/5000 - Time: 8.61s - Loss: 6.6948e-03 | a: 8.5372e-04, BC: 4.0160e-05, m: 8.8873e-04, u: 5.5821e-03, v: 1.2785e-02, pde_a: 1.3407e-03
Epoch: 1260/5000 - Time: 8.48s - Loss: 6.7509e-03 | a: 8.6679e-04, BC: 4.0055e-05, m: 8.8731e-04, u: 5.6896e-03, v: 1.2769e-02, pde_a: 1.3436e-03
Epoch: 1270/5000 - Time: 8.13s - Loss: 6.6093e-03 | a: 8.9614e-04, BC: 3.8912e-05, m: 8.8631e-04, u: 5.3036e-03, v: 1.2594e-02, pde_a: 1.3431e-03
Epoch: 1280/5000 - Time: 7.61s - Loss: 6.7453e-03 | a: 8.7815e-04, BC: 3.9678e-05, m: 8.7521e-04, u: 5.6507e-03, v: 1.2758e-02, pde_a: 1.3491e-03
Epoch: 1290/5000 - Time: 7.56s - Loss: 6.7167e-03 | a: 8.9374e-04, BC: 3.8495e-05, m: 8.9033e-04, u: 5.4826e-03, v: 1.2635e-02, pde_a: 1.3689e-03
Epoch: 1300/5000 - Time: 8.18s - Loss: 6.7519e-03 | a: 8.5560e-04, BC: 3.8302e-05, m: 8.8644e-04, u: 5.6717e-03, v: 1.2808e-02, pde_a: 1.3570e-03
Epoch: 1310/5000 - Time: 8.46s - Loss: 6.7426e-03 | a: 8.9388e-04, BC: 3.8714e-05, m: 8.8094e-04, u: 5.6210e-03, v: 1.2722e-02, pde_a: 1.3448e-03
Epoch: 1320/5000 - Time: 8.48s - Loss: 6.6482e-03 | a: 8.6838e-04, BC: 3.8613e-05, m: 8.9725e-04, u: 5.4076e-03, v: 1.2785e-02, pde_a: 1.3430e-03
Epoch: 1330/5000 - Time: 8.12s - Loss: 6.7193e-03 | a: 8.5599e-04, BC: 3.9108e-05, m: 9.0000e-04, u: 5.6539e-03, v: 1.2839e-02, pde_a: 1.3274e-03
Epoch: 1340/5000 - Time: 7.79s - Loss: 6.6137e-03 | a: 8.7211e-04, BC: 3.9147e-05, m: 8.8932e-04, u: 5.3333e-03, v: 1.2762e-02, pde_a: 1.3411e-03
Epoch: 1350/5000 - Time: 7.64s - Loss: 6.5714e-03 | a: 8.6559e-04, BC: 3.7879e-05, m: 8.7719e-04, u: 5.3610e-03, v: 1.2673e-02, pde_a: 1.3191e-03
Epoch: 1360/5000 - Time: 7.76s - Loss: 6.6694e-03 | a: 8.7518e-04, BC: 3.8721e-05, m: 8.7801e-04, u: 5.4712e-03, v: 1.2779e-02, pde_a: 1.3446e-03
Epoch: 1370/5000 - Time: 7.66s - Loss: 6.6501e-03 | a: 8.2937e-04, BC: 3.8472e-05, m: 8.8053e-04, u: 5.4973e-03, v: 1.2752e-02, pde_a: 1.3582e-03
Epoch: 1380/5000 - Time: 7.65s - Loss: 6.6573e-03 | a: 8.3744e-04, BC: 3.7308e-05, m: 8.8208e-04, u: 5.4505e-03, v: 1.2834e-02, pde_a: 1.3651e-03
Epoch: 1390/5000 - Time: 7.68s - Loss: 6.7020e-03 | a: 8.6098e-04, BC: 3.7980e-05, m: 8.9223e-04, u: 5.5560e-03, v: 1.2712e-02, pde_a: 1.3542e-03
Epoch: 1400/5000 - Time: 7.63s - Loss: 6.5940e-03 | a: 8.3197e-04, BC: 3.7837e-05, m: 8.8891e-04, u: 5.3809e-03, v: 1.2606e-02, pde_a: 1.3561e-03
Epoch: 1410/5000 - Time: 7.60s - Loss: 6.5837e-03 | a: 8.5728e-04, BC: 3.7656e-05, m: 8.8296e-04, u: 5.3016e-03, v: 1.2782e-02, pde_a: 1.3415e-03
Epoch: 1420/5000 - Time: 7.61s - Loss: 6.6816e-03 | a: 8.6919e-04, BC: 3.7491e-05, m: 8.6885e-04, u: 5.5193e-03, v: 1.2689e-02, pde_a: 1.3566e-03
Epoch: 1430/5000 - Time: 7.60s - Loss: 6.6618e-03 | a: 8.5885e-04, BC: 3.8541e-05, m: 8.8196e-04, u: 5.5584e-03, v: 1.2862e-02, pde_a: 1.3169e-03
Epoch: 1440/5000 - Time: 7.57s - Loss: 6.6883e-03 | a: 8.2675e-04, BC: 3.8802e-05, m: 8.7302e-04, u: 5.5735e-03, v: 1.2845e-02, pde_a: 1.3627e-03
Epoch: 1450/5000 - Time: 7.65s - Loss: 6.6345e-03 | a: 8.4859e-04, BC: 3.8443e-05, m: 8.9068e-04, u: 5.4333e-03, v: 1.2758e-02, pde_a: 1.3453e-03
Epoch: 1460/5000 - Time: 7.63s - Loss: 6.6972e-03 | a: 8.7645e-04, BC: 3.9464e-05, m: 8.9327e-04, u: 5.5511e-03, v: 1.2618e-02, pde_a: 1.3461e-03
Epoch: 1470/5000 - Time: 7.63s - Loss: 6.6849e-03 | a: 8.5895e-04, BC: 3.9477e-05, m: 8.7895e-04, u: 5.4592e-03, v: 1.2622e-02, pde_a: 1.3839e-03
Epoch: 1480/5000 - Time: 7.99s - Loss: 6.7498e-03 | a: 8.5029e-04, BC: 3.9448e-05, m: 8.9185e-04, u: 5.6952e-03, v: 1.2873e-02, pde_a: 1.3438e-03
Epoch: 1490/5000 - Time: 8.36s - Loss: 6.7087e-03 | a: 8.6612e-04, BC: 3.9060e-05, m: 8.9708e-04, u: 5.4651e-03, v: 1.2864e-02, pde_a: 1.3674e-03
Epoch: 1500/5000 - Time: 8.54s - Loss: 6.5474e-03 | a: 8.5846e-04, BC: 3.7600e-05, m: 8.8218e-04, u: 5.2196e-03, v: 1.2580e-02, pde_a: 1.3537e-03
Epoch: 1510/5000 - Time: 7.59s - Loss: 6.6938e-03 | a: 8.5994e-04, BC: 3.9032e-05, m: 8.9187e-04, u: 5.4269e-03, v: 1.2795e-02, pde_a: 1.3801e-03
Epoch: 1520/5000 - Time: 7.51s - Loss: 6.6028e-03 | a: 8.3671e-04, BC: 4.0416e-05, m: 8.8710e-04, u: 5.3961e-03, v: 1.2699e-02, pde_a: 1.3461e-03
Epoch: 1530/5000 - Time: 7.66s - Loss: 6.5709e-03 | a: 8.5169e-04, BC: 3.7771e-05, m: 8.8851e-04, u: 5.3081e-03, v: 1.2797e-02, pde_a: 1.3301e-03
Epoch: 1540/5000 - Time: 7.94s - Loss: 6.7580e-03 | a: 8.8265e-04, BC: 3.7777e-05, m: 8.9570e-04, u: 5.6951e-03, v: 1.2728e-02, pde_a: 1.3363e-03
Epoch: 1550/5000 - Time: 7.62s - Loss: 6.6448e-03 | a: 8.7996e-04, BC: 3.9492e-05, m: 8.8364e-04, u: 5.4055e-03, v: 1.2684e-02, pde_a: 1.3459e-03
Epoch: 1560/5000 - Time: 7.67s - Loss: 6.6818e-03 | a: 8.1981e-04, BC: 3.7473e-05, m: 8.7992e-04, u: 5.6648e-03, v: 1.2684e-02, pde_a: 1.3463e-03
Epoch: 1570/5000 - Time: 7.63s - Loss: 6.7081e-03 | a: 8.6164e-04, BC: 3.8635e-05, m: 8.8113e-04, u: 5.5804e-03, v: 1.2637e-02, pde_a: 1.3619e-03
Epoch: 1580/5000 - Time: 7.80s - Loss: 6.7315e-03 | a: 8.7367e-04, BC: 3.8958e-05, m: 8.7998e-04, u: 5.6115e-03, v: 1.2701e-02, pde_a: 1.3565e-03
Epoch: 1590/5000 - Time: 7.61s - Loss: 6.6339e-03 | a: 8.3727e-04, BC: 3.8114e-05, m: 8.9940e-04, u: 5.4590e-03, v: 1.2850e-02, pde_a: 1.3347e-03
Epoch: 1600/5000 - Time: 7.89s - Loss: 6.6740e-03 | a: 8.2875e-04, BC: 3.8556e-05, m: 8.9611e-04, u: 5.6621e-03, v: 1.2637e-02, pde_a: 1.3295e-03
Epoch: 1610/5000 - Time: 7.61s - Loss: 6.5942e-03 | a: 8.3298e-04, BC: 3.8140e-05, m: 8.8688e-04, u: 5.4096e-03, v: 1.2745e-02, pde_a: 1.3366e-03
Epoch: 1620/5000 - Time: 7.69s - Loss: 6.6653e-03 | a: 8.4394e-04, BC: 3.8645e-05, m: 8.8180e-04, u: 5.6258e-03, v: 1.2717e-02, pde_a: 1.3224e-03
Epoch: 1630/5000 - Time: 7.60s - Loss: 6.5012e-03 | a: 8.2505e-04, BC: 3.6849e-05, m: 8.8250e-04, u: 5.2414e-03, v: 1.2563e-02, pde_a: 1.3391e-03
Saving checkpoint at epoch 1630 with loss 6.5012e-03
Epoch: 1640/5000 - Time: 7.71s - Loss: 6.6055e-03 | a: 8.3027e-04, BC: 3.7952e-05, m: 8.8607e-04, u: 5.4626e-03, v: 1.2687e-02, pde_a: 1.3367e-03
Epoch: 1650/5000 - Time: 8.45s - Loss: 6.4764e-03 | a: 8.1762e-04, BC: 3.8254e-05, m: 8.8186e-04, u: 5.2440e-03, v: 1.2485e-02, pde_a: 1.3305e-03
Saving checkpoint at epoch 1650 with loss 6.4764e-03
Epoch: 1660/5000 - Time: 8.22s - Loss: 6.6532e-03 | a: 8.7030e-04, BC: 3.8732e-05, m: 8.8155e-04, u: 5.4332e-03, v: 1.2745e-02, pde_a: 1.3483e-03
Epoch: 1670/5000 - Time: 8.64s - Loss: 6.7336e-03 | a: 8.8825e-04, BC: 3.7950e-05, m: 8.8642e-04, u: 5.4607e-03, v: 1.2637e-02, pde_a: 1.3947e-03
Epoch: 1680/5000 - Time: 8.33s - Loss: 6.7907e-03 | a: 9.0753e-04, BC: 4.2053e-05, m: 8.9982e-04, u: 5.5131e-03, v: 1.2742e-02, pde_a: 1.3902e-03
Epoch: 1690/5000 - Time: 8.42s - Loss: 6.6262e-03 | a: 8.5139e-04, BC: 3.9408e-05, m: 8.8920e-04, u: 5.4121e-03, v: 1.2837e-02, pde_a: 1.3370e-03
Epoch: 1700/5000 - Time: 8.54s - Loss: 6.6567e-03 | a: 8.7731e-04, BC: 3.8554e-05, m: 8.8379e-04, u: 5.4628e-03, v: 1.2800e-02, pde_a: 1.3315e-03
Epoch: 1710/5000 - Time: 7.84s - Loss: 6.6141e-03 | a: 8.2855e-04, BC: 3.8369e-05, m: 8.8500e-04, u: 5.4227e-03, v: 1.2710e-02, pde_a: 1.3548e-03
Epoch: 1720/5000 - Time: 7.70s - Loss: 6.5415e-03 | a: 8.4179e-04, BC: 3.6937e-05, m: 8.8450e-04, u: 5.2964e-03, v: 1.2486e-02, pde_a: 1.3458e-03
Epoch: 1730/5000 - Time: 7.71s - Loss: 6.7243e-03 | a: 8.3018e-04, BC: 4.0067e-05, m: 8.8352e-04, u: 5.7830e-03, v: 1.2711e-02, pde_a: 1.3298e-03
Epoch: 1740/5000 - Time: 7.57s - Loss: 6.7574e-03 | a: 8.3618e-04, BC: 4.0215e-05, m: 8.9754e-04, u: 5.7024e-03, v: 1.2868e-02, pde_a: 1.3554e-03
Epoch: 1750/5000 - Time: 7.49s - Loss: 6.6010e-03 | a: 8.7249e-04, BC: 3.6976e-05, m: 8.8248e-04, u: 5.3077e-03, v: 1.2648e-02, pde_a: 1.3526e-03
Epoch: 1760/5000 - Time: 7.68s - Loss: 6.6804e-03 | a: 8.6041e-04, BC: 3.9868e-05, m: 8.8780e-04, u: 5.5739e-03, v: 1.2827e-02, pde_a: 1.3243e-03
Epoch: 1770/5000 - Time: 7.76s - Loss: 6.7000e-03 | a: 8.4047e-04, BC: 3.9223e-05, m: 8.7822e-04, u: 5.6024e-03, v: 1.2745e-02, pde_a: 1.3576e-03
Epoch: 1780/5000 - Time: 8.31s - Loss: 6.6238e-03 | a: 8.1266e-04, BC: 3.9118e-05, m: 8.7397e-04, u: 5.5820e-03, v: 1.2701e-02, pde_a: 1.3323e-03
Epoch: 1790/5000 - Time: 8.41s - Loss: 6.9124e-03 | a: 8.8643e-04, BC: 3.9145e-05, m: 9.0463e-04, u: 5.8535e-03, v: 1.2943e-02, pde_a: 1.3821e-03
Epoch: 1800/5000 - Time: 7.71s - Loss: 6.6005e-03 | a: 8.7103e-04, BC: 3.9747e-05, m: 8.8298e-04, u: 5.3373e-03, v: 1.2615e-02, pde_a: 1.3448e-03
Epoch: 1810/5000 - Time: 8.11s - Loss: 6.6478e-03 | a: 8.4846e-04, BC: 3.7899e-05, m: 8.8516e-04, u: 5.5055e-03, v: 1.2614e-02, pde_a: 1.3486e-03
Epoch: 1820/5000 - Time: 8.34s - Loss: 6.6307e-03 | a: 8.3014e-04, BC: 3.9167e-05, m: 8.8020e-04, u: 5.5005e-03, v: 1.2671e-02, pde_a: 1.3479e-03
Epoch: 1830/5000 - Time: 8.36s - Loss: 6.6508e-03 | a: 8.3823e-04, BC: 3.9933e-05, m: 8.7873e-04, u: 5.5724e-03, v: 1.2787e-02, pde_a: 1.3265e-03
Epoch: 1840/5000 - Time: 8.55s - Loss: 6.7584e-03 | a: 9.3843e-04, BC: 3.9381e-05, m: 8.7649e-04, u: 5.5415e-03, v: 1.2764e-02, pde_a: 1.3448e-03
Epoch: 1850/5000 - Time: 8.44s - Loss: 6.8685e-03 | a: 8.6043e-04, BC: 3.8610e-05, m: 9.0842e-04, u: 5.9716e-03, v: 1.2816e-02, pde_a: 1.3418e-03
Epoch: 1860/5000 - Time: 8.51s - Loss: 6.5108e-03 | a: 8.3348e-04, BC: 3.8493e-05, m: 8.7547e-04, u: 5.1955e-03, v: 1.2634e-02, pde_a: 1.3502e-03
Epoch: 1870/5000 - Time: 8.59s - Loss: 6.5621e-03 | a: 8.5876e-04, BC: 3.9641e-05, m: 8.9152e-04, u: 5.3573e-03, v: 1.2512e-02, pde_a: 1.3231e-03
Epoch: 1880/5000 - Time: 8.51s - Loss: 6.7634e-03 | a: 8.5931e-04, BC: 3.7975e-05, m: 8.7523e-04, u: 5.6372e-03, v: 1.2794e-02, pde_a: 1.3800e-03
Epoch: 1890/5000 - Time: 8.54s - Loss: 6.6658e-03 | a: 8.2650e-04, BC: 3.7283e-05, m: 8.7950e-04, u: 5.6298e-03, v: 1.2636e-02, pde_a: 1.3436e-03
Epoch: 1900/5000 - Time: 8.34s - Loss: 6.6095e-03 | a: 8.4281e-04, BC: 3.7065e-05, m: 8.7400e-04, u: 5.4316e-03, v: 1.2803e-02, pde_a: 1.3366e-03
Epoch: 1910/5000 - Time: 8.35s - Loss: 6.6402e-03 | a: 8.3222e-04, BC: 3.9373e-05, m: 8.8646e-04, u: 5.4465e-03, v: 1.2622e-02, pde_a: 1.3704e-03
Epoch: 1920/5000 - Time: 8.33s - Loss: 6.6275e-03 | a: 8.3722e-04, BC: 3.6344e-05, m: 8.8457e-04, u: 5.4741e-03, v: 1.2888e-02, pde_a: 1.3308e-03
Epoch: 1930/5000 - Time: 8.44s - Loss: 6.7175e-03 | a: 8.7910e-04, BC: 3.8107e-05, m: 8.8601e-04, u: 5.5990e-03, v: 1.2744e-02, pde_a: 1.3397e-03
Epoch: 1940/5000 - Time: 8.48s - Loss: 6.6054e-03 | a: 8.4556e-04, BC: 3.8598e-05, m: 8.7722e-04, u: 5.4603e-03, v: 1.2579e-02, pde_a: 1.3379e-03
Epoch: 1950/5000 - Time: 8.36s - Loss: 6.7090e-03 | a: 8.6552e-04, BC: 3.8261e-05, m: 8.7578e-04, u: 5.5173e-03, v: 1.2726e-02, pde_a: 1.3742e-03
Epoch: 1960/5000 - Time: 7.94s - Loss: 6.7048e-03 | a: 8.9403e-04, BC: 3.8040e-05, m: 8.7892e-04, u: 5.4058e-03, v: 1.2684e-02, pde_a: 1.3844e-03
Epoch: 1970/5000 - Time: 7.76s - Loss: 6.6398e-03 | a: 8.6696e-04, BC: 3.7754e-05, m: 8.8235e-04, u: 5.5432e-03, v: 1.2557e-02, pde_a: 1.3230e-03
Epoch: 1980/5000 - Time: 7.58s - Loss: 6.6701e-03 | a: 8.7494e-04, BC: 3.7259e-05, m: 8.7670e-04, u: 5.4877e-03, v: 1.2752e-02, pde_a: 1.3443e-03
Epoch: 1990/5000 - Time: 7.73s - Loss: 6.6070e-03 | a: 8.5993e-04, BC: 3.7763e-05, m: 8.8608e-04, u: 5.4083e-03, v: 1.2611e-02, pde_a: 1.3375e-03
Epoch: 2000/5000 - Time: 7.57s - Loss: 6.6334e-03 | a: 8.0390e-04, BC: 3.8856e-05, m: 8.8428e-04, u: 5.5297e-03, v: 1.2709e-02, pde_a: 1.3566e-03
Epoch: 2010/5000 - Time: 8.64s - Loss: 6.6199e-03 | a: 8.5955e-04, BC: 3.7339e-05, m: 8.7881e-04, u: 5.4878e-03, v: 1.2547e-02, pde_a: 1.3328e-03
Epoch: 2020/5000 - Time: 8.47s - Loss: 6.7850e-03 | a: 9.2190e-04, BC: 4.0281e-05, m: 8.8058e-04, u: 5.5267e-03, v: 1.2888e-02, pde_a: 1.3698e-03
Epoch: 2030/5000 - Time: 8.64s - Loss: 6.7844e-03 | a: 8.5490e-04, BC: 3.9180e-05, m: 8.8372e-04, u: 5.8198e-03, v: 1.2772e-02, pde_a: 1.3417e-03
Epoch: 2040/5000 - Time: 8.52s - Loss: 6.7783e-03 | a: 8.7681e-04, BC: 3.8584e-05, m: 8.7205e-04, u: 5.7175e-03, v: 1.2770e-02, pde_a: 1.3569e-03
Epoch: 2050/5000 - Time: 8.55s - Loss: 6.6180e-03 | a: 8.5121e-04, BC: 3.8823e-05, m: 8.9380e-04, u: 5.4910e-03, v: 1.2600e-02, pde_a: 1.3243e-03
Epoch: 2060/5000 - Time: 8.57s - Loss: 6.5017e-03 | a: 8.2750e-04, BC: 3.6180e-05, m: 8.7267e-04, u: 5.2876e-03, v: 1.2428e-02, pde_a: 1.3398e-03
Epoch: 2070/5000 - Time: 8.51s - Loss: 6.6937e-03 | a: 8.4085e-04, BC: 3.8345e-05, m: 8.9040e-04, u: 5.5140e-03, v: 1.2865e-02, pde_a: 1.3643e-03
Epoch: 2080/5000 - Time: 8.59s - Loss: 6.6220e-03 | a: 8.4806e-04, BC: 3.8631e-05, m: 8.7968e-04, u: 5.5036e-03, v: 1.2565e-02, pde_a: 1.3356e-03
Epoch: 2090/5000 - Time: 8.63s - Loss: 6.5943e-03 | a: 8.4271e-04, BC: 3.8747e-05, m: 8.8009e-04, u: 5.3979e-03, v: 1.2633e-02, pde_a: 1.3444e-03
Epoch: 2100/5000 - Time: 8.55s - Loss: 6.7551e-03 | a: 8.3093e-04, BC: 3.7617e-05, m: 8.8544e-04, u: 5.8344e-03, v: 1.2775e-02, pde_a: 1.3334e-03
Epoch: 2110/5000 - Time: 8.59s - Loss: 6.6345e-03 | a: 8.2512e-04, BC: 3.7627e-05, m: 8.7936e-04, u: 5.5755e-03, v: 1.2673e-02, pde_a: 1.3337e-03
Epoch: 2120/5000 - Time: 8.45s - Loss: 6.5535e-03 | a: 8.3375e-04, BC: 3.7068e-05, m: 8.8771e-04, u: 5.3637e-03, v: 1.2639e-02, pde_a: 1.3274e-03
Epoch: 2130/5000 - Time: 8.31s - Loss: 6.6965e-03 | a: 8.9553e-04, BC: 3.9123e-05, m: 8.7247e-04, u: 5.5521e-03, v: 1.2704e-02, pde_a: 1.3339e-03
Epoch: 2140/5000 - Time: 8.24s - Loss: 6.6689e-03 | a: 8.4126e-04, BC: 3.9402e-05, m: 8.8292e-04, u: 5.5157e-03, v: 1.2863e-02, pde_a: 1.3474e-03
Epoch: 2150/5000 - Time: 8.26s - Loss: 6.6618e-03 | a: 8.4338e-04, BC: 3.9379e-05, m: 8.8718e-04, u: 5.6219e-03, v: 1.2629e-02, pde_a: 1.3253e-03
Epoch: 2160/5000 - Time: 7.75s - Loss: 6.5992e-03 | a: 8.5625e-04, BC: 3.6560e-05, m: 8.7286e-04, u: 5.3571e-03, v: 1.2472e-02, pde_a: 1.3678e-03
Epoch: 2170/5000 - Time: 7.73s - Loss: 6.7521e-03 | a: 8.4137e-04, BC: 3.9345e-05, m: 8.8332e-04, u: 5.7133e-03, v: 1.2856e-02, pde_a: 1.3525e-03
Epoch: 2180/5000 - Time: 7.73s - Loss: 6.6401e-03 | a: 8.5575e-04, BC: 3.9405e-05, m: 8.7415e-04, u: 5.5824e-03, v: 1.2544e-02, pde_a: 1.3238e-03
Epoch: 2190/5000 - Time: 8.43s - Loss: 6.6351e-03 | a: 8.2731e-04, BC: 3.7086e-05, m: 8.8195e-04, u: 5.5376e-03, v: 1.2790e-02, pde_a: 1.3338e-03
Epoch: 2200/5000 - Time: 8.00s - Loss: 6.5572e-03 | a: 8.5155e-04, BC: 3.8810e-05, m: 8.7723e-04, u: 5.3170e-03, v: 1.2568e-02, pde_a: 1.3398e-03
Epoch: 2210/5000 - Time: 7.78s - Loss: 6.7687e-03 | a: 8.5215e-04, BC: 3.9174e-05, m: 8.9414e-04, u: 5.7350e-03, v: 1.2682e-02, pde_a: 1.3593e-03
Epoch: 2220/5000 - Time: 7.67s - Loss: 6.5875e-03 | a: 8.5168e-04, BC: 3.9572e-05, m: 8.7471e-04, u: 5.3652e-03, v: 1.2568e-02, pde_a: 1.3492e-03
Epoch: 2230/5000 - Time: 7.67s - Loss: 6.6451e-03 | a: 8.5493e-04, BC: 3.8301e-05, m: 8.8813e-04, u: 5.5404e-03, v: 1.2624e-02, pde_a: 1.3286e-03
Epoch: 2240/5000 - Time: 7.79s - Loss: 6.6193e-03 | a: 8.2779e-04, BC: 3.7736e-05, m: 8.7187e-04, u: 5.4861e-03, v: 1.2664e-02, pde_a: 1.3509e-03
Epoch: 2250/5000 - Time: 7.66s - Loss: 6.5688e-03 | a: 8.1882e-04, BC: 3.7193e-05, m: 8.7599e-04, u: 5.4402e-03, v: 1.2590e-02, pde_a: 1.3371e-03
Epoch: 2260/5000 - Time: 7.74s - Loss: 6.7086e-03 | a: 8.5336e-04, BC: 3.8115e-05, m: 8.7341e-04, u: 5.7027e-03, v: 1.2741e-02, pde_a: 1.3279e-03
Epoch: 2270/5000 - Time: 7.72s - Loss: 6.5769e-03 | a: 8.2493e-04, BC: 3.9597e-05, m: 8.7378e-04, u: 5.4542e-03, v: 1.2658e-02, pde_a: 1.3282e-03
Epoch: 2280/5000 - Time: 7.75s - Loss: 6.5691e-03 | a: 8.1234e-04, BC: 3.8370e-05, m: 8.6848e-04, u: 5.4482e-03, v: 1.2616e-02, pde_a: 1.3405e-03
Epoch: 2290/5000 - Time: 7.57s - Loss: 6.6938e-03 | a: 8.2984e-04, BC: 3.6638e-05, m: 8.8568e-04, u: 5.5729e-03, v: 1.2802e-02, pde_a: 1.3638e-03
Epoch: 2300/5000 - Time: 7.78s - Loss: 6.5971e-03 | a: 8.1954e-04, BC: 3.8498e-05, m: 8.7608e-04, u: 5.4628e-03, v: 1.2513e-02, pde_a: 1.3566e-03
Epoch: 2310/5000 - Time: 7.68s - Loss: 6.7147e-03 | a: 8.9461e-04, BC: 3.8816e-05, m: 8.7660e-04, u: 5.5358e-03, v: 1.2891e-02, pde_a: 1.3369e-03
Epoch: 2320/5000 - Time: 7.72s - Loss: 6.6902e-03 | a: 8.3411e-04, BC: 4.2278e-05, m: 8.7229e-04, u: 5.6527e-03, v: 1.2779e-02, pde_a: 1.3378e-03
Epoch: 2330/5000 - Time: 7.67s - Loss: 6.7590e-03 | a: 8.4348e-04, BC: 3.7758e-05, m: 8.8515e-04, u: 5.8270e-03, v: 1.2739e-02, pde_a: 1.3319e-03
Epoch: 2340/5000 - Time: 7.67s - Loss: 6.6432e-03 | a: 8.6349e-04, BC: 3.8213e-05, m: 8.8115e-04, u: 5.5574e-03, v: 1.2699e-02, pde_a: 1.3130e-03
Epoch: 2350/5000 - Time: 7.80s - Loss: 6.6727e-03 | a: 8.5327e-04, BC: 3.8006e-05, m: 8.7243e-04, u: 5.5581e-03, v: 1.2509e-02, pde_a: 1.3626e-03
Epoch: 2360/5000 - Time: 7.75s - Loss: 6.7186e-03 | a: 8.7949e-04, BC: 3.9523e-05, m: 8.8599e-04, u: 5.5543e-03, v: 1.2826e-02, pde_a: 1.3461e-03
Epoch: 2370/5000 - Time: 7.61s - Loss: 6.6036e-03 | a: 8.3131e-04, BC: 3.7344e-05, m: 8.7159e-04, u: 5.4544e-03, v: 1.2773e-02, pde_a: 1.3374e-03
Epoch: 2380/5000 - Time: 7.79s - Loss: 6.6241e-03 | a: 8.4643e-04, BC: 3.9120e-05, m: 8.7887e-04, u: 5.4731e-03, v: 1.2711e-02, pde_a: 1.3360e-03
Epoch: 2390/5000 - Time: 7.79s - Loss: 6.6425e-03 | a: 8.2525e-04, BC: 3.8646e-05, m: 8.8398e-04, u: 5.5113e-03, v: 1.2962e-02, pde_a: 1.3330e-03
Epoch: 2400/5000 - Time: 7.66s - Loss: 6.6607e-03 | a: 9.1702e-04, BC: 3.8035e-05, m: 8.7892e-04, u: 5.4755e-03, v: 1.2577e-02, pde_a: 1.3207e-03
Epoch: 2410/5000 - Time: 7.76s - Loss: 6.6281e-03 | a: 8.4208e-04, BC: 3.8117e-05, m: 8.8090e-04, u: 5.5565e-03, v: 1.2520e-02, pde_a: 1.3325e-03
Epoch: 2420/5000 - Time: 7.77s - Loss: 6.6880e-03 | a: 8.2726e-04, BC: 3.7683e-05, m: 8.7196e-04, u: 5.6193e-03, v: 1.2849e-02, pde_a: 1.3494e-03
Epoch: 2430/5000 - Time: 7.77s - Loss: 6.6230e-03 | a: 8.3746e-04, BC: 3.8421e-05, m: 8.8232e-04, u: 5.5205e-03, v: 1.2721e-02, pde_a: 1.3260e-03
Epoch: 2440/5000 - Time: 7.94s - Loss: 6.6752e-03 | a: 8.5470e-04, BC: 3.8641e-05, m: 8.6534e-04, u: 5.6000e-03, v: 1.2659e-02, pde_a: 1.3419e-03
Epoch: 2450/5000 - Time: 7.65s - Loss: 6.5504e-03 | a: 8.1448e-04, BC: 3.8150e-05, m: 8.6775e-04, u: 5.3938e-03, v: 1.2670e-02, pde_a: 1.3370e-03
Epoch: 2460/5000 - Time: 7.73s - Loss: 6.7562e-03 | a: 8.9883e-04, BC: 3.9137e-05, m: 8.6525e-04, u: 5.6701e-03, v: 1.2685e-02, pde_a: 1.3469e-03
Epoch: 2470/5000 - Time: 7.69s - Loss: 6.6667e-03 | a: 9.0592e-04, BC: 3.7585e-05, m: 8.7319e-04, u: 5.4927e-03, v: 1.2619e-02, pde_a: 1.3284e-03
Epoch: 2480/5000 - Time: 7.72s - Loss: 6.6794e-03 | a: 8.4087e-04, BC: 4.0249e-05, m: 8.7880e-04, u: 5.5620e-03, v: 1.2654e-02, pde_a: 1.3599e-03
Epoch: 2490/5000 - Time: 7.68s - Loss: 6.6723e-03 | a: 8.1842e-04, BC: 3.9721e-05, m: 8.8243e-04, u: 5.6625e-03, v: 1.2700e-02, pde_a: 1.3367e-03
Epoch: 2500/5000 - Time: 7.74s - Loss: 6.7614e-03 | a: 8.3412e-04, BC: 3.9025e-05, m: 8.9232e-04, u: 5.7840e-03, v: 1.2733e-02, pde_a: 1.3498e-03
Epoch: 2510/5000 - Time: 7.78s - Loss: 6.6195e-03 | a: 8.1764e-04, BC: 3.7181e-05, m: 8.7555e-04, u: 5.5264e-03, v: 1.2758e-02, pde_a: 1.3380e-03
Epoch: 2520/5000 - Time: 7.76s - Loss: 6.5554e-03 | a: 7.9318e-04, BC: 3.8306e-05, m: 8.6982e-04, u: 5.4145e-03, v: 1.2693e-02, pde_a: 1.3480e-03
Epoch: 2530/5000 - Time: 7.70s - Loss: 6.6930e-03 | a: 8.3799e-04, BC: 3.8570e-05, m: 8.8544e-04, u: 5.6258e-03, v: 1.2699e-02, pde_a: 1.3480e-03
Epoch: 2540/5000 - Time: 7.61s - Loss: 6.7046e-03 | a: 8.6376e-04, BC: 4.0481e-05, m: 8.8617e-04, u: 5.5820e-03, v: 1.2696e-02, pde_a: 1.3486e-03
Epoch: 2550/5000 - Time: 8.03s - Loss: 6.6190e-03 | a: 8.5496e-04, BC: 3.6795e-05, m: 8.8343e-04, u: 5.4170e-03, v: 1.2642e-02, pde_a: 1.3474e-03
Epoch: 2560/5000 - Time: 8.28s - Loss: 6.5628e-03 | a: 8.1545e-04, BC: 3.7721e-05, m: 8.7041e-04, u: 5.4798e-03, v: 1.2693e-02, pde_a: 1.3173e-03
Epoch: 2570/5000 - Time: 8.33s - Loss: 6.7020e-03 | a: 8.7683e-04, BC: 3.7920e-05, m: 8.7975e-04, u: 5.6148e-03, v: 1.2730e-02, pde_a: 1.3292e-03
Epoch: 2580/5000 - Time: 8.04s - Loss: 6.6221e-03 | a: 8.3130e-04, BC: 3.8833e-05, m: 8.7975e-04, u: 5.4811e-03, v: 1.2698e-02, pde_a: 1.3446e-03
Epoch: 2590/5000 - Time: 7.63s - Loss: 6.6777e-03 | a: 8.6307e-04, BC: 3.8585e-05, m: 8.8106e-04, u: 5.5818e-03, v: 1.2652e-02, pde_a: 1.3359e-03
Epoch: 2600/5000 - Time: 7.62s - Loss: 6.7465e-03 | a: 8.5347e-04, BC: 3.8017e-05, m: 8.8726e-04, u: 5.7921e-03, v: 1.2668e-02, pde_a: 1.3295e-03
Epoch: 2610/5000 - Time: 7.57s - Loss: 6.5848e-03 | a: 8.1717e-04, BC: 3.9185e-05, m: 8.8141e-04, u: 5.5933e-03, v: 1.2467e-02, pde_a: 1.3106e-03
Epoch: 2620/5000 - Time: 7.61s - Loss: 6.6832e-03 | a: 8.9966e-04, BC: 3.9838e-05, m: 8.8533e-04, u: 5.4427e-03, v: 1.2673e-02, pde_a: 1.3490e-03
Epoch: 2630/5000 - Time: 7.59s - Loss: 6.5427e-03 | a: 8.2573e-04, BC: 3.6557e-05, m: 8.7395e-04, u: 5.3712e-03, v: 1.2588e-02, pde_a: 1.3340e-03
Epoch: 2640/5000 - Time: 7.89s - Loss: 6.5592e-03 | a: 8.2530e-04, BC: 3.7778e-05, m: 8.8180e-04, u: 5.4598e-03, v: 1.2591e-02, pde_a: 1.3157e-03
Epoch: 2650/5000 - Time: 8.02s - Loss: 6.7162e-03 | a: 8.5731e-04, BC: 4.0370e-05, m: 8.8012e-04, u: 5.6716e-03, v: 1.2704e-02, pde_a: 1.3381e-03
Epoch: 2660/5000 - Time: 7.96s - Loss: 6.6292e-03 | a: 8.4729e-04, BC: 3.9916e-05, m: 8.6971e-04, u: 5.5160e-03, v: 1.2785e-02, pde_a: 1.3243e-03
Epoch: 2670/5000 - Time: 8.14s - Loss: 6.7421e-03 | a: 8.8789e-04, BC: 3.8640e-05, m: 8.8436e-04, u: 5.6444e-03, v: 1.2755e-02, pde_a: 1.3378e-03
Epoch: 2680/5000 - Time: 7.68s - Loss: 6.5943e-03 | a: 8.5931e-04, BC: 3.9696e-05, m: 8.8625e-04, u: 5.3081e-03, v: 1.2565e-02, pde_a: 1.3602e-03
Epoch: 2690/5000 - Time: 7.74s - Loss: 6.5816e-03 | a: 8.2459e-04, BC: 3.7473e-05, m: 8.7901e-04, u: 5.4847e-03, v: 1.2489e-02, pde_a: 1.3356e-03
Epoch: 2700/5000 - Time: 7.63s - Loss: 6.6433e-03 | a: 8.9972e-04, BC: 3.8422e-05, m: 8.8170e-04, u: 5.4345e-03, v: 1.2625e-02, pde_a: 1.3275e-03
Epoch: 2710/5000 - Time: 7.64s - Loss: 6.7462e-03 | a: 8.6676e-04, BC: 3.9190e-05, m: 8.7995e-04, u: 5.6925e-03, v: 1.2742e-02, pde_a: 1.3455e-03
Epoch: 2720/5000 - Time: 7.66s - Loss: 6.7335e-03 | a: 8.5732e-04, BC: 4.1175e-05, m: 8.7910e-04, u: 5.6089e-03, v: 1.2773e-02, pde_a: 1.3643e-03
Epoch: 2730/5000 - Time: 7.64s - Loss: 6.6026e-03 | a: 8.6233e-04, BC: 3.8152e-05, m: 8.7435e-04, u: 5.4092e-03, v: 1.2768e-02, pde_a: 1.3249e-03
Epoch: 2740/5000 - Time: 7.61s - Loss: 6.5161e-03 | a: 8.2008e-04, BC: 3.6184e-05, m: 8.6905e-04, u: 5.3451e-03, v: 1.2583e-02, pde_a: 1.3287e-03
Epoch: 2750/5000 - Time: 7.55s - Loss: 6.7417e-03 | a: 8.4901e-04, BC: 3.8049e-05, m: 8.7719e-04, u: 5.7834e-03, v: 1.2780e-02, pde_a: 1.3277e-03
Epoch: 2760/5000 - Time: 8.44s - Loss: 6.6090e-03 | a: 8.0157e-04, BC: 3.7052e-05, m: 8.7978e-04, u: 5.6431e-03, v: 1.2638e-02, pde_a: 1.3150e-03
Epoch: 2770/5000 - Time: 8.63s - Loss: 6.5164e-03 | a: 8.2868e-04, BC: 3.8582e-05, m: 8.7035e-04, u: 5.3036e-03, v: 1.2525e-02, pde_a: 1.3370e-03
Epoch: 2780/5000 - Time: 8.10s - Loss: 6.6342e-03 | a: 8.3355e-04, BC: 3.6917e-05, m: 8.7747e-04, u: 5.6090e-03, v: 1.2638e-02, pde_a: 1.3212e-03
Epoch: 2790/5000 - Time: 7.62s - Loss: 6.5474e-03 | a: 8.1392e-04, BC: 3.8833e-05, m: 8.8271e-04, u: 5.4346e-03, v: 1.2561e-02, pde_a: 1.3240e-03
Epoch: 2800/5000 - Time: 7.62s - Loss: 6.5603e-03 | a: 8.2038e-04, BC: 3.9535e-05, m: 8.7272e-04, u: 5.4160e-03, v: 1.2594e-02, pde_a: 1.3360e-03
Epoch: 2810/5000 - Time: 7.59s - Loss: 6.6395e-03 | a: 8.5876e-04, BC: 3.9262e-05, m: 8.8092e-04, u: 5.5461e-03, v: 1.2656e-02, pde_a: 1.3199e-03
Epoch: 2820/5000 - Time: 7.55s - Loss: 6.5904e-03 | a: 8.1937e-04, BC: 3.7111e-05, m: 8.7855e-04, u: 5.5110e-03, v: 1.2642e-02, pde_a: 1.3269e-03
Epoch: 2830/5000 - Time: 7.68s - Loss: 6.6683e-03 | a: 8.6985e-04, BC: 3.8163e-05, m: 8.8726e-04, u: 5.5755e-03, v: 1.2763e-02, pde_a: 1.3140e-03
Epoch: 2840/5000 - Time: 7.88s - Loss: 6.6650e-03 | a: 8.0941e-04, BC: 3.9269e-05, m: 8.8233e-04, u: 5.7018e-03, v: 1.2668e-02, pde_a: 1.3291e-03
Epoch: 2850/5000 - Time: 7.83s - Loss: 6.6253e-03 | a: 8.1845e-04, BC: 3.7958e-05, m: 8.8431e-04, u: 5.6014e-03, v: 1.2778e-02, pde_a: 1.3130e-03
Epoch: 2860/5000 - Time: 7.57s - Loss: 6.7025e-03 | a: 8.3635e-04, BC: 3.7861e-05, m: 8.7971e-04, u: 5.6406e-03, v: 1.2783e-02, pde_a: 1.3488e-03
Epoch: 2870/5000 - Time: 7.82s - Loss: 6.9124e-03 | a: 8.8897e-04, BC: 4.2194e-05, m: 8.8060e-04, u: 6.0294e-03, v: 1.2669e-02, pde_a: 1.3585e-03
Epoch: 2880/5000 - Time: 7.79s - Loss: 6.7779e-03 | a: 8.8746e-04, BC: 3.9044e-05, m: 8.7477e-04, u: 5.8305e-03, v: 1.2604e-02, pde_a: 1.3263e-03
Epoch: 2890/5000 - Time: 7.78s - Loss: 6.6825e-03 | a: 8.4086e-04, BC: 4.1191e-05, m: 8.9078e-04, u: 5.6132e-03, v: 1.2837e-02, pde_a: 1.3260e-03
Epoch: 2900/5000 - Time: 7.67s - Loss: 6.8267e-03 | a: 8.4845e-04, BC: 3.8504e-05, m: 8.8305e-04, u: 5.9551e-03, v: 1.2523e-02, pde_a: 1.3593e-03
Epoch: 2910/5000 - Time: 7.67s - Loss: 6.6121e-03 | a: 8.2644e-04, BC: 3.8249e-05, m: 8.8302e-04, u: 5.6076e-03, v: 1.2586e-02, pde_a: 1.3106e-03
Epoch: 2920/5000 - Time: 7.72s - Loss: 6.5999e-03 | a: 8.5038e-04, BC: 3.7612e-05, m: 8.7390e-04, u: 5.4833e-03, v: 1.2579e-02, pde_a: 1.3254e-03
Epoch: 2930/5000 - Time: 7.84s - Loss: 6.7217e-03 | a: 8.6294e-04, BC: 3.7650e-05, m: 8.8113e-04, u: 5.7568e-03, v: 1.2747e-02, pde_a: 1.3108e-03
Epoch: 2940/5000 - Time: 7.71s - Loss: 6.7522e-03 | a: 8.4970e-04, BC: 3.8407e-05, m: 8.7949e-04, u: 5.8475e-03, v: 1.2744e-02, pde_a: 1.3176e-03
Epoch: 2950/5000 - Time: 7.77s - Loss: 6.5954e-03 | a: 8.0434e-04, BC: 3.7234e-05, m: 8.6849e-04, u: 5.6357e-03, v: 1.2551e-02, pde_a: 1.3168e-03
Epoch: 2960/5000 - Time: 7.75s - Loss: 6.6147e-03 | a: 8.2337e-04, BC: 3.8485e-05, m: 8.7440e-04, u: 5.5580e-03, v: 1.2731e-02, pde_a: 1.3222e-03
Epoch: 2970/5000 - Time: 7.80s - Loss: 6.5618e-03 | a: 8.2294e-04, BC: 3.8858e-05, m: 8.7586e-04, u: 5.4320e-03, v: 1.2827e-02, pde_a: 1.3110e-03
Epoch: 2980/5000 - Time: 8.17s - Loss: 6.6204e-03 | a: 8.5395e-04, BC: 3.5529e-05, m: 8.7186e-04, u: 5.4693e-03, v: 1.2543e-02, pde_a: 1.3480e-03
Epoch: 2990/5000 - Time: 7.81s - Loss: 6.5396e-03 | a: 8.2905e-04, BC: 4.0676e-05, m: 8.7426e-04, u: 5.3637e-03, v: 1.2667e-02, pde_a: 1.3217e-03
Epoch: 3000/5000 - Time: 7.65s - Loss: 6.8486e-03 | a: 8.4974e-04, BC: 3.9743e-05, m: 8.9287e-04, u: 6.0153e-03, v: 1.2833e-02, pde_a: 1.3269e-03
Epoch: 3010/5000 - Time: 7.71s - Loss: 6.7350e-03 | a: 8.5065e-04, BC: 3.9944e-05, m: 8.7113e-04, u: 5.6118e-03, v: 1.2615e-02, pde_a: 1.3871e-03
Epoch: 3020/5000 - Time: 7.82s - Loss: 6.6564e-03 | a: 8.5338e-04, BC: 4.0289e-05, m: 8.7270e-04, u: 5.5431e-03, v: 1.2591e-02, pde_a: 1.3462e-03
Epoch: 3030/5000 - Time: 7.72s - Loss: 6.6666e-03 | a: 8.1449e-04, BC: 3.7618e-05, m: 8.7247e-04, u: 5.6488e-03, v: 1.2683e-02, pde_a: 1.3471e-03
Epoch: 3040/5000 - Time: 7.70s - Loss: 6.5266e-03 | a: 8.5278e-04, BC: 3.8862e-05, m: 8.7522e-04, u: 5.3102e-03, v: 1.2572e-02, pde_a: 1.3181e-03
Epoch: 3050/5000 - Time: 7.69s - Loss: 6.6301e-03 | a: 8.2075e-04, BC: 4.1717e-05, m: 8.6284e-04, u: 5.6162e-03, v: 1.2726e-02, pde_a: 1.3221e-03
Epoch: 3060/5000 - Time: 7.68s - Loss: 6.5136e-03 | a: 8.1593e-04, BC: 3.7818e-05, m: 8.7042e-04, u: 5.3707e-03, v: 1.2537e-02, pde_a: 1.3241e-03
Epoch: 3070/5000 - Time: 7.84s - Loss: 6.5630e-03 | a: 8.2213e-04, BC: 3.7594e-05, m: 8.8679e-04, u: 5.4330e-03, v: 1.2526e-02, pde_a: 1.3319e-03
Epoch: 3080/5000 - Time: 7.72s - Loss: 6.5594e-03 | a: 8.4353e-04, BC: 3.8508e-05, m: 8.7253e-04, u: 5.4605e-03, v: 1.2519e-02, pde_a: 1.3111e-03
Epoch: 3090/5000 - Time: 7.78s - Loss: 6.5998e-03 | a: 8.8060e-04, BC: 3.6887e-05, m: 8.7717e-04, u: 5.4503e-03, v: 1.2616e-02, pde_a: 1.3081e-03
Epoch: 3100/5000 - Time: 7.80s - Loss: 6.5718e-03 | a: 8.5141e-04, BC: 3.7903e-05, m: 8.7697e-04, u: 5.3997e-03, v: 1.2601e-02, pde_a: 1.3246e-03
Epoch: 3110/5000 - Time: 7.70s - Loss: 6.6009e-03 | a: 8.1396e-04, BC: 4.1386e-05, m: 8.8305e-04, u: 5.5495e-03, v: 1.2631e-02, pde_a: 1.3229e-03
Epoch: 3120/5000 - Time: 7.88s - Loss: 6.6455e-03 | a: 8.2833e-04, BC: 3.7291e-05, m: 8.9051e-04, u: 5.7065e-03, v: 1.2635e-02, pde_a: 1.2985e-03
Epoch: 3130/5000 - Time: 7.69s - Loss: 6.5701e-03 | a: 8.0972e-04, BC: 4.0050e-05, m: 8.7064e-04, u: 5.4413e-03, v: 1.2775e-02, pde_a: 1.3304e-03
Epoch: 3140/5000 - Time: 7.74s - Loss: 6.5561e-03 | a: 8.1684e-04, BC: 3.7735e-05, m: 8.7208e-04, u: 5.4090e-03, v: 1.2508e-02, pde_a: 1.3462e-03
Epoch: 3150/5000 - Time: 7.65s - Loss: 6.6573e-03 | a: 8.1874e-04, BC: 3.8048e-05, m: 8.7298e-04, u: 5.6889e-03, v: 1.2489e-02, pde_a: 1.3396e-03
Epoch: 3160/5000 - Time: 7.73s - Loss: 6.6023e-03 | a: 8.5315e-04, BC: 3.7315e-05, m: 8.7530e-04, u: 5.4880e-03, v: 1.2498e-02, pde_a: 1.3297e-03
Epoch: 3170/5000 - Time: 7.80s - Loss: 6.6238e-03 | a: 8.0098e-04, BC: 3.7835e-05, m: 8.8661e-04, u: 5.6448e-03, v: 1.2767e-02, pde_a: 1.3123e-03
Epoch: 3180/5000 - Time: 7.75s - Loss: 6.5844e-03 | a: 8.3965e-04, BC: 4.0012e-05, m: 8.8534e-04, u: 5.4603e-03, v: 1.2569e-02, pde_a: 1.3222e-03
Epoch: 3190/5000 - Time: 7.67s - Loss: 6.5594e-03 | a: 8.2886e-04, BC: 3.9187e-05, m: 8.7928e-04, u: 5.2994e-03, v: 1.2606e-02, pde_a: 1.3598e-03
Epoch: 3200/5000 - Time: 7.73s - Loss: 6.5368e-03 | a: 7.9917e-04, BC: 3.7187e-05, m: 8.7856e-04, u: 5.4566e-03, v: 1.2521e-02, pde_a: 1.3270e-03
Epoch: 3210/5000 - Time: 7.65s - Loss: 6.6534e-03 | a: 8.7769e-04, BC: 3.8994e-05, m: 8.6659e-04, u: 5.5380e-03, v: 1.2635e-02, pde_a: 1.3271e-03
Epoch: 3220/5000 - Time: 7.70s - Loss: 6.5493e-03 | a: 8.3583e-04, BC: 3.8266e-05, m: 8.7683e-04, u: 5.4435e-03, v: 1.2461e-02, pde_a: 1.3172e-03
Epoch: 3230/5000 - Time: 7.71s - Loss: 6.7085e-03 | a: 8.2196e-04, BC: 3.9329e-05, m: 8.7901e-04, u: 5.7823e-03, v: 1.2673e-02, pde_a: 1.3300e-03
Epoch: 3240/5000 - Time: 7.81s - Loss: 6.5895e-03 | a: 8.5391e-04, BC: 3.7450e-05, m: 8.8349e-04, u: 5.4128e-03, v: 1.2653e-02, pde_a: 1.3255e-03
Epoch: 3250/5000 - Time: 7.74s - Loss: 6.5668e-03 | a: 8.1751e-04, BC: 3.8431e-05, m: 8.7323e-04, u: 5.4901e-03, v: 1.2594e-02, pde_a: 1.3217e-03
Epoch: 3260/5000 - Time: 7.79s - Loss: 6.6768e-03 | a: 8.3100e-04, BC: 3.9937e-05, m: 8.7731e-04, u: 5.6674e-03, v: 1.2748e-02, pde_a: 1.3274e-03
Epoch: 3270/5000 - Time: 7.71s - Loss: 6.5818e-03 | a: 8.3750e-04, BC: 3.9001e-05, m: 8.9484e-04, u: 5.4617e-03, v: 1.2729e-02, pde_a: 1.3049e-03
Epoch: 3280/5000 - Time: 7.70s - Loss: 6.7210e-03 | a: 8.2439e-04, BC: 3.7427e-05, m: 8.7322e-04, u: 5.7238e-03, v: 1.2819e-02, pde_a: 1.3478e-03
Epoch: 3290/5000 - Time: 7.72s - Loss: 6.6532e-03 | a: 8.8337e-04, BC: 3.9426e-05, m: 8.8438e-04, u: 5.6200e-03, v: 1.2683e-02, pde_a: 1.2856e-03
Epoch: 3300/5000 - Time: 7.71s - Loss: 6.6220e-03 | a: 8.2219e-04, BC: 3.8120e-05, m: 8.7284e-04, u: 5.5378e-03, v: 1.2643e-02, pde_a: 1.3427e-03
Epoch: 3310/5000 - Time: 7.79s - Loss: 6.5652e-03 | a: 8.3281e-04, BC: 3.6196e-05, m: 8.6808e-04, u: 5.4779e-03, v: 1.2579e-02, pde_a: 1.3178e-03
Epoch: 3320/5000 - Time: 7.75s - Loss: 6.6386e-03 | a: 9.3139e-04, BC: 3.7237e-05, m: 8.7237e-04, u: 5.3580e-03, v: 1.2548e-02, pde_a: 1.3339e-03
Epoch: 3330/5000 - Time: 7.74s - Loss: 6.6483e-03 | a: 8.7456e-04, BC: 3.9301e-05, m: 8.7325e-04, u: 5.5451e-03, v: 1.2605e-02, pde_a: 1.3225e-03
Epoch: 3340/5000 - Time: 7.62s - Loss: 6.5876e-03 | a: 8.2149e-04, BC: 3.7733e-05, m: 8.7022e-04, u: 5.4799e-03, v: 1.2687e-02, pde_a: 1.3322e-03
Epoch: 3350/5000 - Time: 7.64s - Loss: 6.7319e-03 | a: 8.2895e-04, BC: 3.8535e-05, m: 8.7437e-04, u: 5.8885e-03, v: 1.2600e-02, pde_a: 1.3195e-03
Epoch: 3360/5000 - Time: 7.70s - Loss: 6.5930e-03 | a: 8.3342e-04, BC: 3.8114e-05, m: 8.7538e-04, u: 5.5145e-03, v: 1.2610e-02, pde_a: 1.3203e-03
Epoch: 3370/5000 - Time: 7.72s - Loss: 6.6591e-03 | a: 8.4193e-04, BC: 3.8192e-05, m: 8.7467e-04, u: 5.6392e-03, v: 1.2674e-02, pde_a: 1.3224e-03
Epoch: 3380/5000 - Time: 7.92s - Loss: 6.7287e-03 | a: 8.5492e-04, BC: 3.8180e-05, m: 8.6340e-04, u: 5.6797e-03, v: 1.2726e-02, pde_a: 1.3550e-03
Epoch: 3390/5000 - Time: 7.65s - Loss: 6.6737e-03 | a: 8.4990e-04, BC: 3.7191e-05, m: 8.6663e-04, u: 5.6161e-03, v: 1.2638e-02, pde_a: 1.3419e-03
Epoch: 3400/5000 - Time: 7.90s - Loss: 6.7034e-03 | a: 8.3189e-04, BC: 3.8544e-05, m: 8.8880e-04, u: 5.7413e-03, v: 1.2747e-02, pde_a: 1.3208e-03
Epoch: 3410/5000 - Time: 7.72s - Loss: 6.5617e-03 | a: 8.2649e-04, BC: 3.7989e-05, m: 8.6045e-04, u: 5.4790e-03, v: 1.2596e-02, pde_a: 1.3205e-03
Epoch: 3420/5000 - Time: 7.69s - Loss: 6.6400e-03 | a: 8.5230e-04, BC: 3.6947e-05, m: 8.7896e-04, u: 5.5763e-03, v: 1.2528e-02, pde_a: 1.3290e-03
Epoch: 3430/5000 - Time: 7.64s - Loss: 6.5973e-03 | a: 8.5498e-04, BC: 3.7324e-05, m: 8.7981e-04, u: 5.5660e-03, v: 1.2509e-02, pde_a: 1.2982e-03
Epoch: 3440/5000 - Time: 7.77s - Loss: 6.6977e-03 | a: 8.8401e-04, BC: 3.8769e-05, m: 8.7520e-04, u: 5.5650e-03, v: 1.2691e-02, pde_a: 1.3398e-03
Epoch: 3450/5000 - Time: 7.74s - Loss: 6.6687e-03 | a: 8.1920e-04, BC: 3.8512e-05, m: 8.7792e-04, u: 5.6757e-03, v: 1.2728e-02, pde_a: 1.3301e-03
Epoch: 3460/5000 - Time: 7.72s - Loss: 6.6290e-03 | a: 8.2598e-04, BC: 3.5945e-05, m: 8.6117e-04, u: 5.6563e-03, v: 1.2506e-02, pde_a: 1.3279e-03
Epoch: 3470/5000 - Time: 7.64s - Loss: 6.7394e-03 | a: 8.5878e-04, BC: 3.7745e-05, m: 8.7669e-04, u: 5.7619e-03, v: 1.2732e-02, pde_a: 1.3292e-03
Epoch: 3480/5000 - Time: 7.68s - Loss: 6.6306e-03 | a: 8.5064e-04, BC: 3.7976e-05, m: 8.7657e-04, u: 5.5061e-03, v: 1.2671e-02, pde_a: 1.3330e-03
Epoch: 3490/5000 - Time: 7.87s - Loss: 6.5999e-03 | a: 9.1239e-04, BC: 3.9547e-05, m: 8.7253e-04, u: 5.4289e-03, v: 1.2513e-02, pde_a: 1.2985e-03
Epoch: 3500/5000 - Time: 7.74s - Loss: 6.6505e-03 | a: 8.0865e-04, BC: 3.8779e-05, m: 8.8762e-04, u: 5.7114e-03, v: 1.2364e-02, pde_a: 1.3377e-03
Epoch: 3510/5000 - Time: 7.83s - Loss: 6.6873e-03 | a: 8.6960e-04, BC: 3.8121e-05, m: 8.7267e-04, u: 5.5507e-03, v: 1.2834e-02, pde_a: 1.3375e-03
Epoch: 3520/5000 - Time: 7.68s - Loss: 6.7218e-03 | a: 8.5563e-04, BC: 4.0036e-05, m: 8.7669e-04, u: 5.7317e-03, v: 1.2818e-02, pde_a: 1.3185e-03
Epoch: 3530/5000 - Time: 7.75s - Loss: 6.7296e-03 | a: 8.2110e-04, BC: 3.7284e-05, m: 8.7741e-04, u: 5.8684e-03, v: 1.2553e-02, pde_a: 1.3330e-03
Epoch: 3540/5000 - Time: 7.74s - Loss: 6.7087e-03 | a: 8.7506e-04, BC: 3.7249e-05, m: 8.6501e-04, u: 5.6693e-03, v: 1.2765e-02, pde_a: 1.3241e-03
Epoch: 3550/5000 - Time: 7.67s - Loss: 6.7010e-03 | a: 8.1459e-04, BC: 3.9203e-05, m: 8.7341e-04, u: 5.6825e-03, v: 1.2772e-02, pde_a: 1.3546e-03
Epoch: 3560/5000 - Time: 7.70s - Loss: 6.6204e-03 | a: 8.5318e-04, BC: 3.7459e-05, m: 8.7519e-04, u: 5.5941e-03, v: 1.2563e-02, pde_a: 1.3067e-03
Epoch: 3570/5000 - Time: 7.80s - Loss: 6.6455e-03 | a: 8.0652e-04, BC: 3.7162e-05, m: 8.7005e-04, u: 5.6641e-03, v: 1.2677e-02, pde_a: 1.3344e-03
Epoch: 3580/5000 - Time: 7.81s - Loss: 6.7830e-03 | a: 9.0295e-04, BC: 3.9039e-05, m: 8.7052e-04, u: 5.8163e-03, v: 1.2655e-02, pde_a: 1.3205e-03
Epoch: 3590/5000 - Time: 7.76s - Loss: 6.6445e-03 | a: 8.1421e-04, BC: 3.7307e-05, m: 8.6969e-04, u: 5.6870e-03, v: 1.2674e-02, pde_a: 1.3212e-03
Epoch: 3600/5000 - Time: 7.62s - Loss: 6.7294e-03 | a: 8.7021e-04, BC: 3.9598e-05, m: 8.7140e-04, u: 5.8339e-03, v: 1.2645e-02, pde_a: 1.2993e-03
Epoch: 3610/5000 - Time: 7.89s - Loss: 6.4680e-03 | a: 8.2385e-04, BC: 3.6838e-05, m: 8.6225e-04, u: 5.2912e-03, v: 1.2416e-02, pde_a: 1.3211e-03
Saving checkpoint at epoch 3610 with loss 6.4680e-03
Epoch: 3620/5000 - Time: 7.98s - Loss: 6.5033e-03 | a: 8.0920e-04, BC: 3.7097e-05, m: 8.7752e-04, u: 5.3918e-03, v: 1.2606e-02, pde_a: 1.3068e-03
Epoch: 3630/5000 - Time: 7.77s - Loss: 6.6353e-03 | a: 8.0565e-04, BC: 3.8357e-05, m: 8.7034e-04, u: 5.6147e-03, v: 1.2699e-02, pde_a: 1.3392e-03
Epoch: 3640/5000 - Time: 7.73s - Loss: 6.6462e-03 | a: 8.5753e-04, BC: 3.7892e-05, m: 8.6667e-04, u: 5.5980e-03, v: 1.2806e-02, pde_a: 1.3064e-03
Epoch: 3650/5000 - Time: 7.77s - Loss: 6.7039e-03 | a: 8.4731e-04, BC: 3.9320e-05, m: 8.6406e-04, u: 5.7163e-03, v: 1.2682e-02, pde_a: 1.3331e-03
Epoch: 3660/5000 - Time: 7.87s - Loss: 6.7080e-03 | a: 8.1963e-04, BC: 3.6610e-05, m: 8.6292e-04, u: 5.7029e-03, v: 1.2749e-02, pde_a: 1.3588e-03
Epoch: 3670/5000 - Time: 7.81s - Loss: 6.6802e-03 | a: 8.2368e-04, BC: 3.7973e-05, m: 8.7830e-04, u: 5.8044e-03, v: 1.2671e-02, pde_a: 1.3019e-03
Epoch: 3680/5000 - Time: 7.78s - Loss: 6.7424e-03 | a: 9.1677e-04, BC: 4.0931e-05, m: 8.7131e-04, u: 5.6234e-03, v: 1.2689e-02, pde_a: 1.3319e-03
Epoch: 3690/5000 - Time: 7.67s - Loss: 6.5878e-03 | a: 8.1170e-04, BC: 3.6800e-05, m: 8.7045e-04, u: 5.5804e-03, v: 1.2487e-02, pde_a: 1.3263e-03
Epoch: 3700/5000 - Time: 7.74s - Loss: 6.7291e-03 | a: 8.4363e-04, BC: 3.7923e-05, m: 8.8182e-04, u: 5.7401e-03, v: 1.2684e-02, pde_a: 1.3406e-03
Epoch: 3710/5000 - Time: 7.66s - Loss: 6.6392e-03 | a: 8.3210e-04, BC: 3.9327e-05, m: 8.7914e-04, u: 5.6321e-03, v: 1.2489e-02, pde_a: 1.3285e-03
Epoch: 3720/5000 - Time: 7.67s - Loss: 6.4997e-03 | a: 8.2885e-04, BC: 3.7464e-05, m: 8.7090e-04, u: 5.3451e-03, v: 1.2534e-02, pde_a: 1.3115e-03
Epoch: 3730/5000 - Time: 7.72s - Loss: 6.6332e-03 | a: 8.0305e-04, BC: 3.8195e-05, m: 8.6987e-04, u: 5.5918e-03, v: 1.2910e-02, pde_a: 1.3301e-03
Epoch: 3740/5000 - Time: 8.00s - Loss: 6.6671e-03 | a: 8.1088e-04, BC: 3.8993e-05, m: 8.7699e-04, u: 5.7041e-03, v: 1.2672e-02, pde_a: 1.3313e-03
Epoch: 3750/5000 - Time: 7.77s - Loss: 6.7262e-03 | a: 8.3268e-04, BC: 3.6603e-05, m: 8.7772e-04, u: 5.6999e-03, v: 1.2677e-02, pde_a: 1.3623e-03
Epoch: 3760/5000 - Time: 7.68s - Loss: 6.6729e-03 | a: 8.3452e-04, BC: 3.8836e-05, m: 8.7379e-04, u: 5.6775e-03, v: 1.2781e-02, pde_a: 1.3187e-03
Epoch: 3770/5000 - Time: 8.08s - Loss: 6.5251e-03 | a: 8.1752e-04, BC: 3.7976e-05, m: 8.6207e-04, u: 5.3743e-03, v: 1.2606e-02, pde_a: 1.3290e-03
Epoch: 3780/5000 - Time: 8.58s - Loss: 6.6467e-03 | a: 8.2053e-04, BC: 3.8736e-05, m: 8.6786e-04, u: 5.6841e-03, v: 1.2816e-02, pde_a: 1.3074e-03
Epoch: 3790/5000 - Time: 8.58s - Loss: 6.7267e-03 | a: 8.4561e-04, BC: 3.8679e-05, m: 8.7679e-04, u: 5.7460e-03, v: 1.2719e-02, pde_a: 1.3345e-03
Epoch: 3800/5000 - Time: 8.42s - Loss: 6.7161e-03 | a: 8.5356e-04, BC: 3.8884e-05, m: 8.7365e-04, u: 5.7795e-03, v: 1.2788e-02, pde_a: 1.3062e-03
Epoch: 3810/5000 - Time: 8.52s - Loss: 6.7175e-03 | a: 8.1248e-04, BC: 3.8767e-05, m: 8.7755e-04, u: 5.8913e-03, v: 1.2628e-02, pde_a: 1.3163e-03
Epoch: 3820/5000 - Time: 7.69s - Loss: 6.6756e-03 | a: 8.2481e-04, BC: 3.9425e-05, m: 8.7549e-04, u: 5.6388e-03, v: 1.2779e-02, pde_a: 1.3386e-03
Epoch: 3830/5000 - Time: 7.76s - Loss: 6.7347e-03 | a: 8.9264e-04, BC: 3.9253e-05, m: 8.7616e-04, u: 5.7159e-03, v: 1.2693e-02, pde_a: 1.3155e-03
Epoch: 3840/5000 - Time: 7.65s - Loss: 6.7493e-03 | a: 8.6567e-04, BC: 3.8789e-05, m: 8.8709e-04, u: 5.8441e-03, v: 1.2569e-02, pde_a: 1.3141e-03
Epoch: 3850/5000 - Time: 8.26s - Loss: 6.5790e-03 | a: 8.4500e-04, BC: 3.6860e-05, m: 8.7283e-04, u: 5.4683e-03, v: 1.2519e-02, pde_a: 1.3238e-03
Epoch: 3860/5000 - Time: 8.65s - Loss: 6.5802e-03 | a: 8.1523e-04, BC: 3.7775e-05, m: 8.6294e-04, u: 5.5957e-03, v: 1.2549e-02, pde_a: 1.3112e-03
Epoch: 3870/5000 - Time: 8.44s - Loss: 6.5345e-03 | a: 8.0440e-04, BC: 3.7522e-05, m: 8.6443e-04, u: 5.4531e-03, v: 1.2750e-02, pde_a: 1.3106e-03
Epoch: 3880/5000 - Time: 7.67s - Loss: 6.6423e-03 | a: 8.2358e-04, BC: 3.5998e-05, m: 8.6570e-04, u: 5.7052e-03, v: 1.2423e-02, pde_a: 1.3297e-03
Epoch: 3890/5000 - Time: 7.66s - Loss: 6.5828e-03 | a: 8.3307e-04, BC: 3.9045e-05, m: 8.7334e-04, u: 5.4891e-03, v: 1.2481e-02, pde_a: 1.3308e-03
Epoch: 3900/5000 - Time: 7.69s - Loss: 6.5529e-03 | a: 8.1402e-04, BC: 3.8553e-05, m: 8.6708e-04, u: 5.5141e-03, v: 1.2637e-02, pde_a: 1.3061e-03
Epoch: 3910/5000 - Time: 7.63s - Loss: 6.5980e-03 | a: 8.5521e-04, BC: 3.7046e-05, m: 8.8264e-04, u: 5.4265e-03, v: 1.2737e-02, pde_a: 1.3209e-03
Epoch: 3920/5000 - Time: 8.14s - Loss: 6.5779e-03 | a: 8.0483e-04, BC: 3.8349e-05, m: 8.7720e-04, u: 5.5826e-03, v: 1.2685e-02, pde_a: 1.3034e-03
Epoch: 3930/5000 - Time: 8.53s - Loss: 6.5664e-03 | a: 8.4968e-04, BC: 3.8216e-05, m: 8.6862e-04, u: 5.3506e-03, v: 1.2710e-02, pde_a: 1.3315e-03
Epoch: 3940/5000 - Time: 7.86s - Loss: 6.6208e-03 | a: 8.2626e-04, BC: 3.7373e-05, m: 8.6243e-04, u: 5.6612e-03, v: 1.2545e-02, pde_a: 1.3152e-03
Epoch: 3950/5000 - Time: 7.66s - Loss: 6.6292e-03 | a: 8.6738e-04, BC: 3.8792e-05, m: 8.8403e-04, u: 5.4970e-03, v: 1.2669e-02, pde_a: 1.3179e-03
Epoch: 3960/5000 - Time: 7.57s - Loss: 6.7501e-03 | a: 8.2651e-04, BC: 3.8187e-05, m: 8.7282e-04, u: 5.8204e-03, v: 1.2793e-02, pde_a: 1.3413e-03
Epoch: 3970/5000 - Time: 7.74s - Loss: 6.6393e-03 | a: 8.2007e-04, BC: 3.8257e-05, m: 8.6729e-04, u: 5.7407e-03, v: 1.2532e-02, pde_a: 1.3084e-03
Epoch: 3980/5000 - Time: 8.55s - Loss: 6.6591e-03 | a: 8.2912e-04, BC: 3.8231e-05, m: 8.7419e-04, u: 5.6659e-03, v: 1.2689e-02, pde_a: 1.3232e-03
Epoch: 3990/5000 - Time: 8.66s - Loss: 6.6764e-03 | a: 8.1761e-04, BC: 3.8009e-05, m: 8.6410e-04, u: 5.7561e-03, v: 1.2679e-02, pde_a: 1.3242e-03
Epoch: 4000/5000 - Time: 8.15s - Loss: 6.5997e-03 | a: 8.2985e-04, BC: 3.8222e-05, m: 8.6555e-04, u: 5.5737e-03, v: 1.2586e-02, pde_a: 1.3170e-03
Epoch: 4010/5000 - Time: 7.60s - Loss: 6.6623e-03 | a: 8.5355e-04, BC: 3.8046e-05, m: 8.7428e-04, u: 5.6760e-03, v: 1.2660e-02, pde_a: 1.3064e-03
Epoch: 4020/5000 - Time: 7.57s - Loss: 6.6653e-03 | a: 8.2718e-04, BC: 3.8113e-05, m: 8.6370e-04, u: 5.6531e-03, v: 1.2844e-02, pde_a: 1.3261e-03
Epoch: 4030/5000 - Time: 7.57s - Loss: 6.7018e-03 | a: 8.3754e-04, BC: 4.0606e-05, m: 8.8184e-04, u: 5.7723e-03, v: 1.2762e-02, pde_a: 1.3065e-03
Epoch: 4040/5000 - Time: 8.23s - Loss: 6.6569e-03 | a: 8.0037e-04, BC: 3.8587e-05, m: 8.8450e-04, u: 5.7580e-03, v: 1.2653e-02, pde_a: 1.3138e-03
Epoch: 4050/5000 - Time: 8.58s - Loss: 6.6321e-03 | a: 8.5064e-04, BC: 3.7524e-05, m: 8.6848e-04, u: 5.5832e-03, v: 1.2478e-02, pde_a: 1.3307e-03
Epoch: 4060/5000 - Time: 8.56s - Loss: 6.6884e-03 | a: 8.5008e-04, BC: 3.7972e-05, m: 8.6407e-04, u: 5.6183e-03, v: 1.2599e-02, pde_a: 1.3560e-03
Epoch: 4070/5000 - Time: 7.91s - Loss: 6.6533e-03 | a: 8.5838e-04, BC: 4.0128e-05, m: 8.6396e-04, u: 5.6989e-03, v: 1.2533e-02, pde_a: 1.3023e-03
Epoch: 4080/5000 - Time: 8.03s - Loss: 6.6874e-03 | a: 8.3931e-04, BC: 4.0099e-05, m: 8.7169e-04, u: 5.7129e-03, v: 1.2736e-02, pde_a: 1.3191e-03
Epoch: 4090/5000 - Time: 7.89s - Loss: 6.6105e-03 | a: 7.9263e-04, BC: 3.6215e-05, m: 8.6747e-04, u: 5.7539e-03, v: 1.2605e-02, pde_a: 1.2992e-03
Epoch: 4100/5000 - Time: 7.77s - Loss: 6.6988e-03 | a: 8.1549e-04, BC: 4.1476e-05, m: 8.7393e-04, u: 5.7702e-03, v: 1.2725e-02, pde_a: 1.3278e-03
Epoch: 4110/5000 - Time: 7.88s - Loss: 6.6464e-03 | a: 8.0394e-04, BC: 3.6768e-05, m: 8.6546e-04, u: 5.7484e-03, v: 1.2668e-02, pde_a: 1.3151e-03
Epoch: 4120/5000 - Time: 8.45s - Loss: 6.5206e-03 | a: 8.1168e-04, BC: 3.6511e-05, m: 8.6847e-04, u: 5.5268e-03, v: 1.2509e-02, pde_a: 1.2904e-03
Epoch: 4130/5000 - Time: 8.50s - Loss: 6.6970e-03 | a: 8.1941e-04, BC: 3.9120e-05, m: 8.7202e-04, u: 5.7645e-03, v: 1.2795e-02, pde_a: 1.3222e-03
Epoch: 4140/5000 - Time: 8.49s - Loss: 6.6652e-03 | a: 8.1835e-04, BC: 3.7969e-05, m: 8.7649e-04, u: 5.7654e-03, v: 1.2538e-02, pde_a: 1.3175e-03
Epoch: 4150/5000 - Time: 8.45s - Loss: 6.5398e-03 | a: 8.1481e-04, BC: 3.8490e-05, m: 8.6944e-04, u: 5.5076e-03, v: 1.2423e-02, pde_a: 1.3132e-03
Epoch: 4160/5000 - Time: 8.41s - Loss: 6.7412e-03 | a: 8.1054e-04, BC: 3.9998e-05, m: 8.8009e-04, u: 5.9332e-03, v: 1.2725e-02, pde_a: 1.3136e-03
Epoch: 4170/5000 - Time: 8.50s - Loss: 6.5750e-03 | a: 8.1199e-04, BC: 3.9929e-05, m: 8.6517e-04, u: 5.4879e-03, v: 1.2639e-02, pde_a: 1.3320e-03
Epoch: 4180/5000 - Time: 8.55s - Loss: 6.6919e-03 | a: 8.1131e-04, BC: 3.8357e-05, m: 8.7657e-04, u: 5.7942e-03, v: 1.2880e-02, pde_a: 1.3074e-03
Epoch: 4190/5000 - Time: 8.07s - Loss: 6.5559e-03 | a: 8.6629e-04, BC: 3.8708e-05, m: 8.6418e-04, u: 5.4257e-03, v: 1.2450e-02, pde_a: 1.3107e-03
Epoch: 4200/5000 - Time: 7.50s - Loss: 6.5386e-03 | a: 7.9868e-04, BC: 3.7738e-05, m: 8.6752e-04, u: 5.4998e-03, v: 1.2553e-02, pde_a: 1.3181e-03
Epoch: 4210/5000 - Time: 7.64s - Loss: 6.6221e-03 | a: 7.9454e-04, BC: 3.7896e-05, m: 8.6987e-04, u: 5.5835e-03, v: 1.2802e-02, pde_a: 1.3393e-03
Epoch: 4220/5000 - Time: 7.64s - Loss: 6.5978e-03 | a: 9.0019e-04, BC: 3.7840e-05, m: 8.6844e-04, u: 5.4164e-03, v: 1.2534e-02, pde_a: 1.3116e-03
Epoch: 4230/5000 - Time: 7.71s - Loss: 6.6179e-03 | a: 8.2677e-04, BC: 3.7799e-05, m: 8.5610e-04, u: 5.6829e-03, v: 1.2496e-02, pde_a: 1.3127e-03
Epoch: 4240/5000 - Time: 7.74s - Loss: 6.7146e-03 | a: 8.7653e-04, BC: 3.8901e-05, m: 8.6942e-04, u: 5.7150e-03, v: 1.2575e-02, pde_a: 1.3256e-03
Epoch: 4250/5000 - Time: 7.64s - Loss: 6.5557e-03 | a: 8.1893e-04, BC: 3.7082e-05, m: 8.6922e-04, u: 5.4854e-03, v: 1.2621e-02, pde_a: 1.3144e-03
Epoch: 4260/5000 - Time: 7.66s - Loss: 6.6026e-03 | a: 8.1948e-04, BC: 3.7770e-05, m: 8.5896e-04, u: 5.6143e-03, v: 1.2637e-02, pde_a: 1.3145e-03
Epoch: 4270/5000 - Time: 7.80s - Loss: 6.5728e-03 | a: 8.3912e-04, BC: 3.6851e-05, m: 8.7107e-04, u: 5.4706e-03, v: 1.2622e-02, pde_a: 1.3156e-03
Epoch: 4280/5000 - Time: 8.49s - Loss: 6.5930e-03 | a: 8.2246e-04, BC: 3.8878e-05, m: 8.6160e-04, u: 5.6487e-03, v: 1.2369e-02, pde_a: 1.3138e-03
Epoch: 4290/5000 - Time: 8.58s - Loss: 6.5768e-03 | a: 8.1826e-04, BC: 3.7007e-05, m: 8.6083e-04, u: 5.5553e-03, v: 1.2546e-02, pde_a: 1.3201e-03
Epoch: 4300/5000 - Time: 7.80s - Loss: 6.6240e-03 | a: 8.2651e-04, BC: 3.8573e-05, m: 8.7275e-04, u: 5.6364e-03, v: 1.2637e-02, pde_a: 1.3117e-03
Epoch: 4310/5000 - Time: 7.53s - Loss: 6.5932e-03 | a: 8.2247e-04, BC: 3.6893e-05, m: 8.6895e-04, u: 5.5633e-03, v: 1.2595e-02, pde_a: 1.3194e-03
Epoch: 4320/5000 - Time: 7.57s - Loss: 6.5314e-03 | a: 8.1658e-04, BC: 3.7396e-05, m: 8.6763e-04, u: 5.4500e-03, v: 1.2588e-02, pde_a: 1.3112e-03
Epoch: 4330/5000 - Time: 7.54s - Loss: 6.5470e-03 | a: 8.1012e-04, BC: 3.8603e-05, m: 8.7107e-04, u: 5.5253e-03, v: 1.2468e-02, pde_a: 1.3127e-03
Epoch: 4340/5000 - Time: 7.74s - Loss: 6.8235e-03 | a: 8.2182e-04, BC: 3.9367e-05, m: 8.9542e-04, u: 6.1042e-03, v: 1.2722e-02, pde_a: 1.3104e-03
Epoch: 4350/5000 - Time: 7.81s - Loss: 6.5145e-03 | a: 7.8355e-04, BC: 3.6840e-05, m: 8.6497e-04, u: 5.5158e-03, v: 1.2634e-02, pde_a: 1.3020e-03
Epoch: 4360/5000 - Time: 7.55s - Loss: 6.5408e-03 | a: 8.2450e-04, BC: 3.7349e-05, m: 8.7523e-04, u: 5.4641e-03, v: 1.2605e-02, pde_a: 1.3032e-03
Epoch: 4370/5000 - Time: 7.93s - Loss: 6.5595e-03 | a: 8.0794e-04, BC: 3.7191e-05, m: 8.7113e-04, u: 5.5459e-03, v: 1.2588e-02, pde_a: 1.3092e-03
Epoch: 4380/5000 - Time: 7.65s - Loss: 6.6922e-03 | a: 8.1257e-04, BC: 3.9533e-05, m: 8.6419e-04, u: 5.8258e-03, v: 1.2761e-02, pde_a: 1.3117e-03
Epoch: 4390/5000 - Time: 7.62s - Loss: 6.6669e-03 | a: 8.8558e-04, BC: 3.9097e-05, m: 8.5751e-04, u: 5.6397e-03, v: 1.2498e-02, pde_a: 1.3163e-03
Epoch: 4400/5000 - Time: 7.60s - Loss: 6.5961e-03 | a: 8.2216e-04, BC: 3.8019e-05, m: 8.7888e-04, u: 5.6123e-03, v: 1.2628e-02, pde_a: 1.2991e-03
Epoch: 4410/5000 - Time: 8.01s - Loss: 6.7399e-03 | a: 8.1003e-04, BC: 3.9170e-05, m: 8.7197e-04, u: 5.9080e-03, v: 1.2728e-02, pde_a: 1.3248e-03
Epoch: 4420/5000 - Time: 8.44s - Loss: 6.8248e-03 | a: 8.5915e-04, BC: 3.8300e-05, m: 8.7766e-04, u: 6.0127e-03, v: 1.2685e-02, pde_a: 1.3223e-03
Epoch: 4430/5000 - Time: 8.42s - Loss: 6.5924e-03 | a: 7.9067e-04, BC: 3.9537e-05, m: 8.6673e-04, u: 5.6335e-03, v: 1.2661e-02, pde_a: 1.3160e-03
Epoch: 4440/5000 - Time: 8.00s - Loss: 6.5374e-03 | a: 8.4288e-04, BC: 3.8653e-05, m: 8.5979e-04, u: 5.3587e-03, v: 1.2481e-02, pde_a: 1.3342e-03
Epoch: 4450/5000 - Time: 7.62s - Loss: 6.6910e-03 | a: 8.5198e-04, BC: 3.6794e-05, m: 8.6526e-04, u: 5.6940e-03, v: 1.2689e-02, pde_a: 1.3271e-03
Epoch: 4460/5000 - Time: 7.68s - Loss: 6.4883e-03 | a: 8.0349e-04, BC: 3.8672e-05, m: 8.6969e-04, u: 5.4520e-03, v: 1.2509e-02, pde_a: 1.2920e-03
Epoch: 4470/5000 - Time: 8.38s - Loss: 6.5342e-03 | a: 8.6931e-04, BC: 3.6476e-05, m: 8.6970e-04, u: 5.3780e-03, v: 1.2522e-02, pde_a: 1.2994e-03
Epoch: 4480/5000 - Time: 8.60s - Loss: 6.4863e-03 | a: 8.1504e-04, BC: 3.8362e-05, m: 8.6528e-04, u: 5.3867e-03, v: 1.2551e-02, pde_a: 1.3000e-03
Epoch: 4490/5000 - Time: 8.49s - Loss: 6.7013e-03 | a: 8.3105e-04, BC: 3.9702e-05, m: 8.6676e-04, u: 5.7410e-03, v: 1.2778e-02, pde_a: 1.3271e-03
Epoch: 4500/5000 - Time: 7.57s - Loss: 6.6418e-03 | a: 8.4923e-04, BC: 4.1253e-05, m: 8.7269e-04, u: 5.6409e-03, v: 1.2564e-02, pde_a: 1.3104e-03
Epoch: 4510/5000 - Time: 7.64s - Loss: 6.6278e-03 | a: 8.0157e-04, BC: 3.8073e-05, m: 8.7169e-04, u: 5.6803e-03, v: 1.2646e-02, pde_a: 1.3208e-03
Epoch: 4520/5000 - Time: 7.71s - Loss: 6.6766e-03 | a: 8.0817e-04, BC: 3.6284e-05, m: 8.7708e-04, u: 5.8099e-03, v: 1.2852e-02, pde_a: 1.2969e-03
Epoch: 4530/5000 - Time: 7.60s - Loss: 6.5100e-03 | a: 8.1418e-04, BC: 3.6615e-05, m: 8.6477e-04, u: 5.4819e-03, v: 1.2466e-02, pde_a: 1.2988e-03
Epoch: 4540/5000 - Time: 7.61s - Loss: 6.5072e-03 | a: 7.9207e-04, BC: 3.7980e-05, m: 8.7452e-04, u: 5.4274e-03, v: 1.2648e-02, pde_a: 1.3097e-03
Epoch: 4550/5000 - Time: 8.36s - Loss: 6.6527e-03 | a: 8.2141e-04, BC: 3.7820e-05, m: 8.6027e-04, u: 5.7040e-03, v: 1.2632e-02, pde_a: 1.3243e-03
Epoch: 4560/5000 - Time: 8.45s - Loss: 6.7244e-03 | a: 8.3713e-04, BC: 3.7613e-05, m: 8.8167e-04, u: 5.8014e-03, v: 1.2660e-02, pde_a: 1.3259e-03
Epoch: 4570/5000 - Time: 8.50s - Loss: 6.4744e-03 | a: 7.9571e-04, BC: 3.7434e-05, m: 8.6835e-04, u: 5.3731e-03, v: 1.2556e-02, pde_a: 1.3087e-03
Epoch: 4580/5000 - Time: 8.55s - Loss: 6.5837e-03 | a: 8.4519e-04, BC: 3.5829e-05, m: 8.6568e-04, u: 5.5119e-03, v: 1.2477e-02, pde_a: 1.3219e-03
Epoch: 4590/5000 - Time: 8.41s - Loss: 6.6788e-03 | a: 8.3821e-04, BC: 3.6964e-05, m: 8.7414e-04, u: 5.7694e-03, v: 1.2654e-02, pde_a: 1.3043e-03
Epoch: 4600/5000 - Time: 8.55s - Loss: 6.7501e-03 | a: 8.4459e-04, BC: 3.9319e-05, m: 8.7696e-04, u: 5.9453e-03, v: 1.2695e-02, pde_a: 1.2951e-03
Epoch: 4610/5000 - Time: 8.67s - Loss: 6.6260e-03 | a: 7.7868e-04, BC: 3.9419e-05, m: 8.7580e-04, u: 5.7926e-03, v: 1.2633e-02, pde_a: 1.3015e-03
Epoch: 4620/5000 - Time: 8.35s - Loss: 6.5549e-03 | a: 8.0220e-04, BC: 3.7567e-05, m: 8.5989e-04, u: 5.6041e-03, v: 1.2583e-02, pde_a: 1.2982e-03
Epoch: 4630/5000 - Time: 8.32s - Loss: 6.6385e-03 | a: 8.4740e-04, BC: 3.7350e-05, m: 8.7311e-04, u: 5.6881e-03, v: 1.2619e-02, pde_a: 1.2936e-03
Epoch: 4640/5000 - Time: 8.55s - Loss: 6.5537e-03 | a: 8.4049e-04, BC: 3.7686e-05, m: 8.5855e-04, u: 5.5063e-03, v: 1.2480e-02, pde_a: 1.3058e-03
Epoch: 4650/5000 - Time: 7.78s - Loss: 6.6486e-03 | a: 8.5255e-04, BC: 3.7810e-05, m: 8.7364e-04, u: 5.6680e-03, v: 1.2680e-02, pde_a: 1.2979e-03
Epoch: 4660/5000 - Time: 7.73s - Loss: 6.5254e-03 | a: 8.4621e-04, BC: 3.6956e-05, m: 8.6516e-04, u: 5.3788e-03, v: 1.2400e-02, pde_a: 1.3216e-03
Epoch: 4670/5000 - Time: 7.67s - Loss: 6.6927e-03 | a: 8.7774e-04, BC: 3.8615e-05, m: 8.6231e-04, u: 5.6853e-03, v: 1.2725e-02, pde_a: 1.3084e-03
Epoch: 4680/5000 - Time: 8.13s - Loss: 6.6431e-03 | a: 7.9985e-04, BC: 3.7743e-05, m: 8.5542e-04, u: 5.6480e-03, v: 1.2522e-02, pde_a: 1.3613e-03
Epoch: 4690/5000 - Time: 8.57s - Loss: 6.5985e-03 | a: 8.2971e-04, BC: 3.9265e-05, m: 8.6791e-04, u: 5.6184e-03, v: 1.2526e-02, pde_a: 1.3057e-03
Epoch: 4700/5000 - Time: 8.68s - Loss: 6.6859e-03 | a: 8.6326e-04, BC: 3.8700e-05, m: 8.5756e-04, u: 5.7250e-03, v: 1.2620e-02, pde_a: 1.3130e-03
Epoch: 4710/5000 - Time: 7.66s - Loss: 6.5435e-03 | a: 8.3686e-04, BC: 3.8438e-05, m: 8.5704e-04, u: 5.5287e-03, v: 1.2631e-02, pde_a: 1.2822e-03
Epoch: 4720/5000 - Time: 7.83s - Loss: 6.6564e-03 | a: 7.9371e-04, BC: 3.9942e-05, m: 8.7447e-04, u: 5.7519e-03, v: 1.2651e-02, pde_a: 1.3242e-03
Epoch: 4730/5000 - Time: 7.72s - Loss: 6.5647e-03 | a: 8.4382e-04, BC: 3.7895e-05, m: 8.6733e-04, u: 5.3913e-03, v: 1.2503e-02, pde_a: 1.3398e-03
Epoch: 4740/5000 - Time: 7.61s - Loss: 6.5417e-03 | a: 8.2963e-04, BC: 3.7164e-05, m: 8.6774e-04, u: 5.4119e-03, v: 1.2495e-02, pde_a: 1.3280e-03
Epoch: 4750/5000 - Time: 7.96s - Loss: 6.6918e-03 | a: 8.5407e-04, BC: 4.0971e-05, m: 8.6721e-04, u: 5.6507e-03, v: 1.2690e-02, pde_a: 1.3348e-03
Epoch: 4760/5000 - Time: 7.64s - Loss: 6.6399e-03 | a: 8.1552e-04, BC: 3.8162e-05, m: 8.6500e-04, u: 5.7331e-03, v: 1.2633e-02, pde_a: 1.3078e-03
Epoch: 4770/5000 - Time: 7.63s - Loss: 6.5604e-03 | a: 8.1184e-04, BC: 3.8164e-05, m: 8.6433e-04, u: 5.5923e-03, v: 1.2523e-02, pde_a: 1.3007e-03
Epoch: 4780/5000 - Time: 7.69s - Loss: 6.6301e-03 | a: 8.4639e-04, BC: 3.6793e-05, m: 8.6147e-04, u: 5.6660e-03, v: 1.2516e-02, pde_a: 1.3087e-03
Epoch: 4790/5000 - Time: 8.37s - Loss: 6.6412e-03 | a: 8.0880e-04, BC: 3.7443e-05, m: 8.6729e-04, u: 5.7520e-03, v: 1.2639e-02, pde_a: 1.3073e-03
Epoch: 4800/5000 - Time: 8.51s - Loss: 6.6003e-03 | a: 8.4773e-04, BC: 3.6936e-05, m: 8.6674e-04, u: 5.5753e-03, v: 1.2577e-02, pde_a: 1.3044e-03
Epoch: 4810/5000 - Time: 8.41s - Loss: 6.7146e-03 | a: 8.8486e-04, BC: 3.8340e-05, m: 8.6366e-04, u: 5.6473e-03, v: 1.2690e-02, pde_a: 1.3335e-03
Epoch: 4820/5000 - Time: 8.41s - Loss: 6.5745e-03 | a: 8.3333e-04, BC: 3.6454e-05, m: 8.5782e-04, u: 5.5536e-03, v: 1.2277e-02, pde_a: 1.3306e-03
Epoch: 4830/5000 - Time: 8.37s - Loss: 6.6203e-03 | a: 8.3467e-04, BC: 4.0321e-05, m: 8.6060e-04, u: 5.6329e-03, v: 1.2615e-02, pde_a: 1.3099e-03
Epoch: 4840/5000 - Time: 8.58s - Loss: 6.5325e-03 | a: 8.4776e-04, BC: 3.6481e-05, m: 8.6928e-04, u: 5.4428e-03, v: 1.2501e-02, pde_a: 1.2972e-03
Epoch: 4850/5000 - Time: 8.67s - Loss: 6.6100e-03 | a: 8.1987e-04, BC: 3.6299e-05, m: 8.6481e-04, u: 5.5933e-03, v: 1.2531e-02, pde_a: 1.3328e-03
Epoch: 4860/5000 - Time: 8.60s - Loss: 6.5922e-03 | a: 8.2927e-04, BC: 3.8534e-05, m: 8.7196e-04, u: 5.5708e-03, v: 1.2725e-02, pde_a: 1.2982e-03
Epoch: 4870/5000 - Time: 7.63s - Loss: 6.6202e-03 | a: 7.7889e-04, BC: 3.7438e-05, m: 8.5513e-04, u: 5.7553e-03, v: 1.2547e-02, pde_a: 1.3262e-03
Epoch: 4880/5000 - Time: 7.55s - Loss: 6.7221e-03 | a: 8.5455e-04, BC: 3.9263e-05, m: 8.7678e-04, u: 5.7379e-03, v: 1.2892e-02, pde_a: 1.3124e-03
Epoch: 4890/5000 - Time: 7.67s - Loss: 6.6455e-03 | a: 8.2170e-04, BC: 3.7979e-05, m: 8.6636e-04, u: 5.7472e-03, v: 1.2520e-02, pde_a: 1.3116e-03
Epoch: 4900/5000 - Time: 7.74s - Loss: 6.6103e-03 | a: 8.1666e-04, BC: 3.7657e-05, m: 8.5452e-04, u: 5.6421e-03, v: 1.2541e-02, pde_a: 1.3240e-03
Epoch: 4910/5000 - Time: 7.81s - Loss: 6.6418e-03 | a: 8.0793e-04, BC: 3.8048e-05, m: 8.5782e-04, u: 5.6900e-03, v: 1.2584e-02, pde_a: 1.3353e-03
Epoch: 4920/5000 - Time: 8.44s - Loss: 6.6406e-03 | a: 8.0206e-04, BC: 3.8318e-05, m: 8.7294e-04, u: 5.7904e-03, v: 1.2626e-02, pde_a: 1.2982e-03
Epoch: 4930/5000 - Time: 8.47s - Loss: 6.5190e-03 | a: 8.1582e-04, BC: 3.7191e-05, m: 8.5681e-04, u: 5.4199e-03, v: 1.2504e-02, pde_a: 1.3232e-03
Epoch: 4940/5000 - Time: 8.49s - Loss: 6.6427e-03 | a: 8.3416e-04, BC: 3.7971e-05, m: 8.6573e-04, u: 5.7015e-03, v: 1.2530e-02, pde_a: 1.3130e-03
Epoch: 4950/5000 - Time: 8.46s - Loss: 6.6459e-03 | a: 8.1281e-04, BC: 3.7790e-05, m: 8.6833e-04, u: 5.6918e-03, v: 1.2638e-02, pde_a: 1.3251e-03
Epoch: 4960/5000 - Time: 8.27s - Loss: 6.5913e-03 | a: 8.2833e-04, BC: 3.9520e-05, m: 8.6184e-04, u: 5.6175e-03, v: 1.2596e-02, pde_a: 1.2986e-03
Epoch: 4970/5000 - Time: 8.62s - Loss: 6.5944e-03 | a: 8.5529e-04, BC: 3.8184e-05, m: 8.6869e-04, u: 5.5713e-03, v: 1.2575e-02, pde_a: 1.2936e-03
Epoch: 4980/5000 - Time: 8.38s - Loss: 6.4667e-03 | a: 7.8667e-04, BC: 3.7031e-05, m: 8.6279e-04, u: 5.4213e-03, v: 1.2400e-02, pde_a: 1.3106e-03
Saving checkpoint at epoch 4980 with loss 6.4667e-03
Epoch: 4990/5000 - Time: 8.59s - Loss: 6.8804e-03 | a: 8.5986e-04, BC: 4.2366e-05, m: 8.9467e-04, u: 6.1532e-03, v: 1.2916e-02, pde_a: 1.2929e-03
Epoch: 5000/5000 - Time: 8.54s - Loss: 6.7068e-03 | a: 8.4768e-04, BC: 4.0739e-05, m: 8.6794e-04, u: 5.7801e-03, v: 1.2695e-02, pde_a: 1.3121e-03

Total training time: 20030.087s

==================================================
PERFORMING FINAL EVALUATION AND REPORTING
==================================================
Loading best model weights from: loss_6.4667em03.weights.h5

Calculating final loss...
--- Final Loss Breakdown ---
MSE_alpha (volume fraction): 7.8655e-04
MSE_BC                     : 3.5207e-05
MSE_f,m                    : 8.4157e-04
MSE_f,u                    : 5.6289e-03
MSE_f,v                    : 1.2592e-02
MSE_f,a                    : 1.3111e-03
----------------------------

Generating and saving loss history plots...
Plots saved successfully.
Loss history data saved to: /workspace/twophasePINN/src/checkpoints/Nov-22-2025_04-26-51/loss_history_fixed_tanh.csv
